diagnostic=pvp_stage_paired_readback_v1
source_revision=f913d53748edd40ebcb696395aad6a8b9a61893e
explicit_map_transition=false,device_wait_timeout_seconds=60,map_callback_timeout_seconds=5
adapter=NVIDIA Tegra NVIDIA Thor,backend=Vulkan,device_type=IntegratedGpu,vendor=4318,device=11008,driver=NVIDIA,driver_info=580.00
rounds=12,geometries=65536x512_then_262144x128,candidates=vec4_fused2_tile8,readbacks_per_check=2,fresh_readbacks=true
timing=none,performance_claim=none,paired_agreement_does_not_prove_device_correctness=true
phase_reads_add_submissions_and_fences=true,coverage=source_reset_full_transform,historical_benchmark_reproduction=false
limits=Limits { max_texture_dimension_1d: 32768, max_texture_dimension_2d: 32768, max_texture_dimension_3d: 16384, max_texture_array_layers: 2048, max_bind_groups: 8, max_bind_groups_plus_vertex_buffers: 24, max_bindings_per_bind_group: 4294967295, max_dynamic_uniform_buffers_per_pipeline_layout: 15, max_dynamic_storage_buffers_per_pipeline_layout: 16, max_sampled_textures_per_shader_stage: 524288, max_samplers_per_shader_stage: 524288, max_storage_buffers_per_shader_stage: 524288, max_storage_textures_per_shader_stage: 524288, max_uniform_buffers_per_shader_stage: 524288, max_binding_array_elements_per_shader_stage: 1048576, max_binding_array_acceleration_structure_elements_per_shader_stage: 524288, max_binding_array_sampler_elements_per_shader_stage: 1048576, max_uniform_buffer_binding_size: 65536, max_storage_buffer_binding_size: 2147483644, max_vertex_buffers: 16, max_buffer_size: 4292870144, max_vertex_attributes: 32, max_vertex_buffer_array_stride: 2048, max_inter_stage_shader_variables: 31, min_uniform_buffer_offset_alignment: 64, min_storage_buffer_offset_alignment: 32, max_color_attachments: 8, max_color_attachment_bytes_per_sample: 128, max_compute_workgroup_storage_size: 49152, max_compute_invocations_per_workgroup: 1024, max_compute_workgroup_size_x: 1024, max_compute_workgroup_size_y: 1024, max_compute_workgroup_size_z: 64, max_compute_workgroups_per_dimension: 65535, max_immediate_size: 256, max_non_sampler_bindings: 4294967295, max_task_workgroup_total_count: 4194304, max_task_workgroups_per_dimension: 65535, max_mesh_workgroup_total_count: 4194304, max_mesh_workgroups_per_dimension: 65535, max_task_invocations_per_workgroup: 128, max_task_invocations_per_dimension: 128, max_mesh_invocations_per_workgroup: 128, max_mesh_invocations_per_dimension: 128, max_task_payload_size: 16384, max_mesh_output_vertices: 256, max_mesh_output_primitives: 256, max_mesh_output_layers: 2048, max_mesh_multiview_view_count: 4, max_blas_primitive_count: 536870911, max_blas_geometry_count: 16777215, max_tlas_instance_count: 16777215, max_acceleration_structures_per_shader_stage: 524288, max_buffers_and_acceleration_structures_per_shader_stage: 4294967295, max_multiview_view_count: 32, max_ray_dispatch_count: 1073741824, max_ray_recursion_depth: 31 }
check,round=0,k=65536,g=512,candidate=none,phase=source,comparison=a_vs_oracle,words=1048576,mismatched_words=0,actual_checksum=84d06402da633040,expected_checksum=84d06402da633040,first=[]
check,round=0,k=65536,g=512,candidate=none,phase=source,comparison=b_vs_oracle,words=1048576,mismatched_words=0,actual_checksum=84d06402da633040,expected_checksum=84d06402da633040,first=[]
check,round=0,k=65536,g=512,candidate=none,phase=source,comparison=a_vs_b,words=1048576,mismatched_words=0,actual_checksum=84d06402da633040,expected_checksum=84d06402da633040,first=[]
check,round=0,k=65536,g=512,candidate=vec4,phase=reset,comparison=a_vs_oracle,words=1048576,mismatched_words=0,actual_checksum=84d06402da633040,expected_checksum=84d06402da633040,first=[]
check,round=0,k=65536,g=512,candidate=vec4,phase=reset,comparison=b_vs_oracle,words=1048576,mismatched_words=0,actual_checksum=84d06402da633040,expected_checksum=84d06402da633040,first=[]
check,round=0,k=65536,g=512,candidate=vec4,phase=reset,comparison=a_vs_b,words=1048576,mismatched_words=0,actual_checksum=84d06402da633040,expected_checksum=84d06402da633040,first=[]
check,round=0,k=65536,g=512,candidate=vec4,phase=transformed,comparison=a_vs_oracle,words=1048576,mismatched_words=0,actual_checksum=29115d73667dee45,expected_checksum=29115d73667dee45,first=[]
check,round=0,k=65536,g=512,candidate=vec4,phase=transformed,comparison=b_vs_oracle,words=1048576,mismatched_words=0,actual_checksum=29115d73667dee45,expected_checksum=29115d73667dee45,first=[]
check,round=0,k=65536,g=512,candidate=vec4,phase=transformed,comparison=a_vs_b,words=1048576,mismatched_words=0,actual_checksum=29115d73667dee45,expected_checksum=29115d73667dee45,first=[]
check,round=0,k=65536,g=512,candidate=fused2,phase=reset,comparison=a_vs_oracle,words=1048576,mismatched_words=0,actual_checksum=84d06402da633040,expected_checksum=84d06402da633040,first=[]
check,round=0,k=65536,g=512,candidate=fused2,phase=reset,comparison=b_vs_oracle,words=1048576,mismatched_words=0,actual_checksum=84d06402da633040,expected_checksum=84d06402da633040,first=[]
check,round=0,k=65536,g=512,candidate=fused2,phase=reset,comparison=a_vs_b,words=1048576,mismatched_words=0,actual_checksum=84d06402da633040,expected_checksum=84d06402da633040,first=[]
check,round=0,k=65536,g=512,candidate=fused2,phase=transformed,comparison=a_vs_oracle,words=1048576,mismatched_words=0,actual_checksum=29115d73667dee45,expected_checksum=29115d73667dee45,first=[]
check,round=0,k=65536,g=512,candidate=fused2,phase=transformed,comparison=b_vs_oracle,words=1048576,mismatched_words=0,actual_checksum=29115d73667dee45,expected_checksum=29115d73667dee45,first=[]
check,round=0,k=65536,g=512,candidate=fused2,phase=transformed,comparison=a_vs_b,words=1048576,mismatched_words=0,actual_checksum=29115d73667dee45,expected_checksum=29115d73667dee45,first=[]
check,round=0,k=65536,g=512,candidate=tile8,phase=reset,comparison=a_vs_oracle,words=1048576,mismatched_words=0,actual_checksum=84d06402da633040,expected_checksum=84d06402da633040,first=[]
check,round=0,k=65536,g=512,candidate=tile8,phase=reset,comparison=b_vs_oracle,words=1048576,mismatched_words=0,actual_checksum=84d06402da633040,expected_checksum=84d06402da633040,first=[]
check,round=0,k=65536,g=512,candidate=tile8,phase=reset,comparison=a_vs_b,words=1048576,mismatched_words=0,actual_checksum=84d06402da633040,expected_checksum=84d06402da633040,first=[]
check,round=0,k=65536,g=512,candidate=tile8,phase=transformed,comparison=a_vs_oracle,words=1048576,mismatched_words=0,actual_checksum=29115d73667dee45,expected_checksum=29115d73667dee45,first=[]
check,round=0,k=65536,g=512,candidate=tile8,phase=transformed,comparison=b_vs_oracle,words=1048576,mismatched_words=0,actual_checksum=29115d73667dee45,expected_checksum=29115d73667dee45,first=[]
check,round=0,k=65536,g=512,candidate=tile8,phase=transformed,comparison=a_vs_b,words=1048576,mismatched_words=0,actual_checksum=29115d73667dee45,expected_checksum=29115d73667dee45,first=[]
check,round=0,k=262144,g=128,candidate=none,phase=source,comparison=a_vs_oracle,words=1048576,mismatched_words=0,actual_checksum=603e59446e81431f,expected_checksum=603e59446e81431f,first=[]
check,round=0,k=262144,g=128,candidate=none,phase=source,comparison=b_vs_oracle,words=1048576,mismatched_words=0,actual_checksum=603e59446e81431f,expected_checksum=603e59446e81431f,first=[]
check,round=0,k=262144,g=128,candidate=none,phase=source,comparison=a_vs_b,words=1048576,mismatched_words=0,actual_checksum=603e59446e81431f,expected_checksum=603e59446e81431f,first=[]
check,round=0,k=262144,g=128,candidate=vec4,phase=reset,comparison=a_vs_oracle,words=1048576,mismatched_words=0,actual_checksum=603e59446e81431f,expected_checksum=603e59446e81431f,first=[]
check,round=0,k=262144,g=128,candidate=vec4,phase=reset,comparison=b_vs_oracle,words=1048576,mismatched_words=0,actual_checksum=603e59446e81431f,expected_checksum=603e59446e81431f,first=[]
check,round=0,k=262144,g=128,candidate=vec4,phase=reset,comparison=a_vs_b,words=1048576,mismatched_words=0,actual_checksum=603e59446e81431f,expected_checksum=603e59446e81431f,first=[]
check,round=0,k=262144,g=128,candidate=vec4,phase=transformed,comparison=a_vs_oracle,words=1048576,mismatched_words=0,actual_checksum=99960c282a7f4ca5,expected_checksum=99960c282a7f4ca5,first=[]
check,round=0,k=262144,g=128,candidate=vec4,phase=transformed,comparison=b_vs_oracle,words=1048576,mismatched_words=0,actual_checksum=99960c282a7f4ca5,expected_checksum=99960c282a7f4ca5,first=[]
check,round=0,k=262144,g=128,candidate=vec4,phase=transformed,comparison=a_vs_b,words=1048576,mismatched_words=0,actual_checksum=99960c282a7f4ca5,expected_checksum=99960c282a7f4ca5,first=[]
check,round=0,k=262144,g=128,candidate=fused2,phase=reset,comparison=a_vs_oracle,words=1048576,mismatched_words=0,actual_checksum=603e59446e81431f,expected_checksum=603e59446e81431f,first=[]
check,round=0,k=262144,g=128,candidate=fused2,phase=reset,comparison=b_vs_oracle,words=1048576,mismatched_words=0,actual_checksum=603e59446e81431f,expected_checksum=603e59446e81431f,first=[]
check,round=0,k=262144,g=128,candidate=fused2,phase=reset,comparison=a_vs_b,words=1048576,mismatched_words=0,actual_checksum=603e59446e81431f,expected_checksum=603e59446e81431f,first=[]
check,round=0,k=262144,g=128,candidate=fused2,phase=transformed,comparison=a_vs_oracle,words=1048576,mismatched_words=0,actual_checksum=99960c282a7f4ca5,expected_checksum=99960c282a7f4ca5,first=[]
check,round=0,k=262144,g=128,candidate=fused2,phase=transformed,comparison=b_vs_oracle,words=1048576,mismatched_words=0,actual_checksum=99960c282a7f4ca5,expected_checksum=99960c282a7f4ca5,first=[]
check,round=0,k=262144,g=128,candidate=fused2,phase=transformed,comparison=a_vs_b,words=1048576,mismatched_words=0,actual_checksum=99960c282a7f4ca5,expected_checksum=99960c282a7f4ca5,first=[]
check,round=0,k=262144,g=128,candidate=tile8,phase=reset,comparison=a_vs_oracle,words=1048576,mismatched_words=0,actual_checksum=603e59446e81431f,expected_checksum=603e59446e81431f,first=[]
check,round=0,k=262144,g=128,candidate=tile8,phase=reset,comparison=b_vs_oracle,words=1048576,mismatched_words=0,actual_checksum=603e59446e81431f,expected_checksum=603e59446e81431f,first=[]
check,round=0,k=262144,g=128,candidate=tile8,phase=reset,comparison=a_vs_b,words=1048576,mismatched_words=0,actual_checksum=603e59446e81431f,expected_checksum=603e59446e81431f,first=[]
check,round=0,k=262144,g=128,candidate=tile8,phase=transformed,comparison=a_vs_oracle,words=1048576,mismatched_words=0,actual_checksum=99960c282a7f4ca5,expected_checksum=99960c282a7f4ca5,first=[]
check,round=0,k=262144,g=128,candidate=tile8,phase=transformed,comparison=b_vs_oracle,words=1048576,mismatched_words=0,actual_checksum=99960c282a7f4ca5,expected_checksum=99960c282a7f4ca5,first=[]
check,round=0,k=262144,g=128,candidate=tile8,phase=transformed,comparison=a_vs_b,words=1048576,mismatched_words=0,actual_checksum=99960c282a7f4ca5,expected_checksum=99960c282a7f4ca5,first=[]
check,round=1,k=65536,g=512,candidate=none,phase=source,comparison=a_vs_oracle,words=1048576,mismatched_words=0,actual_checksum=84d06402da633040,expected_checksum=84d06402da633040,first=[]
check,round=1,k=65536,g=512,candidate=none,phase=source,comparison=b_vs_oracle,words=1048576,mismatched_words=0,actual_checksum=84d06402da633040,expected_checksum=84d06402da633040,first=[]
check,round=1,k=65536,g=512,candidate=none,phase=source,comparison=a_vs_b,words=1048576,mismatched_words=0,actual_checksum=84d06402da633040,expected_checksum=84d06402da633040,first=[]
check,round=1,k=65536,g=512,candidate=vec4,phase=reset,comparison=a_vs_oracle,words=1048576,mismatched_words=0,actual_checksum=84d06402da633040,expected_checksum=84d06402da633040,first=[]
check,round=1,k=65536,g=512,candidate=vec4,phase=reset,comparison=b_vs_oracle,words=1048576,mismatched_words=0,actual_checksum=84d06402da633040,expected_checksum=84d06402da633040,first=[]
check,round=1,k=65536,g=512,candidate=vec4,phase=reset,comparison=a_vs_b,words=1048576,mismatched_words=0,actual_checksum=84d06402da633040,expected_checksum=84d06402da633040,first=[]
check,round=1,k=65536,g=512,candidate=vec4,phase=transformed,comparison=a_vs_oracle,words=1048576,mismatched_words=0,actual_checksum=29115d73667dee45,expected_checksum=29115d73667dee45,first=[]
check,round=1,k=65536,g=512,candidate=vec4,phase=transformed,comparison=b_vs_oracle,words=1048576,mismatched_words=0,actual_checksum=29115d73667dee45,expected_checksum=29115d73667dee45,first=[]
check,round=1,k=65536,g=512,candidate=vec4,phase=transformed,comparison=a_vs_b,words=1048576,mismatched_words=0,actual_checksum=29115d73667dee45,expected_checksum=29115d73667dee45,first=[]
check,round=1,k=65536,g=512,candidate=fused2,phase=reset,comparison=a_vs_oracle,words=1048576,mismatched_words=0,actual_checksum=84d06402da633040,expected_checksum=84d06402da633040,first=[]
check,round=1,k=65536,g=512,candidate=fused2,phase=reset,comparison=b_vs_oracle,words=1048576,mismatched_words=0,actual_checksum=84d06402da633040,expected_checksum=84d06402da633040,first=[]
check,round=1,k=65536,g=512,candidate=fused2,phase=reset,comparison=a_vs_b,words=1048576,mismatched_words=0,actual_checksum=84d06402da633040,expected_checksum=84d06402da633040,first=[]
check,round=1,k=65536,g=512,candidate=fused2,phase=transformed,comparison=a_vs_oracle,words=1048576,mismatched_words=0,actual_checksum=29115d73667dee45,expected_checksum=29115d73667dee45,first=[]
check,round=1,k=65536,g=512,candidate=fused2,phase=transformed,comparison=b_vs_oracle,words=1048576,mismatched_words=0,actual_checksum=29115d73667dee45,expected_checksum=29115d73667dee45,first=[]
check,round=1,k=65536,g=512,candidate=fused2,phase=transformed,comparison=a_vs_b,words=1048576,mismatched_words=0,actual_checksum=29115d73667dee45,expected_checksum=29115d73667dee45,first=[]
check,round=1,k=65536,g=512,candidate=tile8,phase=reset,comparison=a_vs_oracle,words=1048576,mismatched_words=0,actual_checksum=84d06402da633040,expected_checksum=84d06402da633040,first=[]
check,round=1,k=65536,g=512,candidate=tile8,phase=reset,comparison=b_vs_oracle,words=1048576,mismatched_words=0,actual_checksum=84d06402da633040,expected_checksum=84d06402da633040,first=[]
check,round=1,k=65536,g=512,candidate=tile8,phase=reset,comparison=a_vs_b,words=1048576,mismatched_words=0,actual_checksum=84d06402da633040,expected_checksum=84d06402da633040,first=[]
check,round=1,k=65536,g=512,candidate=tile8,phase=transformed,comparison=a_vs_oracle,words=1048576,mismatched_words=0,actual_checksum=29115d73667dee45,expected_checksum=29115d73667dee45,first=[]
check,round=1,k=65536,g=512,candidate=tile8,phase=transformed,comparison=b_vs_oracle,words=1048576,mismatched_words=0,actual_checksum=29115d73667dee45,expected_checksum=29115d73667dee45,first=[]
check,round=1,k=65536,g=512,candidate=tile8,phase=transformed,comparison=a_vs_b,words=1048576,mismatched_words=0,actual_checksum=29115d73667dee45,expected_checksum=29115d73667dee45,first=[]
check,round=1,k=262144,g=128,candidate=none,phase=source,comparison=a_vs_oracle,words=1048576,mismatched_words=0,actual_checksum=603e59446e81431f,expected_checksum=603e59446e81431f,first=[]
check,round=1,k=262144,g=128,candidate=none,phase=source,comparison=b_vs_oracle,words=1048576,mismatched_words=0,actual_checksum=603e59446e81431f,expected_checksum=603e59446e81431f,first=[]
check,round=1,k=262144,g=128,candidate=none,phase=source,comparison=a_vs_b,words=1048576,mismatched_words=0,actual_checksum=603e59446e81431f,expected_checksum=603e59446e81431f,first=[]
check,round=1,k=262144,g=128,candidate=vec4,phase=reset,comparison=a_vs_oracle,words=1048576,mismatched_words=0,actual_checksum=603e59446e81431f,expected_checksum=603e59446e81431f,first=[]
check,round=1,k=262144,g=128,candidate=vec4,phase=reset,comparison=b_vs_oracle,words=1048576,mismatched_words=0,actual_checksum=603e59446e81431f,expected_checksum=603e59446e81431f,first=[]
check,round=1,k=262144,g=128,candidate=vec4,phase=reset,comparison=a_vs_b,words=1048576,mismatched_words=0,actual_checksum=603e59446e81431f,expected_checksum=603e59446e81431f,first=[]
check,round=1,k=262144,g=128,candidate=vec4,phase=transformed,comparison=a_vs_oracle,words=1048576,mismatched_words=0,actual_checksum=99960c282a7f4ca5,expected_checksum=99960c282a7f4ca5,first=[]
check,round=1,k=262144,g=128,candidate=vec4,phase=transformed,comparison=b_vs_oracle,words=1048576,mismatched_words=0,actual_checksum=99960c282a7f4ca5,expected_checksum=99960c282a7f4ca5,first=[]
check,round=1,k=262144,g=128,candidate=vec4,phase=transformed,comparison=a_vs_b,words=1048576,mismatched_words=0,actual_checksum=99960c282a7f4ca5,expected_checksum=99960c282a7f4ca5,first=[]
check,round=1,k=262144,g=128,candidate=fused2,phase=reset,comparison=a_vs_oracle,words=1048576,mismatched_words=0,actual_checksum=603e59446e81431f,expected_checksum=603e59446e81431f,first=[]
check,round=1,k=262144,g=128,candidate=fused2,phase=reset,comparison=b_vs_oracle,words=1048576,mismatched_words=0,actual_checksum=603e59446e81431f,expected_checksum=603e59446e81431f,first=[]
check,round=1,k=262144,g=128,candidate=fused2,phase=reset,comparison=a_vs_b,words=1048576,mismatched_words=0,actual_checksum=603e59446e81431f,expected_checksum=603e59446e81431f,first=[]
check,round=1,k=262144,g=128,candidate=fused2,phase=transformed,comparison=a_vs_oracle,words=1048576,mismatched_words=0,actual_checksum=99960c282a7f4ca5,expected_checksum=99960c282a7f4ca5,first=[]
check,round=1,k=262144,g=128,candidate=fused2,phase=transformed,comparison=b_vs_oracle,words=1048576,mismatched_words=0,actual_checksum=99960c282a7f4ca5,expected_checksum=99960c282a7f4ca5,first=[]
check,round=1,k=262144,g=128,candidate=fused2,phase=transformed,comparison=a_vs_b,words=1048576,mismatched_words=0,actual_checksum=99960c282a7f4ca5,expected_checksum=99960c282a7f4ca5,first=[]
check,round=1,k=262144,g=128,candidate=tile8,phase=reset,comparison=a_vs_oracle,words=1048576,mismatched_words=0,actual_checksum=603e59446e81431f,expected_checksum=603e59446e81431f,first=[]
check,round=1,k=262144,g=128,candidate=tile8,phase=reset,comparison=b_vs_oracle,words=1048576,mismatched_words=0,actual_checksum=603e59446e81431f,expected_checksum=603e59446e81431f,first=[]
check,round=1,k=262144,g=128,candidate=tile8,phase=reset,comparison=a_vs_b,words=1048576,mismatched_words=0,actual_checksum=603e59446e81431f,expected_checksum=603e59446e81431f,first=[]
check,round=1,k=262144,g=128,candidate=tile8,phase=transformed,comparison=a_vs_oracle,words=1048576,mismatched_words=0,actual_checksum=99960c282a7f4ca5,expected_checksum=99960c282a7f4ca5,first=[]
check,round=1,k=262144,g=128,candidate=tile8,phase=transformed,comparison=b_vs_oracle,words=1048576,mismatched_words=0,actual_checksum=99960c282a7f4ca5,expected_checksum=99960c282a7f4ca5,first=[]
check,round=1,k=262144,g=128,candidate=tile8,phase=transformed,comparison=a_vs_b,words=1048576,mismatched_words=0,actual_checksum=99960c282a7f4ca5,expected_checksum=99960c282a7f4ca5,first=[]
check,round=2,k=65536,g=512,candidate=none,phase=source,comparison=a_vs_oracle,words=1048576,mismatched_words=0,actual_checksum=84d06402da633040,expected_checksum=84d06402da633040,first=[]
check,round=2,k=65536,g=512,candidate=none,phase=source,comparison=b_vs_oracle,words=1048576,mismatched_words=0,actual_checksum=84d06402da633040,expected_checksum=84d06402da633040,first=[]
check,round=2,k=65536,g=512,candidate=none,phase=source,comparison=a_vs_b,words=1048576,mismatched_words=0,actual_checksum=84d06402da633040,expected_checksum=84d06402da633040,first=[]
check,round=2,k=65536,g=512,candidate=vec4,phase=reset,comparison=a_vs_oracle,words=1048576,mismatched_words=0,actual_checksum=84d06402da633040,expected_checksum=84d06402da633040,first=[]
check,round=2,k=65536,g=512,candidate=vec4,phase=reset,comparison=b_vs_oracle,words=1048576,mismatched_words=0,actual_checksum=84d06402da633040,expected_checksum=84d06402da633040,first=[]
check,round=2,k=65536,g=512,candidate=vec4,phase=reset,comparison=a_vs_b,words=1048576,mismatched_words=0,actual_checksum=84d06402da633040,expected_checksum=84d06402da633040,first=[]
check,round=2,k=65536,g=512,candidate=vec4,phase=transformed,comparison=a_vs_oracle,words=1048576,mismatched_words=0,actual_checksum=29115d73667dee45,expected_checksum=29115d73667dee45,first=[]
check,round=2,k=65536,g=512,candidate=vec4,phase=transformed,comparison=b_vs_oracle,words=1048576,mismatched_words=0,actual_checksum=29115d73667dee45,expected_checksum=29115d73667dee45,first=[]
check,round=2,k=65536,g=512,candidate=vec4,phase=transformed,comparison=a_vs_b,words=1048576,mismatched_words=0,actual_checksum=29115d73667dee45,expected_checksum=29115d73667dee45,first=[]
check,round=2,k=65536,g=512,candidate=fused2,phase=reset,comparison=a_vs_oracle,words=1048576,mismatched_words=0,actual_checksum=84d06402da633040,expected_checksum=84d06402da633040,first=[]
check,round=2,k=65536,g=512,candidate=fused2,phase=reset,comparison=b_vs_oracle,words=1048576,mismatched_words=0,actual_checksum=84d06402da633040,expected_checksum=84d06402da633040,first=[]
check,round=2,k=65536,g=512,candidate=fused2,phase=reset,comparison=a_vs_b,words=1048576,mismatched_words=0,actual_checksum=84d06402da633040,expected_checksum=84d06402da633040,first=[]
check,round=2,k=65536,g=512,candidate=fused2,phase=transformed,comparison=a_vs_oracle,words=1048576,mismatched_words=0,actual_checksum=29115d73667dee45,expected_checksum=29115d73667dee45,first=[]
check,round=2,k=65536,g=512,candidate=fused2,phase=transformed,comparison=b_vs_oracle,words=1048576,mismatched_words=0,actual_checksum=29115d73667dee45,expected_checksum=29115d73667dee45,first=[]
check,round=2,k=65536,g=512,candidate=fused2,phase=transformed,comparison=a_vs_b,words=1048576,mismatched_words=0,actual_checksum=29115d73667dee45,expected_checksum=29115d73667dee45,first=[]
check,round=2,k=65536,g=512,candidate=tile8,phase=reset,comparison=a_vs_oracle,words=1048576,mismatched_words=0,actual_checksum=84d06402da633040,expected_checksum=84d06402da633040,first=[]
check,round=2,k=65536,g=512,candidate=tile8,phase=reset,comparison=b_vs_oracle,words=1048576,mismatched_words=0,actual_checksum=84d06402da633040,expected_checksum=84d06402da633040,first=[]
check,round=2,k=65536,g=512,candidate=tile8,phase=reset,comparison=a_vs_b,words=1048576,mismatched_words=0,actual_checksum=84d06402da633040,expected_checksum=84d06402da633040,first=[]
check,round=2,k=65536,g=512,candidate=tile8,phase=transformed,comparison=a_vs_oracle,words=1048576,mismatched_words=0,actual_checksum=29115d73667dee45,expected_checksum=29115d73667dee45,first=[]
check,round=2,k=65536,g=512,candidate=tile8,phase=transformed,comparison=b_vs_oracle,words=1048576,mismatched_words=0,actual_checksum=29115d73667dee45,expected_checksum=29115d73667dee45,first=[]
check,round=2,k=65536,g=512,candidate=tile8,phase=transformed,comparison=a_vs_b,words=1048576,mismatched_words=0,actual_checksum=29115d73667dee45,expected_checksum=29115d73667dee45,first=[]
check,round=2,k=262144,g=128,candidate=none,phase=source,comparison=a_vs_oracle,words=1048576,mismatched_words=0,actual_checksum=603e59446e81431f,expected_checksum=603e59446e81431f,first=[]
check,round=2,k=262144,g=128,candidate=none,phase=source,comparison=b_vs_oracle,words=1048576,mismatched_words=0,actual_checksum=603e59446e81431f,expected_checksum=603e59446e81431f,first=[]
check,round=2,k=262144,g=128,candidate=none,phase=source,comparison=a_vs_b,words=1048576,mismatched_words=0,actual_checksum=603e59446e81431f,expected_checksum=603e59446e81431f,first=[]
check,round=2,k=262144,g=128,candidate=vec4,phase=reset,comparison=a_vs_oracle,words=1048576,mismatched_words=0,actual_checksum=603e59446e81431f,expected_checksum=603e59446e81431f,first=[]
check,round=2,k=262144,g=128,candidate=vec4,phase=reset,comparison=b_vs_oracle,words=1048576,mismatched_words=0,actual_checksum=603e59446e81431f,expected_checksum=603e59446e81431f,first=[]
check,round=2,k=262144,g=128,candidate=vec4,phase=reset,comparison=a_vs_b,words=1048576,mismatched_words=0,actual_checksum=603e59446e81431f,expected_checksum=603e59446e81431f,first=[]
check,round=2,k=262144,g=128,candidate=vec4,phase=transformed,comparison=a_vs_oracle,words=1048576,mismatched_words=0,actual_checksum=99960c282a7f4ca5,expected_checksum=99960c282a7f4ca5,first=[]
check,round=2,k=262144,g=128,candidate=vec4,phase=transformed,comparison=b_vs_oracle,words=1048576,mismatched_words=0,actual_checksum=99960c282a7f4ca5,expected_checksum=99960c282a7f4ca5,first=[]
check,round=2,k=262144,g=128,candidate=vec4,phase=transformed,comparison=a_vs_b,words=1048576,mismatched_words=0,actual_checksum=99960c282a7f4ca5,expected_checksum=99960c282a7f4ca5,first=[]
check,round=2,k=262144,g=128,candidate=fused2,phase=reset,comparison=a_vs_oracle,words=1048576,mismatched_words=0,actual_checksum=603e59446e81431f,expected_checksum=603e59446e81431f,first=[]
check,round=2,k=262144,g=128,candidate=fused2,phase=reset,comparison=b_vs_oracle,words=1048576,mismatched_words=0,actual_checksum=603e59446e81431f,expected_checksum=603e59446e81431f,first=[]
check,round=2,k=262144,g=128,candidate=fused2,phase=reset,comparison=a_vs_b,words=1048576,mismatched_words=0,actual_checksum=603e59446e81431f,expected_checksum=603e59446e81431f,first=[]
check,round=2,k=262144,g=128,candidate=fused2,phase=transformed,comparison=a_vs_oracle,words=1048576,mismatched_words=0,actual_checksum=99960c282a7f4ca5,expected_checksum=99960c282a7f4ca5,first=[]
check,round=2,k=262144,g=128,candidate=fused2,phase=transformed,comparison=b_vs_oracle,words=1048576,mismatched_words=0,actual_checksum=99960c282a7f4ca5,expected_checksum=99960c282a7f4ca5,first=[]
check,round=2,k=262144,g=128,candidate=fused2,phase=transformed,comparison=a_vs_b,words=1048576,mismatched_words=0,actual_checksum=99960c282a7f4ca5,expected_checksum=99960c282a7f4ca5,first=[]
check,round=2,k=262144,g=128,candidate=tile8,phase=reset,comparison=a_vs_oracle,words=1048576,mismatched_words=0,actual_checksum=603e59446e81431f,expected_checksum=603e59446e81431f,first=[]
check,round=2,k=262144,g=128,candidate=tile8,phase=reset,comparison=b_vs_oracle,words=1048576,mismatched_words=0,actual_checksum=603e59446e81431f,expected_checksum=603e59446e81431f,first=[]
check,round=2,k=262144,g=128,candidate=tile8,phase=reset,comparison=a_vs_b,words=1048576,mismatched_words=0,actual_checksum=603e59446e81431f,expected_checksum=603e59446e81431f,first=[]
check,round=2,k=262144,g=128,candidate=tile8,phase=transformed,comparison=a_vs_oracle,words=1048576,mismatched_words=0,actual_checksum=99960c282a7f4ca5,expected_checksum=99960c282a7f4ca5,first=[]
check,round=2,k=262144,g=128,candidate=tile8,phase=transformed,comparison=b_vs_oracle,words=1048576,mismatched_words=0,actual_checksum=99960c282a7f4ca5,expected_checksum=99960c282a7f4ca5,first=[]
check,round=2,k=262144,g=128,candidate=tile8,phase=transformed,comparison=a_vs_b,words=1048576,mismatched_words=0,actual_checksum=99960c282a7f4ca5,expected_checksum=99960c282a7f4ca5,first=[]
check,round=3,k=65536,g=512,candidate=none,phase=source,comparison=a_vs_oracle,words=1048576,mismatched_words=0,actual_checksum=84d06402da633040,expected_checksum=84d06402da633040,first=[]
check,round=3,k=65536,g=512,candidate=none,phase=source,comparison=b_vs_oracle,words=1048576,mismatched_words=0,actual_checksum=84d06402da633040,expected_checksum=84d06402da633040,first=[]
check,round=3,k=65536,g=512,candidate=none,phase=source,comparison=a_vs_b,words=1048576,mismatched_words=0,actual_checksum=84d06402da633040,expected_checksum=84d06402da633040,first=[]
check,round=3,k=65536,g=512,candidate=vec4,phase=reset,comparison=a_vs_oracle,words=1048576,mismatched_words=0,actual_checksum=84d06402da633040,expected_checksum=84d06402da633040,first=[]
check,round=3,k=65536,g=512,candidate=vec4,phase=reset,comparison=b_vs_oracle,words=1048576,mismatched_words=0,actual_checksum=84d06402da633040,expected_checksum=84d06402da633040,first=[]
check,round=3,k=65536,g=512,candidate=vec4,phase=reset,comparison=a_vs_b,words=1048576,mismatched_words=0,actual_checksum=84d06402da633040,expected_checksum=84d06402da633040,first=[]
check,round=3,k=65536,g=512,candidate=vec4,phase=transformed,comparison=a_vs_oracle,words=1048576,mismatched_words=0,actual_checksum=29115d73667dee45,expected_checksum=29115d73667dee45,first=[]
check,round=3,k=65536,g=512,candidate=vec4,phase=transformed,comparison=b_vs_oracle,words=1048576,mismatched_words=0,actual_checksum=29115d73667dee45,expected_checksum=29115d73667dee45,first=[]
check,round=3,k=65536,g=512,candidate=vec4,phase=transformed,comparison=a_vs_b,words=1048576,mismatched_words=0,actual_checksum=29115d73667dee45,expected_checksum=29115d73667dee45,first=[]
check,round=3,k=65536,g=512,candidate=fused2,phase=reset,comparison=a_vs_oracle,words=1048576,mismatched_words=112,actual_checksum=dd5cc1ef5adbb20d,expected_checksum=84d06402da633040,first=[(16, 186992, 2037238345), (17, 852626710, 3300245819), (18, 493773166, 4005654834), (19, 4181389359, 3691870561), (20, 1087845808, 386760401), (21, 1783477888, 2721535482), (22, 1327939854, 1502479998), (23, 2012093229, 2976960798)]
check,round=3,k=65536,g=512,candidate=fused2,phase=reset,comparison=b_vs_oracle,words=1048576,mismatched_words=0,actual_checksum=84d06402da633040,expected_checksum=84d06402da633040,first=[]
check,round=3,k=65536,g=512,candidate=fused2,phase=reset,comparison=a_vs_b,words=1048576,mismatched_words=112,actual_checksum=dd5cc1ef5adbb20d,expected_checksum=84d06402da633040,first=[(16, 186992, 2037238345), (17, 852626710, 3300245819), (18, 493773166, 4005654834), (19, 4181389359, 3691870561), (20, 1087845808, 386760401), (21, 1783477888, 2721535482), (22, 1327939854, 1502479998), (23, 2012093229, 2976960798)]
check,round=3,k=65536,g=512,candidate=fused2,phase=transformed,comparison=a_vs_oracle,words=1048576,mismatched_words=0,actual_checksum=29115d73667dee45,expected_checksum=29115d73667dee45,first=[]
check,round=3,k=65536,g=512,candidate=fused2,phase=transformed,comparison=b_vs_oracle,words=1048576,mismatched_words=0,actual_checksum=29115d73667dee45,expected_checksum=29115d73667dee45,first=[]
check,round=3,k=65536,g=512,candidate=fused2,phase=transformed,comparison=a_vs_b,words=1048576,mismatched_words=0,actual_checksum=29115d73667dee45,expected_checksum=29115d73667dee45,first=[]
check,round=3,k=65536,g=512,candidate=tile8,phase=reset,comparison=a_vs_oracle,words=1048576,mismatched_words=0,actual_checksum=84d06402da633040,expected_checksum=84d06402da633040,first=[]
check,round=3,k=65536,g=512,candidate=tile8,phase=reset,comparison=b_vs_oracle,words=1048576,mismatched_words=0,actual_checksum=84d06402da633040,expected_checksum=84d06402da633040,first=[]
check,round=3,k=65536,g=512,candidate=tile8,phase=reset,comparison=a_vs_b,words=1048576,mismatched_words=0,actual_checksum=84d06402da633040,expected_checksum=84d06402da633040,first=[]
check,round=3,k=65536,g=512,candidate=tile8,phase=transformed,comparison=a_vs_oracle,words=1048576,mismatched_words=32,actual_checksum=fbb3f5cea7dabec2,expected_checksum=29115d73667dee45,first=[(704, 1572944744, 3923344618), (705, 791462398, 248489672), (706, 1433932951, 3100484515), (707, 2863739682, 2608953887), (708, 376675400, 748343230), (709, 3668932629, 3637220360), (710, 2148899491, 3809666189), (711, 1534952291, 1340109516)]
check,round=3,k=65536,g=512,candidate=tile8,phase=transformed,comparison=b_vs_oracle,words=1048576,mismatched_words=0,actual_checksum=29115d73667dee45,expected_checksum=29115d73667dee45,first=[]
check,round=3,k=65536,g=512,candidate=tile8,phase=transformed,comparison=a_vs_b,words=1048576,mismatched_words=32,actual_checksum=fbb3f5cea7dabec2,expected_checksum=29115d73667dee45,first=[(704, 1572944744, 3923344618), (705, 791462398, 248489672), (706, 1433932951, 3100484515), (707, 2863739682, 2608953887), (708, 376675400, 748343230), (709, 3668932629, 3637220360), (710, 2148899491, 3809666189), (711, 1534952291, 1340109516)]
check,round=3,k=262144,g=128,candidate=none,phase=source,comparison=a_vs_oracle,words=1048576,mismatched_words=0,actual_checksum=603e59446e81431f,expected_checksum=603e59446e81431f,first=[]
check,round=3,k=262144,g=128,candidate=none,phase=source,comparison=b_vs_oracle,words=1048576,mismatched_words=0,actual_checksum=603e59446e81431f,expected_checksum=603e59446e81431f,first=[]
check,round=3,k=262144,g=128,candidate=none,phase=source,comparison=a_vs_b,words=1048576,mismatched_words=0,actual_checksum=603e59446e81431f,expected_checksum=603e59446e81431f,first=[]
check,round=3,k=262144,g=128,candidate=vec4,phase=reset,comparison=a_vs_oracle,words=1048576,mismatched_words=0,actual_checksum=603e59446e81431f,expected_checksum=603e59446e81431f,first=[]
check,round=3,k=262144,g=128,candidate=vec4,phase=reset,comparison=b_vs_oracle,words=1048576,mismatched_words=0,actual_checksum=603e59446e81431f,expected_checksum=603e59446e81431f,first=[]
check,round=3,k=262144,g=128,candidate=vec4,phase=reset,comparison=a_vs_b,words=1048576,mismatched_words=0,actual_checksum=603e59446e81431f,expected_checksum=603e59446e81431f,first=[]
check,round=3,k=262144,g=128,candidate=vec4,phase=transformed,comparison=a_vs_oracle,words=1048576,mismatched_words=0,actual_checksum=99960c282a7f4ca5,expected_checksum=99960c282a7f4ca5,first=[]
check,round=3,k=262144,g=128,candidate=vec4,phase=transformed,comparison=b_vs_oracle,words=1048576,mismatched_words=0,actual_checksum=99960c282a7f4ca5,expected_checksum=99960c282a7f4ca5,first=[]
check,round=3,k=262144,g=128,candidate=vec4,phase=transformed,comparison=a_vs_b,words=1048576,mismatched_words=0,actual_checksum=99960c282a7f4ca5,expected_checksum=99960c282a7f4ca5,first=[]
check,round=3,k=262144,g=128,candidate=fused2,phase=reset,comparison=a_vs_oracle,words=1048576,mismatched_words=0,actual_checksum=603e59446e81431f,expected_checksum=603e59446e81431f,first=[]
check,round=3,k=262144,g=128,candidate=fused2,phase=reset,comparison=b_vs_oracle,words=1048576,mismatched_words=0,actual_checksum=603e59446e81431f,expected_checksum=603e59446e81431f,first=[]
check,round=3,k=262144,g=128,candidate=fused2,phase=reset,comparison=a_vs_b,words=1048576,mismatched_words=0,actual_checksum=603e59446e81431f,expected_checksum=603e59446e81431f,first=[]
check,round=3,k=262144,g=128,candidate=fused2,phase=transformed,comparison=a_vs_oracle,words=1048576,mismatched_words=0,actual_checksum=99960c282a7f4ca5,expected_checksum=99960c282a7f4ca5,first=[]
check,round=3,k=262144,g=128,candidate=fused2,phase=transformed,comparison=b_vs_oracle,words=1048576,mismatched_words=0,actual_checksum=99960c282a7f4ca5,expected_checksum=99960c282a7f4ca5,first=[]
check,round=3,k=262144,g=128,candidate=fused2,phase=transformed,comparison=a_vs_b,words=1048576,mismatched_words=0,actual_checksum=99960c282a7f4ca5,expected_checksum=99960c282a7f4ca5,first=[]
check,round=3,k=262144,g=128,candidate=tile8,phase=reset,comparison=a_vs_oracle,words=1048576,mismatched_words=0,actual_checksum=603e59446e81431f,expected_checksum=603e59446e81431f,first=[]
check,round=3,k=262144,g=128,candidate=tile8,phase=reset,comparison=b_vs_oracle,words=1048576,mismatched_words=0,actual_checksum=603e59446e81431f,expected_checksum=603e59446e81431f,first=[]
check,round=3,k=262144,g=128,candidate=tile8,phase=reset,comparison=a_vs_b,words=1048576,mismatched_words=0,actual_checksum=603e59446e81431f,expected_checksum=603e59446e81431f,first=[]
check,round=3,k=262144,g=128,candidate=tile8,phase=transformed,comparison=a_vs_oracle,words=1048576,mismatched_words=0,actual_checksum=99960c282a7f4ca5,expected_checksum=99960c282a7f4ca5,first=[]
check,round=3,k=262144,g=128,candidate=tile8,phase=transformed,comparison=b_vs_oracle,words=1048576,mismatched_words=0,actual_checksum=99960c282a7f4ca5,expected_checksum=99960c282a7f4ca5,first=[]
check,round=3,k=262144,g=128,candidate=tile8,phase=transformed,comparison=a_vs_b,words=1048576,mismatched_words=0,actual_checksum=99960c282a7f4ca5,expected_checksum=99960c282a7f4ca5,first=[]
check,round=4,k=65536,g=512,candidate=none,phase=source,comparison=a_vs_oracle,words=1048576,mismatched_words=0,actual_checksum=84d06402da633040,expected_checksum=84d06402da633040,first=[]
check,round=4,k=65536,g=512,candidate=none,phase=source,comparison=b_vs_oracle,words=1048576,mismatched_words=0,actual_checksum=84d06402da633040,expected_checksum=84d06402da633040,first=[]
check,round=4,k=65536,g=512,candidate=none,phase=source,comparison=a_vs_b,words=1048576,mismatched_words=0,actual_checksum=84d06402da633040,expected_checksum=84d06402da633040,first=[]
check,round=4,k=65536,g=512,candidate=vec4,phase=reset,comparison=a_vs_oracle,words=1048576,mismatched_words=0,actual_checksum=84d06402da633040,expected_checksum=84d06402da633040,first=[]
check,round=4,k=65536,g=512,candidate=vec4,phase=reset,comparison=b_vs_oracle,words=1048576,mismatched_words=0,actual_checksum=84d06402da633040,expected_checksum=84d06402da633040,first=[]
check,round=4,k=65536,g=512,candidate=vec4,phase=reset,comparison=a_vs_b,words=1048576,mismatched_words=0,actual_checksum=84d06402da633040,expected_checksum=84d06402da633040,first=[]
check,round=4,k=65536,g=512,candidate=vec4,phase=transformed,comparison=a_vs_oracle,words=1048576,mismatched_words=0,actual_checksum=29115d73667dee45,expected_checksum=29115d73667dee45,first=[]
check,round=4,k=65536,g=512,candidate=vec4,phase=transformed,comparison=b_vs_oracle,words=1048576,mismatched_words=0,actual_checksum=29115d73667dee45,expected_checksum=29115d73667dee45,first=[]
check,round=4,k=65536,g=512,candidate=vec4,phase=transformed,comparison=a_vs_b,words=1048576,mismatched_words=0,actual_checksum=29115d73667dee45,expected_checksum=29115d73667dee45,first=[]
check,round=4,k=65536,g=512,candidate=fused2,phase=reset,comparison=a_vs_oracle,words=1048576,mismatched_words=0,actual_checksum=84d06402da633040,expected_checksum=84d06402da633040,first=[]
check,round=4,k=65536,g=512,candidate=fused2,phase=reset,comparison=b_vs_oracle,words=1048576,mismatched_words=0,actual_checksum=84d06402da633040,expected_checksum=84d06402da633040,first=[]
check,round=4,k=65536,g=512,candidate=fused2,phase=reset,comparison=a_vs_b,words=1048576,mismatched_words=0,actual_checksum=84d06402da633040,expected_checksum=84d06402da633040,first=[]
check,round=4,k=65536,g=512,candidate=fused2,phase=transformed,comparison=a_vs_oracle,words=1048576,mismatched_words=64,actual_checksum=03689f02d0075263,expected_checksum=29115d73667dee45,first=[(288, 11400576, 588711147), (289, 2108226382, 2999623918), (290, 987779054, 1010131749), (291, 1353669216, 2590042797), (292, 3347314097, 1637101527), (293, 2676272203, 1773732320), (294, 1270145261, 2032238946), (295, 579619865, 1756453220)]
check,round=4,k=65536,g=512,candidate=fused2,phase=transformed,comparison=b_vs_oracle,words=1048576,mismatched_words=0,actual_checksum=29115d73667dee45,expected_checksum=29115d73667dee45,first=[]
check,round=4,k=65536,g=512,candidate=fused2,phase=transformed,comparison=a_vs_b,words=1048576,mismatched_words=64,actual_checksum=03689f02d0075263,expected_checksum=29115d73667dee45,first=[(288, 11400576, 588711147), (289, 2108226382, 2999623918), (290, 987779054, 1010131749), (291, 1353669216, 2590042797), (292, 3347314097, 1637101527), (293, 2676272203, 1773732320), (294, 1270145261, 2032238946), (295, 579619865, 1756453220)]
check,round=4,k=65536,g=512,candidate=tile8,phase=reset,comparison=a_vs_oracle,words=1048576,mismatched_words=0,actual_checksum=84d06402da633040,expected_checksum=84d06402da633040,first=[]
check,round=4,k=65536,g=512,candidate=tile8,phase=reset,comparison=b_vs_oracle,words=1048576,mismatched_words=0,actual_checksum=84d06402da633040,expected_checksum=84d06402da633040,first=[]
check,round=4,k=65536,g=512,candidate=tile8,phase=reset,comparison=a_vs_b,words=1048576,mismatched_words=0,actual_checksum=84d06402da633040,expected_checksum=84d06402da633040,first=[]
check,round=4,k=65536,g=512,candidate=tile8,phase=transformed,comparison=a_vs_oracle,words=1048576,mismatched_words=0,actual_checksum=29115d73667dee45,expected_checksum=29115d73667dee45,first=[]
check,round=4,k=65536,g=512,candidate=tile8,phase=transformed,comparison=b_vs_oracle,words=1048576,mismatched_words=0,actual_checksum=29115d73667dee45,expected_checksum=29115d73667dee45,first=[]
check,round=4,k=65536,g=512,candidate=tile8,phase=transformed,comparison=a_vs_b,words=1048576,mismatched_words=0,actual_checksum=29115d73667dee45,expected_checksum=29115d73667dee45,first=[]
check,round=4,k=262144,g=128,candidate=none,phase=source,comparison=a_vs_oracle,words=1048576,mismatched_words=0,actual_checksum=603e59446e81431f,expected_checksum=603e59446e81431f,first=[]
check,round=4,k=262144,g=128,candidate=none,phase=source,comparison=b_vs_oracle,words=1048576,mismatched_words=0,actual_checksum=603e59446e81431f,expected_checksum=603e59446e81431f,first=[]
check,round=4,k=262144,g=128,candidate=none,phase=source,comparison=a_vs_b,words=1048576,mismatched_words=0,actual_checksum=603e59446e81431f,expected_checksum=603e59446e81431f,first=[]
check,round=4,k=262144,g=128,candidate=vec4,phase=reset,comparison=a_vs_oracle,words=1048576,mismatched_words=0,actual_checksum=603e59446e81431f,expected_checksum=603e59446e81431f,first=[]
check,round=4,k=262144,g=128,candidate=vec4,phase=reset,comparison=b_vs_oracle,words=1048576,mismatched_words=0,actual_checksum=603e59446e81431f,expected_checksum=603e59446e81431f,first=[]
check,round=4,k=262144,g=128,candidate=vec4,phase=reset,comparison=a_vs_b,words=1048576,mismatched_words=0,actual_checksum=603e59446e81431f,expected_checksum=603e59446e81431f,first=[]
check,round=4,k=262144,g=128,candidate=vec4,phase=transformed,comparison=a_vs_oracle,words=1048576,mismatched_words=0,actual_checksum=99960c282a7f4ca5,expected_checksum=99960c282a7f4ca5,first=[]
check,round=4,k=262144,g=128,candidate=vec4,phase=transformed,comparison=b_vs_oracle,words=1048576,mismatched_words=0,actual_checksum=99960c282a7f4ca5,expected_checksum=99960c282a7f4ca5,first=[]
check,round=4,k=262144,g=128,candidate=vec4,phase=transformed,comparison=a_vs_b,words=1048576,mismatched_words=0,actual_checksum=99960c282a7f4ca5,expected_checksum=99960c282a7f4ca5,first=[]
check,round=4,k=262144,g=128,candidate=fused2,phase=reset,comparison=a_vs_oracle,words=1048576,mismatched_words=0,actual_checksum=603e59446e81431f,expected_checksum=603e59446e81431f,first=[]
check,round=4,k=262144,g=128,candidate=fused2,phase=reset,comparison=b_vs_oracle,words=1048576,mismatched_words=0,actual_checksum=603e59446e81431f,expected_checksum=603e59446e81431f,first=[]
check,round=4,k=262144,g=128,candidate=fused2,phase=reset,comparison=a_vs_b,words=1048576,mismatched_words=0,actual_checksum=603e59446e81431f,expected_checksum=603e59446e81431f,first=[]
check,round=4,k=262144,g=128,candidate=fused2,phase=transformed,comparison=a_vs_oracle,words=1048576,mismatched_words=32,actual_checksum=2df280ce179f27f0,expected_checksum=99960c282a7f4ca5,first=[(352, 4179290871, 1289491873), (353, 751780469, 56754229), (354, 1420920469, 804565351), (355, 3892412452, 2195307755), (356, 3634948326, 1359502024), (357, 1933381052, 276794336), (358, 2211871705, 3246167873), (359, 3640839279, 554127339)]
check,round=4,k=262144,g=128,candidate=fused2,phase=transformed,comparison=b_vs_oracle,words=1048576,mismatched_words=0,actual_checksum=99960c282a7f4ca5,expected_checksum=99960c282a7f4ca5,first=[]
check,round=4,k=262144,g=128,candidate=fused2,phase=transformed,comparison=a_vs_b,words=1048576,mismatched_words=32,actual_checksum=2df280ce179f27f0,expected_checksum=99960c282a7f4ca5,first=[(352, 4179290871, 1289491873), (353, 751780469, 56754229), (354, 1420920469, 804565351), (355, 3892412452, 2195307755), (356, 3634948326, 1359502024), (357, 1933381052, 276794336), (358, 2211871705, 3246167873), (359, 3640839279, 554127339)]
check,round=4,k=262144,g=128,candidate=tile8,phase=reset,comparison=a_vs_oracle,words=1048576,mismatched_words=0,actual_checksum=603e59446e81431f,expected_checksum=603e59446e81431f,first=[]
check,round=4,k=262144,g=128,candidate=tile8,phase=reset,comparison=b_vs_oracle,words=1048576,mismatched_words=0,actual_checksum=603e59446e81431f,expected_checksum=603e59446e81431f,first=[]
check,round=4,k=262144,g=128,candidate=tile8,phase=reset,comparison=a_vs_b,words=1048576,mismatched_words=0,actual_checksum=603e59446e81431f,expected_checksum=603e59446e81431f,first=[]
check,round=4,k=262144,g=128,candidate=tile8,phase=transformed,comparison=a_vs_oracle,words=1048576,mismatched_words=0,actual_checksum=99960c282a7f4ca5,expected_checksum=99960c282a7f4ca5,first=[]
check,round=4,k=262144,g=128,candidate=tile8,phase=transformed,comparison=b_vs_oracle,words=1048576,mismatched_words=0,actual_checksum=99960c282a7f4ca5,expected_checksum=99960c282a7f4ca5,first=[]
check,round=4,k=262144,g=128,candidate=tile8,phase=transformed,comparison=a_vs_b,words=1048576,mismatched_words=0,actual_checksum=99960c282a7f4ca5,expected_checksum=99960c282a7f4ca5,first=[]
check,round=5,k=65536,g=512,candidate=none,phase=source,comparison=a_vs_oracle,words=1048576,mismatched_words=0,actual_checksum=84d06402da633040,expected_checksum=84d06402da633040,first=[]
check,round=5,k=65536,g=512,candidate=none,phase=source,comparison=b_vs_oracle,words=1048576,mismatched_words=0,actual_checksum=84d06402da633040,expected_checksum=84d06402da633040,first=[]
check,round=5,k=65536,g=512,candidate=none,phase=source,comparison=a_vs_b,words=1048576,mismatched_words=0,actual_checksum=84d06402da633040,expected_checksum=84d06402da633040,first=[]
check,round=5,k=65536,g=512,candidate=vec4,phase=reset,comparison=a_vs_oracle,words=1048576,mismatched_words=0,actual_checksum=84d06402da633040,expected_checksum=84d06402da633040,first=[]
check,round=5,k=65536,g=512,candidate=vec4,phase=reset,comparison=b_vs_oracle,words=1048576,mismatched_words=0,actual_checksum=84d06402da633040,expected_checksum=84d06402da633040,first=[]
check,round=5,k=65536,g=512,candidate=vec4,phase=reset,comparison=a_vs_b,words=1048576,mismatched_words=0,actual_checksum=84d06402da633040,expected_checksum=84d06402da633040,first=[]
check,round=5,k=65536,g=512,candidate=vec4,phase=transformed,comparison=a_vs_oracle,words=1048576,mismatched_words=0,actual_checksum=29115d73667dee45,expected_checksum=29115d73667dee45,first=[]
check,round=5,k=65536,g=512,candidate=vec4,phase=transformed,comparison=b_vs_oracle,words=1048576,mismatched_words=0,actual_checksum=29115d73667dee45,expected_checksum=29115d73667dee45,first=[]
check,round=5,k=65536,g=512,candidate=vec4,phase=transformed,comparison=a_vs_b,words=1048576,mismatched_words=0,actual_checksum=29115d73667dee45,expected_checksum=29115d73667dee45,first=[]
check,round=5,k=65536,g=512,candidate=fused2,phase=reset,comparison=a_vs_oracle,words=1048576,mismatched_words=128,actual_checksum=2e5ddc9b6b61e690,expected_checksum=84d06402da633040,first=[(1536, 481397500, 3722341367), (1537, 2418908523, 78706503), (1538, 1402829259, 1364940555), (1539, 1747489977, 1291808790), (1540, 760132902, 4248947816), (1541, 2259358387, 1566142414), (1542, 2069698925, 1689412702), (1543, 3597303797, 789559298)]
check,round=5,k=65536,g=512,candidate=fused2,phase=reset,comparison=b_vs_oracle,words=1048576,mismatched_words=0,actual_checksum=84d06402da633040,expected_checksum=84d06402da633040,first=[]
check,round=5,k=65536,g=512,candidate=fused2,phase=reset,comparison=a_vs_b,words=1048576,mismatched_words=128,actual_checksum=2e5ddc9b6b61e690,expected_checksum=84d06402da633040,first=[(1536, 481397500, 3722341367), (1537, 2418908523, 78706503), (1538, 1402829259, 1364940555), (1539, 1747489977, 1291808790), (1540, 760132902, 4248947816), (1541, 2259358387, 1566142414), (1542, 2069698925, 1689412702), (1543, 3597303797, 789559298)]
check,round=5,k=65536,g=512,candidate=fused2,phase=transformed,comparison=a_vs_oracle,words=1048576,mismatched_words=64,actual_checksum=578e2fe646463aac,expected_checksum=29115d73667dee45,first=[(1696, 199218894, 1894626908), (1697, 3519784941, 49085615), (1698, 66911158, 844304499), (1699, 231000979, 1542870013), (1700, 40556744, 2696862745), (1701, 1997371985, 478540135), (1702, 3500275762, 4152444499), (1703, 459158465, 908228406)]
check,round=5,k=65536,g=512,candidate=fused2,phase=transformed,comparison=b_vs_oracle,words=1048576,mismatched_words=0,actual_checksum=29115d73667dee45,expected_checksum=29115d73667dee45,first=[]
check,round=5,k=65536,g=512,candidate=fused2,phase=transformed,comparison=a_vs_b,words=1048576,mismatched_words=64,actual_checksum=578e2fe646463aac,expected_checksum=29115d73667dee45,first=[(1696, 199218894, 1894626908), (1697, 3519784941, 49085615), (1698, 66911158, 844304499), (1699, 231000979, 1542870013), (1700, 40556744, 2696862745), (1701, 1997371985, 478540135), (1702, 3500275762, 4152444499), (1703, 459158465, 908228406)]
check,round=5,k=65536,g=512,candidate=tile8,phase=reset,comparison=a_vs_oracle,words=1048576,mismatched_words=64,actual_checksum=f857ebe5b2109786,expected_checksum=84d06402da633040,first=[(2016, 3127696098, 2112707289), (2017, 119653690, 7610818), (2018, 3478504921, 231235428), (2019, 2318736366, 3267318454), (2020, 5318154, 903437954), (2021, 3063872514, 3744145734), (2022, 1255119149, 3681821735), (2023, 2225528536, 2716700735)]
check,round=5,k=65536,g=512,candidate=tile8,phase=reset,comparison=b_vs_oracle,words=1048576,mismatched_words=0,actual_checksum=84d06402da633040,expected_checksum=84d06402da633040,first=[]
check,round=5,k=65536,g=512,candidate=tile8,phase=reset,comparison=a_vs_b,words=1048576,mismatched_words=64,actual_checksum=f857ebe5b2109786,expected_checksum=84d06402da633040,first=[(2016, 3127696098, 2112707289), (2017, 119653690, 7610818), (2018, 3478504921, 231235428), (2019, 2318736366, 3267318454), (2020, 5318154, 903437954), (2021, 3063872514, 3744145734), (2022, 1255119149, 3681821735), (2023, 2225528536, 2716700735)]
check,round=5,k=65536,g=512,candidate=tile8,phase=transformed,comparison=a_vs_oracle,words=1048576,mismatched_words=0,actual_checksum=29115d73667dee45,expected_checksum=29115d73667dee45,first=[]
check,round=5,k=65536,g=512,candidate=tile8,phase=transformed,comparison=b_vs_oracle,words=1048576,mismatched_words=0,actual_checksum=29115d73667dee45,expected_checksum=29115d73667dee45,first=[]
check,round=5,k=65536,g=512,candidate=tile8,phase=transformed,comparison=a_vs_b,words=1048576,mismatched_words=0,actual_checksum=29115d73667dee45,expected_checksum=29115d73667dee45,first=[]
check,round=5,k=262144,g=128,candidate=none,phase=source,comparison=a_vs_oracle,words=1048576,mismatched_words=0,actual_checksum=603e59446e81431f,expected_checksum=603e59446e81431f,first=[]
check,round=5,k=262144,g=128,candidate=none,phase=source,comparison=b_vs_oracle,words=1048576,mismatched_words=0,actual_checksum=603e59446e81431f,expected_checksum=603e59446e81431f,first=[]
check,round=5,k=262144,g=128,candidate=none,phase=source,comparison=a_vs_b,words=1048576,mismatched_words=0,actual_checksum=603e59446e81431f,expected_checksum=603e59446e81431f,first=[]
check,round=5,k=262144,g=128,candidate=vec4,phase=reset,comparison=a_vs_oracle,words=1048576,mismatched_words=0,actual_checksum=603e59446e81431f,expected_checksum=603e59446e81431f,first=[]
check,round=5,k=262144,g=128,candidate=vec4,phase=reset,comparison=b_vs_oracle,words=1048576,mismatched_words=0,actual_checksum=603e59446e81431f,expected_checksum=603e59446e81431f,first=[]
check,round=5,k=262144,g=128,candidate=vec4,phase=reset,comparison=a_vs_b,words=1048576,mismatched_words=0,actual_checksum=603e59446e81431f,expected_checksum=603e59446e81431f,first=[]
check,round=5,k=262144,g=128,candidate=vec4,phase=transformed,comparison=a_vs_oracle,words=1048576,mismatched_words=0,actual_checksum=99960c282a7f4ca5,expected_checksum=99960c282a7f4ca5,first=[]
check,round=5,k=262144,g=128,candidate=vec4,phase=transformed,comparison=b_vs_oracle,words=1048576,mismatched_words=0,actual_checksum=99960c282a7f4ca5,expected_checksum=99960c282a7f4ca5,first=[]
check,round=5,k=262144,g=128,candidate=vec4,phase=transformed,comparison=a_vs_b,words=1048576,mismatched_words=0,actual_checksum=99960c282a7f4ca5,expected_checksum=99960c282a7f4ca5,first=[]
check,round=5,k=262144,g=128,candidate=fused2,phase=reset,comparison=a_vs_oracle,words=1048576,mismatched_words=192,actual_checksum=018fdde708753a23,expected_checksum=603e59446e81431f,first=[(256, 83038002, 3613595873), (257, 3350907576, 999504158), (258, 1130183694, 3400155014), (259, 2135769696, 638426187), (260, 869735122, 621963177), (261, 3240845332, 1426659354), (262, 136275584, 3074818303), (263, 2100135943, 2623713587)]
check,round=5,k=262144,g=128,candidate=fused2,phase=reset,comparison=b_vs_oracle,words=1048576,mismatched_words=0,actual_checksum=603e59446e81431f,expected_checksum=603e59446e81431f,first=[]
check,round=5,k=262144,g=128,candidate=fused2,phase=reset,comparison=a_vs_b,words=1048576,mismatched_words=192,actual_checksum=018fdde708753a23,expected_checksum=603e59446e81431f,first=[(256, 83038002, 3613595873), (257, 3350907576, 999504158), (258, 1130183694, 3400155014), (259, 2135769696, 638426187), (260, 869735122, 621963177), (261, 3240845332, 1426659354), (262, 136275584, 3074818303), (263, 2100135943, 2623713587)]
check,round=5,k=262144,g=128,candidate=fused2,phase=transformed,comparison=a_vs_oracle,words=1048576,mismatched_words=96,actual_checksum=c0c7a3548da87525,expected_checksum=99960c282a7f4ca5,first=[(896, 3392018418, 220182026), (897, 316285146, 2148529989), (898, 2397584634, 2718592758), (899, 2811244641, 357563036), (900, 2450806095, 2760002520), (901, 252353329, 1390320036), (902, 3523098087, 3164697457), (903, 4279834246, 3408681174)]
check,round=5,k=262144,g=128,candidate=fused2,phase=transformed,comparison=b_vs_oracle,words=1048576,mismatched_words=0,actual_checksum=99960c282a7f4ca5,expected_checksum=99960c282a7f4ca5,first=[]
check,round=5,k=262144,g=128,candidate=fused2,phase=transformed,comparison=a_vs_b,words=1048576,mismatched_words=96,actual_checksum=c0c7a3548da87525,expected_checksum=99960c282a7f4ca5,first=[(896, 3392018418, 220182026), (897, 316285146, 2148529989), (898, 2397584634, 2718592758), (899, 2811244641, 357563036), (900, 2450806095, 2760002520), (901, 252353329, 1390320036), (902, 3523098087, 3164697457), (903, 4279834246, 3408681174)]
check,round=5,k=262144,g=128,candidate=tile8,phase=reset,comparison=a_vs_oracle,words=1048576,mismatched_words=256,actual_checksum=9131e105a2e45689,expected_checksum=603e59446e81431f,first=[(32, 3438897031, 527003732), (33, 3778480099, 488567877), (34, 950503366, 2974843982), (35, 3283836617, 2600173794), (36, 1759384191, 3054569393), (37, 4171579863, 1242231938), (38, 1131330200, 2278385455), (39, 327409734, 1312474587)]
check,round=5,k=262144,g=128,candidate=tile8,phase=reset,comparison=b_vs_oracle,words=1048576,mismatched_words=0,actual_checksum=603e59446e81431f,expected_checksum=603e59446e81431f,first=[]
check,round=5,k=262144,g=128,candidate=tile8,phase=reset,comparison=a_vs_b,words=1048576,mismatched_words=256,actual_checksum=9131e105a2e45689,expected_checksum=603e59446e81431f,first=[(32, 3438897031, 527003732), (33, 3778480099, 488567877), (34, 950503366, 2974843982), (35, 3283836617, 2600173794), (36, 1759384191, 3054569393), (37, 4171579863, 1242231938), (38, 1131330200, 2278385455), (39, 327409734, 1312474587)]
check,round=5,k=262144,g=128,candidate=tile8,phase=transformed,comparison=a_vs_oracle,words=1048576,mismatched_words=128,actual_checksum=e857c2de709673c0,expected_checksum=99960c282a7f4ca5,first=[(288, 4106020675, 4012283941), (289, 1656938057, 3093749940), (290, 410499916, 3933864716), (291, 215471267, 3915453985), (292, 1044004802, 1344910774), (293, 1099573059, 3044514265), (294, 2838166450, 2413806879), (295, 1036309276, 2566900353)]
check,round=5,k=262144,g=128,candidate=tile8,phase=transformed,comparison=b_vs_oracle,words=1048576,mismatched_words=0,actual_checksum=99960c282a7f4ca5,expected_checksum=99960c282a7f4ca5,first=[]
check,round=5,k=262144,g=128,candidate=tile8,phase=transformed,comparison=a_vs_b,words=1048576,mismatched_words=128,actual_checksum=e857c2de709673c0,expected_checksum=99960c282a7f4ca5,first=[(288, 4106020675, 4012283941), (289, 1656938057, 3093749940), (290, 410499916, 3933864716), (291, 215471267, 3915453985), (292, 1044004802, 1344910774), (293, 1099573059, 3044514265), (294, 2838166450, 2413806879), (295, 1036309276, 2566900353)]
check,round=6,k=65536,g=512,candidate=none,phase=source,comparison=a_vs_oracle,words=1048576,mismatched_words=0,actual_checksum=84d06402da633040,expected_checksum=84d06402da633040,first=[]
check,round=6,k=65536,g=512,candidate=none,phase=source,comparison=b_vs_oracle,words=1048576,mismatched_words=0,actual_checksum=84d06402da633040,expected_checksum=84d06402da633040,first=[]
check,round=6,k=65536,g=512,candidate=none,phase=source,comparison=a_vs_b,words=1048576,mismatched_words=0,actual_checksum=84d06402da633040,expected_checksum=84d06402da633040,first=[]
check,round=6,k=65536,g=512,candidate=vec4,phase=reset,comparison=a_vs_oracle,words=1048576,mismatched_words=0,actual_checksum=84d06402da633040,expected_checksum=84d06402da633040,first=[]
check,round=6,k=65536,g=512,candidate=vec4,phase=reset,comparison=b_vs_oracle,words=1048576,mismatched_words=0,actual_checksum=84d06402da633040,expected_checksum=84d06402da633040,first=[]
check,round=6,k=65536,g=512,candidate=vec4,phase=reset,comparison=a_vs_b,words=1048576,mismatched_words=0,actual_checksum=84d06402da633040,expected_checksum=84d06402da633040,first=[]
check,round=6,k=65536,g=512,candidate=vec4,phase=transformed,comparison=a_vs_oracle,words=1048576,mismatched_words=576,actual_checksum=f6315c9d95e9fc13,expected_checksum=29115d73667dee45,first=[(192, 2926225190, 65690861), (193, 2873972289, 1183629846), (194, 824944355, 117687121), (195, 4211828504, 2454863941), (196, 1793962348, 2433425512), (197, 1154203276, 1439500171), (198, 1348388641, 1388298165), (199, 2683227388, 207679281)]
check,round=6,k=65536,g=512,candidate=vec4,phase=transformed,comparison=b_vs_oracle,words=1048576,mismatched_words=0,actual_checksum=29115d73667dee45,expected_checksum=29115d73667dee45,first=[]
check,round=6,k=65536,g=512,candidate=vec4,phase=transformed,comparison=a_vs_b,words=1048576,mismatched_words=576,actual_checksum=f6315c9d95e9fc13,expected_checksum=29115d73667dee45,first=[(192, 2926225190, 65690861), (193, 2873972289, 1183629846), (194, 824944355, 117687121), (195, 4211828504, 2454863941), (196, 1793962348, 2433425512), (197, 1154203276, 1439500171), (198, 1348388641, 1388298165), (199, 2683227388, 207679281)]
check,round=6,k=65536,g=512,candidate=fused2,phase=reset,comparison=a_vs_oracle,words=1048576,mismatched_words=260,actual_checksum=1ef53ee34f05b625,expected_checksum=84d06402da633040,first=[(320, 3164174654, 1690580196), (321, 3831557313, 2839575752), (322, 3337533341, 2113723172), (323, 331279859, 899491176), (324, 236827795, 3074282480), (325, 2843644500, 2772008817), (326, 498193934, 3493091674), (327, 3379606390, 955887221)]
check,round=6,k=65536,g=512,candidate=fused2,phase=reset,comparison=b_vs_oracle,words=1048576,mismatched_words=0,actual_checksum=84d06402da633040,expected_checksum=84d06402da633040,first=[]
check,round=6,k=65536,g=512,candidate=fused2,phase=reset,comparison=a_vs_b,words=1048576,mismatched_words=260,actual_checksum=1ef53ee34f05b625,expected_checksum=84d06402da633040,first=[(320, 3164174654, 1690580196), (321, 3831557313, 2839575752), (322, 3337533341, 2113723172), (323, 331279859, 899491176), (324, 236827795, 3074282480), (325, 2843644500, 2772008817), (326, 498193934, 3493091674), (327, 3379606390, 955887221)]
check,round=6,k=65536,g=512,candidate=fused2,phase=transformed,comparison=a_vs_oracle,words=1048576,mismatched_words=96,actual_checksum=b9a021d357d3abe7,expected_checksum=29115d73667dee45,first=[(4512, 452000580, 583578541), (4513, 3063367816, 2736535443), (4514, 2940898859, 2552687076), (4515, 796769516, 3864208969), (4516, 2230215452, 3520243588), (4517, 1496656922, 560908213), (4518, 1786010209, 3399185497), (4519, 3325646173, 638635121)]
check,round=6,k=65536,g=512,candidate=fused2,phase=transformed,comparison=b_vs_oracle,words=1048576,mismatched_words=0,actual_checksum=29115d73667dee45,expected_checksum=29115d73667dee45,first=[]
check,round=6,k=65536,g=512,candidate=fused2,phase=transformed,comparison=a_vs_b,words=1048576,mismatched_words=96,actual_checksum=b9a021d357d3abe7,expected_checksum=29115d73667dee45,first=[(4512, 452000580, 583578541), (4513, 3063367816, 2736535443), (4514, 2940898859, 2552687076), (4515, 796769516, 3864208969), (4516, 2230215452, 3520243588), (4517, 1496656922, 560908213), (4518, 1786010209, 3399185497), (4519, 3325646173, 638635121)]
check,round=6,k=65536,g=512,candidate=tile8,phase=reset,comparison=a_vs_oracle,words=1048576,mismatched_words=1016,actual_checksum=0cf9bb3a8cd49c94,expected_checksum=84d06402da633040,first=[(16, 186992, 2037238345), (17, 852626710, 3300245819), (18, 493773166, 4005654834), (19, 4181389359, 3691870561), (20, 1087845808, 386760401), (21, 1783477888, 2721535482), (22, 1327939854, 1502479998), (23, 2012093229, 2976960798)]
check,round=6,k=65536,g=512,candidate=tile8,phase=reset,comparison=b_vs_oracle,words=1048576,mismatched_words=0,actual_checksum=84d06402da633040,expected_checksum=84d06402da633040,first=[]
check,round=6,k=65536,g=512,candidate=tile8,phase=reset,comparison=a_vs_b,words=1048576,mismatched_words=1016,actual_checksum=0cf9bb3a8cd49c94,expected_checksum=84d06402da633040,first=[(16, 186992, 2037238345), (17, 852626710, 3300245819), (18, 493773166, 4005654834), (19, 4181389359, 3691870561), (20, 1087845808, 386760401), (21, 1783477888, 2721535482), (22, 1327939854, 1502479998), (23, 2012093229, 2976960798)]
check,round=6,k=65536,g=512,candidate=tile8,phase=transformed,comparison=a_vs_oracle,words=1048576,mismatched_words=944,actual_checksum=af8fc166810ea63f,expected_checksum=29115d73667dee45,first=[(16, 2037238345, 186992), (17, 3300245819, 852626710), (18, 4005654834, 493773166), (19, 3691870561, 4181389359), (20, 386760401, 1087845808), (21, 2721535482, 1783477888), (22, 1502479998, 1327939854), (23, 2976960798, 2012093229)]
check,round=6,k=65536,g=512,candidate=tile8,phase=transformed,comparison=b_vs_oracle,words=1048576,mismatched_words=0,actual_checksum=29115d73667dee45,expected_checksum=29115d73667dee45,first=[]
check,round=6,k=65536,g=512,candidate=tile8,phase=transformed,comparison=a_vs_b,words=1048576,mismatched_words=944,actual_checksum=af8fc166810ea63f,expected_checksum=29115d73667dee45,first=[(16, 2037238345, 186992), (17, 3300245819, 852626710), (18, 4005654834, 493773166), (19, 3691870561, 4181389359), (20, 386760401, 1087845808), (21, 2721535482, 1783477888), (22, 1502479998, 1327939854), (23, 2976960798, 2012093229)]
check,round=6,k=262144,g=128,candidate=none,phase=source,comparison=a_vs_oracle,words=1048576,mismatched_words=0,actual_checksum=603e59446e81431f,expected_checksum=603e59446e81431f,first=[]
check,round=6,k=262144,g=128,candidate=none,phase=source,comparison=b_vs_oracle,words=1048576,mismatched_words=0,actual_checksum=603e59446e81431f,expected_checksum=603e59446e81431f,first=[]
check,round=6,k=262144,g=128,candidate=none,phase=source,comparison=a_vs_b,words=1048576,mismatched_words=0,actual_checksum=603e59446e81431f,expected_checksum=603e59446e81431f,first=[]
check,round=6,k=262144,g=128,candidate=vec4,phase=reset,comparison=a_vs_oracle,words=1048576,mismatched_words=0,actual_checksum=603e59446e81431f,expected_checksum=603e59446e81431f,first=[]
check,round=6,k=262144,g=128,candidate=vec4,phase=reset,comparison=b_vs_oracle,words=1048576,mismatched_words=0,actual_checksum=603e59446e81431f,expected_checksum=603e59446e81431f,first=[]
check,round=6,k=262144,g=128,candidate=vec4,phase=reset,comparison=a_vs_b,words=1048576,mismatched_words=0,actual_checksum=603e59446e81431f,expected_checksum=603e59446e81431f,first=[]
check,round=6,k=262144,g=128,candidate=vec4,phase=transformed,comparison=a_vs_oracle,words=1048576,mismatched_words=192,actual_checksum=0192d2671028ebd2,expected_checksum=99960c282a7f4ca5,first=[(480, 910483943, 394670611), (481, 3849506747, 3913508049), (482, 742117081, 1056555421), (483, 3925360905, 3750116856), (484, 3673894213, 144260983), (485, 1428787052, 3247362380), (486, 4232289486, 1867304831), (487, 1956216643, 583651822)]
check,round=6,k=262144,g=128,candidate=vec4,phase=transformed,comparison=b_vs_oracle,words=1048576,mismatched_words=0,actual_checksum=99960c282a7f4ca5,expected_checksum=99960c282a7f4ca5,first=[]
check,round=6,k=262144,g=128,candidate=vec4,phase=transformed,comparison=a_vs_b,words=1048576,mismatched_words=192,actual_checksum=0192d2671028ebd2,expected_checksum=99960c282a7f4ca5,first=[(480, 910483943, 394670611), (481, 3849506747, 3913508049), (482, 742117081, 1056555421), (483, 3925360905, 3750116856), (484, 3673894213, 144260983), (485, 1428787052, 3247362380), (486, 4232289486, 1867304831), (487, 1956216643, 583651822)]
check,round=6,k=262144,g=128,candidate=fused2,phase=reset,comparison=a_vs_oracle,words=1048576,mismatched_words=672,actual_checksum=66f48db96526e66c,expected_checksum=603e59446e81431f,first=[(32, 3438897031, 527003732), (33, 3778480099, 488567877), (34, 950503366, 2974843982), (35, 3283836617, 2600173794), (36, 1759384191, 3054569393), (37, 4171579863, 1242231938), (38, 1131330200, 2278385455), (39, 327409734, 1312474587)]
check,round=6,k=262144,g=128,candidate=fused2,phase=reset,comparison=b_vs_oracle,words=1048576,mismatched_words=0,actual_checksum=603e59446e81431f,expected_checksum=603e59446e81431f,first=[]
check,round=6,k=262144,g=128,candidate=fused2,phase=reset,comparison=a_vs_b,words=1048576,mismatched_words=672,actual_checksum=66f48db96526e66c,expected_checksum=603e59446e81431f,first=[(32, 3438897031, 527003732), (33, 3778480099, 488567877), (34, 950503366, 2974843982), (35, 3283836617, 2600173794), (36, 1759384191, 3054569393), (37, 4171579863, 1242231938), (38, 1131330200, 2278385455), (39, 327409734, 1312474587)]
check,round=6,k=262144,g=128,candidate=fused2,phase=transformed,comparison=a_vs_oracle,words=1048576,mismatched_words=0,actual_checksum=99960c282a7f4ca5,expected_checksum=99960c282a7f4ca5,first=[]
check,round=6,k=262144,g=128,candidate=fused2,phase=transformed,comparison=b_vs_oracle,words=1048576,mismatched_words=0,actual_checksum=99960c282a7f4ca5,expected_checksum=99960c282a7f4ca5,first=[]
check,round=6,k=262144,g=128,candidate=fused2,phase=transformed,comparison=a_vs_b,words=1048576,mismatched_words=0,actual_checksum=99960c282a7f4ca5,expected_checksum=99960c282a7f4ca5,first=[]
check,round=6,k=262144,g=128,candidate=tile8,phase=reset,comparison=a_vs_oracle,words=1048576,mismatched_words=156,actual_checksum=5872939a912efcfd,expected_checksum=603e59446e81431f,first=[(32, 3438897031, 527003732), (33, 3778480099, 488567877), (34, 950503366, 2974843982), (35, 3283836617, 2600173794), (36, 1759384191, 3054569393), (37, 4171579863, 1242231938), (38, 1131330200, 2278385455), (39, 327409734, 1312474587)]
check,round=6,k=262144,g=128,candidate=tile8,phase=reset,comparison=b_vs_oracle,words=1048576,mismatched_words=0,actual_checksum=603e59446e81431f,expected_checksum=603e59446e81431f,first=[]
check,round=6,k=262144,g=128,candidate=tile8,phase=reset,comparison=a_vs_b,words=1048576,mismatched_words=156,actual_checksum=5872939a912efcfd,expected_checksum=603e59446e81431f,first=[(32, 3438897031, 527003732), (33, 3778480099, 488567877), (34, 950503366, 2974843982), (35, 3283836617, 2600173794), (36, 1759384191, 3054569393), (37, 4171579863, 1242231938), (38, 1131330200, 2278385455), (39, 327409734, 1312474587)]
check,round=6,k=262144,g=128,candidate=tile8,phase=transformed,comparison=a_vs_oracle,words=1048576,mismatched_words=424,actual_checksum=61e525fd631dc740,expected_checksum=99960c282a7f4ca5,first=[(4, 305558089, 3248907674), (5, 1402516150, 2947629328), (6, 4228143729, 1978882553), (7, 2650962772, 3343033727), (8, 4235915232, 803928115), (9, 2438028099, 1836624101), (10, 4246056383, 1961012791), (11, 1559188526, 95390213)]
check,round=6,k=262144,g=128,candidate=tile8,phase=transformed,comparison=b_vs_oracle,words=1048576,mismatched_words=0,actual_checksum=99960c282a7f4ca5,expected_checksum=99960c282a7f4ca5,first=[]
check,round=6,k=262144,g=128,candidate=tile8,phase=transformed,comparison=a_vs_b,words=1048576,mismatched_words=424,actual_checksum=61e525fd631dc740,expected_checksum=99960c282a7f4ca5,first=[(4, 305558089, 3248907674), (5, 1402516150, 2947629328), (6, 4228143729, 1978882553), (7, 2650962772, 3343033727), (8, 4235915232, 803928115), (9, 2438028099, 1836624101), (10, 4246056383, 1961012791), (11, 1559188526, 95390213)]
check,round=7,k=65536,g=512,candidate=none,phase=source,comparison=a_vs_oracle,words=1048576,mismatched_words=0,actual_checksum=84d06402da633040,expected_checksum=84d06402da633040,first=[]
check,round=7,k=65536,g=512,candidate=none,phase=source,comparison=b_vs_oracle,words=1048576,mismatched_words=0,actual_checksum=84d06402da633040,expected_checksum=84d06402da633040,first=[]
check,round=7,k=65536,g=512,candidate=none,phase=source,comparison=a_vs_b,words=1048576,mismatched_words=0,actual_checksum=84d06402da633040,expected_checksum=84d06402da633040,first=[]
check,round=7,k=65536,g=512,candidate=vec4,phase=reset,comparison=a_vs_oracle,words=1048576,mismatched_words=0,actual_checksum=84d06402da633040,expected_checksum=84d06402da633040,first=[]
check,round=7,k=65536,g=512,candidate=vec4,phase=reset,comparison=b_vs_oracle,words=1048576,mismatched_words=0,actual_checksum=84d06402da633040,expected_checksum=84d06402da633040,first=[]
check,round=7,k=65536,g=512,candidate=vec4,phase=reset,comparison=a_vs_b,words=1048576,mismatched_words=0,actual_checksum=84d06402da633040,expected_checksum=84d06402da633040,first=[]
check,round=7,k=65536,g=512,candidate=vec4,phase=transformed,comparison=a_vs_oracle,words=1048576,mismatched_words=352,actual_checksum=2b5b1e02efb4af9e,expected_checksum=29115d73667dee45,first=[(224, 1534112387, 105066130), (225, 3913184883, 297448474), (226, 3656430827, 2684561222), (227, 584833277, 1503339347), (228, 1632557055, 2212161739), (229, 3449564871, 113185514), (230, 1088009797, 2024158203), (231, 3023340781, 1710792311)]
check,round=7,k=65536,g=512,candidate=vec4,phase=transformed,comparison=b_vs_oracle,words=1048576,mismatched_words=0,actual_checksum=29115d73667dee45,expected_checksum=29115d73667dee45,first=[]
check,round=7,k=65536,g=512,candidate=vec4,phase=transformed,comparison=a_vs_b,words=1048576,mismatched_words=352,actual_checksum=2b5b1e02efb4af9e,expected_checksum=29115d73667dee45,first=[(224, 1534112387, 105066130), (225, 3913184883, 297448474), (226, 3656430827, 2684561222), (227, 584833277, 1503339347), (228, 1632557055, 2212161739), (229, 3449564871, 113185514), (230, 1088009797, 2024158203), (231, 3023340781, 1710792311)]
check,round=7,k=65536,g=512,candidate=fused2,phase=reset,comparison=a_vs_oracle,words=1048576,mismatched_words=672,actual_checksum=0ef2b2412b1b8212,expected_checksum=84d06402da633040,first=[(16, 186992, 2037238345), (17, 852626710, 3300245819), (18, 493773166, 4005654834), (19, 4181389359, 3691870561), (20, 1087845808, 386760401), (21, 1783477888, 2721535482), (22, 1327939854, 1502479998), (23, 2012093229, 2976960798)]
check,round=7,k=65536,g=512,candidate=fused2,phase=reset,comparison=b_vs_oracle,words=1048576,mismatched_words=0,actual_checksum=84d06402da633040,expected_checksum=84d06402da633040,first=[]
check,round=7,k=65536,g=512,candidate=fused2,phase=reset,comparison=a_vs_b,words=1048576,mismatched_words=672,actual_checksum=0ef2b2412b1b8212,expected_checksum=84d06402da633040,first=[(16, 186992, 2037238345), (17, 852626710, 3300245819), (18, 493773166, 4005654834), (19, 4181389359, 3691870561), (20, 1087845808, 386760401), (21, 1783477888, 2721535482), (22, 1327939854, 1502479998), (23, 2012093229, 2976960798)]
check,round=7,k=65536,g=512,candidate=fused2,phase=transformed,comparison=a_vs_oracle,words=1048576,mismatched_words=400,actual_checksum=774c1b82c3e50944,expected_checksum=29115d73667dee45,first=[(32, 4214506062, 2187022967), (33, 483050992, 3937208797), (34, 3404209802, 960958166), (35, 3994974422, 3408523672), (36, 26321620, 1447815605), (37, 2360098321, 1154932075), (38, 1722642278, 1879418902), (39, 2742587910, 1709594677)]
check,round=7,k=65536,g=512,candidate=fused2,phase=transformed,comparison=b_vs_oracle,words=1048576,mismatched_words=0,actual_checksum=29115d73667dee45,expected_checksum=29115d73667dee45,first=[]
check,round=7,k=65536,g=512,candidate=fused2,phase=transformed,comparison=a_vs_b,words=1048576,mismatched_words=400,actual_checksum=774c1b82c3e50944,expected_checksum=29115d73667dee45,first=[(32, 4214506062, 2187022967), (33, 483050992, 3937208797), (34, 3404209802, 960958166), (35, 3994974422, 3408523672), (36, 26321620, 1447815605), (37, 2360098321, 1154932075), (38, 1722642278, 1879418902), (39, 2742587910, 1709594677)]
check,round=7,k=65536,g=512,candidate=tile8,phase=reset,comparison=a_vs_oracle,words=1048576,mismatched_words=768,actual_checksum=8350c3176ebdde2d,expected_checksum=84d06402da633040,first=[(96, 3861230457, 1689067505), (97, 1495126236, 758699864), (98, 2210532031, 3450493585), (99, 2418341205, 1509885005), (100, 3745779794, 2544494134), (101, 4102135893, 3330343841), (102, 3521602064, 945769403), (103, 2299192450, 4095747791)]
check,round=7,k=65536,g=512,candidate=tile8,phase=reset,comparison=b_vs_oracle,words=1048576,mismatched_words=0,actual_checksum=84d06402da633040,expected_checksum=84d06402da633040,first=[]
check,round=7,k=65536,g=512,candidate=tile8,phase=reset,comparison=a_vs_b,words=1048576,mismatched_words=768,actual_checksum=8350c3176ebdde2d,expected_checksum=84d06402da633040,first=[(96, 3861230457, 1689067505), (97, 1495126236, 758699864), (98, 2210532031, 3450493585), (99, 2418341205, 1509885005), (100, 3745779794, 2544494134), (101, 4102135893, 3330343841), (102, 3521602064, 945769403), (103, 2299192450, 4095747791)]
check,round=7,k=65536,g=512,candidate=tile8,phase=transformed,comparison=a_vs_oracle,words=1048576,mismatched_words=32,actual_checksum=6b2fa997be5e0cd8,expected_checksum=29115d73667dee45,first=[(5088, 2900930356, 4041699856), (5089, 2562721235, 3389707522), (5090, 2537493550, 2247194551), (5091, 3269931155, 3422520500), (5092, 3126665161, 1447704832), (5093, 757223547, 1009518357), (5094, 2190310989, 621926194), (5095, 2245907727, 3775169001)]
check,round=7,k=65536,g=512,candidate=tile8,phase=transformed,comparison=b_vs_oracle,words=1048576,mismatched_words=0,actual_checksum=29115d73667dee45,expected_checksum=29115d73667dee45,first=[]
check,round=7,k=65536,g=512,candidate=tile8,phase=transformed,comparison=a_vs_b,words=1048576,mismatched_words=32,actual_checksum=6b2fa997be5e0cd8,expected_checksum=29115d73667dee45,first=[(5088, 2900930356, 4041699856), (5089, 2562721235, 3389707522), (5090, 2537493550, 2247194551), (5091, 3269931155, 3422520500), (5092, 3126665161, 1447704832), (5093, 757223547, 1009518357), (5094, 2190310989, 621926194), (5095, 2245907727, 3775169001)]
check,round=7,k=262144,g=128,candidate=none,phase=source,comparison=a_vs_oracle,words=1048576,mismatched_words=0,actual_checksum=603e59446e81431f,expected_checksum=603e59446e81431f,first=[]
check,round=7,k=262144,g=128,candidate=none,phase=source,comparison=b_vs_oracle,words=1048576,mismatched_words=0,actual_checksum=603e59446e81431f,expected_checksum=603e59446e81431f,first=[]
check,round=7,k=262144,g=128,candidate=none,phase=source,comparison=a_vs_b,words=1048576,mismatched_words=0,actual_checksum=603e59446e81431f,expected_checksum=603e59446e81431f,first=[]
check,round=7,k=262144,g=128,candidate=vec4,phase=reset,comparison=a_vs_oracle,words=1048576,mismatched_words=0,actual_checksum=603e59446e81431f,expected_checksum=603e59446e81431f,first=[]
check,round=7,k=262144,g=128,candidate=vec4,phase=reset,comparison=b_vs_oracle,words=1048576,mismatched_words=0,actual_checksum=603e59446e81431f,expected_checksum=603e59446e81431f,first=[]
check,round=7,k=262144,g=128,candidate=vec4,phase=reset,comparison=a_vs_b,words=1048576,mismatched_words=0,actual_checksum=603e59446e81431f,expected_checksum=603e59446e81431f,first=[]
check,round=7,k=262144,g=128,candidate=vec4,phase=transformed,comparison=a_vs_oracle,words=1048576,mismatched_words=160,actual_checksum=a46042c67e203dcf,expected_checksum=99960c282a7f4ca5,first=[(224, 1840125787, 3321282271), (225, 1205944281, 1468509929), (226, 1667224916, 3909166916), (227, 2807442542, 1892808624), (228, 966819171, 1328249372), (229, 4153199301, 762687272), (230, 3026184271, 2324467552), (231, 1670623332, 2003884240)]
check,round=7,k=262144,g=128,candidate=vec4,phase=transformed,comparison=b_vs_oracle,words=1048576,mismatched_words=0,actual_checksum=99960c282a7f4ca5,expected_checksum=99960c282a7f4ca5,first=[]
check,round=7,k=262144,g=128,candidate=vec4,phase=transformed,comparison=a_vs_b,words=1048576,mismatched_words=160,actual_checksum=a46042c67e203dcf,expected_checksum=99960c282a7f4ca5,first=[(224, 1840125787, 3321282271), (225, 1205944281, 1468509929), (226, 1667224916, 3909166916), (227, 2807442542, 1892808624), (228, 966819171, 1328249372), (229, 4153199301, 762687272), (230, 3026184271, 2324467552), (231, 1670623332, 2003884240)]
check,round=7,k=262144,g=128,candidate=fused2,phase=reset,comparison=a_vs_oracle,words=1048576,mismatched_words=928,actual_checksum=9e716dd57ba958c5,expected_checksum=603e59446e81431f,first=[(32, 3438897031, 527003732), (33, 3778480099, 488567877), (34, 950503366, 2974843982), (35, 3283836617, 2600173794), (36, 1759384191, 3054569393), (37, 4171579863, 1242231938), (38, 1131330200, 2278385455), (39, 327409734, 1312474587)]
check,round=7,k=262144,g=128,candidate=fused2,phase=reset,comparison=b_vs_oracle,words=1048576,mismatched_words=0,actual_checksum=603e59446e81431f,expected_checksum=603e59446e81431f,first=[]
check,round=7,k=262144,g=128,candidate=fused2,phase=reset,comparison=a_vs_b,words=1048576,mismatched_words=928,actual_checksum=9e716dd57ba958c5,expected_checksum=603e59446e81431f,first=[(32, 3438897031, 527003732), (33, 3778480099, 488567877), (34, 950503366, 2974843982), (35, 3283836617, 2600173794), (36, 1759384191, 3054569393), (37, 4171579863, 1242231938), (38, 1131330200, 2278385455), (39, 327409734, 1312474587)]
check,round=7,k=262144,g=128,candidate=fused2,phase=transformed,comparison=a_vs_oracle,words=1048576,mismatched_words=64,actual_checksum=5a36ad73f97f09d1,expected_checksum=99960c282a7f4ca5,first=[(192, 1180297892, 2686135118), (193, 447198050, 1797502743), (194, 1975199207, 2783602455), (195, 838754788, 3356918259), (196, 1167163301, 3173939785), (197, 651737207, 1049300026), (198, 186536732, 3196064828), (199, 4006332386, 1023315423)]
check,round=7,k=262144,g=128,candidate=fused2,phase=transformed,comparison=b_vs_oracle,words=1048576,mismatched_words=0,actual_checksum=99960c282a7f4ca5,expected_checksum=99960c282a7f4ca5,first=[]
check,round=7,k=262144,g=128,candidate=fused2,phase=transformed,comparison=a_vs_b,words=1048576,mismatched_words=64,actual_checksum=5a36ad73f97f09d1,expected_checksum=99960c282a7f4ca5,first=[(192, 1180297892, 2686135118), (193, 447198050, 1797502743), (194, 1975199207, 2783602455), (195, 838754788, 3356918259), (196, 1167163301, 3173939785), (197, 651737207, 1049300026), (198, 186536732, 3196064828), (199, 4006332386, 1023315423)]
check,round=7,k=262144,g=128,candidate=tile8,phase=reset,comparison=a_vs_oracle,words=1048576,mismatched_words=1392,actual_checksum=a8ebee7ad959f2a1,expected_checksum=603e59446e81431f,first=[(4, 3248907674, 305558089), (5, 2947629328, 1402516150), (6, 1978882553, 4228143729), (7, 3343033727, 2650962772), (8, 803928115, 4235915232), (9, 1836624101, 2438028099), (10, 1961012791, 4246056383), (11, 95390213, 1559188526)]
check,round=7,k=262144,g=128,candidate=tile8,phase=reset,comparison=b_vs_oracle,words=1048576,mismatched_words=0,actual_checksum=603e59446e81431f,expected_checksum=603e59446e81431f,first=[]
check,round=7,k=262144,g=128,candidate=tile8,phase=reset,comparison=a_vs_b,words=1048576,mismatched_words=1392,actual_checksum=a8ebee7ad959f2a1,expected_checksum=603e59446e81431f,first=[(4, 3248907674, 305558089), (5, 2947629328, 1402516150), (6, 1978882553, 4228143729), (7, 3343033727, 2650962772), (8, 803928115, 4235915232), (9, 1836624101, 2438028099), (10, 1961012791, 4246056383), (11, 95390213, 1559188526)]
check,round=7,k=262144,g=128,candidate=tile8,phase=transformed,comparison=a_vs_oracle,words=1048576,mismatched_words=64,actual_checksum=490b8cffe5a1696a,expected_checksum=99960c282a7f4ca5,first=[(1696, 3736549551, 1545703553), (1697, 234507198, 2818667705), (1698, 3577255672, 1414850994), (1699, 991515755, 3845877091), (1700, 588490881, 3328179369), (1701, 2524435328, 9619916), (1702, 3975894499, 1825031737), (1703, 1319743168, 336931609)]
check,round=7,k=262144,g=128,candidate=tile8,phase=transformed,comparison=b_vs_oracle,words=1048576,mismatched_words=0,actual_checksum=99960c282a7f4ca5,expected_checksum=99960c282a7f4ca5,first=[]
check,round=7,k=262144,g=128,candidate=tile8,phase=transformed,comparison=a_vs_b,words=1048576,mismatched_words=64,actual_checksum=490b8cffe5a1696a,expected_checksum=99960c282a7f4ca5,first=[(1696, 3736549551, 1545703553), (1697, 234507198, 2818667705), (1698, 3577255672, 1414850994), (1699, 991515755, 3845877091), (1700, 588490881, 3328179369), (1701, 2524435328, 9619916), (1702, 3975894499, 1825031737), (1703, 1319743168, 336931609)]
check,round=8,k=65536,g=512,candidate=none,phase=source,comparison=a_vs_oracle,words=1048576,mismatched_words=0,actual_checksum=84d06402da633040,expected_checksum=84d06402da633040,first=[]
check,round=8,k=65536,g=512,candidate=none,phase=source,comparison=b_vs_oracle,words=1048576,mismatched_words=0,actual_checksum=84d06402da633040,expected_checksum=84d06402da633040,first=[]
check,round=8,k=65536,g=512,candidate=none,phase=source,comparison=a_vs_b,words=1048576,mismatched_words=0,actual_checksum=84d06402da633040,expected_checksum=84d06402da633040,first=[]
check,round=8,k=65536,g=512,candidate=vec4,phase=reset,comparison=a_vs_oracle,words=1048576,mismatched_words=0,actual_checksum=84d06402da633040,expected_checksum=84d06402da633040,first=[]
check,round=8,k=65536,g=512,candidate=vec4,phase=reset,comparison=b_vs_oracle,words=1048576,mismatched_words=0,actual_checksum=84d06402da633040,expected_checksum=84d06402da633040,first=[]
check,round=8,k=65536,g=512,candidate=vec4,phase=reset,comparison=a_vs_b,words=1048576,mismatched_words=0,actual_checksum=84d06402da633040,expected_checksum=84d06402da633040,first=[]
check,round=8,k=65536,g=512,candidate=vec4,phase=transformed,comparison=a_vs_oracle,words=1048576,mismatched_words=1488,actual_checksum=f41169ff4a8a508d,expected_checksum=29115d73667dee45,first=[(16, 2037238345, 186992), (17, 3300245819, 852626710), (18, 4005654834, 493773166), (19, 3691870561, 4181389359), (20, 386760401, 1087845808), (21, 2721535482, 1783477888), (22, 1502479998, 1327939854), (23, 2976960798, 2012093229)]
check,round=8,k=65536,g=512,candidate=vec4,phase=transformed,comparison=b_vs_oracle,words=1048576,mismatched_words=0,actual_checksum=29115d73667dee45,expected_checksum=29115d73667dee45,first=[]
check,round=8,k=65536,g=512,candidate=vec4,phase=transformed,comparison=a_vs_b,words=1048576,mismatched_words=1488,actual_checksum=f41169ff4a8a508d,expected_checksum=29115d73667dee45,first=[(16, 2037238345, 186992), (17, 3300245819, 852626710), (18, 4005654834, 493773166), (19, 3691870561, 4181389359), (20, 386760401, 1087845808), (21, 2721535482, 1783477888), (22, 1502479998, 1327939854), (23, 2976960798, 2012093229)]
check,round=8,k=65536,g=512,candidate=fused2,phase=reset,comparison=a_vs_oracle,words=1048576,mismatched_words=1408,actual_checksum=e1ec1739d79c270f,expected_checksum=84d06402da633040,first=[(16, 186992, 2037238345), (17, 852626710, 3300245819), (18, 493773166, 4005654834), (19, 4181389359, 3691870561), (20, 1087845808, 386760401), (21, 1783477888, 2721535482), (22, 1327939854, 1502479998), (23, 2012093229, 2976960798)]
check,round=8,k=65536,g=512,candidate=fused2,phase=reset,comparison=b_vs_oracle,words=1048576,mismatched_words=0,actual_checksum=84d06402da633040,expected_checksum=84d06402da633040,first=[]
check,round=8,k=65536,g=512,candidate=fused2,phase=reset,comparison=a_vs_b,words=1048576,mismatched_words=1408,actual_checksum=e1ec1739d79c270f,expected_checksum=84d06402da633040,first=[(16, 186992, 2037238345), (17, 852626710, 3300245819), (18, 493773166, 4005654834), (19, 4181389359, 3691870561), (20, 1087845808, 386760401), (21, 1783477888, 2721535482), (22, 1327939854, 1502479998), (23, 2012093229, 2976960798)]
check,round=8,k=65536,g=512,candidate=fused2,phase=transformed,comparison=a_vs_oracle,words=1048576,mismatched_words=1664,actual_checksum=19e662f5f050d463,expected_checksum=29115d73667dee45,first=[(16, 2037238345, 186992), (17, 3300245819, 852626710), (18, 4005654834, 493773166), (19, 3691870561, 4181389359), (20, 386760401, 1087845808), (21, 2721535482, 1783477888), (22, 1502479998, 1327939854), (23, 2976960798, 2012093229)]
check,round=8,k=65536,g=512,candidate=fused2,phase=transformed,comparison=b_vs_oracle,words=1048576,mismatched_words=0,actual_checksum=29115d73667dee45,expected_checksum=29115d73667dee45,first=[]
check,round=8,k=65536,g=512,candidate=fused2,phase=transformed,comparison=a_vs_b,words=1048576,mismatched_words=1664,actual_checksum=19e662f5f050d463,expected_checksum=29115d73667dee45,first=[(16, 2037238345, 186992), (17, 3300245819, 852626710), (18, 4005654834, 493773166), (19, 3691870561, 4181389359), (20, 386760401, 1087845808), (21, 2721535482, 1783477888), (22, 1502479998, 1327939854), (23, 2976960798, 2012093229)]
check,round=8,k=65536,g=512,candidate=tile8,phase=reset,comparison=a_vs_oracle,words=1048576,mismatched_words=816,actual_checksum=cc28f52611f0ca99,expected_checksum=84d06402da633040,first=[(96, 3861230457, 1689067505), (97, 1495126236, 758699864), (98, 2210532031, 3450493585), (99, 2418341205, 1509885005), (100, 3745779794, 2544494134), (101, 4102135893, 3330343841), (102, 3521602064, 945769403), (103, 2299192450, 4095747791)]
check,round=8,k=65536,g=512,candidate=tile8,phase=reset,comparison=b_vs_oracle,words=1048576,mismatched_words=0,actual_checksum=84d06402da633040,expected_checksum=84d06402da633040,first=[]
check,round=8,k=65536,g=512,candidate=tile8,phase=reset,comparison=a_vs_b,words=1048576,mismatched_words=816,actual_checksum=cc28f52611f0ca99,expected_checksum=84d06402da633040,first=[(96, 3861230457, 1689067505), (97, 1495126236, 758699864), (98, 2210532031, 3450493585), (99, 2418341205, 1509885005), (100, 3745779794, 2544494134), (101, 4102135893, 3330343841), (102, 3521602064, 945769403), (103, 2299192450, 4095747791)]
check,round=8,k=65536,g=512,candidate=tile8,phase=transformed,comparison=a_vs_oracle,words=1048576,mismatched_words=208,actual_checksum=c991d5eb9035bbb8,expected_checksum=29115d73667dee45,first=[(16, 2037238345, 186992), (17, 3300245819, 852626710), (18, 4005654834, 493773166), (19, 3691870561, 4181389359), (20, 386760401, 1087845808), (21, 2721535482, 1783477888), (22, 1502479998, 1327939854), (23, 2976960798, 2012093229)]
check,round=8,k=65536,g=512,candidate=tile8,phase=transformed,comparison=b_vs_oracle,words=1048576,mismatched_words=0,actual_checksum=29115d73667dee45,expected_checksum=29115d73667dee45,first=[]
check,round=8,k=65536,g=512,candidate=tile8,phase=transformed,comparison=a_vs_b,words=1048576,mismatched_words=208,actual_checksum=c991d5eb9035bbb8,expected_checksum=29115d73667dee45,first=[(16, 2037238345, 186992), (17, 3300245819, 852626710), (18, 4005654834, 493773166), (19, 3691870561, 4181389359), (20, 386760401, 1087845808), (21, 2721535482, 1783477888), (22, 1502479998, 1327939854), (23, 2976960798, 2012093229)]
check,round=8,k=262144,g=128,candidate=none,phase=source,comparison=a_vs_oracle,words=1048576,mismatched_words=352,actual_checksum=654423acda1bcca1,expected_checksum=603e59446e81431f,first=[(224, 105066130, 1840125787), (225, 297448474, 1205944281), (226, 2684561222, 1667224916), (227, 1503339347, 2807442542), (228, 2212161739, 966819171), (229, 113185514, 4153199301), (230, 2024158203, 3026184271), (231, 1710792311, 1670623332)]
check,round=8,k=262144,g=128,candidate=none,phase=source,comparison=b_vs_oracle,words=1048576,mismatched_words=0,actual_checksum=603e59446e81431f,expected_checksum=603e59446e81431f,first=[]
check,round=8,k=262144,g=128,candidate=none,phase=source,comparison=a_vs_b,words=1048576,mismatched_words=352,actual_checksum=654423acda1bcca1,expected_checksum=603e59446e81431f,first=[(224, 105066130, 1840125787), (225, 297448474, 1205944281), (226, 2684561222, 1667224916), (227, 1503339347, 2807442542), (228, 2212161739, 966819171), (229, 113185514, 4153199301), (230, 2024158203, 3026184271), (231, 1710792311, 1670623332)]
check,round=8,k=262144,g=128,candidate=vec4,phase=reset,comparison=a_vs_oracle,words=1048576,mismatched_words=0,actual_checksum=603e59446e81431f,expected_checksum=603e59446e81431f,first=[]
check,round=8,k=262144,g=128,candidate=vec4,phase=reset,comparison=b_vs_oracle,words=1048576,mismatched_words=0,actual_checksum=603e59446e81431f,expected_checksum=603e59446e81431f,first=[]
check,round=8,k=262144,g=128,candidate=vec4,phase=reset,comparison=a_vs_b,words=1048576,mismatched_words=0,actual_checksum=603e59446e81431f,expected_checksum=603e59446e81431f,first=[]
check,round=8,k=262144,g=128,candidate=vec4,phase=transformed,comparison=a_vs_oracle,words=1048576,mismatched_words=192,actual_checksum=49838edad52452f0,expected_checksum=99960c282a7f4ca5,first=[(160, 2252723197, 4068702254), (161, 3145191904, 760752973), (162, 1748359653, 771913205), (163, 2989169729, 1998606539), (164, 3855206032, 681295001), (165, 2121182141, 3189690557), (166, 3358758929, 3844150681), (167, 4247667881, 903388240)]
check,round=8,k=262144,g=128,candidate=vec4,phase=transformed,comparison=b_vs_oracle,words=1048576,mismatched_words=0,actual_checksum=99960c282a7f4ca5,expected_checksum=99960c282a7f4ca5,first=[]
check,round=8,k=262144,g=128,candidate=vec4,phase=transformed,comparison=a_vs_b,words=1048576,mismatched_words=192,actual_checksum=49838edad52452f0,expected_checksum=99960c282a7f4ca5,first=[(160, 2252723197, 4068702254), (161, 3145191904, 760752973), (162, 1748359653, 771913205), (163, 2989169729, 1998606539), (164, 3855206032, 681295001), (165, 2121182141, 3189690557), (166, 3358758929, 3844150681), (167, 4247667881, 903388240)]
check,round=8,k=262144,g=128,candidate=fused2,phase=reset,comparison=a_vs_oracle,words=1048576,mismatched_words=572,actual_checksum=650640ae3e6a4166,expected_checksum=603e59446e81431f,first=[(64, 1585253822, 2381126253), (65, 110950715, 4206168733), (66, 2931910950, 657877678), (67, 4284019284, 2786602111), (68, 2637124803, 3513002804), (69, 2169957400, 3562186645), (70, 3329068082, 2494087013), (71, 2325024551, 3956246055)]
check,round=8,k=262144,g=128,candidate=fused2,phase=reset,comparison=b_vs_oracle,words=1048576,mismatched_words=0,actual_checksum=603e59446e81431f,expected_checksum=603e59446e81431f,first=[]
check,round=8,k=262144,g=128,candidate=fused2,phase=reset,comparison=a_vs_b,words=1048576,mismatched_words=572,actual_checksum=650640ae3e6a4166,expected_checksum=603e59446e81431f,first=[(64, 1585253822, 2381126253), (65, 110950715, 4206168733), (66, 2931910950, 657877678), (67, 4284019284, 2786602111), (68, 2637124803, 3513002804), (69, 2169957400, 3562186645), (70, 3329068082, 2494087013), (71, 2325024551, 3956246055)]
check,round=8,k=262144,g=128,candidate=fused2,phase=transformed,comparison=a_vs_oracle,words=1048576,mismatched_words=1088,actual_checksum=43a4299960eb81d7,expected_checksum=99960c282a7f4ca5,first=[(32, 527003732, 3438897031), (33, 488567877, 3778480099), (34, 2974843982, 950503366), (35, 2600173794, 3283836617), (36, 3054569393, 1759384191), (37, 1242231938, 4171579863), (38, 2278385455, 1131330200), (39, 1312474587, 327409734)]
check,round=8,k=262144,g=128,candidate=fused2,phase=transformed,comparison=b_vs_oracle,words=1048576,mismatched_words=0,actual_checksum=99960c282a7f4ca5,expected_checksum=99960c282a7f4ca5,first=[]
check,round=8,k=262144,g=128,candidate=fused2,phase=transformed,comparison=a_vs_b,words=1048576,mismatched_words=1088,actual_checksum=43a4299960eb81d7,expected_checksum=99960c282a7f4ca5,first=[(32, 527003732, 3438897031), (33, 488567877, 3778480099), (34, 2974843982, 950503366), (35, 2600173794, 3283836617), (36, 3054569393, 1759384191), (37, 1242231938, 4171579863), (38, 2278385455, 1131330200), (39, 1312474587, 327409734)]
check,round=8,k=262144,g=128,candidate=tile8,phase=reset,comparison=a_vs_oracle,words=1048576,mismatched_words=464,actual_checksum=5a768d5cd9691607,expected_checksum=603e59446e81431f,first=[(96, 3497745545, 2439979363), (97, 3333295868, 3710649218), (98, 3913295300, 4140943532), (99, 1390588984, 927057550), (100, 1487416259, 4254083462), (101, 3890004043, 3971100438), (102, 2238081921, 2202520702), (103, 1255907018, 600707674)]
check,round=8,k=262144,g=128,candidate=tile8,phase=reset,comparison=b_vs_oracle,words=1048576,mismatched_words=0,actual_checksum=603e59446e81431f,expected_checksum=603e59446e81431f,first=[]
check,round=8,k=262144,g=128,candidate=tile8,phase=reset,comparison=a_vs_b,words=1048576,mismatched_words=464,actual_checksum=5a768d5cd9691607,expected_checksum=603e59446e81431f,first=[(96, 3497745545, 2439979363), (97, 3333295868, 3710649218), (98, 3913295300, 4140943532), (99, 1390588984, 927057550), (100, 1487416259, 4254083462), (101, 3890004043, 3971100438), (102, 2238081921, 2202520702), (103, 1255907018, 600707674)]
check,round=8,k=262144,g=128,candidate=tile8,phase=transformed,comparison=a_vs_oracle,words=1048576,mismatched_words=416,actual_checksum=081eb7aef740fcf0,expected_checksum=99960c282a7f4ca5,first=[(160, 2252723197, 4068702254), (161, 3145191904, 760752973), (162, 1748359653, 771913205), (163, 2989169729, 1998606539), (164, 3855206032, 681295001), (165, 2121182141, 3189690557), (166, 3358758929, 3844150681), (167, 4247667881, 903388240)]
check,round=8,k=262144,g=128,candidate=tile8,phase=transformed,comparison=b_vs_oracle,words=1048576,mismatched_words=0,actual_checksum=99960c282a7f4ca5,expected_checksum=99960c282a7f4ca5,first=[]
check,round=8,k=262144,g=128,candidate=tile8,phase=transformed,comparison=a_vs_b,words=1048576,mismatched_words=416,actual_checksum=081eb7aef740fcf0,expected_checksum=99960c282a7f4ca5,first=[(160, 2252723197, 4068702254), (161, 3145191904, 760752973), (162, 1748359653, 771913205), (163, 2989169729, 1998606539), (164, 3855206032, 681295001), (165, 2121182141, 3189690557), (166, 3358758929, 3844150681), (167, 4247667881, 903388240)]
check,round=9,k=65536,g=512,candidate=none,phase=source,comparison=a_vs_oracle,words=1048576,mismatched_words=288,actual_checksum=6e98d62faccfe80a,expected_checksum=84d06402da633040,first=[(416, 2568998377, 2432641456), (417, 1962502840, 3437984212), (418, 1818659727, 3655643068), (419, 535926148, 3463593749), (420, 478063181, 3146489981), (421, 4024087574, 1057525855), (422, 2455584762, 2372910366), (423, 2179907659, 591679352)]
check,round=9,k=65536,g=512,candidate=none,phase=source,comparison=b_vs_oracle,words=1048576,mismatched_words=0,actual_checksum=84d06402da633040,expected_checksum=84d06402da633040,first=[]
check,round=9,k=65536,g=512,candidate=none,phase=source,comparison=a_vs_b,words=1048576,mismatched_words=288,actual_checksum=6e98d62faccfe80a,expected_checksum=84d06402da633040,first=[(416, 2568998377, 2432641456), (417, 1962502840, 3437984212), (418, 1818659727, 3655643068), (419, 535926148, 3463593749), (420, 478063181, 3146489981), (421, 4024087574, 1057525855), (422, 2455584762, 2372910366), (423, 2179907659, 591679352)]
check,round=9,k=65536,g=512,candidate=vec4,phase=reset,comparison=a_vs_oracle,words=1048576,mismatched_words=0,actual_checksum=84d06402da633040,expected_checksum=84d06402da633040,first=[]
check,round=9,k=65536,g=512,candidate=vec4,phase=reset,comparison=b_vs_oracle,words=1048576,mismatched_words=0,actual_checksum=84d06402da633040,expected_checksum=84d06402da633040,first=[]
check,round=9,k=65536,g=512,candidate=vec4,phase=reset,comparison=a_vs_b,words=1048576,mismatched_words=0,actual_checksum=84d06402da633040,expected_checksum=84d06402da633040,first=[]
check,round=9,k=65536,g=512,candidate=vec4,phase=transformed,comparison=a_vs_oracle,words=1048576,mismatched_words=704,actual_checksum=3c7937a20d18ccb6,expected_checksum=29115d73667dee45,first=[(256, 2715919132, 3633230629), (257, 634344061, 3551043152), (258, 1066541597, 3426562625), (259, 31867221, 617728027), (260, 4032574419, 2810607794), (261, 3001774272, 2056360890), (262, 1116785049, 1412959977), (263, 802901320, 3913647995)]
check,round=9,k=65536,g=512,candidate=vec4,phase=transformed,comparison=b_vs_oracle,words=1048576,mismatched_words=0,actual_checksum=29115d73667dee45,expected_checksum=29115d73667dee45,first=[]
check,round=9,k=65536,g=512,candidate=vec4,phase=transformed,comparison=a_vs_b,words=1048576,mismatched_words=704,actual_checksum=3c7937a20d18ccb6,expected_checksum=29115d73667dee45,first=[(256, 2715919132, 3633230629), (257, 634344061, 3551043152), (258, 1066541597, 3426562625), (259, 31867221, 617728027), (260, 4032574419, 2810607794), (261, 3001774272, 2056360890), (262, 1116785049, 1412959977), (263, 802901320, 3913647995)]
check,round=9,k=65536,g=512,candidate=fused2,phase=reset,comparison=a_vs_oracle,words=1048576,mismatched_words=320,actual_checksum=46def0955ca71a60,expected_checksum=84d06402da633040,first=[(384, 438329702, 378718030), (385, 3617187424, 2166304275), (386, 2179459722, 4285723613), (387, 3932425969, 2150197369), (388, 486112940, 166052778), (389, 1454375034, 2206971682), (390, 2169638789, 1486765877), (391, 3573232980, 1885520297)]
check,round=9,k=65536,g=512,candidate=fused2,phase=reset,comparison=b_vs_oracle,words=1048576,mismatched_words=0,actual_checksum=84d06402da633040,expected_checksum=84d06402da633040,first=[]
check,round=9,k=65536,g=512,candidate=fused2,phase=reset,comparison=a_vs_b,words=1048576,mismatched_words=320,actual_checksum=46def0955ca71a60,expected_checksum=84d06402da633040,first=[(384, 438329702, 378718030), (385, 3617187424, 2166304275), (386, 2179459722, 4285723613), (387, 3932425969, 2150197369), (388, 486112940, 166052778), (389, 1454375034, 2206971682), (390, 2169638789, 1486765877), (391, 3573232980, 1885520297)]
check,round=9,k=65536,g=512,candidate=fused2,phase=transformed,comparison=a_vs_oracle,words=1048576,mismatched_words=1136,actual_checksum=efcc05d1eae026a6,expected_checksum=29115d73667dee45,first=[(64, 13893375, 2042425030), (65, 2659716697, 1760543348), (66, 1999593208, 2223001252), (67, 49414272, 667257294), (68, 514203601, 1232884912), (69, 1993768607, 3198983653), (70, 2579333565, 2400536269), (71, 416062072, 3729936459)]
check,round=9,k=65536,g=512,candidate=fused2,phase=transformed,comparison=b_vs_oracle,words=1048576,mismatched_words=0,actual_checksum=29115d73667dee45,expected_checksum=29115d73667dee45,first=[]
check,round=9,k=65536,g=512,candidate=fused2,phase=transformed,comparison=a_vs_b,words=1048576,mismatched_words=1136,actual_checksum=efcc05d1eae026a6,expected_checksum=29115d73667dee45,first=[(64, 13893375, 2042425030), (65, 2659716697, 1760543348), (66, 1999593208, 2223001252), (67, 49414272, 667257294), (68, 514203601, 1232884912), (69, 1993768607, 3198983653), (70, 2579333565, 2400536269), (71, 416062072, 3729936459)]
check,round=9,k=65536,g=512,candidate=tile8,phase=reset,comparison=a_vs_oracle,words=1048576,mismatched_words=1280,actual_checksum=cb9232e4913b80d8,expected_checksum=84d06402da633040,first=[(128, 2907899188, 3560707341), (129, 1934203406, 2234406435), (130, 1090992970, 2997365526), (131, 1806378973, 1318891155), (132, 3846213333, 2996487604), (133, 1741735832, 2947163362), (134, 2606561577, 2381594201), (135, 2336405941, 1306293126)]
check,round=9,k=65536,g=512,candidate=tile8,phase=reset,comparison=b_vs_oracle,words=1048576,mismatched_words=0,actual_checksum=84d06402da633040,expected_checksum=84d06402da633040,first=[]
check,round=9,k=65536,g=512,candidate=tile8,phase=reset,comparison=a_vs_b,words=1048576,mismatched_words=1280,actual_checksum=cb9232e4913b80d8,expected_checksum=84d06402da633040,first=[(128, 2907899188, 3560707341), (129, 1934203406, 2234406435), (130, 1090992970, 2997365526), (131, 1806378973, 1318891155), (132, 3846213333, 2996487604), (133, 1741735832, 2947163362), (134, 2606561577, 2381594201), (135, 2336405941, 1306293126)]
check,round=9,k=65536,g=512,candidate=tile8,phase=transformed,comparison=a_vs_oracle,words=1048576,mismatched_words=0,actual_checksum=29115d73667dee45,expected_checksum=29115d73667dee45,first=[]
check,round=9,k=65536,g=512,candidate=tile8,phase=transformed,comparison=b_vs_oracle,words=1048576,mismatched_words=0,actual_checksum=29115d73667dee45,expected_checksum=29115d73667dee45,first=[]
check,round=9,k=65536,g=512,candidate=tile8,phase=transformed,comparison=a_vs_b,words=1048576,mismatched_words=0,actual_checksum=29115d73667dee45,expected_checksum=29115d73667dee45,first=[]
check,round=9,k=262144,g=128,candidate=none,phase=source,comparison=a_vs_oracle,words=1048576,mismatched_words=0,actual_checksum=603e59446e81431f,expected_checksum=603e59446e81431f,first=[]
check,round=9,k=262144,g=128,candidate=none,phase=source,comparison=b_vs_oracle,words=1048576,mismatched_words=0,actual_checksum=603e59446e81431f,expected_checksum=603e59446e81431f,first=[]
check,round=9,k=262144,g=128,candidate=none,phase=source,comparison=a_vs_b,words=1048576,mismatched_words=0,actual_checksum=603e59446e81431f,expected_checksum=603e59446e81431f,first=[]
check,round=9,k=262144,g=128,candidate=vec4,phase=reset,comparison=a_vs_oracle,words=1048576,mismatched_words=0,actual_checksum=603e59446e81431f,expected_checksum=603e59446e81431f,first=[]
check,round=9,k=262144,g=128,candidate=vec4,phase=reset,comparison=b_vs_oracle,words=1048576,mismatched_words=0,actual_checksum=603e59446e81431f,expected_checksum=603e59446e81431f,first=[]
check,round=9,k=262144,g=128,candidate=vec4,phase=reset,comparison=a_vs_b,words=1048576,mismatched_words=0,actual_checksum=603e59446e81431f,expected_checksum=603e59446e81431f,first=[]
check,round=9,k=262144,g=128,candidate=vec4,phase=transformed,comparison=a_vs_oracle,words=1048576,mismatched_words=128,actual_checksum=f3b1d4ec170c8fd2,expected_checksum=99960c282a7f4ca5,first=[(592, 668882472, 1143056865), (593, 1316959237, 1386978447), (594, 3070742330, 108523090), (595, 2465571082, 2349310476), (596, 4232756832, 883192366), (597, 3680214979, 3873178782), (598, 3168197074, 2947612825), (599, 2591682212, 2079231560)]
check,round=9,k=262144,g=128,candidate=vec4,phase=transformed,comparison=b_vs_oracle,words=1048576,mismatched_words=0,actual_checksum=99960c282a7f4ca5,expected_checksum=99960c282a7f4ca5,first=[]
check,round=9,k=262144,g=128,candidate=vec4,phase=transformed,comparison=a_vs_b,words=1048576,mismatched_words=128,actual_checksum=f3b1d4ec170c8fd2,expected_checksum=99960c282a7f4ca5,first=[(592, 668882472, 1143056865), (593, 1316959237, 1386978447), (594, 3070742330, 108523090), (595, 2465571082, 2349310476), (596, 4232756832, 883192366), (597, 3680214979, 3873178782), (598, 3168197074, 2947612825), (599, 2591682212, 2079231560)]
check,round=9,k=262144,g=128,candidate=fused2,phase=reset,comparison=a_vs_oracle,words=1048576,mismatched_words=892,actual_checksum=ac6feb58f3033311,expected_checksum=603e59446e81431f,first=[(4, 3248907674, 305558089), (5, 2947629328, 1402516150), (6, 1978882553, 4228143729), (7, 3343033727, 2650962772), (8, 803928115, 4235915232), (9, 1836624101, 2438028099), (10, 1961012791, 4246056383), (11, 95390213, 1559188526)]
check,round=9,k=262144,g=128,candidate=fused2,phase=reset,comparison=b_vs_oracle,words=1048576,mismatched_words=0,actual_checksum=603e59446e81431f,expected_checksum=603e59446e81431f,first=[]
check,round=9,k=262144,g=128,candidate=fused2,phase=reset,comparison=a_vs_b,words=1048576,mismatched_words=892,actual_checksum=ac6feb58f3033311,expected_checksum=603e59446e81431f,first=[(4, 3248907674, 305558089), (5, 2947629328, 1402516150), (6, 1978882553, 4228143729), (7, 3343033727, 2650962772), (8, 803928115, 4235915232), (9, 1836624101, 2438028099), (10, 1961012791, 4246056383), (11, 95390213, 1559188526)]
check,round=9,k=262144,g=128,candidate=fused2,phase=transformed,comparison=a_vs_oracle,words=1048576,mismatched_words=160,actual_checksum=e61f5de8c026703f,expected_checksum=99960c282a7f4ca5,first=[(960, 1215223571, 50780055), (961, 3272815861, 3883873997), (962, 339017811, 896816606), (963, 869823436, 1177980185), (964, 2308722332, 1714416420), (965, 162929115, 4063229601), (966, 2603519805, 2474756956), (967, 333988217, 4155104009)]
check,round=9,k=262144,g=128,candidate=fused2,phase=transformed,comparison=b_vs_oracle,words=1048576,mismatched_words=0,actual_checksum=99960c282a7f4ca5,expected_checksum=99960c282a7f4ca5,first=[]
check,round=9,k=262144,g=128,candidate=fused2,phase=transformed,comparison=a_vs_b,words=1048576,mismatched_words=160,actual_checksum=e61f5de8c026703f,expected_checksum=99960c282a7f4ca5,first=[(960, 1215223571, 50780055), (961, 3272815861, 3883873997), (962, 339017811, 896816606), (963, 869823436, 1177980185), (964, 2308722332, 1714416420), (965, 162929115, 4063229601), (966, 2603519805, 2474756956), (967, 333988217, 4155104009)]
check,round=9,k=262144,g=128,candidate=tile8,phase=reset,comparison=a_vs_oracle,words=1048576,mismatched_words=684,actual_checksum=327b5b848581b440,expected_checksum=603e59446e81431f,first=[(4, 3248907674, 305558089), (5, 2947629328, 1402516150), (6, 1978882553, 4228143729), (7, 3343033727, 2650962772), (8, 803928115, 4235915232), (9, 1836624101, 2438028099), (10, 1961012791, 4246056383), (11, 95390213, 1559188526)]
check,round=9,k=262144,g=128,candidate=tile8,phase=reset,comparison=b_vs_oracle,words=1048576,mismatched_words=0,actual_checksum=603e59446e81431f,expected_checksum=603e59446e81431f,first=[]
check,round=9,k=262144,g=128,candidate=tile8,phase=reset,comparison=a_vs_b,words=1048576,mismatched_words=684,actual_checksum=327b5b848581b440,expected_checksum=603e59446e81431f,first=[(4, 3248907674, 305558089), (5, 2947629328, 1402516150), (6, 1978882553, 4228143729), (7, 3343033727, 2650962772), (8, 803928115, 4235915232), (9, 1836624101, 2438028099), (10, 1961012791, 4246056383), (11, 95390213, 1559188526)]
check,round=9,k=262144,g=128,candidate=tile8,phase=transformed,comparison=a_vs_oracle,words=1048576,mismatched_words=1824,actual_checksum=35c805cb20afb67a,expected_checksum=99960c282a7f4ca5,first=[(4, 305558089, 3248907674), (5, 1402516150, 2947629328), (6, 4228143729, 1978882553), (7, 2650962772, 3343033727), (8, 4235915232, 803928115), (9, 2438028099, 1836624101), (10, 4246056383, 1961012791), (11, 1559188526, 95390213)]
check,round=9,k=262144,g=128,candidate=tile8,phase=transformed,comparison=b_vs_oracle,words=1048576,mismatched_words=0,actual_checksum=99960c282a7f4ca5,expected_checksum=99960c282a7f4ca5,first=[]
check,round=9,k=262144,g=128,candidate=tile8,phase=transformed,comparison=a_vs_b,words=1048576,mismatched_words=1824,actual_checksum=35c805cb20afb67a,expected_checksum=99960c282a7f4ca5,first=[(4, 305558089, 3248907674), (5, 1402516150, 2947629328), (6, 4228143729, 1978882553), (7, 2650962772, 3343033727), (8, 4235915232, 803928115), (9, 2438028099, 1836624101), (10, 4246056383, 1961012791), (11, 1559188526, 95390213)]
check,round=10,k=65536,g=512,candidate=none,phase=source,comparison=a_vs_oracle,words=1048576,mismatched_words=224,actual_checksum=05c2090e1d05bb58,expected_checksum=84d06402da633040,first=[(3136, 986876542, 2676377973), (3137, 405965232, 2209383937), (3138, 1771113330, 4251785369), (3139, 1460833965, 2445075302), (3140, 3840941680, 3084162126), (3141, 15978511, 2398460640), (3142, 615752630, 2291729076), (3143, 1215050068, 2973043891)]
check,round=10,k=65536,g=512,candidate=none,phase=source,comparison=b_vs_oracle,words=1048576,mismatched_words=0,actual_checksum=84d06402da633040,expected_checksum=84d06402da633040,first=[]
check,round=10,k=65536,g=512,candidate=none,phase=source,comparison=a_vs_b,words=1048576,mismatched_words=224,actual_checksum=05c2090e1d05bb58,expected_checksum=84d06402da633040,first=[(3136, 986876542, 2676377973), (3137, 405965232, 2209383937), (3138, 1771113330, 4251785369), (3139, 1460833965, 2445075302), (3140, 3840941680, 3084162126), (3141, 15978511, 2398460640), (3142, 615752630, 2291729076), (3143, 1215050068, 2973043891)]
check,round=10,k=65536,g=512,candidate=vec4,phase=reset,comparison=a_vs_oracle,words=1048576,mismatched_words=0,actual_checksum=84d06402da633040,expected_checksum=84d06402da633040,first=[]
check,round=10,k=65536,g=512,candidate=vec4,phase=reset,comparison=b_vs_oracle,words=1048576,mismatched_words=0,actual_checksum=84d06402da633040,expected_checksum=84d06402da633040,first=[]
check,round=10,k=65536,g=512,candidate=vec4,phase=reset,comparison=a_vs_b,words=1048576,mismatched_words=0,actual_checksum=84d06402da633040,expected_checksum=84d06402da633040,first=[]
check,round=10,k=65536,g=512,candidate=vec4,phase=transformed,comparison=a_vs_oracle,words=1048576,mismatched_words=484,actual_checksum=553e6151cd0be1c9,expected_checksum=29115d73667dee45,first=[(256, 2715919132, 3633230629), (257, 634344061, 3551043152), (258, 1066541597, 3426562625), (259, 31867221, 617728027), (260, 4032574419, 2810607794), (261, 3001774272, 2056360890), (262, 1116785049, 1412959977), (263, 802901320, 3913647995)]
check,round=10,k=65536,g=512,candidate=vec4,phase=transformed,comparison=b_vs_oracle,words=1048576,mismatched_words=0,actual_checksum=29115d73667dee45,expected_checksum=29115d73667dee45,first=[]
check,round=10,k=65536,g=512,candidate=vec4,phase=transformed,comparison=a_vs_b,words=1048576,mismatched_words=484,actual_checksum=553e6151cd0be1c9,expected_checksum=29115d73667dee45,first=[(256, 2715919132, 3633230629), (257, 634344061, 3551043152), (258, 1066541597, 3426562625), (259, 31867221, 617728027), (260, 4032574419, 2810607794), (261, 3001774272, 2056360890), (262, 1116785049, 1412959977), (263, 802901320, 3913647995)]
check,round=10,k=65536,g=512,candidate=fused2,phase=reset,comparison=a_vs_oracle,words=1048576,mismatched_words=1028,actual_checksum=88a01fbf7e7fe153,expected_checksum=84d06402da633040,first=[(96, 3861230457, 1689067505), (97, 1495126236, 758699864), (98, 2210532031, 3450493585), (99, 2418341205, 1509885005), (100, 3745779794, 2544494134), (101, 4102135893, 3330343841), (102, 3521602064, 945769403), (103, 2299192450, 4095747791)]
check,round=10,k=65536,g=512,candidate=fused2,phase=reset,comparison=b_vs_oracle,words=1048576,mismatched_words=0,actual_checksum=84d06402da633040,expected_checksum=84d06402da633040,first=[]
check,round=10,k=65536,g=512,candidate=fused2,phase=reset,comparison=a_vs_b,words=1048576,mismatched_words=1028,actual_checksum=88a01fbf7e7fe153,expected_checksum=84d06402da633040,first=[(96, 3861230457, 1689067505), (97, 1495126236, 758699864), (98, 2210532031, 3450493585), (99, 2418341205, 1509885005), (100, 3745779794, 2544494134), (101, 4102135893, 3330343841), (102, 3521602064, 945769403), (103, 2299192450, 4095747791)]
check,round=10,k=65536,g=512,candidate=fused2,phase=transformed,comparison=a_vs_oracle,words=1048576,mismatched_words=736,actual_checksum=0ba1524b509a6ef3,expected_checksum=29115d73667dee45,first=[(32, 4214506062, 2187022967), (33, 483050992, 3937208797), (34, 3404209802, 960958166), (35, 3994974422, 3408523672), (36, 26321620, 1447815605), (37, 2360098321, 1154932075), (38, 1722642278, 1879418902), (39, 2742587910, 1709594677)]
check,round=10,k=65536,g=512,candidate=fused2,phase=transformed,comparison=b_vs_oracle,words=1048576,mismatched_words=0,actual_checksum=29115d73667dee45,expected_checksum=29115d73667dee45,first=[]
check,round=10,k=65536,g=512,candidate=fused2,phase=transformed,comparison=a_vs_b,words=1048576,mismatched_words=736,actual_checksum=0ba1524b509a6ef3,expected_checksum=29115d73667dee45,first=[(32, 4214506062, 2187022967), (33, 483050992, 3937208797), (34, 3404209802, 960958166), (35, 3994974422, 3408523672), (36, 26321620, 1447815605), (37, 2360098321, 1154932075), (38, 1722642278, 1879418902), (39, 2742587910, 1709594677)]
check,round=10,k=65536,g=512,candidate=tile8,phase=reset,comparison=a_vs_oracle,words=1048576,mismatched_words=668,actual_checksum=a9b500e2a9f9aa25,expected_checksum=84d06402da633040,first=[(128, 2907899188, 3560707341), (129, 1934203406, 2234406435), (130, 1090992970, 2997365526), (131, 1806378973, 1318891155), (132, 3846213333, 2996487604), (133, 1741735832, 2947163362), (134, 2606561577, 2381594201), (135, 2336405941, 1306293126)]
check,round=10,k=65536,g=512,candidate=tile8,phase=reset,comparison=b_vs_oracle,words=1048576,mismatched_words=0,actual_checksum=84d06402da633040,expected_checksum=84d06402da633040,first=[]
check,round=10,k=65536,g=512,candidate=tile8,phase=reset,comparison=a_vs_b,words=1048576,mismatched_words=668,actual_checksum=a9b500e2a9f9aa25,expected_checksum=84d06402da633040,first=[(128, 2907899188, 3560707341), (129, 1934203406, 2234406435), (130, 1090992970, 2997365526), (131, 1806378973, 1318891155), (132, 3846213333, 2996487604), (133, 1741735832, 2947163362), (134, 2606561577, 2381594201), (135, 2336405941, 1306293126)]
check,round=10,k=65536,g=512,candidate=tile8,phase=transformed,comparison=a_vs_oracle,words=1048576,mismatched_words=544,actual_checksum=a74b548b04ae1a74,expected_checksum=29115d73667dee45,first=[(1024, 277014134, 1777202767), (1025, 3318483536, 866895485), (1026, 3561171571, 669792815), (1027, 2427407445, 3046688027), (1028, 1570752551, 172327750), (1029, 938751786, 4287550544), (1030, 2469714914, 2241600658), (1031, 22767366, 3351620917)]
check,round=10,k=65536,g=512,candidate=tile8,phase=transformed,comparison=b_vs_oracle,words=1048576,mismatched_words=0,actual_checksum=29115d73667dee45,expected_checksum=29115d73667dee45,first=[]
check,round=10,k=65536,g=512,candidate=tile8,phase=transformed,comparison=a_vs_b,words=1048576,mismatched_words=544,actual_checksum=a74b548b04ae1a74,expected_checksum=29115d73667dee45,first=[(1024, 277014134, 1777202767), (1025, 3318483536, 866895485), (1026, 3561171571, 669792815), (1027, 2427407445, 3046688027), (1028, 1570752551, 172327750), (1029, 938751786, 4287550544), (1030, 2469714914, 2241600658), (1031, 22767366, 3351620917)]
check,round=10,k=262144,g=128,candidate=none,phase=source,comparison=a_vs_oracle,words=1048576,mismatched_words=0,actual_checksum=603e59446e81431f,expected_checksum=603e59446e81431f,first=[]
check,round=10,k=262144,g=128,candidate=none,phase=source,comparison=b_vs_oracle,words=1048576,mismatched_words=0,actual_checksum=603e59446e81431f,expected_checksum=603e59446e81431f,first=[]
check,round=10,k=262144,g=128,candidate=none,phase=source,comparison=a_vs_b,words=1048576,mismatched_words=0,actual_checksum=603e59446e81431f,expected_checksum=603e59446e81431f,first=[]
check,round=10,k=262144,g=128,candidate=vec4,phase=reset,comparison=a_vs_oracle,words=1048576,mismatched_words=0,actual_checksum=603e59446e81431f,expected_checksum=603e59446e81431f,first=[]
check,round=10,k=262144,g=128,candidate=vec4,phase=reset,comparison=b_vs_oracle,words=1048576,mismatched_words=0,actual_checksum=603e59446e81431f,expected_checksum=603e59446e81431f,first=[]
check,round=10,k=262144,g=128,candidate=vec4,phase=reset,comparison=a_vs_b,words=1048576,mismatched_words=0,actual_checksum=603e59446e81431f,expected_checksum=603e59446e81431f,first=[]
check,round=10,k=262144,g=128,candidate=vec4,phase=transformed,comparison=a_vs_oracle,words=1048576,mismatched_words=480,actual_checksum=151b518b590d79ab,expected_checksum=99960c282a7f4ca5,first=[(32, 527003732, 3438897031), (33, 488567877, 3778480099), (34, 2974843982, 950503366), (35, 2600173794, 3283836617), (36, 3054569393, 1759384191), (37, 1242231938, 4171579863), (38, 2278385455, 1131330200), (39, 1312474587, 327409734)]
check,round=10,k=262144,g=128,candidate=vec4,phase=transformed,comparison=b_vs_oracle,words=1048576,mismatched_words=0,actual_checksum=99960c282a7f4ca5,expected_checksum=99960c282a7f4ca5,first=[]
check,round=10,k=262144,g=128,candidate=vec4,phase=transformed,comparison=a_vs_b,words=1048576,mismatched_words=480,actual_checksum=151b518b590d79ab,expected_checksum=99960c282a7f4ca5,first=[(32, 527003732, 3438897031), (33, 488567877, 3778480099), (34, 2974843982, 950503366), (35, 2600173794, 3283836617), (36, 3054569393, 1759384191), (37, 1242231938, 4171579863), (38, 2278385455, 1131330200), (39, 1312474587, 327409734)]
check,round=10,k=262144,g=128,candidate=fused2,phase=reset,comparison=a_vs_oracle,words=1048576,mismatched_words=256,actual_checksum=65914c633dc96dfc,expected_checksum=603e59446e81431f,first=[(672, 1363946032, 3439059995), (673, 1430406805, 3210959047), (674, 2945311741, 1526828474), (675, 1840974468, 1013572801), (676, 3235264737, 516510617), (677, 4270422916, 2750894404), (678, 4006345848, 1914781899), (679, 3117559706, 490321719)]
check,round=10,k=262144,g=128,candidate=fused2,phase=reset,comparison=b_vs_oracle,words=1048576,mismatched_words=0,actual_checksum=603e59446e81431f,expected_checksum=603e59446e81431f,first=[]
check,round=10,k=262144,g=128,candidate=fused2,phase=reset,comparison=a_vs_b,words=1048576,mismatched_words=256,actual_checksum=65914c633dc96dfc,expected_checksum=603e59446e81431f,first=[(672, 1363946032, 3439059995), (673, 1430406805, 3210959047), (674, 2945311741, 1526828474), (675, 1840974468, 1013572801), (676, 3235264737, 516510617), (677, 4270422916, 2750894404), (678, 4006345848, 1914781899), (679, 3117559706, 490321719)]
check,round=10,k=262144,g=128,candidate=fused2,phase=transformed,comparison=a_vs_oracle,words=1048576,mismatched_words=448,actual_checksum=ee543c338a822179,expected_checksum=99960c282a7f4ca5,first=[(32, 527003732, 3438897031), (33, 488567877, 3778480099), (34, 2974843982, 950503366), (35, 2600173794, 3283836617), (36, 3054569393, 1759384191), (37, 1242231938, 4171579863), (38, 2278385455, 1131330200), (39, 1312474587, 327409734)]
check,round=10,k=262144,g=128,candidate=fused2,phase=transformed,comparison=b_vs_oracle,words=1048576,mismatched_words=0,actual_checksum=99960c282a7f4ca5,expected_checksum=99960c282a7f4ca5,first=[]
check,round=10,k=262144,g=128,candidate=fused2,phase=transformed,comparison=a_vs_b,words=1048576,mismatched_words=448,actual_checksum=ee543c338a822179,expected_checksum=99960c282a7f4ca5,first=[(32, 527003732, 3438897031), (33, 488567877, 3778480099), (34, 2974843982, 950503366), (35, 2600173794, 3283836617), (36, 3054569393, 1759384191), (37, 1242231938, 4171579863), (38, 2278385455, 1131330200), (39, 1312474587, 327409734)]
check,round=10,k=262144,g=128,candidate=tile8,phase=reset,comparison=a_vs_oracle,words=1048576,mismatched_words=792,actual_checksum=7d2f12e90259fd9b,expected_checksum=603e59446e81431f,first=[(32, 3438897031, 527003732), (33, 3778480099, 488567877), (34, 950503366, 2974843982), (35, 3283836617, 2600173794), (36, 1759384191, 3054569393), (37, 4171579863, 1242231938), (38, 1131330200, 2278385455), (39, 327409734, 1312474587)]
check,round=10,k=262144,g=128,candidate=tile8,phase=reset,comparison=b_vs_oracle,words=1048576,mismatched_words=0,actual_checksum=603e59446e81431f,expected_checksum=603e59446e81431f,first=[]
check,round=10,k=262144,g=128,candidate=tile8,phase=reset,comparison=a_vs_b,words=1048576,mismatched_words=792,actual_checksum=7d2f12e90259fd9b,expected_checksum=603e59446e81431f,first=[(32, 3438897031, 527003732), (33, 3778480099, 488567877), (34, 950503366, 2974843982), (35, 3283836617, 2600173794), (36, 1759384191, 3054569393), (37, 4171579863, 1242231938), (38, 1131330200, 2278385455), (39, 327409734, 1312474587)]
check,round=10,k=262144,g=128,candidate=tile8,phase=transformed,comparison=a_vs_oracle,words=1048576,mismatched_words=308,actual_checksum=d07b17bfb5325b66,expected_checksum=99960c282a7f4ca5,first=[(128, 3091188820, 1806687111), (129, 1998126414, 2335248104), (130, 2123377622, 4150732894), (131, 112202307, 1609616488), (132, 2616621023, 3798982161), (133, 4105836153, 739486247), (134, 2027472163, 1941681932), (135, 1877882557, 2921103745)]
check,round=10,k=262144,g=128,candidate=tile8,phase=transformed,comparison=b_vs_oracle,words=1048576,mismatched_words=0,actual_checksum=99960c282a7f4ca5,expected_checksum=99960c282a7f4ca5,first=[]
check,round=10,k=262144,g=128,candidate=tile8,phase=transformed,comparison=a_vs_b,words=1048576,mismatched_words=308,actual_checksum=d07b17bfb5325b66,expected_checksum=99960c282a7f4ca5,first=[(128, 3091188820, 1806687111), (129, 1998126414, 2335248104), (130, 2123377622, 4150732894), (131, 112202307, 1609616488), (132, 2616621023, 3798982161), (133, 4105836153, 739486247), (134, 2027472163, 1941681932), (135, 1877882557, 2921103745)]
check,round=11,k=65536,g=512,candidate=none,phase=source,comparison=a_vs_oracle,words=1048576,mismatched_words=0,actual_checksum=84d06402da633040,expected_checksum=84d06402da633040,first=[]
check,round=11,k=65536,g=512,candidate=none,phase=source,comparison=b_vs_oracle,words=1048576,mismatched_words=0,actual_checksum=84d06402da633040,expected_checksum=84d06402da633040,first=[]
check,round=11,k=65536,g=512,candidate=none,phase=source,comparison=a_vs_b,words=1048576,mismatched_words=0,actual_checksum=84d06402da633040,expected_checksum=84d06402da633040,first=[]
check,round=11,k=65536,g=512,candidate=vec4,phase=reset,comparison=a_vs_oracle,words=1048576,mismatched_words=0,actual_checksum=84d06402da633040,expected_checksum=84d06402da633040,first=[]
check,round=11,k=65536,g=512,candidate=vec4,phase=reset,comparison=b_vs_oracle,words=1048576,mismatched_words=0,actual_checksum=84d06402da633040,expected_checksum=84d06402da633040,first=[]
check,round=11,k=65536,g=512,candidate=vec4,phase=reset,comparison=a_vs_b,words=1048576,mismatched_words=0,actual_checksum=84d06402da633040,expected_checksum=84d06402da633040,first=[]
check,round=11,k=65536,g=512,candidate=vec4,phase=transformed,comparison=a_vs_oracle,words=1048576,mismatched_words=304,actual_checksum=6430660aad2561e0,expected_checksum=29115d73667dee45,first=[(16, 2037238345, 186992), (17, 3300245819, 852626710), (18, 4005654834, 493773166), (19, 3691870561, 4181389359), (20, 386760401, 1087845808), (21, 2721535482, 1783477888), (22, 1502479998, 1327939854), (23, 2976960798, 2012093229)]
check,round=11,k=65536,g=512,candidate=vec4,phase=transformed,comparison=b_vs_oracle,words=1048576,mismatched_words=0,actual_checksum=29115d73667dee45,expected_checksum=29115d73667dee45,first=[]
check,round=11,k=65536,g=512,candidate=vec4,phase=transformed,comparison=a_vs_b,words=1048576,mismatched_words=304,actual_checksum=6430660aad2561e0,expected_checksum=29115d73667dee45,first=[(16, 2037238345, 186992), (17, 3300245819, 852626710), (18, 4005654834, 493773166), (19, 3691870561, 4181389359), (20, 386760401, 1087845808), (21, 2721535482, 1783477888), (22, 1502479998, 1327939854), (23, 2976960798, 2012093229)]
check,round=11,k=65536,g=512,candidate=fused2,phase=reset,comparison=a_vs_oracle,words=1048576,mismatched_words=496,actual_checksum=2e4650972eca44f2,expected_checksum=84d06402da633040,first=[(16, 186992, 2037238345), (17, 852626710, 3300245819), (18, 493773166, 4005654834), (19, 4181389359, 3691870561), (20, 1087845808, 386760401), (21, 1783477888, 2721535482), (22, 1327939854, 1502479998), (23, 2012093229, 2976960798)]
check,round=11,k=65536,g=512,candidate=fused2,phase=reset,comparison=b_vs_oracle,words=1048576,mismatched_words=0,actual_checksum=84d06402da633040,expected_checksum=84d06402da633040,first=[]
check,round=11,k=65536,g=512,candidate=fused2,phase=reset,comparison=a_vs_b,words=1048576,mismatched_words=496,actual_checksum=2e4650972eca44f2,expected_checksum=84d06402da633040,first=[(16, 186992, 2037238345), (17, 852626710, 3300245819), (18, 493773166, 4005654834), (19, 4181389359, 3691870561), (20, 1087845808, 386760401), (21, 1783477888, 2721535482), (22, 1327939854, 1502479998), (23, 2012093229, 2976960798)]
check,round=11,k=65536,g=512,candidate=fused2,phase=transformed,comparison=a_vs_oracle,words=1048576,mismatched_words=2160,actual_checksum=10d65a89a64c81e1,expected_checksum=29115d73667dee45,first=[(32, 4214506062, 2187022967), (33, 483050992, 3937208797), (34, 3404209802, 960958166), (35, 3994974422, 3408523672), (36, 26321620, 1447815605), (37, 2360098321, 1154932075), (38, 1722642278, 1879418902), (39, 2742587910, 1709594677)]
check,round=11,k=65536,g=512,candidate=fused2,phase=transformed,comparison=b_vs_oracle,words=1048576,mismatched_words=0,actual_checksum=29115d73667dee45,expected_checksum=29115d73667dee45,first=[]
check,round=11,k=65536,g=512,candidate=fused2,phase=transformed,comparison=a_vs_b,words=1048576,mismatched_words=2160,actual_checksum=10d65a89a64c81e1,expected_checksum=29115d73667dee45,first=[(32, 4214506062, 2187022967), (33, 483050992, 3937208797), (34, 3404209802, 960958166), (35, 3994974422, 3408523672), (36, 26321620, 1447815605), (37, 2360098321, 1154932075), (38, 1722642278, 1879418902), (39, 2742587910, 1709594677)]
check,round=11,k=65536,g=512,candidate=tile8,phase=reset,comparison=a_vs_oracle,words=1048576,mismatched_words=32,actual_checksum=e74d24562277b137,expected_checksum=84d06402da633040,first=[(1792, 1738289197, 3400810393), (1793, 3534093505, 3852476026), (1794, 3397427647, 730498285), (1795, 139653732, 435434918), (1796, 2513794059, 2002254534), (1797, 1372929409, 2313201377), (1798, 986296531, 983943071), (1799, 2527658490, 3365580852)]
check,round=11,k=65536,g=512,candidate=tile8,phase=reset,comparison=b_vs_oracle,words=1048576,mismatched_words=0,actual_checksum=84d06402da633040,expected_checksum=84d06402da633040,first=[]
check,round=11,k=65536,g=512,candidate=tile8,phase=reset,comparison=a_vs_b,words=1048576,mismatched_words=32,actual_checksum=e74d24562277b137,expected_checksum=84d06402da633040,first=[(1792, 1738289197, 3400810393), (1793, 3534093505, 3852476026), (1794, 3397427647, 730498285), (1795, 139653732, 435434918), (1796, 2513794059, 2002254534), (1797, 1372929409, 2313201377), (1798, 986296531, 983943071), (1799, 2527658490, 3365580852)]
check,round=11,k=65536,g=512,candidate=tile8,phase=transformed,comparison=a_vs_oracle,words=1048576,mismatched_words=352,actual_checksum=74beb7081fce31cd,expected_checksum=29115d73667dee45,first=[(32, 4214506062, 2187022967), (33, 483050992, 3937208797), (34, 3404209802, 960958166), (35, 3994974422, 3408523672), (36, 26321620, 1447815605), (37, 2360098321, 1154932075), (38, 1722642278, 1879418902), (39, 2742587910, 1709594677)]
check,round=11,k=65536,g=512,candidate=tile8,phase=transformed,comparison=b_vs_oracle,words=1048576,mismatched_words=0,actual_checksum=29115d73667dee45,expected_checksum=29115d73667dee45,first=[]
check,round=11,k=65536,g=512,candidate=tile8,phase=transformed,comparison=a_vs_b,words=1048576,mismatched_words=352,actual_checksum=74beb7081fce31cd,expected_checksum=29115d73667dee45,first=[(32, 4214506062, 2187022967), (33, 483050992, 3937208797), (34, 3404209802, 960958166), (35, 3994974422, 3408523672), (36, 26321620, 1447815605), (37, 2360098321, 1154932075), (38, 1722642278, 1879418902), (39, 2742587910, 1709594677)]
check,round=11,k=262144,g=128,candidate=none,phase=source,comparison=a_vs_oracle,words=1048576,mismatched_words=0,actual_checksum=603e59446e81431f,expected_checksum=603e59446e81431f,first=[]
check,round=11,k=262144,g=128,candidate=none,phase=source,comparison=b_vs_oracle,words=1048576,mismatched_words=0,actual_checksum=603e59446e81431f,expected_checksum=603e59446e81431f,first=[]
check,round=11,k=262144,g=128,candidate=none,phase=source,comparison=a_vs_b,words=1048576,mismatched_words=0,actual_checksum=603e59446e81431f,expected_checksum=603e59446e81431f,first=[]
check,round=11,k=262144,g=128,candidate=vec4,phase=reset,comparison=a_vs_oracle,words=1048576,mismatched_words=0,actual_checksum=603e59446e81431f,expected_checksum=603e59446e81431f,first=[]
check,round=11,k=262144,g=128,candidate=vec4,phase=reset,comparison=b_vs_oracle,words=1048576,mismatched_words=0,actual_checksum=603e59446e81431f,expected_checksum=603e59446e81431f,first=[]
check,round=11,k=262144,g=128,candidate=vec4,phase=reset,comparison=a_vs_b,words=1048576,mismatched_words=0,actual_checksum=603e59446e81431f,expected_checksum=603e59446e81431f,first=[]
check,round=11,k=262144,g=128,candidate=vec4,phase=transformed,comparison=a_vs_oracle,words=1048576,mismatched_words=288,actual_checksum=2886e083ed3cf423,expected_checksum=99960c282a7f4ca5,first=[(320, 1180851325, 3481028898), (321, 2958207979, 2371709902), (322, 1087936252, 615759964), (323, 316719135, 3417681408), (324, 1451722926, 2143027032), (325, 1439790983, 172953968), (326, 521464055, 3830304064), (327, 3275978674, 3780744690)]
check,round=11,k=262144,g=128,candidate=vec4,phase=transformed,comparison=b_vs_oracle,words=1048576,mismatched_words=0,actual_checksum=99960c282a7f4ca5,expected_checksum=99960c282a7f4ca5,first=[]
check,round=11,k=262144,g=128,candidate=vec4,phase=transformed,comparison=a_vs_b,words=1048576,mismatched_words=288,actual_checksum=2886e083ed3cf423,expected_checksum=99960c282a7f4ca5,first=[(320, 1180851325, 3481028898), (321, 2958207979, 2371709902), (322, 1087936252, 615759964), (323, 316719135, 3417681408), (324, 1451722926, 2143027032), (325, 1439790983, 172953968), (326, 521464055, 3830304064), (327, 3275978674, 3780744690)]
check,round=11,k=262144,g=128,candidate=fused2,phase=reset,comparison=a_vs_oracle,words=1048576,mismatched_words=576,actual_checksum=05fe3576c98c40b4,expected_checksum=603e59446e81431f,first=[(96, 3497745545, 2439979363), (97, 3333295868, 3710649218), (98, 3913295300, 4140943532), (99, 1390588984, 927057550), (100, 1487416259, 4254083462), (101, 3890004043, 3971100438), (102, 2238081921, 2202520702), (103, 1255907018, 600707674)]
check,round=11,k=262144,g=128,candidate=fused2,phase=reset,comparison=b_vs_oracle,words=1048576,mismatched_words=0,actual_checksum=603e59446e81431f,expected_checksum=603e59446e81431f,first=[]
check,round=11,k=262144,g=128,candidate=fused2,phase=reset,comparison=a_vs_b,words=1048576,mismatched_words=576,actual_checksum=05fe3576c98c40b4,expected_checksum=603e59446e81431f,first=[(96, 3497745545, 2439979363), (97, 3333295868, 3710649218), (98, 3913295300, 4140943532), (99, 1390588984, 927057550), (100, 1487416259, 4254083462), (101, 3890004043, 3971100438), (102, 2238081921, 2202520702), (103, 1255907018, 600707674)]
check,round=11,k=262144,g=128,candidate=fused2,phase=transformed,comparison=a_vs_oracle,words=1048576,mismatched_words=448,actual_checksum=869a646cc6adab69,expected_checksum=99960c282a7f4ca5,first=[(64, 2381126253, 1585253822), (65, 4206168733, 110950715), (66, 657877678, 2931910950), (67, 2786602111, 4284019284), (68, 3513002804, 2637124803), (69, 3562186645, 2169957400), (70, 2494087013, 3329068082), (71, 3956246055, 2325024551)]
check,round=11,k=262144,g=128,candidate=fused2,phase=transformed,comparison=b_vs_oracle,words=1048576,mismatched_words=0,actual_checksum=99960c282a7f4ca5,expected_checksum=99960c282a7f4ca5,first=[]
check,round=11,k=262144,g=128,candidate=fused2,phase=transformed,comparison=a_vs_b,words=1048576,mismatched_words=448,actual_checksum=869a646cc6adab69,expected_checksum=99960c282a7f4ca5,first=[(64, 2381126253, 1585253822), (65, 4206168733, 110950715), (66, 657877678, 2931910950), (67, 2786602111, 4284019284), (68, 3513002804, 2637124803), (69, 3562186645, 2169957400), (70, 2494087013, 3329068082), (71, 3956246055, 2325024551)]
check,round=11,k=262144,g=128,candidate=tile8,phase=reset,comparison=a_vs_oracle,words=1048576,mismatched_words=512,actual_checksum=062b238f5c4695aa,expected_checksum=603e59446e81431f,first=[(160, 4068702254, 2252723197), (161, 760752973, 3145191904), (162, 771913205, 1748359653), (163, 1998606539, 2989169729), (164, 681295001, 3855206032), (165, 3189690557, 2121182141), (166, 3844150681, 3358758929), (167, 903388240, 4247667881)]
check,round=11,k=262144,g=128,candidate=tile8,phase=reset,comparison=b_vs_oracle,words=1048576,mismatched_words=0,actual_checksum=603e59446e81431f,expected_checksum=603e59446e81431f,first=[]
check,round=11,k=262144,g=128,candidate=tile8,phase=reset,comparison=a_vs_b,words=1048576,mismatched_words=512,actual_checksum=062b238f5c4695aa,expected_checksum=603e59446e81431f,first=[(160, 4068702254, 2252723197), (161, 760752973, 3145191904), (162, 771913205, 1748359653), (163, 1998606539, 2989169729), (164, 681295001, 3855206032), (165, 3189690557, 2121182141), (166, 3844150681, 3358758929), (167, 903388240, 4247667881)]
check,round=11,k=262144,g=128,candidate=tile8,phase=transformed,comparison=a_vs_oracle,words=1048576,mismatched_words=672,actual_checksum=36c22318ae48de8b,expected_checksum=99960c282a7f4ca5,first=[(320, 1180851325, 3481028898), (321, 2958207979, 2371709902), (322, 1087936252, 615759964), (323, 316719135, 3417681408), (324, 1451722926, 2143027032), (325, 1439790983, 172953968), (326, 521464055, 3830304064), (327, 3275978674, 3780744690)]
check,round=11,k=262144,g=128,candidate=tile8,phase=transformed,comparison=b_vs_oracle,words=1048576,mismatched_words=0,actual_checksum=99960c282a7f4ca5,expected_checksum=99960c282a7f4ca5,first=[]
check,round=11,k=262144,g=128,candidate=tile8,phase=transformed,comparison=a_vs_b,words=1048576,mismatched_words=672,actual_checksum=36c22318ae48de8b,expected_checksum=99960c282a7f4ca5,first=[(320, 1180851325, 3481028898), (321, 2958207979, 2371709902), (322, 1087936252, 615759964), (323, 316719135, 3417681408), (324, 1451722926, 2143027032), (325, 1439790983, 172953968), (326, 521464055, 3830304064), (327, 3275978674, 3780744690)]
diagnostic_status=complete,failed_comparisons=144,performance_claim=none
