index,actual_u32,expected_u32
0,2037321785,3549435859
1,4133997613,4230607782
2,4088336476,2314666888
3,624396622,1497423403
4,1473923937,3248907674
5,3363496826,2947629328
6,380159856,1978882553
7,3332295219,3343033727
8,3838582335,803928115
9,2255649530,1836624101
10,3968242668,1961012791
11,3785006769,95390213
12,4224718199,1190110721
13,3601838280,4157881814
14,912438003,2109110721
15,1738587981,3813544006
16,186992,1332836932
17,852626710,1728086360
18,493773166,2455561069
19,4181389359,3357133525
20,1087845808,2521835184
21,1783477888,3259732371
22,1327939854,3209469007
23,2012093229,3026726797
24,636996712,351476177
25,1395583221,2397652117
26,1211232845,1762476712
27,3111470929,3931923076
28,577936478,3009804307
29,1322643682,2157206048
30,3924875334,1910220488
31,2918467194,2773888361
32,2187022967,3438897031
33,3937208797,3778480099
34,960958166,950503366
35,3408523672,3283836617
36,1447815605,1759384191
37,1154932075,4171579863
38,1879418902,1131330200
39,1709594677,327409734
40,1928677349,4130862492
41,2604193473,403327518
42,3187044369,2021520890
43,226055307,513279483
44,3672950943,754827892
45,1008608608,47320461
46,4009328153,789711804
47,3867012612,2731683150
48,2924374765,620069607
49,23893988,25968339
50,3785071532,1284875000
51,3475245499,3784379709
52,2356844786,3793414913
53,871522112,1344799548
54,2069236461,1505413243
55,4218751720,369142785
56,523032700,2441862880
57,4216781,2695025323
58,1569169585,2752394704
59,2611698521,875861450
60,3904922649,3870722540
61,1814425912,3337180937
62,2454822681,1829249197
63,2549028800,1252732995
64,2042425030,1585253822
65,1760543348,110950715
66,2223001252,2931910950
67,667257294,4284019284
68,1232884912,2637124803
69,3198983653,2169957400
70,2400536269,3329068082
71,3729936459,2325024551
72,523515558,3630300604
73,2784489622,488096951
74,658944484,1437309079
75,3727909497,4053013163
76,4261376935,3549028247
77,1660474914,3876732650
78,2141842876,3106602797
79,30923475,1059759370
80,3532250099,3380090552
81,3608030728,3191938703
82,1261161103,797358247
83,2101102066,3939940654
84,1171102035,1256688527
85,706201120,3377528516
86,2292598377,126526848
87,1292078556,879431613
88,2881119104,2901123228
89,512236741,3354513632
90,3204905965,1079536854
91,1863717328,4120104151
92,145010566,2714734639
93,936379564,713121930
94,3757473486,3566492546
95,366571001,2741156464
96,3861230457,3497745545
97,1495126236,3333295868
98,2210532031,3913295300
99,2418341205,1390588984
100,3745779794,1487416259
101,4102135893,3890004043
102,3521602064,2238081921
103,2299192450,1255907018
104,1724057519,1106419944
105,3236590132,2820336127
106,1530534178,1368071885
107,466940045,2013682532
108,1030184847,2680715289
109,72109124,2309562364
110,894819942,3767504951
111,1571978346,1134974739
112,3019647148,1040350600
113,3957311704,1205596017
114,1247606522,2089787147
115,1157123035,1656336188
116,4259491418,2191321979
117,2904486798,3783464130
118,512642329,3766074543
119,848156527,711646329
120,2221807807,3485580944
121,2822945635,4201353657
122,452606580,2210547575
123,3945136494,2931072705
124,1248938379,1597575175
125,188947787,3657440763
126,1973645054,3999085988
127,401144512,1440459728
128,2907899188,1806687111
129,1934203406,2335248104
130,1090992970,4150732894
131,1806378973,1609616488
132,3846213333,3798982161
133,1741735832,739486247
134,2606561577,1941681932
135,2336405941,2921103745
136,1392150127,433369702
137,1155238388,2090762474
138,2303161286,1022444491
139,2161085305,2240616559
140,1169352329,4014554281
141,890932536,3545456679
142,4077540262,1437347340
143,2527538233,3721724282
144,3128264125,771535822
145,1384528732,3407933324
146,676578538,217159780
147,1226521901,3227383002
148,4184851506,2347454295
149,1020861446,2721715383
150,4100171498,4114356417
151,2540335125,2997123507
152,4101974145,70887277
153,1016006390,710410215
154,1449440030,1623577458
155,3236262077,2413050567
156,2964201284,489597388
157,462584327,3405706535
158,3464805806,2669280842
159,2132506614,3134007906
160,2535971385,4068702254
161,3766045993,760752973
162,4066193703,771913205
163,3678836859,1998606539
164,24541119,681295001
165,1069547423,3189690557
166,3385034905,3844150681
167,2731436753,903388240
168,2635849339,3298352320
169,1011707697,1058462528
170,2764831588,1806403231
171,2940584023,1953828675
172,4272575984,2728749293
173,915796154,4171311377
174,2564582299,1844420048
175,2689542348,1424985530
176,2023759038,2901284155
177,499893637,2808152575
178,3390156856,1821042768
179,2127497299,27189904
180,1734463889,3367180173
181,4146608184,3793663788
182,4123477455,2879293297
183,2997601648,358859753
184,2326900274,108490283
185,1367441577,2650604978
186,1392942083,2485139959
187,2421240896,4039942008
188,1844742828,18947554
189,1754262396,1899288876
190,702812172,2822023332
191,3613227582,2569466036
192,65690861,2686135118
193,1183629846,1797502743
194,117687121,2783602455
195,2454863941,3356918259
196,2433425512,3173939785
197,1439500171,1049300026
198,1388298165,3196064828
199,207679281,1023315423
200,559823282,4173860500
201,728324678,3661934905
202,68341910,3222623752
203,2651311446,811077410
204,2450189952,4278101736
205,881566925,1851116761
206,1112980548,773742846
207,772842443,2721836606
208,1958239730,3733643048
209,2680319057,681324159
210,2605485013,119570966
211,1291056910,4213931335
212,1884810983,3665029358
213,1021463650,1252069497
214,3634949237,2104394222
215,1642328614,120717223
216,3946873685,4195783563
217,2657191616,614142136
218,2038686236,2534034494
219,3184295804,254905464
220,1985948621,326788172
221,4160653726,2710224149
222,4284876280,858039841
223,3304741012,1543139313
224,105066130,3321282271
225,297448474,1468509929
226,2684561222,3909166916
227,1503339347,1892808624
228,2212161739,1328249372
229,113185514,762687272
230,2024158203,2324467552
231,1710792311,2003884240
232,2969495788,2921089113
233,3515391421,3321364882
234,2245314786,2089700759
235,2245547590,312612393
236,1829431310,4070085891
237,829239659,3878168319
238,2135114667,2634110852
239,4059246128,1237320700
240,349884408,2362693184
241,3919103018,896402669
242,3533858852,1267211412
243,1802656023,1263381433
244,709201631,3048715876
245,3898229008,739896569
246,2944021676,559825786
247,3558329147,3474951074
248,2204569059,1185345555
249,967888206,2352960609
250,591049986,2967183416
251,3334682159,1598326934
252,2698396588,1110779918
253,2094860381,27781396
254,1728974966,1814560150
255,84991030,3778805724
256,3633230629,83038002
257,3551043152,3350907576
258,3426562625,1130183694
259,617728027,2135769696
260,2810607794,869735122
261,2056360890,3240845332
262,1412959977,136275584
263,3913647995,2100135943
264,1827913326,2052839139
265,2096106961,275866272
266,3557326324,3096111858
267,2909050319,1599068952
268,3295686145,1541832237
269,4156405241,273748924
270,1632901752,1995956047
271,2708866517,785465792
272,2161148022,2150066713
273,2334067513,3253463499
274,628874917,646456290
275,2336583602,2088378776
276,4040466827,2974408741
277,4166749401,619566819
278,2984111897,1477363355
279,2347231686,2606839893
280,2906474377,2153441861
281,3158362255,2136390988
282,259931847,3071430483
283,3698452500,569529807
284,3473935629,2187421551
285,411599093,2132202761
286,441627518,323181970
287,3415734624,1725242538
288,588711147,4012283941
289,2999623918,3093749940
290,1010131749,3933864716
291,2590042797,3915453985
292,1637101527,1344910774
293,1773732320,3044514265
294,2032238946,2413806879
295,1756453220,2566900353
296,807595498,75310368
297,3731685253,3153583308
298,1913886251,1302455195
299,436747840,1267062066
300,2781226144,3508763875
301,1259377961,1767322684
302,1862707091,1976469844
303,3311916873,946814950
304,3980721573,4240632108
305,754777981,2634023487
306,3514030196,900874012
307,3856442378,945897652
308,1525041188,3796643907
309,4021468021,3972542017
310,2740233339,3373212385
311,3433049430,2268175688
312,3898323891,3318486983
313,1537083397,2712559613
314,3376565258,543723637
315,2561327371,2124611974
316,3522422926,153485544
317,816685343,3998739157
318,357460056,1923426611
319,3504704314,669482162
320,3164174654,3481028898
321,3831557313,2371709902
322,3337533341,615759964
323,331279859,3417681408
324,236827795,2143027032
325,2843644500,172953968
326,498193934,3830304064
327,3379606390,3780744690
328,1021150169,3500917625
329,410670282,2958185595
330,243567323,2708761525
331,1680540596,2891541300
332,2414719706,1986076082
333,258682401,4013530233
334,1061705142,1248630370
335,2318362217,3434609778
336,104181542,577504668
337,3388469006,4179970707
338,3067123109,1586976680
339,686331255,941866681
340,1921737428,2467271871
341,3303823932,1385220627
342,3134472393,830697658
343,1801604175,2904027504
344,2140936826,2802667987
345,1723311731,2882657864
346,3712509615,2466930372
347,3793756737,3263489805
348,728129493,902118924
349,4077747451,3533313742
350,3470025970,2553299727
351,185253687,2590805959
352,3344430663,1289491873
353,176053128,56754229
354,3773324015,804565351
355,2634819989,2195307755
356,535704778,1359502024
357,4153677393,276794336
358,3734999870,3246167873
359,3018910978,554127339
360,1682947946,2260427678
361,3891552731,3016886714
362,304722876,2923637192
363,2946110451,2754855637
364,1365550369,3623088991
365,2111578081,2593175027
366,975724241,167571300
367,264151848,370444524
368,1744166946,2983449911
369,2781378202,2782871853
370,3363242487,4070718928
371,561467315,370445532
372,3634902419,3350559052
373,492661086,2063953218
374,3198737861,50693268
375,118867693,3246192319
376,1187977257,1836674406
377,478622540,1516514444
378,2805401947,558738870
379,2241134837,195026603
380,2499671088,2490071592
381,1695006893,2666459231
382,1062726308,1547908493
383,2187493125,1688442484
384,438329702,1336266538
385,3617187424,1046377802
386,2179459722,3995003665
387,3932425969,1558611791
388,486112940,1112459106
389,1454375034,3472591955
390,2169638789,1363660427
391,3573232980,3125387968
392,4167853052,241408938
393,4134070101,3754574081
394,3133436052,1789883508
395,2920002847,1538788
396,3450802219,140099275
397,3672545342,3482902635
398,902481166,2703809921
399,3222095067,3918313837
400,1618240502,2732351318
401,1833986963,266859117
402,1684360130,3304029624
403,1857078476,1079339668
404,3003548888,4012392865
405,271259606,77486031
406,686569854,43896700
407,1471577471,3576711781
408,2602827539,3166981786
409,2096907027,2549454385
410,1733653212,2202481064
411,3906755899,3409076529
412,203070534,3645905729
413,2916876911,2637340157
414,2679070791,522587611
415,122718996,222122037
416,2953208411,2568998377
417,4125799389,1962502840
418,3518562485,1818659727
419,3293893666,535926148
420,2227687946,478063181
421,2924676201,4024087574
422,353772486,2455584762
423,4240434513,2179907659
424,44920379,2036904437
425,1109485646,2240998814
426,2319148186,3691606094
427,866299406,2988040334
428,2852715231,913057599
429,523980470,3824701754
430,2874871232,3526614901
431,2525920913,2457360635
432,3268695940,2212878967
433,1287291222,768598626
434,2392435934,3791298243
435,3678673599,4134952338
436,1516830838,111261447
437,915953125,946383815
438,3099170071,2400973999
439,3380425562,3225674088
440,2380193521,924378040
441,2518313937,1183922159
442,3076844097,1844452601
443,1874277815,2744021518
444,2838738903,3811048049
445,653147731,2438159589
446,3315726049,2738860482
447,2496184511,4126978913
448,3588746068,4070772216
449,958569810,4036283062
450,999680726,1367733431
451,1596088209,226428158
452,2396965593,2740321846
453,2805850747,2398437279
454,1965258626,165652636
455,1639216907,1699121594
456,100234369,2568363508
457,1178691477,264152224
458,1020111692,3195269013
459,3173620830,3013928181
460,1524726511,1365648284
461,3257443857,933809110
462,196559332,4103179103
463,2466100225,2059091426
464,2116725387,3968810205
465,1140865526,1770501047
466,619042121,1641190831
467,1474033551,1602940828
468,208298074,2715518589
469,1279331626,4087189527
470,3513450712,1920289752
471,2675659872,3133861311
472,1259535867,2835953756
473,2166317581,1314723069
474,3330302178,1956286748
475,2568286252,4053355072
476,3846113060,1811733364
477,3198893289,3805693085
478,4294475314,1660667487
479,4160127885,1546994599
480,2840302341,394670611
481,3191901328,3913508049
482,1435087961,1056555421
483,55975640,3750116856
484,3508710750,144260983
485,363646042,3247362380
486,148800361,1867304831
487,3469355312,583651822
488,4133614598,250515555
489,3570097846,1085365330
490,1554376248,207491119
491,3962591017,86603586
492,1014336547,1561060993
493,868544955,446766060
494,327888642,38561602
495,3137458903,1512595984
496,58633791,3324545796
497,27101443,1044673696
498,2802555645,2866132424
499,1591626295,2449196094
500,1686429339,14347140
501,363849520,3907186545
502,3229344020,345910039
503,931059768,3999850185
504,1665953412,1130098101
505,1024434314,3813083811
506,3939370149,1082007274
507,1628209288,4156618843
508,3533895878,3001910859
509,989183355,1186466937
510,638181654,2715218850
511,1598991459,2347958803
512,3521972093,796813536
513,1364287612,2921407473
514,3599041715,3250035998
515,3027806458,1889322644
516,2375070057,3472231475
517,3959835223,3783072491
518,2363205329,103490715
519,4164854001,901172519
520,2821868225,2695836381
521,3425260788,2556593479
522,809718351,3515491682
523,458847754,837013969
524,2258482182,2420924736
525,867233032,2431222066
526,3962485248,3107830773
527,1455051095,3324020308
528,1600805762,2615912513
529,2539135087,849090864
530,4192514405,2264038477
531,2530014881,3859588848
532,184715021,3010118904
533,662852988,2504233282
534,3364986538,169868311
535,2479931912,1177665017
536,4188110784,4080059910
537,494635372,2516454462
538,3868317607,3678742082
539,1355705141,2384881924
540,683162049,3505331809
541,3749826081,1464326640
542,787889507,591951436
543,3256815630,2646470924
544,2091686819,2164221667
545,348718511,3896848050
546,3152219569,4294592283
547,2432521211,1412886135
548,1791490554,906919176
549,719754182,3427744319
550,3948666537,1242642651
551,2170055470,3427247518
552,192957232,276117612
553,1580139043,1482987984
554,1930207190,2692838303
555,4264811021,1353205798
556,724905524,2085421724
557,1351532781,1606647539
558,2599923748,868079965
559,4069772797,2589040598
560,2449850024,3766970879
561,2680497216,3131665219
562,1391068454,1877562563
563,1536642081,3948140827
564,4034236456,2129247420
565,208048912,1723668579
566,513506898,1938968027
567,1534187962,2131700015
568,1754503865,2710814662
569,1666341947,453610131
570,846209649,1629751422
571,4059903150,3848058123
572,3128114266,2916339091
573,1660569190,1482240963
574,1826946269,3121411763
575,2627438882,3213500190
576,3360554741,3700312569
577,2248131260,2744977153
578,3366449512,1826222431
579,3889672077,213204198
580,1457968478,311611083
581,99040376,574285486
582,2942428364,2735481593
583,3976039216,3442555728
584,4008647261,3013627670
585,3107138927,4061697239
586,1330300704,4039284310
587,3799470615,3809013010
588,243496877,2555434417
589,1856640342,3727699074
590,2887297430,2946509586
591,2624361827,4068864019
592,512969878,1143056865
593,2536986070,1386978447
594,3426273552,108523090
595,1984876605,2349310476
596,627959097,883192366
597,2694558300,3873178782
598,215711668,2947612825
599,110365282,2079231560
600,2094610510,3665347093
601,566911334,2239390216
602,3509871925,3998995509
603,4023358588,259716411
604,3041083740,2954020192
605,1887261416,4285044447
606,2653405432,1540554950
607,2703658852,1118861635
608,1998560183,1317866255
609,156109283,310313945
610,3325277850,2995716539
611,2901767082,95507463
612,1384542122,2273893232
613,1897882227,3421539
614,930666427,1436210127
615,2625343228,4085625854
616,1496022510,2100865555
617,3829559813,1730493422
618,3931268996,3410748290
619,1928605301,1346698239
620,275007720,1433164337
621,3059322580,459846052
622,2011885493,2799359562
623,1771507163,2121195555
624,4206267354,3126634983
625,1383471548,3278607543
626,3111907996,2388174185
627,573190152,3293366899
628,3779805629,1192145749
629,2800223587,3186566919
630,1858272865,2029165440
631,282466854,1540572769
632,2714029583,402534779
633,950236077,3958770675
634,2349457414,2072488023
635,2972088386,1596779825
636,3152997877,2216760207
637,2891949437,1816441927
638,1190463909,2739473665
639,536515301,3754222293
640,64100652,3027440597
641,1577096119,389202673
642,3267159052,2733927847
643,2576623954,3344161511
644,2339538605,2307975989
645,2941134014,171321486
646,283376402,735472829
647,2679117458,779504701
648,824253507,2421328976
649,1200084983,4207246140
650,307511339,3791187021
651,3497839971,1918336213
652,1942075627,3022870531
653,3745753637,4203463989
654,3941383142,3347685443
655,3482902766,2209778147
656,2701030784,3086978149
657,2810582599,2282939612
658,3432405216,1168694680
659,4139859845,2640683061
660,4144960701,3002992737
661,2794418257,229647000
662,1479276147,898100041
663,4199884065,3577432318
664,2161402233,2319450893
665,2475927428,3458016701
666,185193109,1073524200
667,439758136,3799966152
668,767106288,2096636038
669,3401869187,1710441138
670,2159065017,3104147552
671,1589399514,154665188
672,2673188569,1363946032
673,3176905566,1430406805
674,2352207494,2945311741
675,714003223,1840974468
676,3982829377,3235264737
677,2015974247,4270422916
678,452383461,4006345848
679,3588768944,3117559706
680,1924885487,3100973099
681,3876980108,1641991587
682,3545587135,3040133974
683,1689434126,2258414297
684,1172265783,3554868305
685,2038718731,24893125
686,1091174649,264907156
687,598814227,367596008
688,1464825523,515356179
689,2326791583,3871467273
690,3396842334,2654333241
691,3214002000,1095356080
692,1745557837,1976965900
693,1869948764,1615841975
694,3091632371,3124076891
695,557874751,3452308692
696,4269188860,4061908662
697,2140096168,4066648400
698,2082188709,3213710487
699,1011754802,3068689688
700,3987437478,1647630507
701,3902879529,3709420379
702,113930603,1530488226
703,1409390104,2251215588
704,3923344618,2953396182
705,248489672,1770336719
706,3100484515,942306353
707,2608953887,2736882567
708,748343230,1232949273
709,3637220360,2361275750
710,3809666189,138993039
711,1340109516,1826601491
712,1988333584,2706521188
713,2494814288,1023880811
714,411852300,3247334350
715,4211041002,3003319189
716,3269926619,471512041
717,112305893,110194074
718,2144265651,1332033899
719,3428996591,3779953839
720,3036174954,1993045962
721,1226699696,511001011
722,437946533,2116823250
723,718252386,2650061929
724,596858099,864142399
725,1756307157,1807881788
726,3855259279,162911614
727,1417579842,3495154323
728,1057454729,3653030348
729,3666896610,858485198
730,533067076,4282480551
731,2362022834,3876196573
732,1213139405,3734075705
733,2276021174,3346144674
734,371682937,470149089
735,2263761453,3217777725
736,791359506,1682466754
737,1812186182,2125619418
738,2246757987,1737361486
739,1493094000,1987377837
740,2803979240,2840366687
741,652131718,677982620
742,3702432529,3305922705
743,291269015,1792206814
744,297153440,1514286037
745,797528161,4163374441
746,3039504067,3375326411
747,4019644794,2473907216
748,1703916774,1835984478
749,4050948239,2232069900
750,265119389,3447957593
751,3234624850,2844940221
752,2911858259,3803947441
753,1222697041,1194628119
754,3384258212,1668663116
755,2953126453,2820242114
756,2620557972,2379609235
757,1634592932,1538665264
758,1398396312,1155329880
759,1421266125,4291296163
760,684351770,2601848873
761,4190863022,454408321
762,1438663041,750526179
763,3824787545,1130693427
764,699375520,410277083
765,2435162925,3472934956
766,2369921069,379668206
767,3787158862,4059014096
768,3234055284,2941638273
769,2985169426,2772071459
770,102830916,2624740988
771,2910432608,537592290
772,2187968586,3918432344
773,4135285306,674699098
774,2679356068,2438624436
775,4094596151,643821842
776,4152658195,1044967668
777,2994573888,714767167
778,109566234,3662189025
779,1228414664,3337514683
780,382094520,1381015347
781,896876816,2003641064
782,934738139,3040421232
783,4245716269,2742737627
784,1690496739,2924052632
785,449634284,1426274581
786,2803036660,1980858533
787,3702366498,2258990919
788,2041805222,2410967001
789,3329355333,1269207358
790,2359247033,2846007870
791,4118941021,1095140684
792,823598697,598906114
793,2307962756,1397710059
794,1936686772,2728292546
795,193965544,4232500897
796,946375889,3615280618
797,396737832,2532637642
798,2686273576,943349388
799,705812516,244779097
800,1467853709,3412811933
801,2743282667,1214969601
802,423311892,3352384708
803,2974359592,1149103712
804,1019296590,82355493
805,1857431002,432909667
806,3953863516,542306611
807,1457351612,2967564073
808,2398640969,963416558
809,934676897,3245444230
810,650645216,3972508214
811,3315052586,699250742
812,1104139651,1923173101
813,3565350844,610542963
814,2815445958,3112744918
815,2075348690,1094069647
816,137646251,1725381793
817,3322889947,2838027264
818,4099016593,3887607764
819,548390369,2853765205
820,3663901928,2931323517
821,318873719,3188179654
822,3336908272,2377850057
823,137926653,711667928
824,1109420382,1825224861
825,2927252923,1090104145
826,2103819389,3353707160
827,2544195592,2170655011
828,2821491994,3074031676
829,141945469,276991970
830,309857504,1856177405
831,1868867410,3383287683
832,2187958430,779617139
833,2654602307,3973643128
834,150169690,2236077763
835,3673902694,2356062348
836,3586992221,1491566880
837,1745926142,2964946273
838,2735102377,2109165451
839,1851456432,478859432
840,347113446,3448114727
841,2378497472,2216683718
842,1575119678,1508220133
843,3263740,2773512953
844,207902027,124380825
845,1600369549,1289860036
846,189982596,699981704
847,2750138101,2071008044
848,1073610257,2095754751
849,2278318030,67007477
850,2324079444,2106987413
851,2204993634,1132028039
852,2119957266,4273339564
853,638503502,1697373116
854,397002829,3587622610
855,4205812925,2895940308
856,775896065,2075225723
857,4266681118,2579140036
858,3024657127,3360641381
859,1167131853,1847585492
860,3290062697,2152735693
861,1896884946,17955577
862,4244655639,4153835038
863,1821924022,853664948
864,2716237152,1087058338
865,2801992421,4178786685
866,749201418,1504057859
867,3850296313,3324041584
868,4265442265,1007909045
869,2038963258,867948503
870,1004750493,1633910167
871,891891621,3571631391
872,191725227,947813482
873,867291671,161199603
874,932571950,2610472513
875,3573392534,1699282121
876,1837482113,412330475
877,1730462507,3631290556
878,393891307,2545566959
879,2250724232,1004446972
880,1199352995,536383799
881,2415664951,3054537944
882,2403720826,1458584765
883,2782528479,2106668494
884,1368633583,566968877
885,3594921512,2018909098
886,1122419273,3745759579
887,3478801630,1249292047
888,1593325694,1287412329
889,1728922661,970075057
890,1052377025,3894577539
891,695874369,2604930122
892,2371272136,1826232133
893,119375711,3899042780
894,1227991076,2663096082
895,4204253694,1181523582
896,1389791305,220182026
897,4163034470,2148529989
898,3527923841,2718592758
899,61499754,357563036
900,2657536777,2760002520
901,2818496970,1390320036
902,3828568713,3164697457
903,1109689016,3408681174
904,2618203041,3798198965
905,2687049628,2039849167
906,4169207889,2080958249
907,2346778516,2102598847
908,374638141,607740616
909,1426050036,74234360
910,497204148,4180540017
911,274187550,2317144384
912,2762790317,848728274
913,4248059521,4044927508
914,643849619,202536601
915,2543273018,451905753
916,2635550194,2818173329
917,3784295270,3283819124
918,629341559,3192687566
919,1067985985,3382630100
920,2116172657,3694549031
921,281869623,4049912958
922,1646332610,1418535403
923,743703742,3870756819
924,884066623,852933362
925,3209941364,1419349750
926,1792756362,3450402549
927,1925931695,3182548622
928,1776542797,1505511436
929,3089338872,3339299346
930,2307025462,3141137879
931,1549648596,904508886
932,1692478007,813806483
933,1968879204,3632909738
934,1364382287,3332594612
935,1753075586,392439454
936,3761311684,3586389110
937,4176743200,3269549008
938,1268173544,3674131645
939,3418092077,1850002473
940,171905682,3660618399
941,3855217188,3842038766
942,2855199650,835845840
943,3171518831,3480535925
944,1631724688,1852034407
945,2681665912,3995858560
946,1606613380,2408341853
947,515720797,2002768206
948,2023821734,1306485810
949,136995180,2323113822
950,3305090703,2770312720
951,350524696,2372606654
952,1321013595,1685486994
953,2119623952,3544802928
954,4234295594,258224083
955,3550721449,3646904604
956,130949986,429046256
957,3085063379,2604616294
958,1383139215,1007016127
959,580585263,1700601334
960,1826889856,50780055
961,4135504826,3883873997
962,3459914750,896816606
963,636892892,1177980185
964,2257923594,1714416420
965,1239124896,4063229601
966,761096471,2474756956
967,2407984168,4155104009
968,310075401,871685097
969,2973079988,3116128781
970,1113591317,1833012499
971,938702660,3231428386
972,2053153513,696114644
973,2844461847,3391455831
974,3587728131,931443552
975,4004877375,2633273620
976,3063758438,4251518027
977,997142286,1642159579
978,257853801,18417206
979,269159504,438636025
980,1101506192,901608191
981,466254186,3887677134
982,3355799609,3430105406
983,2790130744,785297812
984,3220167900,3536355925
985,3405488678,2462720404
986,1767412313,165779432
987,425883088,1485686438
988,2899548604,968828319
989,594198414,2090453049
990,3891527075,4131886134
991,2428363136,2632686742
992,195965280,971205621
993,2110301057,3340883675
994,1588485373,1118031078
995,856128197,1558003289
996,1470704042,2688119399
997,555109476,1087340285
998,4224564489,1291954133
999,3254508767,1184652840
1000,4134296591,3326564963
1001,3227377113,2356064294
1002,121554282,388104051
1003,770621123,826206612
1004,3168983256,2882058161
1005,416075684,451407086
1006,2788812856,137475379
1007,4243198279,3966666104
1008,1832475526,255479721
1009,2407443682,2670122254
1010,112915443,4116827757
1011,1079201201,1496125275
1012,357191971,4013833105
1013,2997734420,567146839
1014,1858501091,1108185764
1015,2662558430,4218698632
1016,2398271082,328961883
1017,3754742997,745214467
1018,4020017598,2336356310
1019,3922172555,47631467
1020,1212682176,2746775133
1021,2142586904,50568292
1022,7490339,1634443331
1023,1809316520,3105526962
1024,1777202767,966850985
1025,866895485,4096562819
1026,669792815,3110369885
1027,3046688027,4091013130
1028,172327750,3986930408
1029,4287550544,3307210103
1030,2241600658,1952346544
1031,3351620917,4151163908
1032,1040561284,2968332506
1033,2587584782,2872714753
1034,339772131,280252028
1035,2273377613,3054230241
1036,2634758777,3611901392
1037,2999487547,4003197065
1038,3401059868,2178515276
1039,2751897473,2415619892
1040,3771465077,1994876074
1041,1942440487,3560922099
1042,3405712294,3613765171
1043,1525682691,920392482
1044,1320916283,1432240660
1045,3212938645,1049436122
1046,1214135052,867450177
1047,1757441779,932490927
1048,3336156156,3208424571
1049,3832495695,2093546850
1050,2004691996,267720400
1051,2368104707,147277991
1052,1086523648,1687453173
1053,494938065,2390729824
1054,909862636,612416057
1055,104839295,1261959322
1056,939508082,1412222589
1057,904738266,1904351500
1058,4187075153,1725139965
1059,883245628,3794281803
1060,11732461,1653291286
1061,1641818282,2962654082
1062,2112504590,2084081105
1063,2230886571,3721525520
1064,2371654525,3725179999
1065,4183072868,3653712734
1066,3327840200,3945817352
1067,1809023801,364105408
1068,1830908547,1058888202
1069,760697947,534140068
1070,1012310293,2098560677
1071,3875197135,2331463525
1072,393312268,1065179618
1073,913072820,476785538
1074,4251798153,1517401839
1075,3551810167,4179654553
1076,1722372042,852229010
1077,2773820450,4203361422
1078,1006501258,1064237795
1079,231934508,3866080698
1080,4265685127,957136004
1081,3529910607,2098270858
1082,4273446888,3075463274
1083,2753147117,3289741099
1084,3532612623,234411191
1085,4292737544,4205436672
1086,1393005190,3900590884
1087,2344044429,37858953
1088,485321698,3363498454
1089,2210338410,1028394422
1090,1329511603,598272683
1091,2377812999,3780063093
1092,1534738778,1491779667
1093,2037388978,485794883
1094,258672449,2280427485
1095,2682323072,3572743702
1096,1104851064,2650676765
1097,3982674386,2576331107
1098,1061334078,2615095538
1099,846099164,3320351826
1100,2055476230,3318248478
1101,4170295428,2721179355
1102,2108196548,1135869038
1103,3279306748,3153751121
1104,2303943002,4257132119
1105,1248997158,654251981
1106,4249613645,1155296270
1107,4288709436,3806649504
1108,388624191,2865909071
1109,1930252632,2348827314
1110,4259415211,245257145
1111,1675935793,1506486381
1112,2276533696,247863937
1113,3257400516,2136855818
1114,2320703867,2053245300
1115,570097381,1390284434
1116,3135921974,4232773397
1117,3499102640,3601454817
1118,2255053955,1657117627
1119,4124274207,3890282274
1120,324788653,81156149
1121,2191570266,901997693
1122,360469695,1892807611
1123,1653903882,2591042024
1124,3932218976,1916270523
1125,591346678,349891259
1126,1282581270,2016960989
1127,438144222,4101800028
1128,3678747325,2561050940
1129,4266013236,2040828540
1130,940927156,2525468329
1131,897049749,3993113728
1132,4114689159,2793181909
1133,3404019983,2967678982
1134,3579384397,177272215
1135,352973157,2422337350
1136,1557543866,3134905111
1137,4018666282,3601937067
1138,213178427,3965809145
1139,1640861602,2308450838
1140,3607974014,2908092428
1141,3713495327,1490703846
1142,1575328773,1588921973
1143,583806423,822145096
1144,1235571692,1667294784
1145,2563564032,2327046932
1146,2500913286,234033020
1147,2282617926,4018902834
1148,3340883716,1404981060
1149,1172575588,3498495887
1150,777400000,663899572
1151,2588228583,2864426598
1152,3335999905,1646884153
1153,2962202064,3711966398
1154,629290250,69323125
1155,122411003,2632026546
1156,3408243969,1963786560
1157,2922641955,1904742802
1158,4287209880,83321263
1159,3168947429,4036774926
1160,1521245466,799449536
1161,4041328189,2286247407
1162,3437643758,1559047795
1163,2271951235,3712315042
1164,3946716270,1293249130
1165,1053478615,3948089990
1166,2232661695,2842777319
1167,2336343293,4128444689
1168,248434419,1594585155
1169,889743899,291639426
1170,824824318,1027432027
1171,1775540949,1211683104
1172,2873538002,1317572013
1173,3261443756,3097314387
1174,2175974388,317892440
1175,256262866,2234060500
1176,613436124,1946207392
1177,2494585625,4262113194
1178,1706404592,3557355765
1179,3449000485,2295368254
1180,1161483278,3749125365
1181,3906494899,2715677345
1182,2032143172,4004671941
1183,1902009184,2983899520
1184,4072409002,3318059040
1185,996585294,2415186880
1186,1064048937,2753034694
1187,895846061,1053662833
1188,868018901,3904468688
1189,1915070822,167881153
1190,640177826,3624623613
1191,3011255132,3307217095
1192,854059447,244702699
1193,905749951,271845535
1194,2284435034,3050545548
1195,1656196171,4255805149
1196,4108984148,2966853550
1197,1461214804,642756959
1198,3331127197,3705869517
1199,1469059042,1898419696
1200,1767700990,1081459730
1201,973806383,3859346761
1202,1957962904,3969157689
1203,4107062763,3349221072
1204,3275944243,1767965791
1205,838807457,1957877226
1206,1432867108,4026523469
1207,1193530917,2530794886
1208,2164945430,1224882477
1209,642933746,3402914302
1210,799984228,2090637419
1211,715396021,497056707
1212,2995657820,14188130
1213,1370570526,3985835240
1214,3154789079,751177615
1215,2118895391,1271184276
1216,3136312533,1252299341
1217,3175035104,3309738331
1218,1061204817,3688087501
1219,209354564,694383320
1220,835260205,3935759241
1221,364396635,3407732538
1222,2882993858,1873694631
1223,4124974181,1829072330
1224,4228271820,1034097821
1225,2384810051,3106143141
1226,2710137077,212871502
1227,510024062,983850434
1228,2088208538,2939680849
1229,569723688,1468266927
1230,2593252192,1048032116
1231,2035004382,3409164408
1232,1406052435,2492977911
1233,1582689553,3085547507
1234,2634031530,2749724792
1235,3213921072,2443558829
1236,1882019115,2026262226
1237,2340640143,2459344348
1238,3345639382,1686803466
1239,4186743262,4151455471
1240,3680352165,2677747306
1241,3633123153,2962520929
1242,1434808226,3237009213
1243,4133167322,2566151414
1244,3661960890,3785560905
1245,1793012883,4202964780
1246,99566613,2991758236
1247,1088407235,3305900684
1248,3946187411,776712107
1249,1726712705,744664308
1250,3840911820,1182667082
1251,722601415,246775617
1252,519098962,2763480484
1253,2481492463,2944188037
1254,3144880549,757881011
1255,4055662022,1635196526
1256,3197426244,1901995255
1257,2656394730,231955703
1258,2296964318,2952558065
1259,438219271,151711568
1260,1201189160,3114681815
1261,1712236342,1385117305
1262,4025480706,1011468153
1263,886598709,2423930986
1264,4189243721,1866245030
1265,3018627460,2454445634
1266,995964074,3657349859
1267,617575310,3673779186
1268,2640579825,1750201783
1269,2210296588,2315314756
1270,4129646979,1338870048
1271,967943465,601308372
1272,2944726979,631764229
1273,518873309,3152029766
1274,3961892198,1677611378
1275,1755411938,2480469722
1276,2243939180,148508222
1277,3869037989,1788918960
1278,4179705233,3689334603
1279,217917912,1660649292
1280,1757090578,2811744091
1281,1374919102,2448198853
1282,2051887964,250721055
1283,3572617903,719037846
1284,976026205,886559161
1285,159782190,317870057
1286,2941626207,988221358
1287,1819744896,3108431559
1288,1808596851,3801048241
1289,1887324450,3442553885
1290,2450580591,2649676100
1291,1563764481,2651406023
1292,3279554187,1634640766
1293,4140813470,354813502
1294,3839716656,1775514894
1295,1712486445,29742132
1296,1666534260,2991364171
1297,2370724681,167310793
1298,1707808922,4286190409
1299,3721602358,528405952
1300,2546108428,3478965000
1301,514721485,2441208534
1302,277804854,381023067
1303,56774722,3003523508
1304,1680648727,1585386660
1305,3702023840,563253489
1306,3757956446,35499991
1307,4002660821,1258655908
1308,1133279905,2235825416
1309,1474274669,2796719961
1310,3443052116,476269141
1311,1253482893,3490957537
1312,758897786,230411694
1313,2149733152,4123574921
1314,2189489763,1588272357
1315,366465253,2613308862
1316,380364544,625230762
1317,590452357,186381170
1318,768012501,3687100616
1319,2287537755,4134490854
1320,2614454482,3204726965
1321,4012459285,3578633404
1322,922442960,3181368817
1323,4048502368,2736462401
1324,3336933633,1966888925
1325,3967084291,121016318
1326,1644385897,267237338
1327,285225934,2613297521
1328,3581749832,3949189050
1329,1991661586,2735681904
1330,188522440,3775098848
1331,2155849450,320477823
1332,3774434267,2978762575
1333,4190874714,886299869
1334,72738106,2789422169
1335,2796409123,3653694365
1336,2378060679,1083381736
1337,3189546080,1873730879
1338,2676088744,891650139
1339,719667154,553319244
1340,788009725,3446195149
1341,3092459886,1999643109
1342,296572017,312194051
1343,3745912288,3882297294
1344,2009354997,3173705196
1345,1321929528,3547705799
1346,3660546350,3437301569
1347,1799409995,1277321573
1348,1549317663,3170633934
1349,435493138,2170491324
1350,3761736537,243048712
1351,986242327,3521145062
1352,204446178,4288159062
1353,493316875,2053556911
1354,4039643656,3311148534
1355,2745434828,2596089447
1356,1548744050,785643369
1357,4275921986,1474367926
1358,418685032,3475669245
1359,331687060,2040038279
1360,711739946,2050051706
1361,3322031230,742053669
1362,4063763128,2904016138
1363,3699581935,3814938097
1364,2804772240,3360316549
1365,1500672831,4169994344
1366,4121333269,176658472
1367,2833496263,3386800585
1368,547213434,306598271
1369,3368647507,3578950699
1370,332298434,3778830784
1371,1176273801,3448684290
1372,466935647,1173808618
1373,2278594368,2956378287
1374,841180764,1816232830
1375,2213669928,3655581769
1376,1519295352,3645522646
1377,3050974856,3003744670
1378,4049700653,3833200739
1379,4044143119,716208472
1380,2950712329,1337744355
1381,1783027737,1556834787
1382,2582755291,253047320
1383,1314556830,2207953107
1384,4194420042,707502992
1385,2545182686,2506627900
1386,1924851033,1475729243
1387,3962280049,1321663316
1388,2073758595,2382487634
1389,1200076854,4084519863
1390,2695179958,1229119990
1391,2869849583,3136897608
1392,3930780430,1253083458
1393,826690171,679769422
1394,4179859871,1670458712
1395,3356995191,2172372709
1396,2264089595,2280969652
1397,1057407773,3037280693
1398,197592399,3586508266
1399,2260504568,3262044566
1400,4281536377,3039455116
1401,1162896119,3265853249
1402,1759144048,1415025985
1403,2673551834,2030248446
1404,3059911082,260793580
1405,228653601,30177671
1406,1316927795,1365705177
1407,2991203967,2597541783
1408,3430476179,4220738443
1409,4162242550,2360085690
1410,1038804930,2857504455
1411,1128300075,2597976898
1412,3693229385,3894378833
1413,3420477836,511706155
1414,3672540516,3735555593
1415,1124730977,843150877
1416,1120077090,1690718861
1417,1854789169,2086870278
1418,1563958932,3887697415
1419,2210172353,425304667
1420,1385184419,3951959071
1421,4119507457,699460409
1422,3667050340,2922248978
1423,582042299,951698709
1424,2589603675,3908688391
1425,1251350883,2761107643
1426,3204287102,4043384665
1427,4194040135,1755830316
1428,1555570670,253359194
1429,3086744012,63389427
1430,3498158093,1732031263
1431,1435444077,3669646768
1432,2377754652,3214362540
1433,2952068193,3141496765
1434,1063276541,2413068281
1435,3848364786,88121964
1436,4007103437,2403282950
1437,3932858202,1321686969
1438,1857469274,573870465
1439,2187940148,2962872803
1440,1004867624,1881491991
1441,2783692760,4120842788
1442,2131067728,3970474217
1443,580089863,3993660115
1444,4293158670,3112074764
1445,330714892,2705813299
1446,2426660551,3632530691
1447,1662349242,1554869041
1448,313217451,1909667672
1449,1801433444,4030702660
1450,857506941,2454971903
1451,3523068724,862069673
1452,1526040793,3827501882
1453,2520086766,767900312
1454,473705274,3629745587
1455,2990527863,4112361796
1456,1633036023,2729912740
1457,345641555,3086141125
1458,2363194971,174603088
1459,2166199731,2907015153
1460,1188454566,142189832
1461,3533593895,2815416292
1462,1047299834,4217132765
1463,2025956803,1098780126
1464,3276119071,2416811828
1465,1745800188,1586157281
1466,2673048516,2391305610
1467,4116445681,3826577110
1468,3335914659,3489778469
1469,3457062850,3318148471
1470,2184048281,359147811
1471,3223649702,432300453
1472,3435428185,4225772504
1473,1040215406,770819637
1474,1176183736,3017472366
1475,1877631822,1914613173
1476,1408623471,2839787929
1477,479649987,275653249
1478,3511873540,1408465758
1479,1695859213,2945189714
1480,1475774535,1794110808
1481,1497058360,483610682
1482,657905830,2891006288
1483,2020520023,186347213
1484,1659169733,3564289396
1485,203076971,4166250458
1486,206110256,817188046
1487,1649412375,3165965144
1488,3253580855,1247171107
1489,2584125378,2187081578
1490,1981914269,2459947890
1491,4092712644,1992640074
1492,3960436816,1440158447
1493,1672102802,1189055594
1494,1356519870,1560309667
1495,1984861512,1316019449
1496,941563995,3183609121
1497,1586619505,1370302930
1498,568416958,1718968505
1499,1550148421,2250675336
1500,4055552803,2139251090
1501,3489808204,1169633546
1502,1788175257,3511826657
1503,438451626,1602497286
1504,781224822,4193659238
1505,3224683945,2810451563
1506,1220080841,2355494191
1507,2451440889,1270914351
1508,44087961,2906217435
1509,2877398112,1309501370
1510,2578963622,3182464551
1511,642161495,586365885
1512,1353464289,1479200068
1513,631125769,835452197
1514,2358489206,2206218322
1515,2839325240,365787383
1516,3003987109,3095509786
1517,2796180297,1941250443
1518,1956880424,654402409
1519,343060251,1726258495
1520,1564253893,3852619588
1521,309292887,622441793
1522,255582773,1703022521
1523,483527403,2865925603
1524,3966222764,1931400592
1525,2652584741,2621221254
1526,3598914778,679595264
1527,924439574,890861456
1528,3204008379,362472277
1529,1845635548,2013041165
1530,1275999296,1377131187
1531,3662172515,3509290066
1532,3706680177,2148132759
1533,1655180305,596665514
1534,107588868,3483588136
1535,1257220320,161912827
1536,481397500,811808544
1537,2418908523,2254737411
1538,1402829259,2566634513
1539,1747489977,4496909
1540,760132902,3544758543
1541,2259358387,1229872219
1542,2069698925,3664435737
1543,3597303797,2753489709
1544,2869359839,2237480095
1545,3325619249,2065134328
1546,2892667950,1011823580
1547,34298105,2628716038
1548,1268630035,1959641742
1549,2284102780,1594948800
1550,2312007433,1368607748
1551,3250769630,980013485
1552,2273350254,2132771693
1553,745408904,1631518292
1554,1185979335,1617954030
1555,3972166979,2102618008
1556,4012034742,1521616165
1557,2029936652,1489219054
1558,722007059,2192642417
1559,2228966422,3010676478
1560,627410042,4102261517
1561,683368303,967792252
1562,696600132,3212265036
1563,2835176098,2690867187
1564,1988785590,1286968976
1565,1068080296,849010115
1566,2343554166,1299424018
1567,906467750,456002778
1568,3839151793,3232007952
1569,3713586736,1486047571
1570,877136415,111083631
1571,2490754010,885061606
1572,702041213,2904357608
1573,715683478,2055051976
1574,2871931339,3988469018
1575,3489369920,3894288982
1576,2087311721,198607124
1577,2950661035,2776232238
1578,2868069310,4040420480
1579,2451094908,624356865
1580,861440839,3992353838
1581,1681863103,1812336631
1582,3273295835,317692011
1583,4023675723,3719535578
1584,3519985156,2586797904
1585,3871901155,2926500466
1586,954680825,3509894306
1587,3680089973,2461737394
1588,1532712046,3170968356
1589,185015333,3050839382
1590,4177183972,2015513487
1591,2896465463,455464934
1592,2435604550,670074222
1593,3115414612,3707143872
1594,1884047081,2315164215
1595,3937554049,229816843
1596,3475364144,595434588
1597,4101997841,2386350279
1598,2674477215,2426626165
1599,2032437218,1763342915
1600,50357450,3480139894
1601,4240262086,342817926
1602,3429932324,3023402585
1603,626666254,1161117670
1604,1732295027,1956046516
1605,2108869060,2688966676
1606,3049335713,3839758582
1607,2250063003,4275614038
1608,273139676,2183415419
1609,4282008514,1469006542
1610,1594446851,1158510981
1611,3299399207,2911387643
1612,333937457,1722946747
1613,1822788433,2693378953
1614,1681355638,1239664213
1615,3244768538,335980257
1616,4249470386,3174310839
1617,2047020781,286866902
1618,1611318082,3806279271
1619,875655443,2255051182
1620,1483775834,3153136823
1621,954509431,3599995140
1622,279563970,853223677
1623,121820474,2941305087
1624,3780297416,3847298287
1625,2558023661,526347945
1626,3258084175,2748107372
1627,1679970466,1789637292
1628,3908497561,1718139484
1629,3931944587,1430477677
1630,3979407725,4226968378
1631,2427991171,1681620592
1632,2925668549,322089110
1633,2217038456,3777630918
1634,3810716909,3441618079
1635,1767728626,2258230311
1636,2039195491,226723615
1637,2711616464,3513478223
1638,2187280610,548967934
1639,572886435,1928254301
1640,3785697547,3047310304
1641,3557360233,1176083695
1642,2093961515,3305931661
1643,1269117342,4208734035
1644,1598451189,744106536
1645,3454539177,1258080839
1646,620172007,2772185149
1647,333031410,1145812384
1648,1840992388,1095769367
1649,4073830769,480858542
1650,2046855758,3842889440
1651,40272554,2783893512
1652,2487672275,3796047240
1653,2960121741,2662919121
1654,945099266,4220767280
1655,3635871240,3231984250
1656,3918023635,448875751
1657,4273549034,1491803241
1658,3085199448,1470241434
1659,1728172239,2329627810
1660,4263237155,2422313282
1661,522288588,3950611622
1662,595875200,2269715408
1663,2410947162,576352489
1664,430490497,1959407304
1665,985960141,326499937
1666,3367113507,998805405
1667,3490774856,1696362144
1668,818581044,2231463052
1669,1082910962,3129450564
1670,2401464632,2674911075
1671,3246667514,334848738
1672,2888957879,3481778042
1673,3945635028,343249422
1674,1313939823,1622418324
1675,635600497,2082270999
1676,799082375,297153938
1677,3849184719,931650576
1678,1666256261,1286797394
1679,516952661,1689157710
1680,2523266201,837970991
1681,389006370,4068602004
1682,450202903,1592905085
1683,3314560300,2358609042
1684,3331091446,2366563486
1685,899895279,1648133712
1686,3616455104,2888374859
1687,375491323,1667728027
1688,3236025828,2024746943
1689,2985832842,910730099
1690,1324115886,1727831648
1691,2166428386,1395424248
1692,3437062364,782139470
1693,1495130079,745594789
1694,3190790956,3339249799
1695,3826093225,2568279275
1696,1894626908,1545703553
1697,49085615,2818667705
1698,844304499,1414850994
1699,1542870013,3845877091
1700,2696862745,3328179369
1701,478540135,9619916
1702,4152444499,1825031737
1703,908228406,336931609
1704,1616241108,1508105035
1705,1368322947,1944054734
1706,1881431036,1517027133
1707,2419027057,2483417755
1708,3381601921,962964219
1709,2260538862,191565862
1710,2753051182,1150514865
1711,3370703744,1659711987
1712,3496168848,1741744673
1713,2213756536,671750667
1714,1672855718,35830382
1715,2945237942,4169485305
1716,3367571755,157469093
1717,3105654981,1520332878
1718,679715879,107526821
1719,3706334884,918443355
1720,3202524507,2011097300
1721,2743058335,4064512886
1722,3305295609,3867956960
1723,124367479,3864820168
1724,365827684,840043246
1725,928858437,447847017
1726,1908437279,376011895
1727,2207675182,85430276
1728,602038951,669520001
1729,2573212412,2600234461
1730,3720686467,4290709950
1731,1847299321,3482327482
1732,4010853467,2141770312
1733,81800534,3655202744
1734,672617363,2188525965
1735,2395932289,2184384812
1736,2919047246,2640451471
1737,929591860,769691782
1738,485702339,3254362302
1739,247956950,1210930025
1740,836397032,924998886
1741,3654055451,3949655449
1742,3068694044,250110421
1743,1111551145,1485494076
1744,2257316228,2028325804
1745,2363072377,4086646756
1746,1508572322,911515728
1747,3383315517,3917536927
1748,3858569578,3235805914
1749,2631875138,4280458776
1750,159364777,819512680
1751,184010492,651164434
1752,3073360616,751392158
1753,2704166769,3374858947
1754,1892366641,4017622299
1755,3931064871,901272758
1756,1652482018,4130781855
1757,2312808259,231477133
1758,2070385306,192994291
1759,2946913792,254329356
1760,1327569751,209110055
1761,3845284658,1253803422
1762,2212136088,2063813594
1763,3128183484,1568169510
1764,1465497229,2371673695
1765,1351413609,3295778708
1766,1632932601,653194869
1767,2456986876,4230309573
1768,457553610,3256674180
1769,503881860,2204456626
1770,1226609800,533942027
1771,2855456910,2960168530
1772,4098784127,938901867
1773,1594972943,480887366
1774,4200638423,3099793142
1775,1037837274,2578105592
1776,3261187454,3497503049
1777,2734783289,2391664422
1778,10861642,2135882834
1779,1387813980,3092867632
1780,2135812197,3867975190
1781,2321809893,3699569297
1782,1095515625,3636653273
1783,417246385,778584277
1784,1683335349,245371002
1785,4180632212,2571473805
1786,3133205866,1303438583
1787,1255286108,1961599072
1788,3243109984,313766409
1789,3971732512,4205227632
1790,1372354783,3263136068
1791,69796148,2025067919
1792,1738289197,2819042084
1793,3534093505,3776069429
1794,3397427647,2020427183
1795,139653732,3418453411
1796,2513794059,3823021853
1797,1372929409,4053767267
1798,986296531,1634551978
1799,2527658490,3346398806
1800,1683311761,2357324852
1801,1965442098,2447483479
1802,162203298,281608386
1803,1183920573,721047018
1804,1953668142,2267109725
1805,3642668405,761218136
1806,4189210381,2136010994
1807,2602847012,1218349813
1808,1036300969,653131240
1809,3651742529,3007748416
1810,1693438209,1841006487
1811,1194881702,3026472787
1812,1694389264,2863005436
1813,1643931374,3124034657
1814,1226563518,2460031261
1815,1869406152,2178865756
1816,1713444290,2728291114
1817,3619128910,2425914935
1818,3367300049,2342184216
1819,3960653814,805854724
1820,694676864,3763262666
1821,1311210123,1613151617
1822,2411662384,1162743562
1823,2837339820,290367229
1824,108176448,2549298783
1825,229321373,3593303715
1826,2012177089,1742500159
1827,3981896794,3599195522
1828,728445620,203708006
1829,3935244650,1542616914
1830,485028443,3055519262
1831,1456599626,2639317872
1832,2072528582,265024233
1833,424104622,1129033314
1834,2437910471,3866710273
1835,1985784860,1199305357
1836,2553602963,329809905
1837,2358687664,2526833306
1838,376687232,1647036637
1839,2338086705,2101136869
1840,294074028,1730909428
1841,487288229,2736184302
1842,1732332218,1963973819
1843,2362678161,1569162519
1844,194595937,1856559057
1845,1622855691,4262163192
1846,1842218902,2597544082
1847,179220488,787097010
1848,1230247359,1333695693
1849,3079772558,554188286
1850,279142430,4031396357
1851,3904067470,1448276352
1852,3390571343,1262671708
1853,2218870935,612544136
1854,120338942,1528910337
1855,2187626263,1565006993
1856,1405915768,3470441248
1857,4059932057,2925529119
1858,3969532158,1125403246
1859,876578108,2170816258
1860,1469352304,4292216032
1861,300396429,3590943717
1862,1725549894,4139799615
1863,2975169854,1958644124
1864,3232037543,3958387962
1865,2717294271,1083132909
1866,906605135,2544197012
1867,139075471,3203379327
1868,1019252754,3206463765
1869,4137298195,2159412203
1870,3300526383,1503867470
1871,912971744,3266796251
1872,2911258291,2876713624
1873,3478296443,2326117578
1874,705334533,2594220244
1875,250088144,2029489705
1876,4193496105,68720168
1877,45058130,3446551942
1878,2266202496,1879113033
1879,324843569,2593438013
1880,251763100,3217585484
1881,3128096549,2639532668
1882,1985120430,4234683345
1883,3484170925,4200432856
1884,1473144049,2916803479
1885,4048626297,3299283747
1886,1993569846,4272908290
1887,446889404,1716198261
1888,1245249349,206071440
1889,4024352781,332840317
1890,3425699746,1263966049
1891,1413487040,2934279228
1892,3095297532,4285142205
1893,2415461788,37790243
1894,1175491865,3600674049
1895,3267393344,209906559
1896,1227504596,2468562452
1897,3292996476,2278999908
1898,624877160,3094837209
1899,545751857,2265182079
1900,3436749665,876705085
1901,3458795611,1178456462
1902,190965386,2105646728
1903,3248953106,2219281824
1904,30765045,4291045700
1905,693675488,662573682
1906,2171853138,1127497130
1907,2976213950,1419961002
1908,2655392599,3922154933
1909,3652679009,1833924013
1910,3564278636,4238876240
1911,1173707779,321805761
1912,551300121,596866431
1913,246712438,3937062849
1914,1761276619,3640949608
1915,3805461210,2604882908
1916,79537118,3569331903
1917,2818657309,207855467
1918,2983671644,2388055340
1919,2964259970,3399259637
1920,1443336392,2296286171
1921,667327015,1830626857
1922,1690438822,4073994853
1923,2408390573,3331110281
1924,2741869489,3746858156
1925,325960764,3085257420
1926,3601344745,3374610386
1927,2769897299,3155989405
1928,866079978,1021261126
1929,4182603019,2491717597
1930,2859196765,3382290594
1931,507864541,1832864356
1932,3979151586,920499899
1933,3390878138,2170044798
1934,3645909583,2811198821
1935,1596795939,1281153012
1936,4186476383,876093118
1937,3825235630,3390532713
1938,2959981380,3570510628
1939,3886161926,3609076798
1940,3623127863,1419529484
1941,2497398718,2055852498
1942,2041826472,1455784171
1943,83844059,1036706663
1944,520998713,33294392
1945,2075997644,2677162213
1946,2107617934,643821410
1947,4060666441,2915800539
1948,3245364169,815783483
1949,2855002093,2688788855
1950,3944019910,2026462177
1951,3362630448,622794075
1952,636595274,27859098
1953,526674614,1978888487
1954,3564017231,1629750604
1955,3528054428,3493020874
1956,4225661169,2890421221
1957,2898792625,1621147423
1958,1964153886,2670719870
1959,4105741718,1228961822
1960,3779635187,578334522
1961,1130436648,3294718549
1962,1826696026,3428607680
1963,2026093695,1343002306
1964,3871809785,3124424082
1965,1507341109,378737814
1966,2825462186,4097588310
1967,131651332,91124781
1968,2680342226,212297546
1969,604262046,3917789901
1970,388814549,2776207811
1971,858797550,2138502659
1972,2217740840,2613672594
1973,735861458,670530367
1974,2957973681,3666809239
1975,947598013,788550889
1976,2612725963,234412117
1977,2933958362,3367769772
1978,4249666343,123715736
1979,3223988179,383473918
1980,516993755,3366501833
1981,435225950,1026538081
1982,302114707,2249987408
1983,4035022250,2457138795
1984,2019806690,1394813726
1985,976104621,4267636734
1986,147168624,881185390
1987,3591624805,1472394314
1988,251327402,1931380241
1989,1098704461,3628206111
1990,1796225655,2977248095
1991,3884148568,4106601168
1992,3865870188,2893934958
1993,1505279532,1482109062
1994,2178825042,1991400197
1995,2420070664,2274252908
1996,416478311,1887554275
1997,2375605832,1919700909
1998,1550006624,2292964929
1999,1386986535,2668853744
2000,4171584850,2232219589
2001,334018293,1702829535
2002,2750716334,1582524701
2003,686389262,1567278085
2004,4211066042,1034571573
2005,1333277774,4258690931
2006,2009843318,1413075727
2007,4020584308,2774040643
2008,1094250865,586000574
2009,3184075194,1757301539
2010,2788918757,2593456654
2011,107911782,1615803364
2012,1902390807,1654671331
2013,1617968324,568216429
2014,2600036656,4274026932
2015,1278830911,3475417263
2016,3127696098,1056683157
2017,119653690,1162814593
2018,3478504921,2587220398
2019,2318736366,16854254
2020,5318154,2314772021
2021,3063872514,3723499114
2022,1255119149,949618548
2023,2225528536,1994642062
2024,2965626278,319295490
2025,2778233789,805521478
2026,4145960842,2021604515
2027,2148411101,1653176726
2028,3730911831,3921700393
2029,4250822146,1168351691
2030,39446381,46266822
2031,3896467159,2195570810
2032,3309207911,2302761306
2033,3076462126,4012066191
2034,3871694979,1976446598
2035,275880137,3016255401
2036,1316849373,3521070989
2037,711813198,485595226
2038,1811518588,3500358471
2039,2008096807,1320916194
2040,621336157,1761727324
2041,3350093372,1042622409
2042,2169690376,3243580999
2043,2483368465,824454697
2044,2057727346,1103760421
2045,1443276854,161164354
2046,3808763766,4000846635
2047,1569988451,1874698629
2048,3561265880,3958040582
2049,2766705591,1805917459
2050,1700476920,3905366800
2051,1998779242,3103823234
2052,12279405,910844700
2053,95400214,1058152200
2054,2183926480,3801550673
2055,246697867,1826157327
2056,1877534985,332792623
2057,737672653,2781008950
2058,1569245866,399055124
2059,3748180036,2845568833
2060,3848981108,1238436183
2061,950442150,2004908138
2062,2650243743,1764589996
2063,3643727341,4195731744
2064,2226680572,1826485999
2065,3591456367,2450489871
2066,625473825,730084904
2067,2517972496,91058568
2068,707977499,2886030857
2069,3022452851,3729446923
2070,238883079,741650286
2071,799622697,2197767106
2072,3940603519,2523181224
2073,4123427688,239575696
2074,2430182941,3098422490
2075,659609104,3684637248
2076,2412499961,3025368035
2077,1126542659,2680201332
2078,658208421,4060272627
2079,1947318290,3076559405
2080,2781911047,3050964156
2081,1825853071,1559379290
2082,1170103725,1886875190
2083,1333587880,730725678
2084,2209962860,2768016582
2085,2990895046,4209881460
2086,3892945688,3567383989
2087,1362323597,2834511742
2088,3094873372,2842823350
2089,2745235281,3971181092
2090,337360756,3204641087
2091,1012254670,3314111501
2092,287635096,2808805407
2093,1895931139,4114997579
2094,379213363,1693981277
2095,3621723069,2445457668
2096,74187982,3183733962
2097,440750132,3405991943
2098,3090320053,2172645446
2099,3320815335,2442588253
2100,4032813630,32532793
2101,1746659826,2520687890
2102,2979123040,285495260
2103,2278351006,2265970627
2104,1614447441,1190307073
2105,977785945,1476593960
2106,3646821343,501523163
2107,2140813293,3192866436
2108,362209438,3281056170
2109,4180529116,1763586168
2110,1511758167,1295882736
2111,253547567,1048525009
2112,584754765,911935913
2113,3027539396,3131982302
2114,4283224802,539142676
2115,3338972458,3647079460
2116,110709562,2472860574
2117,3493692517,183823669
2118,1989383069,2098386204
2119,2565213261,3516505668
2120,1956618170,991451506
2121,1786453454,922102857
2122,832175311,2626800438
2123,3456328239,454844525
2124,3936137868,1312337463
2125,3849097642,607263432
2126,2623843014,2316175069
2127,783394136,275117399
2128,2073363640,958376455
2129,3142536729,1203415336
2130,50638015,1097575559
2131,1156839734,2878441914
2132,1097973596,4150899662
2133,2782561841,3809639302
2134,1451707231,541023063
2135,1114792329,2716729693
2136,3324744616,2921207185
2137,1065875815,4180441895
2138,3586416498,3210518627
2139,2607561863,1095396523
2140,2204536281,958416853
2141,158143063,176494648
2142,3486736196,2580272089
2143,592062073,2510340641
2144,3971384931,139491686
2145,3005608862,3907772888
2146,2811270037,247848368
2147,162481636,453207593
2148,3278182605,2270805484
2149,1877841555,2892551774
2150,2060229004,1657466095
2151,3595617074,3585440708
2152,149577993,2754391822
2153,3718713068,140741352
2154,3005778673,1592293527
2155,3970531978,1856814378
2156,1139618358,2081758048
2157,1356569731,811069276
2158,1245071846,2050832834
2159,3797140483,2108161856
2160,739787337,3081595367
2161,2927590465,1218515279
2162,2132339706,999310699
2163,781501417,1419420245
2164,1809754941,2910661754
2165,1771296833,381642851
2166,1105580172,2380120826
2167,2238809014,2245107547
2168,367280021,3692232956
2169,3503031646,1033306554
2170,1553613005,1772470826
2171,2231286540,3992826266
2172,545082019,4261827361
2173,2885986519,3090107152
2174,450158424,2028017014
2175,2798413607,330363505
2176,1126340122,1277302383
2177,769262506,3541160472
2178,3628194525,3271979153
2179,2153472336,2946405755
2180,1649670760,2536153580
2181,3200280583,2717863047
2182,3420122375,1168023216
2183,1496482170,1599235860
2184,715488116,4068972192
2185,1018989489,169953193
2186,345331668,2019208867
2187,1939772547,2622870756
2188,2161779844,224796960
2189,1293030017,3775591841
2190,3875836192,1215284670
2191,3509968304,2882791314
2192,2044485835,1048472930
2193,1298808585,2308490731
2194,1541952460,3046654553
2195,1672387460,129280688
2196,2870361739,4039177859
2197,4096423400,739037419
2198,3899800771,1949079427
2199,1386966518,1028397389
2200,3718512124,2182733596
2201,3784946354,2260369345
2202,775730165,3775223648
2203,2953557332,919019540
2204,311137924,140851370
2205,1799353225,1098239314
2206,1016970478,3810645661
2207,3943109806,3887159012
2208,1108655180,1757315768
2209,1714915010,2782005068
2210,1260272405,1111838705
2211,65501259,2631425964
2212,1898162620,438407618
2213,2257673590,723614734
2214,180795081,2427942302
2215,1608572934,3197491484
2216,1071660854,2841424613
2217,953845141,3741426117
2218,1701455233,2350382969
2219,446216428,216282661
2220,3173186542,1734739824
2221,2847281889,1451409972
2222,380298644,3595366294
2223,152064920,1014973289
2224,756919109,825565712
2225,2531109023,999980491
2226,1510307448,4031241370
2227,1837862845,1900525424
2228,2482508259,1134707252
2229,2839746849,2004631302
2230,2257378898,3809242696
2231,3046411985,3060694122
2232,2912494134,102846927
2233,2989194745,2936823715
2234,1863472467,3153958463
2235,2461849199,779364066
2236,106395831,4186903737
2237,3246157559,2015305621
2238,3640114278,3864247811
2239,3222671547,2749452170
2240,1865608606,831917691
2241,1655156510,4219198647
2242,2143335228,2638406881
2243,1564998159,4194969038
2244,3805227660,1498605068
2245,4098588963,3087006821
2246,161202580,1176269788
2247,1149653312,3298126351
2248,1533859063,168920137
2249,4290303438,1771018661
2250,1160613518,3453348856
2251,1803201264,1710269965
2252,4205971874,1560766588
2253,3410270273,2971582328
2254,1373509767,3099593728
2255,3407384032,2437563552
2256,3775535980,3206302163
2257,4003365311,4074793664
2258,3951469451,146454172
2259,3238810224,2471111848
2260,588025329,2989225716
2261,3840696744,1381433678
2262,1945365828,4256011857
2263,3308660553,2744495522
2264,977269606,1614202374
2265,1312389295,2789021149
2266,1153019673,2488288350
2267,1510752564,128093267
2268,2541726721,4077316513
2269,1023939262,3899197880
2270,3567677233,3801337847
2271,826814897,4139854433
2272,968183970,1361575654
2273,3884611378,1905679099
2274,2229277444,3823473791
2275,1452988612,2082588042
2276,3184107173,2275647844
2277,1303530699,2187611331
2278,2169435422,1954090653
2279,2723039208,3774483784
2280,1021125777,211501221
2281,2443599478,4118122146
2282,394189570,3499913906
2283,1338072237,2273945399
2284,4006420071,3524759077
2285,3980051463,1505019468
2286,49653146,4007262386
2287,2123458969,3895843573
2288,509295082,3960911205
2289,1437527673,1845169976
2290,2219885417,2409443318
2291,461898647,1713152551
2292,1688675114,1430908686
2293,2558937643,2108387354
2294,1772313482,1722744846
2295,1485915779,1400825977
2296,2019740355,352946287
2297,107868574,2760587213
2298,3012811665,2351704180
2299,3570557889,762785861
2300,2381053204,2978530005
2301,3144254000,2476011964
2302,4007080775,3117259469
2303,524629016,1477693287
2304,2672840305,2945453645
2305,1163559678,1701238081
2306,3047966716,1176239718
2307,2536043509,53703469
2308,2744450206,1746557707
2309,3169022269,1277066358
2310,2320741311,4052699774
2311,2023856141,13649374
2312,1067689597,1828841344
2313,652761771,1875386488
2314,2585305813,321234683
2315,1175124852,1487418822
2316,904564486,4043990158
2317,3846561123,249868835
2318,2212221175,2360561683
2319,3245133493,815344171
2320,3500298649,1600011499
2321,3367413489,2158035402
2322,2440663141,3013222726
2323,3453573695,31574399
2324,893904752,2119609075
2325,4237948708,3390796183
2326,2380256602,554808291
2327,2581689056,4208382709
2328,1075318526,1339203170
2329,2033855933,2680479181
2330,2906647707,2345828755
2331,1161313645,2817589251
2332,270678215,906478329
2333,2959382554,88620917
2334,1335819401,1450531558
2335,2449278286,1477798450
2336,3412930813,1765703938
2337,3274075844,2597137453
2338,3508788955,3596280489
2339,4125466439,3422515822
2340,2275857505,4208473941
2341,4168189044,2054144204
2342,3608371563,3434495767
2343,3707093620,1640992029
2344,4090852617,1731786526
2345,4093316563,1119516051
2346,3664099987,2366267767
2347,3419041032,3854097733
2348,1259268509,1529396467
2349,1369264867,3664359336
2350,2213064547,470275238
2351,1452542017,889166351
2352,4017685138,1800773411
2353,709854695,3464756251
2354,2224167774,2434291707
2355,953068770,3876076296
2356,1191301931,2249569183
2357,3522510521,1018117676
2358,2993066152,3056640185
2359,1845998257,3873301738
2360,2456423865,2487485205
2361,2826292919,2431879622
2362,633858726,3635158339
2363,3405486863,999180513
2364,2329862018,882124733
2365,1962431925,3155701260
2366,3080165586,2196221664
2367,3576866836,2420718301
2368,1766091550,1641991273
2369,1625094317,2988816448
2370,116248169,2694504470
2371,1530302169,1871942938
2372,3612384847,3673515947
2373,1471847523,3053955531
2374,2196320632,618914516
2375,1007288443,1334878088
2376,4239298905,178446611
2377,4264650107,2257969203
2378,2169760436,1759523386
2379,2091352694,3125798985
2380,298419266,2772006841
2381,159074466,4060895646
2382,1837640245,1590363425
2383,1897493522,4085807318
2384,3317435169,3421725382
2385,3755548909,1389745011
2386,2203802863,4290978542
2387,4028619020,3897248513
2388,1828048627,1874672594
2389,1884506278,3492080017
2390,834077861,4023061594
2391,4116335284,1178690618
2392,1033765618,1572405675
2393,1170718290,3423056589
2394,4089007572,1906308002
2395,2591537781,1922399927
2396,3390878153,679801725
2397,3633464507,1804208392
2398,2426993561,2143852541
2399,1957171956,3419876774
2400,1839174478,3398982410
2401,1630898709,4275438902
2402,3734964206,4033584078
2403,4063871807,3780203175
2404,2174125072,1629972623
2405,1937850330,183442452
2406,3677415687,3302030562
2407,69020655,3000433092
2408,2373185727,2969616860
2409,2682865837,2388245857
2410,1768606131,2270032635
2411,1003127357,457392178
2412,439347355,2866989644
2413,10722213,2261598393
2414,154618766,4120153428
2415,3902377485,3824801323
2416,2681177551,1413826137
2417,2176589044,1833769950
2418,1181819205,148972645
2419,695188809,2715801651
2420,102283114,1437497574
2421,239738128,3438035551
2422,4042213220,3495395724
2423,410691525,748955231
2424,3703968004,4029917070
2425,3258273943,478582799
2426,1826034692,1063577164
2427,1152235215,3591095514
2428,3169964373,2360936028
2429,1572697400,573103301
2430,2421922325,264004541
2431,2150643897,4206610776
2432,4228103077,2100862156
2433,3852246494,3129235484
2434,2999697261,25156415
2435,1642709566,3104866387
2436,1819014089,4151620562
2437,1346994880,1087810037
2438,1646783432,685777697
2439,1955211399,3154557187
2440,46192906,4170173762
2441,634596026,634796017
2442,1343034872,2250549957
2443,2768238721,2096917531
2444,638671798,639511910
2445,2710846885,2514553695
2446,3794884629,635212378
2447,4013952268,1164360625
2448,3470593625,4128549119
2449,2379555730,40130106
2450,491364193,2630426379
2451,4195397203,1512846207
2452,344821374,2720054881
2453,218203967,141842039
2454,2166964300,3588493930
2455,2368868188,2726710910
2456,1474613040,2690547451
2457,240627217,2678328923
2458,2301331643,3548597484
2459,4289593349,4190940547
2460,3396945298,1136521958
2461,3148212759,1103679190
2462,3657836004,1515616575
2463,3387948441,994812775
2464,857284110,3900049554
2465,197270050,99604512
2466,1481224769,597642741
2467,2922712417,2383451205
2468,4240211725,3890295739
2469,417411779,4082130288
2470,3918593663,3879338223
2471,1035194192,1137827068
2472,3479454460,2523088896
2473,2689060161,319144337
2474,1679292278,3451991370
2475,3319151434,2254970686
2476,1431320757,2719967961
2477,445678422,2815017499
2478,1437762379,1859606046
2479,3198670182,109991572
2480,4134847757,3855994147
2481,3028229767,3527532667
2482,2723512144,663755996
2483,3125823599,2776258041
2484,3638807009,4071656536
2485,2586351822,2219066725
2486,2937230998,2448720177
2487,1170548406,998677208
2488,3277935071,30454830
2489,3254938418,4261056260
2490,1676278912,793868329
2491,3544417596,182409315
2492,3748580622,3664440804
2493,3744383817,2098458607
2494,4022074794,489684120
2495,2446344205,3039638790
2496,1435563336,3092810020
2497,738445908,2264395482
2498,4234510064,515832524
2499,617722509,4244921823
2500,1115906669,420994980
2501,4145312842,3196515445
2502,1245452292,1627712081
2503,4003688410,1972910774
2504,3897925814,838952533
2505,3559562359,3350392624
2506,1931725573,3502301530
2507,1110354596,1368597199
2508,2016821817,3197156159
2509,3193338401,2534864708
2510,1398683560,1983128795
2511,549769949,2806549516
2512,3169462426,3513975127
2513,3336280230,2590934683
2514,204425825,486914917
2515,1224737488,3879765105
2516,1646193117,3748015105
2517,1535631279,1176907570
2518,2923404630,4224054418
2519,4013621276,4020588825
2520,1746941824,707396763
2521,3033538024,1033070887
2522,1522896286,1178832636
2523,2242985093,3290346354
2524,3860365109,1984280465
2525,3593196170,3595112074
2526,589451863,77503878
2527,1148738179,854127665
2528,381785965,3623040343
2529,2712177179,2590519963
2530,2912812974,458787910
2531,1601103322,1356426478
2532,4184433200,36040347
2533,1892555847,1093467488
2534,3683785060,244504096
2535,2405724763,3733552491
2536,617433932,3616355394
2537,959790686,1370281152
2538,1093178625,2913114650
2539,580584549,584386602
2540,15149230,777782720
2541,1537331383,1919812850
2542,1465322988,3975392458
2543,1806697913,3024007071
2544,488931351,1983813017
2545,702739972,892410943
2546,2473328437,3228048356
2547,2099775251,2710288302
2548,3296814902,1317211048
2549,3835540389,3509950003
2550,265183473,495664778
2551,3117679161,823277383
2552,200597744,3324276818
2553,1790954405,1307352293
2554,3937364544,276441213
2555,4211761107,4223793703
2556,2935788235,2450392215
2557,2820177849,17135353
2558,1510901134,1419387796
2559,3713997553,234739680
2560,3808500678,3309176055
2561,3478045882,2981896903
2562,3974653334,2306858645
2563,3942671067,654688163
2564,204824502,1274898508
2565,1606043319,946339318
2566,4210625825,1022532954
2567,2968867183,2221192246
2568,1104100451,89177579
2569,1847781122,1331119933
2570,1788178947,1369843781
2571,1585151305,24543314
2572,194703776,4223207559
2573,3765810583,2409185203
2574,2385027188,2777578244
2575,3739992455,926351379
2576,2662610028,3391975982
2577,521057904,3916989274
2578,4057628816,3680781747
2579,2563956468,697534234
2580,2727072050,3175149004
2581,3440529892,3219033008
2582,1660738579,3149865060
2583,3601257772,2848094237
2584,2355705485,2209622289
2585,4255169009,3562488090
2586,3108207486,3002596128
2587,330751336,4293419209
2588,3412891077,241317376
2589,1666661583,1558206577
2590,488459176,2854495046
2591,963256860,3889330272
2592,1185823204,3178863599
2593,3016613005,1317249357
2594,64187587,1877581592
2595,2804696870,3713831613
2596,3604646018,319826391
2597,2124146567,3547503234
2598,1326174450,2222049523
2599,2544158072,277954244
2600,4000554333,3446481079
2601,651560337,1174762826
2602,720274115,4247020188
2603,2892328088,1603051207
2604,1060888579,2344232442
2605,609194590,799362424
2606,377688796,1196147165
2607,4023238320,3514806981
2608,499645689,1216155244
2609,2840401781,3752832052
2610,2144724516,1863195936
2611,2704405036,971187669
2612,1911787350,3188836917
2613,53519386,1840388702
2614,3788380067,4055918946
2615,1148625406,1634121108
2616,2573996698,4081609611
2617,2094317477,957867639
2618,2402102421,2130049019
2619,2102173834,3243509822
2620,3270447268,3110502780
2621,1066114041,1081052888
2622,3529977315,2267944514
2623,3434190798,4180206225
2624,713738579,4081726672
2625,129138915,266185016
2626,2725752244,3852762341
2627,2950810836,757454553
2628,1495005897,2606968118
2629,3994809576,645388500
2630,2152802763,1892416034
2631,141259935,4269277509
2632,3119274883,2938650363
2633,1628994413,3054918272
2634,2697488055,3582648387
2635,801425336,3118093506
2636,1363154945,875036664
2637,440546561,2966149268
2638,3232060784,2969473656
2639,728198869,881182496
2640,998430136,880172264
2641,1200177506,42942653
2642,2600722608,3112840145
2643,94893178,1660862601
2644,2654073902,3547225814
2645,3057183476,237421324
2646,3349272487,513945039
2647,1476159661,946333698
2648,2279415545,3136340551
2649,2756162552,4122349691
2650,355190372,3230932807
2651,3507053175,753336793
2652,1438148180,3986977552
2653,1999345485,453909651
2654,3179577388,3407743869
2655,2644757356,1145333477
2656,1183567315,908625049
2657,3641178923,4056764228
2658,3929246554,1553566102
2659,4031273014,3636762403
2660,2459064241,940708042
2661,3571936227,996594735
2662,184152814,3716931358
2663,2686533436,1801570666
2664,2132371263,600488198
2665,741045952,3919719699
2666,479830169,738425203
2667,970461020,646587461
2668,1044511717,27174082
2669,647377947,1977042529
2670,3803293233,1048458604
2671,411716682,3802851749
2672,938242168,1304592360
2673,2240200105,1171300375
2674,340075184,1805612862
2675,2994482585,711345602
2676,3459111358,4107443941
2677,3596502355,1187234082
2678,3228659465,3792983153
2679,1603731937,2077378492
2680,1254406324,2739701003
2681,1738055165,1314022237
2682,4039637550,1157728865
2683,4291133455,4261386407
2684,3075258957,1892155545
2685,547636143,1807222388
2686,3002011431,94423599
2687,846402274,2151788541
2688,1647072301,1924985339
2689,4254699353,2097090810
2690,1110173024,1122234058
2691,4000890435,3630996407
2692,3483693563,1525508225
2693,1659674614,140205215
2694,3545680031,450437659
2695,1122015773,3989960598
2696,1707166540,3987076710
2697,3652537880,1045095826
2698,2126033475,1038747950
2699,1995186523,3845201513
2700,2854240056,4107405713
2701,355095227,166600513
2702,2967387557,2328695298
2703,2318396432,958762692
2704,3761994539,1669731435
2705,1687538692,2154805550
2706,2142335822,2650936299
2707,1791750114,1402775380
2708,4056099673,1245236580
2709,27287725,555282798
2710,3138193559,3650154612
2711,1508071064,878470363
2712,1429843712,3927212764
2713,2078962412,866697371
2714,2202726103,1556946310
2715,211571327,281666872
2716,1554895830,1269043251
2717,1010530077,4259350690
2718,164048977,1919116760
2719,375492951,3319086132
2720,1293710873,1669742222
2721,3090794806,782383109
2722,2734063257,1576482388
2723,3381160299,3699413642
2724,1342704665,2002859820
2725,1626054492,1628922414
2726,1929563484,655258727
2727,2139248904,3655267430
2728,2697668729,2591422723
2729,2101950971,2414149257
2730,347663552,378471667
2731,759030352,875749531
2732,3213031307,4133674216
2733,3473867122,302958839
2734,3406531234,2837045919
2735,4054672941,1006849914
2736,3177811360,503990500
2737,392475150,3049950863
2738,2776850716,1735953602
2739,4256185420,2868773362
2740,3171019600,751087158
2741,2367604677,2571396183
2742,3912231926,2887735472
2743,2658474526,2787515828
2744,2616087589,4215402186
2745,2083606160,360807750
2746,3918522433,2132650514
2747,2222948930,2175690909
2748,4073255801,541186153
2749,2018705514,1926384687
2750,328713445,1369538820
2751,2322152800,1369901380
2752,2818676322,2167679242
2753,3279879044,2260208384
2754,2646656483,2094093676
2755,719326461,2581804050
2756,1149800706,2457097960
2757,2209853590,226626876
2758,3238789828,3364933358
2759,1807806382,4175540040
2760,2962719284,4268074660
2761,1526032860,479296636
2762,236770651,1354914707
2763,38280960,1840709419
2764,883680596,105816294
2765,1210674132,2551394351
2766,3475568349,1019431844
2767,4019518116,3813396127
2768,3234434086,3487218005
2769,3639321728,2264592525
2770,587572509,3314328568
2771,1668257550,1870850849
2772,2689459945,2716213575
2773,2391399553,3692070816
2774,372074413,1350097810
2775,3788227297,710769911
2776,2875353962,2623421841
2777,669275597,644496519
2778,115986179,1588028218
2779,3728711783,3939447066
2780,1817836222,222078845
2781,852259865,2746890516
2782,900615678,2004983896
2783,2117045558,853193277
2784,3194083476,4194666862
2785,722493325,774239162
2786,1021055069,2584578547
2787,1680476662,1296855338
2788,2274342140,1413925424
2789,1393656564,756095664
2790,178870579,3332681715
2791,275388276,939928990
2792,34830582,524366324
2793,3434889328,378143787
2794,3539871497,2548476588
2795,3590229190,349336917
2796,2293207125,170312893
2797,772058599,2224075077
2798,3434747739,3316865849
2799,1148665363,1951508019
2800,1802841725,1481502149
2801,434621728,1532156127
2802,3895729441,158214043
2803,428938697,2117667829
2804,1580016637,4026196819
2805,2953651284,3247147515
2806,2222091511,2787280257
2807,4101105697,617154504
2808,3888136187,1841978499
2809,3889877860,3978287726
2810,192395871,3692050855
2811,2075700321,3216126613
2812,2829308955,2822209094
2813,2520480875,3087805081
2814,3480909488,2529006326
2815,3022715558,3096137831
2816,4022501956,709592034
2817,1321332129,483013081
2818,499873659,81176705
2819,396489673,3910855714
2820,314581893,218871855
2821,3231814525,1002618920
2822,2869365082,456771755
2823,262268364,1740344861
2824,1343747136,3564583214
2825,2104214255,1494151271
2826,2750557940,1732783910
2827,599220642,926355568
2828,1072400899,2791382594
2829,2614257558,814386774
2830,859393222,1229955126
2831,1318171478,342813906
2832,2286954511,1359795050
2833,660625991,2808032666
2834,2839356979,526766444
2835,2996001038,206076616
2836,4025241399,808632362
2837,2807634546,1858155025
2838,116660057,1491467344
2839,133291926,178156295
2840,3160617847,1796349522
2841,2612686929,869338622
2842,1672965033,1605787113
2843,1451464136,359516780
2844,2741665141,1127321006
2845,1951517175,571140460
2846,3767461696,2613938463
2847,2964969235,1998713192
2848,1232444913,732423552
2849,2746470932,904286059
2850,3889619820,2103540910
2851,1289005201,208023380
2852,3776604722,3551681618
2853,668204956,2670877070
2854,1546265100,1417511535
2855,354314521,1647451799
2856,3751380455,3461316309
2857,193420501,321654271
2858,3819706299,3236377206
2859,1244898774,4086678882
2860,4020644050,3796025835
2861,2100546572,4118832724
2862,2465957109,3491349713
2863,2932862247,4176577168
2864,2004495139,1050541834
2865,1909725100,2934114612
2866,2535205308,930624534
2867,1465890185,245854603
2868,2620811966,3435636426
2869,2102510542,1002545765
2870,3760982554,4264407491
2871,1283469069,1252740329
2872,1700060189,2302572024
2873,607612342,3081474360
2874,4189644726,1947372606
2875,1283782449,2537455732
2876,2654305792,671755156
2877,257538490,3261806632
2878,900879405,144914815
2879,2580462966,2651928985
2880,4111546789,3043020700
2881,2526799447,1055925109
2882,2692684959,1766676858
2883,1048014921,2385342763
2884,3753457334,2489903955
2885,3567176225,2841326994
2886,3062330700,852188838
2887,1576399419,2062153481
2888,2515443618,1367261182
2889,2235918671,1453763454
2890,637481561,4209801690
2891,3040478179,3476514065
2892,1569009984,4288581
2893,2382683734,3882953537
2894,2886501009,2167677933
2895,3079220094,2893654121
2896,992205320,3081580278
2897,1279114521,1544494639
2898,2286090774,1184798858
2899,923427670,612228077
2900,393429542,3366688571
2901,2579499549,4091144637
2902,2298424796,321648522
2903,3319264446,3599412615
2904,1397033694,751835233
2905,2982726129,3562659439
2906,3055619274,488471813
2907,1622730198,3842838331
2908,4232143159,4118019311
2909,3701131652,3609553560
2910,820732273,884777923
2911,3295186291,3092703105
2912,1446358936,84652925
2913,2602373403,534868783
2914,519298308,18216525
2915,3476986381,1146961347
2916,2476323442,2588612972
2917,522433465,3585760831
2918,1136674163,1371787553
2919,648943684,1461419666
2920,1367062647,3148244314
2921,3906740973,2528036188
2922,4239859981,2393450910
2923,172434822,3637327411
2924,805686621,79702700
2925,3161135306,857794214
2926,825547027,3513916124
2927,3905646360,3608390344
2928,1981297556,4023758049
2929,2101084033,326998373
2930,1538261604,2860269805
2931,610884826,1851771517
2932,4054941507,2596385716
2933,360152463,979097615
2934,2719677804,1780026594
2935,1264022871,992496928
2936,440742537,4190595858
2937,1050533091,2147551552
2938,624833027,2214749012
2939,2361021500,3313003360
2940,25908066,861047096
2941,386135217,750958658
2942,1529474843,43151687
2943,3214750654,3689698394
2944,1387079103,1322395889
2945,894265586,1917693943
2946,2453667771,836151790
2947,3571286719,2038982907
2948,4123021242,2829274177
2949,2061059457,3830093396
2950,524343829,1720315796
2951,2219670164,873662217
2952,1222773883,1645276977
2953,616591725,2166942090
2954,2002077563,522524486
2955,687037542,75283872
2956,747112185,2294715381
2957,2796628626,230411145
2958,4286990083,3985697900
2959,3684805296,4089419810
2960,1654735124,2667988074
2961,452947701,2800671311
2962,320281029,3376912156
2963,4124572562,1327846158
2964,1578264256,3537801286
2965,1267178245,438064525
2966,2752219574,2233075387
2967,1922647592,2087555069
2968,298912710,2902851570
2969,630432210,1301112687
2970,1687218630,3447589951
2971,1286256466,2479137315
2972,1382003762,1520239217
2973,1072524702,2696461336
2974,3649204881,1346836261
2975,1842558553,3873317108
2976,180037729,541819237
2977,2572208378,1552294806
2978,2310460285,2254525036
2979,686950577,700189498
2980,1432851491,2482205906
2981,1536646546,1346373286
2982,3029202304,1107899244
2983,1300489054,3908348574
2984,217009898,1522444607
2985,1132327443,2092486803
2986,1522695436,3019569926
2987,3105685533,2144592939
2988,986398418,859348159
2989,4282080026,893579752
2990,525498358,75976375
2991,1681881888,1198185471
2992,3934766924,2911573994
2993,1604813083,565197425
2994,1595043321,4181665998
2995,1191563599,2566536573
2996,1487254777,2556477405
2997,694591332,2096126480
2998,2881889793,2180929769
2999,2411725250,378072728
3000,1895350782,4165349960
3001,1881245245,4293559471
3002,1546047374,1083789584
3003,1061085637,1037561325
3004,2210412678,896115856
3005,516417326,1049569741
3006,2791870943,2909431510
3007,1043748150,3618248654
3008,2349516786,172594455
3009,1248418952,629556514
3010,1593172724,1231816147
3011,3083429761,4078315064
3012,4229450173,3351188167
3013,1356723818,2568742580
3014,738782498,1550818834
3015,70912884,1511829828
3016,4022440478,2365697625
3017,1841669951,2710607292
3018,4251410030,3620653519
3019,3287822939,3490904116
3020,1943347394,3767690791
3021,778858404,646762892
3022,3499062120,723318162
3023,3803180857,7538661
3024,2052723919,2448360901
3025,549387630,1537487022
3026,494607879,1803702454
3027,2848188954,319066108
3028,1150864154,1283300196
3029,3801028871,490600812
3030,877708240,3759482084
3031,2842717541,3585692320
3032,1062174315,1312103666
3033,3234640746,1489923783
3034,2191187834,936267212
3035,4157311936,813820951
3036,1355471801,3814147236
3037,2080518791,1941694949
3038,1879784046,3731790438
3039,4288202861,2842280471
3040,1315728136,1460764262
3041,2729204558,1668137736
3042,292846124,3130621774
3043,1476858804,997083958
3044,4098367244,3825715732
3045,43352024,3052262006
3046,11207823,4223770951
3047,1734362834,852357331
3048,2566656239,4062890924
3049,1188974207,3233603171
3050,1831655191,895674555
3051,235393776,1724001441
3052,2137830236,3149887462
3053,3387931711,4247795111
3054,4083163755,2333189317
3055,311035485,1319254817
3056,1411124181,2327482468
3057,2042555814,3464100831
3058,625314755,3511552158
3059,327785085,468047536
3060,939747806,234476397
3061,4062767874,3306781767
3062,106121318,3098331375
3063,2225620713,395722455
3064,47266483,3559111612
3065,2507032176,3386452182
3066,3920460960,1957709911
3067,2165483580,3404220362
3068,1455228150,1411253566
3069,844382983,59269922
3070,4239080893,4066950740
3071,4169586259,1374411813
3072,1069826560,865881708
3073,1191649666,4033084356
3074,3318821689,1820112233
3075,2507816610,2699880481
3076,2272061781,3010347545
3077,1385089718,512142959
3078,4040270874,2720944778
3079,1308770387,1738272789
3080,3339471287,2581366240
3081,2305514474,628140880
3082,2698720961,860674301
3083,107859392,2721494612
3084,1164433258,1923157130
3085,1322507599,893175634
3086,2587810226,386721433
3087,1612685302,4029672886
3088,3490157766,3424471216
3089,1903686825,3294903445
3090,1940977752,1025577134
3091,4223798949,4189010356
3092,4173891182,28451144
3093,3903029228,4143674149
3094,1820931107,2339140138
3095,195253637,2685347710
3096,1131111564,3645523334
3097,3500449105,2929943067
3098,584910358,2666270219
3099,3253691449,4202779197
3100,2153906989,291476504
3101,3237979886,2554354486
3102,2959991583,4160521733
3103,2379130392,2159978235
3104,2830847384,3372474803
3105,3758984860,328121865
3106,1780148243,1303411182
3107,3557482623,322866600
3108,2293091293,1526042878
3109,186127862,4121867755
3110,1031599493,1097549858
3111,3662448643,629972661
3112,584415493,669206118
3113,860250143,2866520017
3114,402262045,4246453089
3115,2311712577,3297514778
3116,806567793,2753753547
3117,2824578415,3110499334
3118,1110657428,2335666517
3119,1262116500,3332479163
3120,3041415032,3880009643
3121,675624011,1989972371
3122,1464759949,1904147268
3123,2859258370,1825809839
3124,901630100,4092282295
3125,424597155,4041272121
3126,2965387950,1567621818
3127,1159826916,4190824713
3128,3879453418,3396579659
3129,1941923449,923493286
3130,1903243745,881741113
3131,3203035815,1477142029
3132,3882071544,1742921763
3133,2856542166,1194665936
3134,4135984714,2586153175
3135,2628245837,802422216
3136,588207282,986876542
3137,4206329790,405965232
3138,3176535774,1771113330
3139,2385562136,1460833965
3140,2030286209,3840941680
3141,4190230872,15978511
3142,2680012173,615752630
3143,697121003,1215050068
3144,1553198019,3798730471
3145,479788534,883564639
3146,1742844101,1688140271
3147,1860058905,3486237694
3148,2392079207,2740148803
3149,920857851,3413153678
3150,1022414309,3919991438
3151,2361628451,1560800725
3152,433707650,340653736
3153,1941500678,4186759012
3154,3604527274,778937556
3155,4169044428,3290061903
3156,1655150863,1772191214
3157,2705328204,2240758496
3158,2842875240,3619550505
3159,2284469351,1241830661
3160,997313844,2911291993
3161,1480509375,3984054239
3162,2581961915,3859529529
3163,1680857538,2893426223
3164,2112692073,4064964207
3165,503995721,1333650476
3166,3788088472,2365302736
3167,2114128021,4164592080
3168,3841760831,3730072511
3169,2421420514,374800238
3170,597105781,4275056083
3171,3273806681,2519481510
3172,2691680349,4176615557
3173,1978456335,3351137268
3174,929334089,3604569620
3175,1186195759,1584378809
3176,1230276708,1408379280
3177,3545558344,3468983536
3178,2437188854,1779554301
3179,462675963,1294315210
3180,1845327469,3030183332
3181,2770749781,203906864
3182,3986109747,535082704
3183,1830503883,2933963695
3184,1427790437,1068041825
3185,3565706382,4089451443
3186,1009226562,3346490984
3187,129579205,1559495957
3188,881891893,1764141727
3189,3709014558,852983813
3190,1430338422,2554293422
3191,936873537,3237501211
3192,98985102,3650513065
3193,3884959381,2230001640
3194,4109389403,98295811
3195,1515276294,1118576942
3196,426214510,3459229571
3197,3568051195,1629783916
3198,1253972434,3370552968
3199,3104292624,1070055539
3200,3343699527,4041086708
3201,2382635429,1913745780
3202,1277170461,3687068171
3203,2251363260,3979011561
3204,748614271,1941581718
3205,2835089911,4283851506
3206,295526358,1376736694
3207,4137655877,2944464042
3208,2947588398,3759294390
3209,3375538276,3028200260
3210,989049243,1138057775
3211,3571320987,495864071
3212,2892049885,2707746534
3213,2994990896,2881366010
3214,601135298,2271959834
3215,2841416740,1829097182
3216,2274754191,4000717943
3217,818173709,2464529387
3218,4270909951,2525097415
3219,2520808744,3423753019
3220,2772634266,2796383318
3221,1175796434,1876070757
3222,3366864085,2184961242
3223,111705391,3451707722
3224,683584649,3314144726
3225,1490137566,425599919
3226,3013776331,2019428986
3227,3668699110,2603862194
3228,1824124269,1662195830
3229,1939396871,61265784
3230,2142873147,4034838620
3231,614634244,652204198
3232,689101386,129410645
3233,959434631,3169948299
3234,3677795048,1521880763
3235,2686271485,4148511339
3236,4222688652,3116308058
3237,3625893900,905644000
3238,66535523,4125262083
3239,2492589662,496291746
3240,2736012307,2982570376
3241,3059713368,3793594771
3242,2556453474,3000214148
3243,295790324,384530789
3244,2457923883,4043128014
3245,404699225,3154000124
3246,496541107,3771815692
3247,3421613604,2351362196
3248,294497460,3829552256
3249,661957017,1955757769
3250,4206741498,1378037484
3251,169246139,3358070643
3252,1905168907,1984300176
3253,3661356652,1818206394
3254,2671238263,2438807390
3255,4086877003,3765068965
3256,3033143379,1164627210
3257,264271315,2243686031
3258,775469230,4112786938
3259,478274360,1123089367
3260,1010342443,2846251608
3261,3233832757,1061162734
3262,2952121958,3978814880
3263,3508120122,602816585
3264,2113943041,1050933410
3265,1623549505,2000983897
3266,1302931623,1347908686
3267,2130863065,1694732033
3268,1548883653,3056923602
3269,3487402368,563763541
3270,2740676662,1017728429
3271,98839576,3061842755
3272,2357913931,3722169605
3273,3856650970,723310648
3274,4011277848,3010168469
3275,307459122,3029446249
3276,3866378584,1998510882
3277,2779887767,589524735
3278,3334547718,2439616929
3279,2681374262,3923835247
3280,1401954365,1484781579
3281,2774717750,1218952500
3282,122237012,1596798004
3283,154648149,3436369089
3284,558974027,123911023
3285,853292103,1373707880
3286,1053115341,933808318
3287,1093253875,4183614401
3288,3096172744,3336069212
3289,2982517025,2426610581
3290,1591128689,1861142109
3291,2608992669,1921160367
3292,4018828773,3827535992
3293,2280008382,1404548782
3294,344504102,153528319
3295,1340257296,1727794035
3296,1726450845,4059209602
3297,2046329799,3797114595
3298,1502263271,3093315236
3299,3787217884,1227411134
3300,842676575,3202965859
3301,3610089783,3396093985
3302,3848416626,778140469
3303,3108741012,570207606
3304,2643862472,2164112860
3305,1678698719,3749898655
3306,2613042933,3566751783
3307,1816696421,218575433
3308,2919574983,41887730
3309,2080688953,916685554
3310,1225828488,2571227148
3311,3694221192,3409982508
3312,1210203509,1996532988
3313,4263496915,830254035
3314,4147137841,617980880
3315,743726394,2236783463
3316,1503303331,1727837060
3317,1653642116,3775214466
3318,1826968948,2849986360
3319,255687793,607560228
3320,3067250984,2563091001
3321,419995827,2647720952
3322,2932212156,140900559
3323,2965859908,1492397393
3324,4244101283,3998725639
3325,4220834066,175903692
3326,1466079465,2294230542
3327,2341003286,3265646225
3328,786771142,4225368173
3329,3838346872,3240643910
3330,1962439451,3634219462
3331,704570518,1426201492
3332,1491573280,599295297
3333,3755618769,1359422953
3334,2783705345,49396148
3335,2210216164,2367900087
3336,2962553908,1159080284
3337,3445562397,2273362178
3338,4115252499,1807291538
3339,1888730918,1816490215
3340,3919114045,3430015479
3341,2073662786,4188029904
3342,1863305882,3399310493
3343,1573189428,1087852378
3344,2307256003,1120322227
3345,3220113741,3364688027
3346,2249606126,962002772
3347,2199863227,826117450
3348,4192588847,3502501811
3349,794994303,193920009
3350,235015817,1442412494
3351,3048351072,454149006
3352,3537231887,2678176333
3353,3025329093,3051456793
3354,174818896,480216184
3355,781638400,1846459504
3356,1260560027,373116157
3357,114273923,1274336940
3358,2431211148,4110875068
3359,4247386512,1813837860
3360,149775870,2250602581
3361,772541751,215372930
3362,1526589090,243827585
3363,588473206,3253547869
3364,2697797064,293063435
3365,1844941362,3939319552
3366,1770135722,3901631318
3367,2675554881,2440775972
3368,2919761273,3806256992
3369,2051618666,527088857
3370,3358555704,1455860865
3371,3672495180,3918489706
3372,1843456826,1981394987
3373,1618345049,1132655749
3374,539543398,3210288012
3375,541555588,422733464
3376,556366337,2681303363
3377,3275946901,2396028511
3378,439526445,2724201618
3379,2555596214,4239435915
3380,3445317060,1111967352
3381,2056411157,4220155068
3382,59571069,380135538
3383,8500364,1868730753
3384,4095074052,3577744464
3385,2975491902,1300668565
3386,1241966048,2870855615
3387,1106213149,1857021706
3388,2002600219,248719325
3389,817338916,792652777
3390,3181117565,3124095944
3391,2414110772,4006733230
3392,2140584932,2420046017
3393,3047660977,2885227794
3394,2216839577,2721654367
3395,1865477425,1487020518
3396,541621050,528343624
3397,3402283277,3315779986
3398,545368312,243809434
3399,2789926103,712276727
3400,2698989151,521021034
3401,1803931765,2745334507
3402,3773304496,1930624532
3403,3337731023,3067963388
3404,3230417515,1097961767
3405,1356973931,435968301
3406,1772027597,3387930721
3407,2124920878,3801310480
3408,3262322939,157610543
3409,2364088813,1930063455
3410,2991482215,3874731743
3411,2729834710,2502674347
3412,2823419425,1600130027
3413,1195258247,2645940293
3414,2698817792,4044359803
3415,3916031422,4093452020
3416,1847043441,188047790
3417,3447770509,1193195502
3418,1376908597,2911165695
3419,4200271534,4118796722
3420,3932089929,3427741176
3421,3312281026,402069760
3422,1400321064,1849363979
3423,197113073,4038547254
3424,2607791802,2620257318
3425,4221686822,2005764914
3426,3851149876,463380647
3427,2691232914,1053739810
3428,1638372879,2396525105
3429,4288792636,525401022
3430,308496015,79711757
3431,753000726,2906454317
3432,145098647,4293482032
3433,3267687453,1892198471
3434,3567795710,3721342535
3435,2984581845,956144324
3436,1162461898,15199206
3437,3741791234,1324478539
3438,157970657,1877847767
3439,2847414298,2631096908
3440,1723144989,69827143
3441,2131617590,1196454167
3442,3196296867,1730412654
3443,1738840328,35638458
3444,1681492490,2394924281
3445,4200920694,1043825865
3446,4058677315,460763230
3447,2645862130,1658833632
3448,607562407,1699530744
3449,3710152918,1271176449
3450,887992425,3573479251
3451,3740987961,1216797049
3452,2534399623,2211668725
3453,4148041192,507188051
3454,2246240777,4135117339
3455,3436670296,2906986438
3456,1749473851,2077536749
3457,3544028379,1355121721
3458,1434338568,3893909272
3459,641627911,3181374149
3460,4077031016,603885451
3461,4214505199,3019720460
3462,3788895227,2022021826
3463,2868722158,2959760044
3464,3051298510,3207974616
3465,2530757741,3677845583
3466,1977735975,3018770512
3467,2653327557,914053474
3468,3422342554,1216610353
3469,465253149,3637168752
3470,3335328721,2971000050
3471,4065800394,1543024471
3472,4123524470,3302712239
3473,1196306434,3178506488
3474,2827494405,890088813
3475,756191777,2494163613
3476,2508668106,1382199759
3477,836173157,2402365346
3478,557801816,4066534080
3479,1872035218,2038269565
3480,4110316961,2912462827
3481,1929598980,2513891449
3482,410604709,820463413
3483,1867536307,3627085205
3484,3513166176,3630129727
3485,2367669221,3070991955
3486,3641209812,1559370323
3487,958502349,3904291951
3488,2371472727,4010004493
3489,714969838,893741836
3490,2160316238,2628797662
3491,3697543355,290592683
3492,4078667330,3360637301
3493,4188238539,744479205
3494,1756463094,989944020
3495,2931562097,325176313
3496,2721458504,2710462787
3497,2231124519,3646997904
3498,2611751707,4219865689
3499,3341274108,1668010207
3500,4115844816,2532954564
3501,1033603604,887223076
3502,3623658360,1512815270
3503,837014673,2190667577
3504,2819766622,2805489959
3505,134764162,3364241801
3506,1507519022,375085970
3507,2541364289,3624764870
3508,2915031736,3642958651
3509,2348206156,365407929
3510,219367251,3792644241
3511,3671826511,3837552895
3512,1955656678,2230786773
3513,929879184,2451351907
3514,305057679,3777598875
3515,2956330592,2697533078
3516,1874722237,1168014894
3517,3511452344,3240401763
3518,1651500181,458398375
3519,1096578699,1221429796
3520,2519818675,2369377486
3521,4209822384,1135193310
3522,350590669,2960699175
3523,1638981555,371171529
3524,848744592,803281988
3525,4161814162,2170213488
3526,125972243,2705558234
3527,242068035,3540842518
3528,3751243249,3794583669
3529,1996736581,1047130596
3530,3479603008,184240142
3531,3999242343,481134483
3532,3074273038,3313845833
3533,1498522208,3301330191
3534,3467577646,2710756412
3535,3738239883,3098609654
3536,3163743752,1413199800
3537,3928052225,2069396766
3538,3426964497,3951782659
3539,2128988497,1535264438
3540,1044307062,771676964
3541,1404943214,635317577
3542,2127636934,4002992946
3543,651248242,1797505261
3544,3716129437,1494064150
3545,212785003,3144287089
3546,507008266,2609873043
3547,2277177222,405241597
3548,4026613571,1373739319
3549,718250583,976110292
3550,237014965,3169044014
3551,3843173278,1089135517
3552,281290854,3729878726
3553,752677570,2192783170
3554,3793329024,1866180751
3555,4233598388,1600321242
3556,3536013892,3906869248
3557,3405342625,1344253967
3558,665559111,1709073152
3559,667835222,2658716735
3560,2017021316,2429325248
3561,1622494528,665150490
3562,3937931278,4025110697
3563,4287442450,438003862
3564,329721237,116883090
3565,363478527,3448506880
3566,279669333,3578372262
3567,3252641797,3405713672
3568,2262901708,904517397
3569,4052132480,3999621776
3570,2667625739,81736427
3571,2626859579,2999342826
3572,2422431089,1318560018
3573,2188186231,3959567688
3574,610250406,4291257277
3575,3773549059,1705608901
3576,2899786774,3049726671
3577,569306684,1648601600
3578,2030769448,4151808417
3579,1852639007,2905985792
3580,526289752,1210707749
3581,143156226,3429092771
3582,2232215238,254352968
3583,592539564,2967539512
3584,1557714162,4192690174
3585,2391821809,1359628466
3586,1659626150,463246140
3587,3378156249,3063001057
3588,4215149689,389241673
3589,261373057,4145211876
3590,2291091683,4025066131
3591,1408245098,2899199630
3592,1542708676,4040851432
3593,690155969,1539518235
3594,2487722956,4197077355
3595,1744595379,2968142952
3596,3011896854,73026771
3597,3886225173,4123085907
3598,763314965,1428360374
3599,1722659579,2718894956
3600,2457681456,728612270
3601,2195700045,132008834
3602,3409073526,459535989
3603,2986762936,3489788099
3604,3027955600,105423745
3605,3634098644,1428805949
3606,1921348100,2949089658
3607,1148588198,2213816270
3608,1244717431,3774467785
3609,2514183544,4247832953
3610,3623297410,1743582646
3611,1260942401,3524487803
3612,4054754481,3022987708
3613,2183811981,1393147824
3614,3274269600,4212012079
3615,83858894,2364708778
3616,2902379901,2866777141
3617,3749424501,813249209
3618,4034812927,3555535982
3619,1530227103,3128573086
3620,920166684,3926278943
3621,2107456577,1859385229
3622,2562414635,342469660
3623,2222358388,481141193
3624,948145592,1342711548
3625,1872858466,3458604663
3626,2679221988,2969037027
3627,3888251282,4036914390
3628,1509056298,3449478696
3629,1358287361,1571632615
3630,3154471995,2569315727
3631,566401978,3208457189
3632,2297918365,2683011149
3633,3055090495,329818172
3634,2258026368,4065025675
3635,2108977491,2866035334
3636,2152954652,49472649
3637,153164804,2451479736
3638,2123408340,1891513340
3639,933806721,1862073116
3640,3504757469,3230506298
3641,1812141923,376861007
3642,3540087444,3550499168
3643,1461848989,3893070182
3644,3697653269,2102011503
3645,1044597638,159158060
3646,2974262271,2343645024
3647,3795078403,1710387598
3648,2447405684,788336608
3649,1786317251,1864909920
3650,594067459,2469036530
3651,1451166551,2709565304
3652,1436789629,392975183
3653,961509499,1035617389
3654,508434491,3553361974
3655,1953219967,714593203
3656,2487238845,3686199532
3657,379747414,2965714201
3658,2084210818,3668302698
3659,2289114359,1490934350
3660,3592063232,1253043176
3661,1617140029,1300541473
3662,2076320639,2879340993
3663,3390458249,927941202
3664,4129954094,1963408440
3665,352319113,3264141944
3666,2952450142,570099096
3667,1272725094,1749844668
3668,1308857774,2389939369
3669,2860463445,1614778778
3670,3596866783,3550448412
3671,871642819,2105497122
3672,279807733,4003690166
3673,2921181004,2395678476
3674,1701868662,2943390009
3675,338604201,397024722
3676,2235942708,951974444
3677,2311611717,2029978576
3678,695236949,2284633554
3679,3976430968,3980964153
3680,3726616384,2922350434
3681,1946285403,2260658275
3682,536654286,770052858
3683,2976092332,412975590
3684,2914538487,313271316
3685,1595597460,1408438115
3686,1782842672,1911667692
3687,3064756321,2534346218
3688,229167761,2991621319
3689,3903182060,4224614851
3690,355976176,1428714296
3691,1149181908,849644927
3692,1463570134,1882990461
3693,37410053,1856790420
3694,1272016968,1317735003
3695,3738179108,3620719323
3696,2157206190,2352949452
3697,1945269902,1307908031
3698,2572594175,257067006
3699,3372535947,2852154664
3700,833009953,3745368438
3701,920626784,2759095711
3702,2154506825,1916247932
3703,1097688024,3134434704
3704,1339342643,4234495830
3705,3731150442,3313110833
3706,3516871678,387039903
3707,3422415310,3338965758
3708,2923841324,38876517
3709,3000859613,3142411387
3710,2843505870,4018404570
3711,3679535292,2466672150
3712,453361745,2214959761
3713,3271133974,3718481530
3714,2164091323,16681292
3715,2492069022,3946534215
3716,3914748915,938008287
3717,1177316999,2857775110
3718,3026289753,3868066701
3719,431367084,4178161330
3720,1706714349,1623608738
3721,232644542,2268691067
3722,1935856075,2797569600
3723,36637094,2558657051
3724,2154609995,2686880953
3725,4018078601,1199773761
3726,4006258126,3052300932
3727,4094961175,1868828091
3728,1896673709,2492910635
3729,136175633,4016234210
3730,938269150,593908509
3731,910080277,3384112255
3732,3264305915,351836041
3733,3490155932,3342804269
3734,389526918,1355286752
3735,3513232869,1800413514
3736,3216567944,2494242751
3737,4015933500,483132977
3738,3982670096,491220660
3739,4066140720,3802351996
3740,3176266397,1857422405
3741,3259066396,1776326682
3742,118581277,647972875
3743,1749647252,1012381508
3744,3251414212,4091745598
3745,4292199342,3117887004
3746,3013881790,3733226198
3747,4230833783,2501038745
3748,1284927174,3566216999
3749,2828214849,3739307197
3750,1471668652,430208966
3751,3687102925,2093183336
3752,3545942483,2612092120
3753,3330109571,3043663213
3754,1707717141,1043238862
3755,585908688,355482757
3756,4027876315,3707990957
3757,1838526060,3718760662
3758,3545238080,3005107080
3759,2434009804,931242335
3760,3627121518,2883658343
3761,482662592,2048734097
3762,2085617390,1367394662
3763,4057832391,1563003696
3764,370018357,1314471312
3765,907064721,1418339781
3766,888290752,375600732
3767,436897989,1706643208
3768,693347532,2299293748
3769,3834334985,3864298897
3770,539958844,2855617186
3771,3203860168,1312911826
3772,2615874111,3860286523
3773,3426571209,4254422419
3774,2932628875,3016023552
3775,2329463189,681413186
3776,916412174,1165107091
3777,1403117329,3599754931
3778,1614458160,1634459775
3779,2248820798,2984630125
3780,783292600,796143706
3781,2571551499,2258352197
3782,1708650648,3288297740
3783,3813872186,2516720515
3784,2744534192,1413744160
3785,185489200,1150148704
3786,4243509060,3903985696
3787,2244863271,3716149915
3788,340405235,318301325
3789,2008550985,3275830425
3790,3092495185,1604233328
3791,671507821,3633138232
3792,1195509558,1518128624
3793,4080818276,3147247153
3794,2116840444,2490696249
3795,2569132277,2994027552
3796,3856274602,4054523944
3797,1320150701,543372575
3798,4248432016,2665363871
3799,3522836341,1683183689
3800,1972323103,364815180
3801,544297161,4215224135
3802,1197918813,2804739116
3803,1535740971,1871142520
3804,731380877,418722960
3805,1421928270,1921654723
3806,1292462106,524191802
3807,1632181247,151800806
3808,1135575378,2526839950
3809,3275131536,3349526152
3810,1593112546,1608861810
3811,3239193382,730141671
3812,178490045,542363893
3813,91684775,333899699
3814,2328636966,755820379
3815,3994410466,2367433384
3816,3768537590,557789177
3817,1586692198,1556995769
3818,3982768649,72035252
3819,780192891,1183776362
3820,3606661244,2416084050
3821,18892647,3516671702
3822,811127713,4255072981
3823,1873817687,2910383831
3824,491386008,887751188
3825,1485196245,3787436096
3826,2926102091,3779119355
3827,1654546043,4087696980
3828,2205954227,595168535
3829,2820674246,1236790074
3830,3848829114,785308434
3831,2778135845,1076943172
3832,1014917052,460284127
3833,3787088120,434870213
3834,419689322,158550988
3835,2327747453,1632994025
3836,1676928309,3950962450
3837,4126939519,3289065308
3838,2896920790,3170767532
3839,1251278670,2883457753
3840,1738415976,2992317033
3841,706406257,349914402
3842,2825616747,4086847677
3843,1057599368,3917421498
3844,1441657972,4183337751
3845,2265135461,1803394122
3846,3855796018,3328357936
3847,464514216,2218471970
3848,560556309,1422379946
3849,2234657072,468284179
3850,3265097338,2229941014
3851,2232492979,2476398610
3852,2374333184,2403384372
3853,1598635186,2148039351
3854,1664572285,1686470168
3855,2203014513,2743430363
3856,844590793,1117769056
3857,776601806,3712061401
3858,2754415367,2078402820
3859,2901466497,2666006244
3860,1599365633,439499614
3861,2979093227,4133710770
3862,3275916845,4189692216
3863,3815412270,2118531351
3864,2496552345,2412120667
3865,2966886087,2669997757
3866,334768064,1553643332
3867,1988224134,1144290781
3868,137441358,901689601
3869,3911453970,2420308238
3870,2018071409,587762015
3871,382473762,1984788878
3872,660403759,3277374001
3873,2326795907,3100604542
3874,2221302995,2949832798
3875,1467495693,2297589746
3876,1793982913,2816287173
3877,4028162538,2136311511
3878,1755261176,1047470864
3879,1032694072,2611252438
3880,2650226893,3928641836
3881,3358956922,2717885515
3882,147256919,4222300400
3883,394516337,723172202
3884,3235248423,413482589
3885,2178284863,1387723946
3886,4029825734,693943643
3887,3039887507,1611122208
3888,370842733,2551708732
3889,4151626342,2509877620
3890,2839515706,3579540815
3891,879169350,3316375158
3892,1685788065,3940193784
3893,3744067078,3034378378
3894,3217207602,1937315948
3895,3581164992,1591917206
3896,189694054,3580174966
3897,3003618599,1414563459
3898,1976167222,3566754979
3899,1565451073,1048983429
3900,2784426386,600751624
3901,575937264,1979139567
3902,2151875797,873955850
3903,4225975193,1317184513
3904,4153408540,2040338184
3905,159611738,3035835510
3906,3152612846,4274855368
3907,3502544964,4092747058
3908,977997282,3410064656
3909,622551865,1501821889
3910,1727043431,4186103612
3911,4153794633,4005875662
3912,939545959,1541065536
3913,1731799569,1424722233
3914,220090028,2623258687
3915,1572746729,1876299825
3916,4217918824,1275492025
3917,3378552010,3639864817
3918,2244970358,218002871
3919,3507405094,2337695475
3920,3689238479,4203410798
3921,831409889,550209757
3922,4061154248,1808795285
3923,2521823740,189854100
3924,1199171012,1135078123
3925,65690788,1637902166
3926,1201794043,3289952147
3927,554198036,3971894182
3928,2631182577,3745405896
3929,815468180,2628611211
3930,2021482544,381589173
3931,1528449965,1231209633
3932,1603514842,4027923666
3933,481576142,2791683509
3934,294917592,179349084
3935,4140094895,3508405569
3936,968113848,3613827592
3937,1913606313,1741934843
3938,2606606372,2757459389
3939,3850296840,3061559595
3940,3913804727,485372812
3941,2450601039,2305033891
3942,663309923,1069296923
3943,3336569185,4194112148
3944,524550887,850814127
3945,2081226763,979143806
3946,1569574829,3517983607
3947,1803268017,1326088728
3948,3476921879,3301858963
3949,3809955176,3969587901
3950,1576226453,1985173051
3951,2954847269,2383623761
3952,4132608464,926645006
3953,141666276,1393062723
3954,2905214434,4050092947
3955,2119257737,598310969
3956,2810768489,1363210016
3957,4206345227,3627935538
3958,2884470928,4289281727
3959,1158625295,3618169472
3960,3823085576,3853027292
3961,3440037767,1597821909
3962,196532922,1837383606
3963,3437210506,2753813359
3964,208674045,3542895124
3965,4061715018,397542211
3966,3278647970,2895338862
3967,3794950142,551624913
3968,1193748808,1219960120
3969,3821105583,3373883056
3970,1936334325,3140146487
3971,708843135,3489987537
3972,963880248,3893783702
3973,4148492690,2501080276
3974,1722235017,2327358224
3975,3078443538,1686535005
3976,3135016237,1045051229
3977,1147022001,1821690541
3978,2684423317,1306728941
3979,3018745820,4111171266
3980,2645480086,4277612950
3981,3095010408,8012660
3982,2233160691,1250429118
3983,63818849,945963857
3984,3041964073,2415132771
3985,3387814371,4042560639
3986,2380589931,756280578
3987,28960463,1187196475
3988,2439190431,3430656250
3989,2172732599,2515680584
3990,2347366332,2570180805
3991,383486803,3876328433
3992,2441791979,122257586
3993,3729685424,3701782717
3994,909514412,1037341156
3995,1755215741,1390445584
3996,1749093605,159351219
3997,1919715691,3497672695
3998,2339537323,1729499797
3999,3015052552,232318679
4000,2241922122,943473957
4001,2805022,2744062025
4002,1756175002,1900282314
4003,3023688645,3738834932
4004,1181198405,545497091
4005,3733286834,3305021954
4006,487708523,123970045
4007,3630708277,417018419
4008,192009506,2377343710
4009,191116488,3706885994
4010,844313846,1307417797
4011,3447065744,819805215
4012,2422560418,4047438702
4013,1821406394,990622503
4014,585609881,3766601616
4015,1110171811,3590774409
4016,2087545974,1175975756
4017,3986379879,2805681491
4018,1709771372,481823099
4019,3492917246,2944111024
4020,1544404537,853928602
4021,2459406428,2037073249
4022,1930961490,690675138
4023,2635687579,549860843
4024,2290192830,469374604
4025,3967258693,2086467897
4026,3516452922,2349774852
4027,3093384021,986490339
4028,2961168848,2073616183
4029,603615794,1874849288
4030,3661404524,3718922711
4031,1798734180,663587071
4032,2755440063,1062111809
4033,14809658,786265346
4034,3413252297,2413023932
4035,2231690108,1157703614
4036,872847081,1617081764
4037,1034122500,3960731439
4038,863521829,3426587860
4039,1700977211,2856475495
4040,4203806729,2761228372
4041,2291787105,2540683643
4042,847671323,2270318011
4043,1814603129,306975721
4044,1752211066,847971717
4045,205756165,357179288
4046,2864841428,2174725188
4047,3112567960,4143308719
4048,4287535085,3750246730
4049,2199325652,3431183962
4050,802875042,4083008702
4051,316504965,848169531
4052,136130355,1432572277
4053,311959566,3606066355
4054,3315892994,3701582976
4055,3982087648,3473595160
4056,726826066,1278797273
4057,4292463102,1090412184
4058,439040813,4002314958
4059,3566867658,455274117
4060,1449191083,3565631397
4061,469884369,2080529692
4062,3502649228,3281592140
4063,3015903223,4000121332
4064,1258476708,1352682200
4065,593351055,1721213573
4066,3034831385,3392026406
4067,1001596137,2509560099
4068,3135980734,2282175427
4069,2648792448,2157110268
4070,2087834536,1095548106
4071,2258298346,208102304
4072,2665404377,1786142026
4073,3231673515,2587293957
4074,2353618926,3889760846
4075,1361922740,344295878
4076,4144850857,2020091218
4077,620044533,3834199379
4078,2643710080,2806293634
4079,402115425,1229672552
4080,1995099400,870735353
4081,3325071117,4084808565
4082,771348549,1458167486
4083,3370063005,3405458433
4084,1675138779,1945530821
4085,1366951194,69167970
4086,720433974,3340281019
4087,2790459101,2725905148
4088,395343545,3580755947
4089,833362266,948305603
4090,3798401849,1827041485
4091,1107584281,4245665778
4092,440625930,2694991009
4093,2472543227,3488948090
4094,4042941684,4015474583
4095,821289478,4077989093
4096,2889433783,2811453282
4097,160690304,1133531901
4098,2281349985,1882527066
4099,2706096106,2170142389
4100,6554257,3237258448
4101,2264544202,3653194247
4102,3504431851,1275778296
4103,1798564373,3291359730
4104,3629737101,3823756010
4105,1843356617,690842416
4106,3043385434,221121461
4107,1422819692,1195474617
4108,411771069,2578634328
4109,4010500243,2890877796
4110,3761332991,3781089109
4111,1102216648,1295596399
4112,1667064282,3111907517
4113,598641481,719999595
4114,2856163178,1950827832
4115,46906178,14770760
4116,3252417523,14485281
4117,1260144641,2803339421
4118,2174560495,4119288319
4119,3030093647,3383648963
4120,1798550326,3152740377
4121,3086667292,2799824973
4122,689838336,2246810393
4123,2918445055,663800829
4124,3514865881,1491789267
4125,2447436564,2386589851
4126,482838517,2872598130
4127,1796435145,3191836457
4128,3030310870,3965810071
4129,2212570340,2561502014
4130,1220746266,2359069371
4131,1128890106,2763485086
4132,4267122321,2377423147
4133,2904767027,3434035715
4134,2260918049,1443279220
4135,2046076914,2233884000
4136,1280884631,309438382
4137,786708994,4127910252
4138,2636248272,3485508383
4139,3570336941,2949052174
4140,3205328512,1203198867
4141,1232181806,879285201
4142,1018724788,3964567512
4143,3175934355,1427680834
4144,2603840506,494817529
4145,1556439772,994210409
4146,3813525747,3571610926
4147,270745242,3535337901
4148,2314791202,1632928498
4149,255888076,3495818391
4150,3711548864,3073072624
4151,3132676224,1311982842
4152,2495185620,2457493726
4153,948519941,307769902
4154,288648225,2544040992
4155,179326297,3438648915
4156,1618409044,180197522
4157,1765345354,2355039461
4158,1312679442,3585137284
4159,2902733517,317162356
4160,3688765689,3105533090
4161,15181753,2103297605
4162,1980713873,2000000367
4163,1893310927,1989862339
4164,3639350367,3484085328
4165,379385068,3593735488
4166,2284268908,2753099598
4167,3705269897,3839634678
4168,3223289773,2259925735
4169,3534996312,3423297552
4170,4056567988,2704224916
4171,3226281498,2832184426
4172,4114931709,279578828
4173,3117571232,1741136565
4174,3129120227,3786941661
4175,4025400956,1096630220
4176,3889919765,580343698
4177,2920014505,3301640096
4178,2576079686,601219679
4179,3196988631,1817706384
4180,428530429,3313772944
4181,410921335,1450651819
4182,2000968767,3156417498
4183,1690012062,878623414
4184,2759862298,1200440546
4185,2447647675,222240298
4186,2818205490,834601911
4187,2291533116,3908624691
4188,1308984740,680318014
4189,681452924,4083346011
4190,1779154916,1796371631
4191,2735805183,2507623404
4192,1329827405,3587742967
4193,4023128072,243656020
4194,3563715374,4157125667
4195,2324011944,3369612325
4196,132148560,3491368604
4197,1124558549,2834368888
4198,1416607323,2987917175
4199,4130629161,4074637547
4200,618533233,2612485846
4201,955777833,2111404768
4202,725275527,36644834
4203,1477144418,1018267115
4204,2298578865,371703963
4205,2265485834,682502049
4206,1014664558,1729380364
4207,3610774309,228804422
4208,1384599334,3659188504
4209,3608772727,3825768452
4210,99970172,369365888
4211,2804789345,452947706
4212,890406609,3375378738
4213,3705279125,768917913
4214,1335314417,152098346
4215,1246739685,1768318912
4216,129696652,3748177373
4217,2661072201,2982110900
4218,797352883,4031825920
4219,2246539051,3276220840
4220,189167594,928894316
4221,1926362071,1357990036
4222,3654124994,1167947973
4223,1204543096,3123715431
4224,3994779676,3176487397
4225,1561439504,3679955185
4226,2126557289,3883558261
4227,1903764975,3511059327
4228,3982036653,2572175214
4229,1561712011,2785294768
4230,322702713,125242377
4231,3237995056,943567154
4232,2877714924,3560781489
4233,3536037137,797890372
4234,1784353281,1503892247
4235,192804748,1408088087
4236,67732490,2906083537
4237,2777880462,2726771623
4238,724841439,4220310174
4239,79637112,1513843793
4240,836799132,1823274616
4241,919618149,3188876905
4242,3976419403,2839076806
4243,1195709070,3939013222
4244,1199612036,2225937628
4245,563159244,3253168039
4246,3030180616,2405545198
4247,927144374,2256087568
4248,3670770188,1090066161
4249,4223712873,650640290
4250,1840309647,4022941723
4251,1361485039,3515724734
4252,3588000754,3628818130
4253,3506429379,3250168922
4254,1135780960,1398884003
4255,4041953311,219575385
4256,4128758423,1752226213
4257,2783099541,466370791
4258,2763790957,3922577647
4259,3653540661,1255149671
4260,518116068,993430668
4261,3004520442,3192406591
4262,615086831,2012274232
4263,1969716661,3939167299
4264,3236137853,1680779054
4265,2147615963,2846676523
4266,3552155255,1583111295
4267,3482836812,1873347670
4268,3149327123,3480304649
4269,3158554457,4143801937
4270,2679550893,484049418
4271,1906695884,3489064103
4272,1944887077,2958201823
4273,3774982913,2802408363
4274,1482540817,66309941
4275,4149051022,952047071
4276,1259260608,717557922
4277,3632725643,2465435018
4278,3986962720,2333423947
4279,981565536,2880808437
4280,1530733030,3568260306
4281,523391654,4170478280
4282,4189174453,2942598254
4283,302564614,1037840218
4284,1604848146,1786646451
4285,2208745863,3666834583
4286,139894092,3081526713
4287,2752603859,3212252468
4288,3796863827,2375602159
4289,2006563553,415882877
4290,1483926243,1137414206
4291,2701100788,138761176
4292,1409610340,1751553480
4293,2202730304,3777420359
4294,1223734065,1869218576
4295,2353083194,3456796180
4296,4007846665,799535800
4297,3807433544,4024685120
4298,3953938308,551062069
4299,700656618,39349690
4300,3682073365,3719139669
4301,2797366015,2674381910
4302,1469087438,3628724896
4303,1367068586,632140910
4304,3675417886,713692011
4305,1082994310,1947182104
4306,1324226856,2433773470
4307,882943597,10476559
4308,768597307,2992399083
4309,460462063,4263682187
4310,1752481320,3963693010
4311,160038896,3755700847
4312,4169891243,823393487
4313,1895076020,2681031370
4314,3199097189,3826655616
4315,3319445284,618660851
4316,4109478363,2252585715
4317,4171206398,3534351837
4318,558432670,223703252
4319,774038851,3401289491
4320,4174336472,1445748652
4321,1283411170,1726978368
4322,428383347,759015363
4323,1255790448,2708795137
4324,1992950283,4163020679
4325,3890499726,915418158
4326,3544279284,1370177828
4327,900558011,141844867
4328,2675070054,4109275142
4329,1780559289,4213583185
4330,3176358962,4010692855
4331,3950827480,2265247135
4332,1098517627,3099166786
4333,509144097,3212845018
4334,2017817647,857423111
4335,249501359,3284474906
4336,2509620274,3492963163
4337,2405549531,393274263
4338,1283799286,1799537878
4339,2565483099,1222359674
4340,1770370539,490352875
4341,942666903,1070125688
4342,286494441,2508183515
4343,2031963982,2668921657
4344,3462922676,4231857259
4345,92419579,3401124947
4346,613677253,2370838666
4347,719705344,2707792234
4348,2566273378,1080596069
4349,2760935279,103283159
4350,1004181361,3669085817
4351,1336213131,2360174342
4352,1264510115,1771291973
4353,1855137670,911660760
4354,1176482903,2100933470
4355,2721353661,555255831
4356,1269169628,1523037727
4357,2011102643,746849213
4358,2775710055,848121156
4359,3522682217,4287994390
4360,1627906244,2365539778
4361,1056630571,3970026433
4362,568947364,1860805773
4363,4160969274,360521617
4364,4224589976,3952917460
4365,3296383414,3760632135
4366,1472695440,4157014592
4367,1827547386,3865983335
4368,3699923169,3800517330
4369,622229067,1887234236
4370,2419267364,1074323241
4371,2821334959,643270975
4372,1999210944,3690404021
4373,2217014216,617954405
4374,1373774374,3898762473
4375,2709255765,991806550
4376,697698349,713617032
4377,4209529060,3697758628
4378,3999382366,4230650669
4379,4165528763,1185086922
4380,1579168980,283473711
4381,1340705193,2115620303
4382,2773372455,3013725695
4383,4258894882,3386078960
4384,4167277293,1447885977
4385,3975254322,4062754486
4386,69236089,2067701225
4387,1533368318,3103710376
4388,3267823955,1482338852
4389,1581411333,3453521995
4390,1805285732,635595715
4391,2993392863,2078133838
4392,3186731463,3636671968
4393,2447948227,1905406271
4394,1556336587,3238827589
4395,2188187542,726133575
4396,862403833,3405799344
4397,1274455589,3727804075
4398,2038136380,981364473
4399,3240253730,59215881
4400,850281196,174034490
4401,2760133941,2291060022
4402,2306707236,1949077986
4403,733707880,604307370
4404,3401438771,3482461736
4405,2131382222,3787133923
4406,3900768855,4213273088
4407,3518709874,2034372272
4408,2401159592,3850660754
4409,2471998749,1983242953
4410,3681606407,2281199647
4411,3256564463,327430690
4412,228032972,3359853328
4413,1214356603,2231528320
4414,104263692,3325294745
4415,3738476279,2637169961
4416,3740210398,3883621523
4417,3001914980,298198535
4418,67361012,1976777732
4419,2628880442,1478824077
4420,459621057,1540760548
4421,3566883007,1794599441
4422,1328677081,1897148587
4423,3926773485,388255307
4424,702064549,412575097
4425,2561621843,1933562821
4426,2548661969,2711739302
4427,3193134024,3229585228
4428,1886132989,465797662
4429,2504765412,462326814
4430,4133267551,2343045656
4431,163071860,3615662797
4432,4116785377,3815810366
4433,3755047743,221561973
4434,3865743332,587201448
4435,1163710927,1826109645
4436,869175773,4035227059
4437,3747440071,3278707306
4438,257047189,1680680250
4439,1209494581,3519720095
4440,396509533,3879517952
4441,2930777529,1800170158
4442,233442426,623046114
4443,3234341704,1800184845
4444,1351180824,3781081483
4445,3850490845,4221015356
4446,549034016,791815460
4447,1678749246,423922959
4448,1571673467,1964949334
4449,123345338,4235324332
4450,3384936972,3783618286
4451,2566522861,3343487106
4452,3640571438,728912056
4453,3377813331,1305043274
4454,341825292,1575102202
4455,964307507,1049634532
4456,4222808461,1487508282
4457,367225548,856829437
4458,1876952241,2736481227
4459,2176086602,590277434
4460,4032529204,1876608228
4461,2274698858,3750606759
4462,1213632262,1179975803
4463,2943776893,756578710
4464,854144282,145062919
4465,2634389727,1134312757
4466,3990066640,1130699304
4467,1918015204,3828165944
4468,827249347,2020527706
4469,2311990856,2501775240
4470,3437625643,3372980767
4471,2494533130,4081893467
4472,3367070493,2078008482
4473,1602586484,4005250981
4474,33908961,1337668802
4475,1278931661,223308339
4476,1577591932,2600327285
4477,175550175,530479372
4478,705232937,3343760179
4479,1267237071,1968670694
4480,458348797,2855697190
4481,696480666,3473127535
4482,3119651874,3117320552
4483,3031564857,1955864121
4484,1784565795,3071118518
4485,2870370766,3589451931
4486,2195577209,4292066315
4487,128865664,2181143650
4488,1859670767,925932690
4489,4097152269,2969245347
4490,2484526759,2546788660
4491,3078697350,1470620769
4492,2810614430,4184421350
4493,3480774388,1034293740
4494,3077989319,216410625
4495,450459200,4251694226
4496,2909617589,229027656
4497,1369998296,3518475919
4498,2074592529,2829962044
4499,3820041971,679622905
4500,1753857220,2443077279
4501,3174267596,4109938457
4502,2671307993,3261336852
4503,3604102280,991113751
4504,3106795785,1727008192
4505,3868623727,2387604196
4506,3918821970,1920603981
4507,3172937373,585518980
4508,1096351131,4013028911
4509,2208165678,4017857653
4510,4051579474,3848042607
4511,3518582984,543425959
4512,583578541,1442314752
4513,2736535443,4232201275
4514,2552687076,745190777
4515,3864208969,577809275
4516,3520243588,2165453940
4517,560908213,872816890
4518,3399185497,4080666166
4519,638635121,3429852872
4520,3426780286,3077214343
4521,1160407353,1245332858
4522,161802975,1345684016
4523,186078368,3993875241
4524,3521620033,3793079354
4525,3105676534,700882835
4526,1925430103,3164918697
4527,2961336803,4243454177
4528,1756898065,3755677187
4529,4154235644,511588686
4530,4238752573,4087687493
4531,1139891581,2268717667
4532,1669849874,169161466
4533,1666740448,621723455
4534,3318517250,2949508907
4535,3583009924,1463304671
4536,4178675844,3043456868
4537,3358391300,720408193
4538,2720443794,1597428017
4539,2232294744,654754969
4540,2449669962,3091301975
4541,1888546399,2582601810
4542,3325830834,3376828064
4543,530759463,316380105
4544,674314389,3434313423
4545,3947921284,4013045946
4546,1890662228,2894117288
4547,2636649305,3439946290
4548,1999430648,622292602
4549,2166447217,3553691862
4550,4283043302,2881325011
4551,1613021501,1941611632
4552,4167088828,3837076688
4553,165603783,1171233831
4554,1210717492,2133837634
4555,1528733234,2134855809
4556,2479608222,3564985350
4557,3606366498,2152324344
4558,3049617290,3238437747
4559,2108913680,3094475047
4560,1823367389,2558676907
4561,3053944935,4288652560
4562,2271424290,1820963150
4563,2992951873,246144990
4564,766520503,1205257245
4565,754830372,1978686807
4566,978965912,3037383994
4567,498100301,2031261420
4568,125944369,368682614
4569,3342354322,131705677
4570,914779799,1689407669
4571,2445972637,4197980935
4572,2826171153,3350320317
4573,338082617,1508331502
4574,2877204921,3007327107
4575,3078579517,1882326011
4576,1282118188,4266906816
4577,4226787931,498680325
4578,3661458473,2328291289
4579,2159446357,2441114663
4580,1646015227,2177661893
4581,1814510490,3626979199
4582,3788765232,165037183
4583,1147362330,3932249779
4584,3554768554,1989208237
4585,1539132976,455790735
4586,3172849325,1717113426
4587,4274445417,3330112315
4588,2352363340,1020211675
4589,288216643,2222172289
4590,3612972433,3709728304
4591,1486040036,413351037
4592,3430057311,2792877904
4593,133975379,673550686
4594,1151018360,3687683961
4595,649238818,1299381992
4596,3343556297,3777425167
4597,116221056,2753903852
4598,3856336510,1957632816
4599,662968948,1860389460
4600,1033095729,330700431
4601,3731669819,4254357948
4602,2273019902,2732572493
4603,117685180,4092628758
4604,2129949510,3018058608
4605,3808799240,524028662
4606,2664735850,1379024167
4607,1097189766,2806786668
4608,1049183603,3520413084
4609,3535987296,3132511055
4610,1599734215,1798237984
4611,4081000630,1872510181
4612,4061433698,969460185
4613,484912478,1049415072
4614,3504254712,1076582844
4615,2771657592,1216694898
4616,171788661,3782009262
4617,3244599164,3598384962
4618,3840588441,3150809835
4619,3296832485,1485642691
4620,3461550203,1681465527
4621,668527861,1171518624
4622,1921805078,1404750179
4623,36980929,1480796456
4624,3491807940,4120503372
4625,3346856440,3943700548
4626,1345941241,3942999368
4627,3240653130,2988741982
4628,791383946,3304981109
4629,2240216071,2460263821
4630,448795012,3300251239
4631,115548796,2975343163
4632,926873194,3523349569
4633,3616248051,3804681476
4634,388097305,883912663
4635,1540934616,4092169437
4636,383695785,1580858661
4637,4107572476,1378930827
4638,2939149561,1276315643
4639,3265921665,2976006189
4640,227991224,2343432827
4641,511116952,2310248906
4642,707477642,2883466607
4643,92148599,3272579350
4644,620924703,3190330235
4645,3905681551,615714392
4646,1821392674,3934105700
4647,100473240,3528644060
4648,2131170591,736344019
4649,691257965,4263957183
4650,2125926546,2857709671
4651,134661824,2271420203
4652,3406527311,1604589499
4653,675014334,1999649618
4654,3379402184,2064788639
4655,21081186,4005275711
4656,2699421756,3013127802
4657,2712584045,1822431089
4658,3190271436,2811103894
4659,945752163,3175335672
4660,4080246154,3314584716
4661,2429625515,1412282124
4662,1019727785,3141831466
4663,1667443504,1847204218
4664,3332386418,1309425516
4665,2930767717,4124747804
4666,1479317444,3153491568
4667,2421827438,3526480236
4668,1111894933,2777986638
4669,1638779375,1492161504
4670,3399020871,454713958
4671,1119820031,3179786349
4672,894453235,2673358566
4673,2150194052,2836659876
4674,3228060456,237350183
4675,3903380078,3416460295
4676,2403930140,1896656176
4677,68293017,1911632837
4678,2181252009,2797516833
4679,2763310290,1190051708
4680,3120415333,3223528780
4681,933049629,903091753
4682,3068489154,1430051201
4683,1895378412,262098535
4684,4258557582,3960164802
4685,1891059468,1079577019
4686,2458382279,1285912716
4687,2157459320,2502271894
4688,2110372304,3887220063
4689,343935369,1277667507
4690,2744469873,2667778379
4691,1574365612,1483469854
4692,2626032253,475959157
4693,2281324089,2075753485
4694,3348282055,3542496305
4695,2307409634,2711864001
4696,2883358536,4208248521
4697,2089277458,599207471
4698,2000593360,136777686
4699,3281713682,3530218552
4700,130448318,1317685191
4701,3733594918,3357948734
4702,3342558321,3883822942
4703,3709281483,2015557780
4704,1972166748,2411154763
4705,3647309695,2782779076
4706,1488987386,4289622406
4707,3619033205,38502505
4708,2729439113,3038969153
4709,3028477158,3151997060
4710,3956559305,2536436611
4711,801555231,1653101228
4712,51265901,3326329795
4713,2941459324,2034525982
4714,1268994338,1096574061
4715,291978689,2011558437
4716,758362990,1002711958
4717,815105761,1751133549
4718,2306162277,3564817131
4719,4186484249,702178168
4720,280502240,3906686580
4721,2076630530,2745454910
4722,2698972705,435370527
4723,1652218668,2829864359
4724,452441027,3939784255
4725,2105218308,1650671862
4726,3836266441,1171078344
4727,1986176449,2833117602
4728,2038956332,554350121
4729,1276773050,2386170894
4730,2246432540,1540225075
4731,3754908543,2109120662
4732,2696185039,3156740845
4733,897771513,332103351
4734,1187224487,4289312665
4735,2203799292,3791951284
4736,2863387550,3672087200
4737,3419866546,419054277
4738,1196118082,1157339156
4739,2233719427,3369697000
4740,806056698,3713677962
4741,2497161168,3681404527
4742,1704947462,396550239
4743,2273479705,1049466091
4744,372843577,3546076169
4745,1702736294,1919405063
4746,3127515202,4144650100
4747,3576085139,24492358
4748,1290776201,2930096993
4749,2665779414,553346853
4750,2469692297,3487810666
4751,1811015499,1521820797
4752,514254777,2545953793
4753,2288350385,3662209281
4754,4170956488,192734357
4755,1730008137,1781523234
4756,1862781667,3371615462
4757,1562892302,489395891
4758,1659840701,2420500717
4759,2028053345,2253624929
4760,3711500743,2945486088
4761,1563588519,2014023696
4762,1796560580,1262172052
4763,4168839778,2499645296
4764,1356355161,686862289
4765,410530128,2623060948
4766,3558207833,4016944869
4767,769813638,1872133533
4768,1887956198,2355401662
4769,779495179,3698903639
4770,3094444608,1669026062
4771,1881082460,570958275
4772,3150748726,1818139141
4773,553863795,1557320906
4774,1106035957,3476646415
4775,4147315148,2909248851
4776,1985184617,3945336464
4777,3253382838,2509641293
4778,330871208,3165397410
4779,3023822510,731365422
4780,841044601,1257659287
4781,362919822,2971374069
4782,1230807782,2811190407
4783,2097250470,3488402312
4784,2671660874,3487015825
4785,2352193537,1326863907
4786,4266426136,1067249034
4787,1145552431,3885133596
4788,3284335150,730946869
4789,208271821,113793262
4790,1498959045,3076939396
4791,1222135813,3932879679
4792,432208969,1060383660
4793,2402554604,4068419340
4794,2690326360,3310036003
4795,3049238144,2553121860
4796,1302222935,573710842
4797,1410046141,2812743036
4798,3298381139,2266849656
4799,1264067210,1300031681
4800,824159108,4274167657
4801,1233551315,148035134
4802,1240973645,280156596
4803,2316897762,990638774
4804,3741720112,272469105
4805,2227313232,2546756008
4806,914836244,1171652180
4807,592525350,3120523323
4808,2397748108,3686917846
4809,3941711713,74579515
4810,2124663823,1298595808
4811,3815234654,3251397389
4812,91100456,600881261
4813,1051045741,2944221795
4814,3795915753,3776257691
4815,3350605079,437100792
4816,1905452089,1335669180
4817,2410644691,3972067401
4818,2576265833,2885454989
4819,3082093704,2009794267
4820,4087737434,3129046671
4821,2348802797,508250183
4822,2213371580,2670849830
4823,795057793,4168792012
4824,3401681880,3295545250
4825,2363766437,2547185679
4826,1277355037,3535597734
4827,76072429,3651848370
4828,2593658135,1397478094
4829,2674759754,189976231
4830,2700935544,38206308
4831,445784881,2020125649
4832,4058202386,2618213526
4833,2716398514,3608739288
4834,1279484893,3704662185
4835,656583649,4051199275
4836,965274382,3665610739
4837,3117291066,315773170
4838,438574206,1095478804
4839,2899936715,2779758160
4840,276157595,3299589329
4841,4131052776,3574164585
4842,425119067,3892458827
4843,3745802629,2076918238
4844,485029727,2840211511
4845,1113709982,114841009
4846,1133907863,2174747462
4847,3471931909,3101226978
4848,644329583,3421653703
4849,3710726938,3623328210
4850,310876445,3178544436
4851,3576524847,1888953341
4852,507321051,3255022190
4853,295872872,1032528233
4854,3581865679,1835244282
4855,474372380,3651561828
4856,1003743086,1205155183
4857,2701040337,3463192499
4858,120906595,4275140286
4859,4030797615,3504146717
4860,2251772381,167352525
4861,3985915067,1726255645
4862,711876346,1615741326
4863,3617368674,2810536849
4864,1051597349,2095453159
4865,1085431504,1842297322
4866,1717778404,3568676595
4867,325665483,1276393094
4868,1563940147,4004576387
4869,1437415835,3577505395
4870,2707044948,1740078026
4871,604627676,2432797197
4872,304066645,1191166734
4873,1723410879,1834341473
4874,844359544,753561133
4875,2569323750,1154492922
4876,918061946,989440931
4877,4230861361,4264837317
4878,2333208964,3015156147
4879,285493652,3082660883
4880,2689085002,2134886191
4881,363245002,2090269826
4882,3287168357,3285929249
4883,2903535428,3851959262
4884,3220133944,3249346656
4885,3387309004,914624304
4886,3714591971,1529398433
4887,3329242041,874801823
4888,3236496634,1444940484
4889,4004556001,3094122104
4890,2662522775,500223881
4891,1833696215,2149342905
4892,1410550575,612637208
4893,2476738324,1596880539
4894,4212856853,2924909253
4895,2603054905,4258239618
4896,1837496499,3223432341
4897,2163068602,1138606028
4898,510187207,1890385438
4899,2461443967,42368137
4900,2373316147,2949764823
4901,650205994,879031826
4902,3106382584,4269443937
4903,3798469828,1305043370
4904,2649709244,4054838531
4905,2711936480,2382293892
4906,2030099820,1095121827
4907,922807162,1081151482
4908,1738045421,2716759454
4909,1171884223,2230174768
4910,3976464856,2970655397
4911,3956852519,3939048295
4912,4180832554,1559764107
4913,1442463361,2990748895
4914,1466492180,1338992851
4915,847404753,4169035417
4916,1380978141,3707748644
4917,781910312,3216063081
4918,2574968983,2272695543
4919,1231371971,3907231331
4920,957880893,572918864
4921,1907049810,2518928710
4922,958411666,518269667
4923,3575638875,3971539167
4924,652702529,3337250078
4925,3647592390,3279284090
4926,2445125582,2362019415
4927,2378881260,493169174
4928,4110627405,2050692027
4929,4195460840,298028093
4930,391442510,1757913087
4931,2733893856,4231953923
4932,572483063,906357703
4933,446543431,3839131993
4934,653594061,3943497702
4935,1859199755,3941643870
4936,482126899,1298131940
4937,2926288238,3024440661
4938,1694515757,2685638626
4939,3321841007,2400742453
4940,2265238278,2618345950
4941,3538191028,541205035
4942,351690317,3840505128
4943,953002898,2211320270
4944,3477681824,3810074187
4945,3660910510,3671317059
4946,64928654,2464594766
4947,1095576313,4100221097
4948,1717397232,3024545914
4949,2598598033,1081739038
4950,2121586841,329329938
4951,1234620266,4134384755
4952,2667785655,3906706488
4953,2885922125,4039566166
4954,3974517400,3106575616
4955,4028463490,2597779557
4956,3129988244,374257584
4957,1135863770,3617729132
4958,3596597182,3474161787
4959,899979946,1552630101
4960,3079243058,3067096085
4961,1658802693,3641205308
4962,2607382282,2092866555
4963,629460110,1475620731
4964,1052705284,665830563
4965,16925211,943893758
4966,1633800667,3598063632
4967,805900982,3153479658
4968,1503963321,901986092
4969,1523462880,938821983
4970,249424265,1157767216
4971,3464404895,562050802
4972,2887998073,4182899153
4973,720314415,186443364
4974,331238426,1842715660
4975,2643542404,349837286
4976,3055252710,1806211972
4977,3363621893,1675418344
4978,1853152155,3904205736
4979,1442832920,2664057288
4980,2653580806,1111490453
4981,2930915731,74264339
4982,3649406771,2423055700
4983,1159308226,2483684823
4984,1566225714,10387962
4985,1952639308,3298073834
4986,2408649,3057064622
4987,2676504119,4181521407
4988,2963130512,2411309668
4989,947275447,3831207134
4990,3837460999,1321461886
4991,462401338,1246364312
4992,2506157352,3330301808
4993,2423291914,1621688615
4994,2386658930,1362488641
4995,1870446485,2133514991
4996,3913423250,1813146916
4997,3832650218,392774175
4998,1054538700,3665628362
4999,1439312061,124409400
5000,191732403,2484142090
5001,3209655150,907237954
5002,1970398239,4131236111
5003,2008431654,546404513
5004,3060147167,1799336713
5005,832741617,914712934
5006,3526031311,4002771698
5007,381248870,1504264311
5008,3988936900,778780461
5009,2106326665,2019149482
5010,1224813348,1360558956
5011,3772137430,2429509270
5012,3266405440,918748981
5013,689666268,1302929223
5014,2249957468,2792932487
5015,2954589140,1676084627
5016,307363940,3744685100
5017,428572715,577128599
5018,1481918828,2247063693
5019,4266499024,891507634
5020,3955233835,1791091508
5021,3253014953,2186167431
5022,433064033,286178536
5023,56141295,350759809
5024,110024057,1213827545
5025,1477637705,1429223528
5026,3718345124,362758070
5027,2166654382,3210303170
5028,599318950,1844663707
5029,3456889440,4014403931
5030,3098731043,484226125
5031,2049506136,3237969287
5032,3443193561,2873990075
5033,4023548425,526648166
5034,3002221120,2115571874
5035,2919095485,3718425124
5036,3676604040,1063665420
5037,893504818,3900680879
5038,2417419105,3093480314
5039,3274067676,3786644732
5040,1405774491,3904952230
5041,3451502391,3032070460
5042,2981847320,4031866515
5043,1855583572,1290695314
5044,1448670445,1039326698
5045,1349214575,2948233069
5046,3029694156,3416481542
5047,1406371498,2822384583
5048,1138504201,2028457036
5049,1983080487,2897187739
5050,2110206524,2236039765
5051,3953066108,3434565299
5052,2038444852,4053889071
5053,2201424935,725287005
5054,1472944958,757087589
5055,2839292008,2065534019
5056,4191984363,1770379270
5057,985152203,2183879108
5058,2177483611,3412460781
5059,2382171850,1955562256
5060,2830058456,1892693408
5061,1515722226,3135626450
5062,1143556513,780931533
5063,3468081871,973673847
5064,604344632,2089347076
5065,1383702281,1350779072
5066,1384740709,737201453
5067,4040737719,2029778151
5068,4251233248,3054306640
5069,1795908204,3259420259
5070,4019902511,1792989030
5071,661859936,3061555359
5072,3967971892,962662811
5073,4199598486,1897790066
5074,2402122951,69760571
5075,906239805,1460501196
5076,161438796,3416607677
5077,2697135527,948535380
5078,3464967708,417564341
5079,550561278,1855407951
5080,2978497257,2181505485
5081,2205351523,2716395666
5082,1264646076,597961487
5083,3883725719,2121700813
5084,1489751312,3072603943
5085,206727460,165230375
5086,1873803903,3364214681
5087,2364150767,1018108642
5088,4041699856,2528223580
5089,3389707522,4057231921
5090,2247194551,2380255992
5091,3422520500,2275266104
5092,1447704832,1672565481
5093,1009518357,1952880127
5094,621926194,2113795315
5095,3775169001,2937937154
5096,1443542997,4038043189
5097,519234061,2303296545
5098,350161364,2155012135
5099,1230739430,1388031388
5100,1330515093,916478765
5101,1430361243,2239323183
5102,2643077426,1902215537
5103,3442256356,1757395734
5104,2868365948,1390145749
5105,615782304,3035205653
5106,1850266752,1535450976
5107,4022678380,4114942420
5108,2092589240,2303733342
5109,620913966,535734899
5110,1565896285,2662681411
5111,4216404050,3430622477
5112,1463409055,986764094
5113,3981180122,911699909
5114,3368961010,2925256786
5115,380663530,2557011514
5116,365584732,730053363
5117,1708685356,3345180477
5118,828663042,3675704607
5119,88803296,1410376933
5120,2040944679,2055932464
5121,3875458998,1651375382
5122,3725203058,1680158161
5123,71768592,4067610334
5124,128474066,2752065658
5125,2526128859,3267370585
5126,3667524862,3764421980
5127,1171227101,3919895065
5128,192618439,2316738128
5129,2029697862,1649075582
5130,3722444143,3796007820
5131,1815316118,189140917
5132,2160612390,381618461
5133,3285643520,67537075
5134,2737373339,1996539227
5135,3833463238,2597962574
5136,3577411426,3791985099
5137,4043875241,1723298805
5138,1254347767,2449171889
5139,655908489,1424644599
5140,3051648333,122121334
5141,1391777163,3019045714
5142,3237995657,2139188958
5143,2981465470,420116883
5144,55829267,2524516121
5145,2567319019,1154805332
5146,3419870582,4208875963
5147,104986762,214763695
5148,323231842,2159442234
5149,2118996742,3182608562
5150,1368578832,1362804320
5151,1424692072,3626049147
5152,863894057,110627638
5153,187374229,4163359209
5154,1732795273,1095036004
5155,3943759669,1170752000
5156,1781697678,4196202354
5157,1338604223,4204930155
5158,1934357744,2076996860
5159,3077288282,1596081397
5160,3914510010,440270137
5161,741584888,382431604
5162,1616699614,1683779014
5163,1957462365,3581935540
5164,1953312990,1637468617
5165,2628101445,1287157433
5166,699349283,260146766
5167,535622310,3594740906
5168,2244724499,2172684328
5169,1477634407,2151533866
5170,2734650616,176860454
5171,3228175304,3135640721
5172,2742690657,4151678435
5173,98069930,4243797991
5174,96999964,3690776288
5175,3623400057,658246000
5176,4148799202,2469167290
5177,2972017192,1682171335
5178,2976776088,127549178
5179,3712082487,1223591384
5180,3253281844,29390600
5181,1217726179,3943654296
5182,3781904935,3908068582
5183,2379360304,1777732816
5184,1469448201,2754032430
5185,1702499202,169382895
5186,3326230759,348816509
5187,1166155464,3437612479
5188,3443040581,2067252984
5189,4213036141,4277692044
5190,1939521541,3071962264
5191,1490341064,2880121436
5192,3908575662,1775152724
5193,1971285704,1015708310
5194,2355261947,147385402
5195,2314431093,3166401853
5196,1930083659,4165309447
5197,2967088218,309296581
5198,1601423538,1193527022
5199,3939953536,3225238321
5200,2498689594,1954262811
5201,1050305070,847328567
5202,690811745,2430352292
5203,1599181025,3804151408
5204,3304935079,4011823827
5205,3357187667,3053089361
5206,3787900123,2377506473
5207,317372117,4202452665
5208,3258363245,2329739711
5209,3841708704,2008313226
5210,1264329495,3132047752
5211,686437768,22245415
5212,2772129285,259938227
5213,814329592,1954741143
5214,2944607795,1441907599
5215,2749452721,3716332719
5216,668951584,3347741335
5217,2688233517,2479030683
5218,31495538,2381517827
5219,2056603253,18052346
5220,2569692248,1501961771
5221,1635835784,3525661258
5222,877507760,1978262012
5223,3651489405,1931405303
5224,2100305736,174870220
5225,2784830628,4110708182
5226,744302096,1869389993
5227,2608015807,2487639989
5228,919758141,2747699969
5229,885717223,1165488530
5230,286493836,3556272688
5231,1892001133,159295631
5232,1857808473,4065157817
5233,1705570721,2639780660
5234,134308239,2686217644
5235,2720194935,2560005240
5236,1065594961,4217568589
5237,2025793077,1034611240
5238,323012905,2098500031
5239,1188589435,188990446
5240,768767712,4019947804
5241,46574471,1236307520
5242,561130460,1466756604
5243,3845825240,2427591221
5244,2640230248,1123361587
5245,1036108945,888487738
5246,2939101496,4048871635
5247,705205052,3298326772
5248,1530201650,4188018916
5249,2241086123,2904576762
5250,3051728171,1217882597
5251,140078187,282656048
5252,2673331873,419541899
5253,3069731296,3244835411
5254,3796085954,3983187586
5255,1823425231,1776990783
5256,439023156,4060371906
5257,3647396866,1459144956
5258,1580544849,3003813615
5259,4088561854,3090476804
5260,3607575788,1834982380
5261,600715393,1516817245
5262,1578250158,594153820
5263,1729866237,1232445052
5264,227613501,3232341229
5265,4028834950,2512186263
5266,46560575,286257648
5267,1080005359,151079784
5268,4064761390,3981356147
5269,147969935,551211635
5270,1982201215,671442969
5271,4173680378,633821658
5272,1918822551,4231857751
5273,1187494161,3255750060
5274,2371747203,1825787473
5275,1868372565,2788489085
5276,1324111774,3750702919
5277,1205946289,1990040820
5278,2382190458,1701621973
5279,3310525075,2646295726
5280,1535613134,2407405150
5281,3143605409,4211859460
5282,1371045956,1718571937
5283,2008298268,259883052
5284,3408835863,3742219214
5285,2886148593,1727902068
5286,1327339597,3401087677
5287,2124189351,2014884106
5288,105593187,1980546840
5289,1300911056,3692442127
5290,4193932584,1353464740
5291,3636370535,750967112
5292,1836926526,4238019077
5293,1927706755,648509928
5294,54430072,4208572805
5295,2418929264,1892061521
5296,3390795887,65793730
5297,651071204,3091311291
5298,358406349,801573424
5299,1189265935,514638704
5300,3402008222,1568238835
5301,1488730388,1812046976
5302,742657467,1252037064
5303,328487682,1269697796
5304,2810159352,2528027792
5305,1064411208,95171662
5306,1684806516,3885174364
5307,123729493,1296130928
5308,3408951679,3530263447
5309,1205900656,3225319803
5310,4237903159,3979526291
5311,1405495848,289389155
5312,2364816422,4201449869
5313,1701825118,818675779
5314,413978060,2822978561
5315,2746525062,934021088
5316,3616259716,2805390533
5317,2872490889,3915780306
5318,4105375978,1156901100
5319,1131244573,3838412568
5320,859428394,4131491944
5321,913229908,1305656206
5322,65258278,1322102079
5323,190898757,2519474634
5324,4062278641,2801393832
5325,1471710750,3346601502
5326,2820133315,1391344803
5327,400327252,976803294
5328,4188687961,2518308567
5329,3158833993,1155255895
5330,653369630,2671192895
5331,1218406039,810431735
5332,771179153,3135179432
5333,1896155171,718195405
5334,3491824707,2171958214
5335,3851067127,3468241984
5336,2094046845,935684208
5337,2365470642,3283060661
5338,184681590,1484717369
5339,974182320,2095727733
5340,1010712483,2403229399
5341,2190371462,3631679493
5342,3020890185,394339198
5343,1354965258,1311878057
5344,1359436354,2632722876
5345,4087851973,581898097
5346,3711835626,2875757809
5347,3471378379,2267801930
5348,739379363,649360535
5349,3452803616,2902380548
5350,2948401636,2838692891
5351,3736099364,4289730723
5352,1801628446,1318104134
5353,4264556510,940603530
5354,441631028,3609543242
5355,217604558,2464907900
5356,418747502,4172987048
5357,3849857810,1376929471
5358,3814291711,1114689661
5359,1150887260,1469371394
5360,929523623,2536511776
5361,2850989998,379467370
5362,3731914051,3660633635
5363,3939942479,3731758457
5364,1765285152,852973977
5365,957949358,3848714251
5366,2821817464,2124408376
5367,2405944519,3377218964
5368,2837307576,1291129234
5369,3025644957,908327121
5370,2103541903,1845917165
5371,3816325335,3083547568
5372,2669753766,2867013436
5373,2334164204,245155838
5374,3960762226,1510659375
5375,1589243503,357145208
5376,982819538,1278509351
5377,1998062357,1578232527
5378,2552860072,172971531
5379,2584212902,4047933388
5380,4073977887,2070441172
5381,937132055,2829591053
5382,3169926299,835935065
5383,4146082922,229807781
5384,3289160508,3368900354
5385,3121422761,663348372
5386,3644446741,2021018169
5387,2774149128,2534893185
5388,3945815173,3420799008
5389,4105246325,533679056
5390,428110858,538124746
5391,2007666312,3244439615
5392,3550251463,2167650957
5393,372070965,976115260
5394,270480512,3990644552
5395,661042983,1201646994
5396,3251098406,1990762121
5397,1338167319,3393718933
5398,2915525655,2822974488
5399,1777414677,1976112632
5400,3116698700,3474548906
5401,299666730,2743561260
5402,2403872726,2388373133
5403,3706190703,2328107592
5404,1389060074,4147619812
5405,536243537,2058348065
5406,2581113759,1260070804
5407,432714890,3537878112
5408,2008890880,2014433293
5409,3755446782,1733029
5410,2430641738,2347770098
5411,18689950,1915406245
5412,960037065,151124871
5413,1025877881,4166063967
5414,2962403356,2380913218
5415,884550100,1654252370
5416,569869237,2307125964
5417,3785893333,211496193
5418,1196170460,1314654748
5419,1579690071,753033203
5420,1065245958,220098833
5421,1862404681,2763661679
5422,3878457580,4066481572
5423,3541329140,3665546254
5424,3647902481,3517944450
5425,1788503159,1544006877
5426,3834018013,2585221747
5427,1478782835,1517902143
5428,1820776278,2334204178
5429,2078654560,1332077811
5430,3202192148,2357484750
5431,2606611499,3836639040
5432,3082912423,3920301841
5433,1966148813,2170817941
5434,3250083257,436408894
5435,2867664894,1893281180
5436,172535063,294743320
5437,3802275490,3128693537
5438,2411187513,991808141
5439,3020558353,3418971851
5440,4000299684,4085840827
5441,1046343961,1929532740
5442,2410460646,217316273
5443,991909038,54111251
5444,3772084491,306824501
5445,2423453777,1996584962
5446,544162381,1478726722
5447,3438693790,2144592887
5448,2918475964,1682211636
5449,1016914285,1886215557
5450,3063101333,2691669259
5451,3697150725,705972588
5452,3135903450,2689467844
5453,4262752898,2116026975
5454,2026200736,3004198954
5455,2973225512,532200096
5456,3410214677,3040174546
5457,680094181,954894325
5458,3003952351,1788242975
5459,4101811476,1169042741
5460,1511891611,874777283
5461,664273468,452607965
5462,3693980595,4248279805
5463,1109662942,3278865641
5464,4131929121,2038502867
5465,3359702055,1011896718
5466,793415525,4199603582
5467,2858686198,3725778337
5468,1071814603,1223705825
5469,3462654342,1306844727
5470,3644683727,308867558
5471,2266066861,2261962316
5472,1026850346,1955552512
5473,3973942546,2060271735
5474,4068709901,2327505878
5475,2282533804,801654518
5476,3512643216,2974509021
5477,2501457430,1806010789
5478,3366867099,2293881165
5479,1427835237,3247714341
5480,2999049406,80587152
5481,2744998581,2382486671
5482,297018576,127708839
5483,820225703,3678992355
5484,3269194556,2011691913
5485,725188898,2588239746
5486,2024036652,3759319000
5487,2209725804,701909036
5488,2317923658,2369997676
5489,213310026,1643746843
5490,671205141,878784326
5491,210666468,548739010
5492,1119870525,1185710344
5493,2524738209,120628110
5494,488867861,2070687726
5495,3892502181,748913766
5496,3373452942,2674828633
5497,2292947727,863090651
5498,2190138282,3033560798
5499,3858832885,4218851515
5500,1917074026,2587082802
5501,1411980590,2760627240
5502,2249210856,534372047
5503,2898399390,2751837487
5504,3201166460,3700954029
5505,1796200061,55986107
5506,2848451901,3213430539
5507,3630991021,1399597023
5508,1603886289,4193926457
5509,4100693200,1978990839
5510,2043296296,1754974786
5511,4016801935,192989131
5512,1363071474,2243321262
5513,3944372786,2390028111
5514,2882865564,1614665377
5515,1446449423,2279268725
5516,918801284,549970113
5517,3118393341,1193966446
5518,3239041229,11556589
5519,2027609350,1205045435
5520,4076238759,3466422328
5521,3159604582,282158933
5522,3021736889,3141595208
5523,2550993036,209583980
5524,2039299522,252287516
5525,412568024,3037365017
5526,3291091150,1213457421
5527,1078061367,2929300196
5528,3514943236,191321690
5529,3309782324,3558913804
5530,2447092548,2599132140
5531,1926789821,3680209863
5532,3430116154,3844321868
5533,2207976880,4263838937
5534,2810374246,2306833222
5535,2873422081,2766569965
5536,1795934836,177985996
5537,1525492118,1173242557
5538,70080857,982329409
5539,1338242458,1865267171
5540,526715234,3917284263
5541,2003558022,1748050755
5542,2614625211,3346385039
5543,3997885420,3001475101
5544,4107297815,1530304808
5545,4061003774,2322102529
5546,4088478183,743141125
5547,1161545601,1960187344
5548,2226443748,550701838
5549,3741517536,2012188983
5550,1144289519,1022314931
5551,2920698395,1861298367
5552,2248068197,401100738
5553,3527018972,3692042634
5554,4080651228,990377306
5555,2181558621,1882596876
5556,4188112427,1038105941
5557,3858026937,1931120240
5558,2277115224,2017950810
5559,624803024,1849851964
5560,3327739363,3406217611
5561,844038321,1975691792
5562,2574285373,815263824
5563,1355134438,489649374
5564,693755290,1311484943
5565,1337461007,1323330202
5566,2644510243,902980387
5567,836844209,1332855032
5568,1168892111,3566878368
5569,267493078,4202731495
5570,3108198563,3892082937
5571,2562547848,1955528072
5572,2703434014,407934039
5573,1695608926,1368675962
5574,410695603,2956198199
5575,2668818005,843964158
5576,2581448729,2743699584
5577,989984438,3248617548
5578,3207708669,732488728
5579,2433034458,3528724013
5580,3083872373,2183721925
5581,3909415514,374579277
5582,2663298653,689708384
5583,1188265607,4240002872
5584,1289300489,4239549618
5585,1520428645,3031165088
5586,1815198924,4266525599
5587,782905880,4186074273
5588,1976159212,3395725144
5589,3661224822,3476597726
5590,3417968765,2451822879
5591,3205193799,3372875391
5592,3011432710,3832308164
5593,1117425801,1657694254
5594,33333580,1454638763
5595,796401510,440450811
5596,3188583596,1510522736
5597,1888862560,4046825955
5598,3750560444,3308558087
5599,2223839089,2908733773
5600,2799601225,2713160262
5601,3034854658,1326654745
5602,2060052512,1571948769
5603,3195319046,2305486966
5604,714638988,2589501698
5605,1936354984,1617787262
5606,3914419991,655951167
5607,3603572366,4032969440
5608,3513671651,3400198045
5609,1221879786,1568184977
5610,1090648638,2339974404
5611,3062277821,1978054504
5612,678937909,148757712
5613,3404769021,3686214419
5614,465720490,3833584473
5615,2075180065,4253707955
5616,1283418898,3003865581
5617,2192705564,3739495222
5618,3045904708,735713303
5619,3677131862,1942045467
5620,2103992357,2632486503
5621,1559489267,698431061
5622,337567365,3793333728
5623,906835234,589103218
5624,2240713654,2107355388
5625,2834788618,2063766270
5626,2618580545,49646672
5627,3964846159,3699730447
5628,1060386338,1015617937
5629,2281009562,3906863052
5630,285379161,3014582174
5631,1232651741,1677221296
5632,634749358,1560953574
5633,702636190,3213328877
5634,3148279431,3103440944
5635,2830207548,4285184398
5636,2805898791,4264876837
5637,3954364186,3478747181
5638,4167766130,3955861603
5639,3603346752,108087073
5640,230169495,34580014
5641,3616891570,797553707
5642,60880179,949472525
5643,3184913840,3891773270
5644,203316641,297548406
5645,854184180,1218744559
5646,371049839,2375723987
5647,2025731287,3304346563
5648,1600156363,2394078803
5649,1981706423,4134465295
5650,3104922323,1517044680
5651,3676638518,2427482754
5652,721288855,3428679137
5653,818271232,533524017
5654,3271013730,3277547956
5655,3206940335,1675259586
5656,2173236118,572030018
5657,1622536459,2677373898
5658,202061409,761812028
5659,841171778,3658956459
5660,321839751,2811376968
5661,548586040,3327393653
5662,1716139522,2384295627
5663,835104423,944034697
5664,959830949,1125369275
5665,3395709477,1328788809
5666,3816554292,181123332
5667,255532602,3230398929
5668,4084293828,177373842
5669,844652912,48042418
5670,4038702891,3180017959
5671,231355557,2404989552
5672,545820746,2691179401
5673,1656285258,657678629
5674,2307089874,703295854
5675,1108590222,3205808941
5676,2374953359,1765228988
5677,1197153232,2702223036
5678,2684367296,220788671
5679,1630812508,1748816976
5680,483613590,3444854231
5681,2207623302,3644816288
5682,3861580612,4280774693
5683,1866126405,895012404
5684,2214575388,1912675020
5685,4292665714,2051997280
5686,497058283,366426241
5687,3189834629,2854968738
5688,1416395021,2154940929
5689,3002802635,2668062137
5690,243761130,96464961
5691,3459491255,2369920730
5692,3928360533,2647638359
5693,2004539203,3645335301
5694,2680590538,2170316566
5695,4129370757,3127548137
5696,3265132171,1514243909
5697,4124687629,1066094641
5698,2373450257,3827696663
5699,881427051,2956607205
5700,2623070505,1367064723
5701,2412618743,73347271
5702,1306041326,2863897956
5703,2316034876,4210117771
5704,1005525322,3994231496
5705,3221262345,3271989837
5706,2453338153,430538538
5707,1791518838,4291339660
5708,2669013301,1782609144
5709,1683512748,4281832567
5710,2454757658,3130468299
5711,1208477251,2476963708
5712,4020874799,1050527330
5713,2548580409,1281977354
5714,1644877326,1558938430
5715,564807435,3171351160
5716,1076455022,367879870
5717,4034302876,2657467971
5718,1655001438,471111733
5719,3645920825,1834846268
5720,2708791730,1123795599
5721,2501205363,1877853338
5722,3923732462,950209413
5723,2708867743,1671654124
5724,1688111917,2480446844
5725,177556432,2392651175
5726,3725352647,355183571
5727,4014346637,1785627803
5728,1814753241,1989285945
5729,199962897,2268167315
5730,3572357461,3167375490
5731,2536413302,764876303
5732,3224319654,1393999133
5733,4186398395,304002983
5734,1482081779,1504481170
5735,2650035559,3280722973
5736,4233062315,3927612964
5737,133951798,2182486955
5738,1115469528,1829255258
5739,1079791083,711648827
5740,4123552379,1224773353
5741,3899240760,1131270759
5742,395648511,3708325911
5743,830364330,776529362
5744,3547168646,631613218
5745,4012751048,3111411650
5746,1587941010,1661785604
5747,1911825448,3226039970
5748,1532660880,412146510
5749,1406777204,2094681330
5750,3285694479,2647055440
5751,2921205476,2412974518
5752,2543163813,1237423242
5753,2961462613,290311522
5754,2146689026,3034250066
5755,2106039963,2645106634
5756,1153666961,1032947752
5757,2466714665,2651144738
5758,1103335912,4267850050
5759,1278184183,2416875783
5760,3225076265,460636856
5761,2542431446,3881035273
5762,2550725150,3921933248
5763,1847873243,1624030141
5764,404027812,463711960
5765,1663532212,2708186468
5766,445048684,1831780199
5767,185307001,3800187590
5768,645321579,3928198163
5769,2137153958,4019558819
5770,1501673901,3365611923
5771,3090280471,411760551
5772,1079587534,1671113611
5773,2786654222,3684915006
5774,2587227330,2581412892
5775,2971235348,4119512403
5776,2899706576,1789239336
5777,4245333590,179904632
5778,2445698166,4168143683
5779,4099526802,2701167535
5780,120914263,3564560669
5781,1156180440,50193367
5782,1133015825,1852624404
5783,4037331300,40406435
5784,1485293984,3157691632
5785,2545989209,3636461220
5786,2691763548,3389443889
5787,3129179025,1878802145
5788,1809259593,1343993889
5789,2207347878,3303997038
5790,230270628,2135247903
5791,348813394,236857596
5792,2400493858,4213431005
5793,2100132858,2407491265
5794,2551711923,390698322
5795,3100287668,2577085379
5796,2132200378,4171591855
5797,1784334794,2158478615
5798,1594990363,2024160181
5799,4071351586,1170755581
5800,1341367941,845907337
5801,1598060948,428480612
5802,1579738125,173019591
5803,394645113,91638675
5804,1729991388,2129033784
5805,2106161055,2240118760
5806,1009613410,1702178900
5807,4283369874,2894457995
5808,1589719566,1298300441
5809,1754859406,1451931241
5810,1165268218,146104074
5811,714890991,3386743456
5812,2306615215,1725900157
5813,3165776907,3429387493
5814,2804506355,2070236671
5815,303589768,2307020498
5816,4194674076,3465133507
5817,2557893159,3741682235
5818,895542398,2786688602
5819,336142761,3013422291
5820,935276375,409337875
5821,2564909533,3571812353
5822,243856688,3646342291
5823,368138695,961555025
5824,3107733709,2805899215
5825,362476479,3962564652
5826,910950249,1466261017
5827,2105117946,1751517450
5828,3493575593,647640902
5829,1318570446,1848256671
5830,1113854265,1275231587
5831,3358159384,1986890292
5832,724182157,81554119
5833,2563627344,3105689253
5834,1595858115,33422049
5835,341388928,1787900817
5836,11534020,3562660647
5837,295120543,4019425305
5838,2094146333,797910257
5839,780302309,2839367257
5840,3600702551,3395438917
5841,3213027709,3927946464
5842,3070901579,2364862081
5843,3838281306,901514355
5844,2509588444,3642206959
5845,2427843595,2768356746
5846,3903119665,732537106
5847,3839726960,4009112631
5848,2550429545,4286540544
5849,3418546109,1374888943
5850,2526266183,2220227624
5851,831640442,1103944128
5852,1949058597,2065516794
5853,1643876977,2454609563
5854,1694682827,1782536437
5855,2813174886,2769728709
5856,2710736737,2035729848
5857,4288953502,2647866440
5858,2127548453,2970774981
5859,497908288,1778172304
5860,3997255026,2974765615
5861,453224101,978938602
5862,2503022734,4152364136
5863,1915809886,933468846
5864,3948662307,1802907738
5865,3244493548,47839844
5866,2816836755,2402939246
5867,4186573352,2476299620
5868,2703597487,4109534820
5869,1222553127,603249435
5870,1046091242,2859142480
5871,3758758073,3018620592
5872,1629667510,1334113129
5873,532126124,3974023229
5874,2093978189,2398562545
5875,1581831374,382639525
5876,3740787302,632639345
5877,1977439323,121504476
5878,899491312,735693998
5879,3041837377,1540142216
5880,3250334130,1129503127
5881,3586340119,342262087
5882,3746568263,1301180256
5883,1464490763,2351416689
5884,2571998942,2799755266
5885,1499341237,3875492658
5886,812724001,2679880382
5887,2805315723,4117616584
5888,1973158671,468324416
5889,1246668753,1705355921
5890,1210964459,3456876458
5891,2433272835,2250951157
5892,2576736423,645847519
5893,2510511751,1441638621
5894,806090366,4265176166
5895,2521182876,2769121852
5896,1386661974,1147854182
5897,4263902592,3875815973
5898,1932424202,2270848293
5899,138555773,3022699418
5900,2212200235,3422687632
5901,1811107764,1211795336
5902,1119623286,29029965
5903,4159024463,2971420532
5904,2120081990,3417029565
5905,2159880908,659881907
5906,2574499838,2902114210
5907,1057824696,2598291077
5908,61892965,3362589823
5909,3708095307,1438239054
5910,4058446557,4271366086
5911,4178902499,2827793233
5912,3015538775,710542365
5913,2319800204,837533521
5914,908868886,2251699825
5915,2153390065,1610545069
5916,3073350211,2318661173
5917,3365721712,1783670191
5918,403510393,2722767229
5919,3939454520,719043503
5920,475814522,1649617997
5921,1970892691,4236999584
5922,1240422678,3961092543
5923,4218734192,2800876840
5924,350487053,3515985295
5925,1631167,1613220991
5926,2442050696,2896459211
5927,2246864743,1639816293
5928,135391111,1166694226
5929,2831328023,3814853794
5930,1755813287,4231374585
5931,3631492462,1438577420
5932,3873551298,3048455633
5933,3282758222,2201380469
5934,1116717791,2967785641
5935,3764095253,1959616497
5936,2718502643,2363662521
5937,4180855832,3326637219
5938,3061978176,3545393517
5939,1967630053,1368345618
5940,3002303272,893776429
5941,2420813315,3942834701
5942,1960784902,1595943980
5943,3651672073,236302014
5944,2407792381,4139887250
5945,4225301683,2984435771
5946,1838365716,1364930537
5947,1210489500,2690949882
5948,4125078502,1166364309
5949,2009937111,1722060670
5950,4221580284,506310587
5951,1176924019,3498692758
5952,1355290244,4235366446
5953,286215816,1620567477
5954,3810029063,402685701
5955,902288395,3959048789
5956,664577704,148195971
5957,3665174156,2435461729
5958,760601023,1000948626
5959,1512842062,1757037983
5960,385090028,703220856
5961,1341168520,1825240330
5962,3434548424,2132683743
5963,2297254335,4141304653
5964,2039397010,3246930602
5965,1967723132,494805316
5966,3083961887,4086263823
5967,1700173654,2891794376
5968,284527372,1369754736
5969,2468291334,3447694533
5970,2558840729,84156150
5971,797576034,1569271547
5972,2989096497,591193248
5973,807174150,1254086132
5974,2745045256,2954933108
5975,1448811319,1870817843
5976,2457982089,1501271505
5977,2852434081,1408607761
5978,3187760009,29967562
5979,997594897,55712802
5980,3407687867,56778936
5981,3427181054,2715658050
5982,391435650,3012056792
5983,830389616,2469545041
5984,742163988,2950387861
5985,590697739,1576715473
5986,3139062241,2843486785
5987,3068399282,2864158523
5988,3514363979,4254130662
5989,558827923,3559290672
5990,3487317005,1120874576
5991,1139457091,1013523570
5992,2553813042,4187654599
5993,4244414477,3169161046
5994,2002500115,2900784113
5995,52599295,831796509
5996,1404530641,2824116097
5997,2012155415,1848766643
5998,1402537249,1422961824
5999,345934687,1775569986
6000,1466481425,1806479981
6001,1096669588,1103953725
6002,3079385283,458044712
6003,4091916618,15011932
6004,4233537068,2493142566
6005,989167301,360831017
6006,815734323,4263051787
6007,3095127167,358197703
6008,1517856421,3100651825
6009,2603098003,1614776074
6010,2208058430,2333041605
6011,1231728467,2307522494
6012,2358829939,3244475792
6013,2385488392,2747377272
6014,381444191,1993560607
6015,3427691908,2391226039
6016,1766586634,2735699183
6017,3678205407,4291098342
6018,4116829340,1108921130
6019,833904581,885617684
6020,4091084419,4030442494
6021,1830156391,767623900
6022,2436324363,3200910897
6023,745941840,1065844695
6024,3398935582,804823351
6025,4238023060,1075169240
6026,1788026432,3845770831
6027,574113613,1123567319
6028,1894758021,562715185
6029,1104537306,860202423
6030,1557517309,2039730062
6031,870978984,203683935
6032,871462125,933642906
6033,2969014587,22729056
6034,415947315,900294587
6035,840951125,849308052
6036,403792879,498797720
6037,3120538361,4180566796
6038,4189331721,2628832459
6039,3476211619,538191295
6040,1864066112,761947830
6041,1912591529,1445878632
6042,3862729372,891399401
6043,4186586571,388831831
6044,2018728082,368691794
6045,2070099826,3133152619
6046,2887929652,2496207485
6047,1565722390,1197135486
6048,3095106787,3134178406
6049,2518000528,170364327
6050,1855055555,2314280366
6051,461132551,3805649164
6052,2994965161,3585985360
6053,3104809730,4129839707
6054,3768021781,1359731114
6055,3494861199,1844386325
6056,1420436016,2393874035
6057,225010310,3512326307
6058,101708122,2750709029
6059,4240270408,2789845677
6060,1455277586,2117843248
6061,562156685,715786878
6062,2032097701,391777804
6063,3613238960,2247036257
6064,2860707126,2451263088
6065,330203684,2171814106
6066,3198556657,3295082926
6067,3466125469,1899345127
6068,2213417688,2694094627
6069,1997763138,1567372795
6070,842851087,2712943186
6071,1710739457,4180888717
6072,1627406522,610443391
6073,1274130961,2109895017
6074,3418764744,1309039454
6075,2727959959,685171944
6076,2891241794,1499129618
6077,3639401852,2997623822
6078,724363133,345331608
6079,1335922460,1923554763
6080,1017498283,3951196886
6081,1005445683,1069940730
6082,1926495526,2271544071
6083,2744141885,3350978597
6084,4167046070,668915820
6085,3099818269,1723328165
6086,737603405,3590486292
6087,905559042,3174434052
6088,1296456446,3902741059
6089,1159915442,1899530920
6090,591511640,1843063134
6091,1913877085,785847782
6092,2537771601,2843923440
6093,1546163829,2355751886
6094,2451845574,2468223878
6095,2541978312,1571849617
6096,539041582,1154495200
6097,2069825356,319711078
6098,3983513719,599513719
6099,3528433575,1180161965
6100,383156282,1815553180
6101,484821266,2620979470
6102,490513873,3761662146
6103,3110003538,2297033973
6104,3282479304,346149522
6105,3242971511,4035131531
6106,3620271205,1708161794
6107,3787597863,1018283290
6108,1008063172,2464397281
6109,1341074850,1742952494
6110,3778816367,2419414525
6111,3861813127,1809317816
6112,2402471878,2195044169
6113,260501699,3014469559
6114,3795974540,4230106970
6115,1936912820,216261246
6116,2244511190,3891980385
6117,993256079,3827578458
6118,2871396094,1057464973
6119,348623682,2711258086
6120,861643445,719040980
6121,2796095315,3233999652
6122,1311222322,694328087
6123,3612821442,973636855
6124,3393985205,1384380392
6125,1783191864,2745359159
6126,1822509167,3763121653
6127,4030586265,3417626252
6128,3043433560,793333270
6129,2339033838,3623495475
6130,4158141653,4036876573
6131,3642712820,1014350978
6132,2642342612,924079846
6133,665729926,80857154
6134,4212127433,2263565166
6135,3205255266,1045983629
6136,2499892898,172271743
6137,1165779016,1982594202
6138,3889535666,1051701382
6139,3304976019,3747450873
6140,1557787268,2964661719
6141,866204608,2515940816
6142,2415854636,986682038
6143,2150416817,3686787514
6144,2921350756,1193984233
6145,2071869266,4190765362
6146,252779160,2221909316
6147,2751699865,1747237319
6148,963302401,1538404224
6149,515013492,3590730881
6150,1783013594,39159178
6151,1978286452,4000777208
6152,2237607254,2495263996
6153,2119071916,2257578030
6154,2586812449,180922507
6155,2875019700,3839961991
6156,739373345,1730049619
6157,1418649435,2472285593
6158,1675290057,738758830
6159,3541603704,4256480160
6160,1500055463,1439637651
6161,1244051017,2323519453
6162,18145278,1480056959
6163,3347121131,590487043
6164,410915509,729063849
6165,2670930817,1467621161
6166,2989335200,2272893350
6167,3377304092,1038971776
6168,449567995,3410940455
6169,1271203441,810381026
6170,2321624436,800941418
6171,1446029555,3776772258
6172,653510116,1951834433
6173,2543989411,2946825918
6174,4012994904,1041757799
6175,3797429109,3686119242
6176,1484841609,2995936293
6177,3740138689,3687224686
6178,1338532635,604072635
6179,919567118,597150736
6180,3967036665,708042367
6181,1418475916,1853802145
6182,2751978002,1677525876
6183,3086156720,2985276701
6184,656959026,2230927268
6185,1445481317,3266325090
6186,3084672039,947730972
6187,3075269483,2027963875
6188,1326664091,4280720329
6189,3794234347,2812940582
6190,3827008646,1415241665
6191,99276451,4227725840
6192,3765263413,744639078
6193,915464640,3237586641
6194,2142660116,1885103296
6195,3722660462,1682394850
6196,561305369,311429033
6197,3378704530,1589706235
6198,2037358186,1854412228
6199,3740400731,3928283228
6200,3458691110,1179876866
6201,609724119,469136299
6202,3240688817,1709986858
6203,157863470,38080606
6204,84789624,4023251291
6205,946895433,1831963816
6206,3490806645,3358653882
6207,277560714,662509913
6208,1881135298,3780437097
6209,3959190881,3337005605
6210,3478953705,1742896500
6211,3434317193,567395090
6212,1012763272,3465974466
6213,747982286,2232764421
6214,548742232,2930393071
6215,66236071,3282224068
6216,2464863028,772626891
6217,3641366834,599462257
6218,3350715556,1932994267
6219,3091928085,1785571469
6220,2213738321,519952536
6221,2114945661,406833039
6222,1179438845,4177832680
6223,770910132,3882484804
6224,430587188,1162213773
6225,2677986418,3035673175
6226,3875957178,4126827082
6227,1813424354,2413604083
6228,2556180615,392102431
6229,4141232897,344959921
6230,645357594,3737555693
6231,2231165216,2684199072
6232,63259852,1098915275
6233,3234774306,85116471
6234,4197721207,3881112445
6235,2850397802,3798511072
6236,1597160638,1288571521
6237,470443372,1045685646
6238,1147038431,513973023
6239,2847671805,4125811231
6240,283091912,3494741290
6241,1887232763,2113298078
6242,1750952362,1922921484
6243,1751197918,1603263042
6244,3793945091,3966978347
6245,3456583026,798694272
6246,4086026982,3515646805
6247,3007158189,2099672934
6248,953081449,652507080
6249,2205315816,2881051398
6250,1758305183,2615326250
6251,2893864512,1775601561
6252,3240916698,3676036482
6253,2970957057,3050469175
6254,3776366011,2645147405
6255,227972107,3812691721
6256,758859848,1303533819
6257,3263111281,3540667917
6258,3897784937,3284127336
6259,1692214566,1948825969
6260,3477677658,1315040841
6261,2613076219,112591933
6262,1815488916,598917
6263,2308661206,2873861785
6264,2925277734,1659121084
6265,721691498,220732597
6266,1112518430,3647588010
6267,1110093256,3592567028
6268,3857147425,3561410710
6269,759895216,3302416444
6270,3027982494,50128596
6271,846598762,1524830503
6272,3664063711,4101805394
6273,2149619488,3154780441
6274,3395229186,4245085357
6275,997657581,4110324580
6276,2605849576,11440351
6277,3720448031,2216044837
6278,1954664894,1734843964
6279,2557536837,11196908
6280,574166009,701980696
6281,142624922,2136235186
6282,871498291,1821293747
6283,88024777,3624445663
6284,3710431610,2137020014
6285,2884963289,3222813624
6286,1531706718,713316847
6287,3102067438,2525286227
6288,3973865645,2648433162
6289,2046290409,3535833639
6290,496761356,3003479877
6291,965945153,2690052051
6292,4062058108,1440838575
6293,719342740,151085765
6294,1294563469,2388909385
6295,623238065,1285190188
6296,1411721112,213969036
6297,3927810451,738028772
6298,2614246916,1247040852
6299,1581830573,3743944779
6300,3419873779,1975659831
6301,3536033511,1023309221
6302,2751200232,3139386496
6303,1280581835,3446491687
6304,758503904,2497229668
6305,1463537252,3560584702
6306,4028398335,3258067772
6307,2536967838,1843984982
6308,2860140652,2990198915
6309,2374009655,3983693398
6310,555980100,1352692938
6311,585936033,2568642838
6312,1482831037,3223022153
6313,3225871143,118587616
6314,2556668918,3602839462
6315,1321120376,17581027
6316,2261663232,1734862450
6317,1624100455,4002717542
6318,4180221447,3530840730
6319,2279341331,2109863721
6320,3664780591,1088276393
6321,3815221605,4248562717
6322,3744156224,2545517665
6323,2046902097,1099630747
6324,3767338276,1934271902
6325,1159529264,3638016546
6326,1242906669,3723382923
6327,2684532101,3893908980
6328,553629020,3308819929
6329,484413622,670571800
6330,938335634,2939873685
6331,128232477,3004048049
6332,3603948750,1499959140
6333,1620053317,3118481153
6334,1177233145,2114469921
6335,2088167395,3079094215
6336,1805663817,115771292
6337,3779864541,347668054
6338,3544257990,1697990159
6339,3469478522,1936514645
6340,3220101851,4202810714
6341,4060387489,2792846639
6342,1124175113,1384421766
6343,649207673,4147319516
6344,3472668471,3270645810
6345,1532304506,3212247496
6346,3818791671,3062621071
6347,3755668471,2511780018
6348,3039704965,3561618832
6349,134964010,2492106189
6350,3920376509,1113308500
6351,2425294144,2346045996
6352,1046589946,3620793332
6353,58740597,2674907843
6354,1202954754,3804664792
6355,1301054619,655162182
6356,2129578132,1664639488
6357,1484748330,2155012668
6358,1643627415,1519683814
6359,2838005237,3129837922
6360,2337890046,480262386
6361,2959022365,1819332749
6362,1022264515,3125296157
6363,1654967800,78880248
6364,2557329109,2318946636
6365,3646302414,2183379396
6366,2511551433,1450388073
6367,2877699884,1425829174
6368,4285662151,2017108919
6369,1583166466,2781276081
6370,3816556012,1596956169
6371,469185932,825485246
6372,1436528335,2373880171
6373,2827338604,3593154306
6374,232859672,3400395271
6375,883274057,2320175057
6376,3541488111,283415106
6377,743283258,3611226516
6378,2119705183,679663442
6379,946607510,1065181862
6380,3775895513,3874496304
6381,1835235907,1205590747
6382,1195930006,2895394811
6383,1713909835,1728256782
6384,2608818428,1858724335
6385,3128601164,208747061
6386,156821365,1304853102
6387,2743072878,3556023883
6388,3526417591,693105946
6389,4251800804,712442732
6390,2848857244,2303076929
6391,568893426,3452675206
6392,1892555225,3144927313
6393,3445187651,2370348237
6394,3690979787,2750958725
6395,3742684968,3883896721
6396,4224667600,2085287526
6397,1419616138,1916978053
6398,184101820,1820108060
6399,3730387739,3811866387
6400,1677764410,2874730654
6401,1813788265,2133132507
6402,2969371425,679439236
6403,62670541,1694411107
6404,3889286303,551045204
6405,369767550,327764765
6406,1077828540,1739864936
6407,3799670040,4226820996
6408,2465740660,239207440
6409,382292639,2529447280
6410,2949592722,4062321253
6411,1790382492,2628958354
6412,2552131102,2985373970
6413,4000127728,1840539035
6414,3948196169,3253327384
6415,3536343319,2659179053
6416,2712786456,1937928098
6417,4112641921,4038075321
6418,3538212553,1814577818
6419,1334282295,3944555591
6420,1856493975,3467378063
6421,658184445,2454906178
6422,3233269519,295863775
6423,848388004,1647439667
6424,903852502,1804093015
6425,3209106596,185624886
6426,3886347245,3236163469
6427,1123323681,525349252
6428,2970096521,1593794019
6429,3696503957,489656066
6430,1628614326,1966642629
6431,2890591828,2541799077
6432,1613959692,992959756
6433,1277228437,3243777067
6434,14542684,2575218149
6435,988877223,3078910596
6436,8013157,946241186
6437,1376706766,33221147
6438,1291558757,3415026855
6439,3723705646,2904985291
6440,4035092645,3680745622
6441,912002862,575994734
6442,1082854066,437640114
6443,443945436,2367335267
6444,3522314938,230814926
6445,2903278440,1482522914
6446,2438080216,3880720094
6447,1688260508,3071170196
6448,3071165849,3414168564
6449,2283147943,4129298027
6450,35137350,1766625213
6451,3639370750,4023463904
6452,3336748887,1141114818
6453,2953506227,1534628412
6454,1512281805,1859773123
6455,935228592,45407203
6456,3693677732,3838971941
6457,1241759034,2081065614
6458,2302189288,2251348035
6459,3328155866,975580479
6460,2061223672,3949329722
6461,1117534394,3432021051
6462,1961383327,2717436848
6463,3039485170,2841405719
6464,2401753905,1086849810
6465,4235846449,1441139623
6466,3287008510,113679406
6467,3590287812,2099636079
6468,1127901383,3087832569
6469,3396564246,2093462688
6470,1055721662,3224223913
6471,1621782307,2133019157
6472,2223843588,1649496188
6473,337281938,1132494387
6474,3379877222,3296803344
6475,685747658,2611623377
6476,1907813465,491667461
6477,730780327,2090852066
6478,3398632202,1865970979
6479,4105230355,1377343565
6480,2530012603,2122072160
6481,1678411974,947343448
6482,2539133871,2650477990
6483,295405209,381348385
6484,1213878685,1247761534
6485,1331160457,3133687510
6486,3476362042,4031325247
6487,3340687347,1293641048
6488,2717358435,1575064062
6489,161599950,2484249649
6490,1083770946,3523767067
6491,1404987850,839381358
6492,1315682217,344009189
6493,726660902,101693019
6494,1623253907,3897649433
6495,3940877450,1798791072
6496,2452929035,2351025668
6497,2882457233,163809908
6498,830874751,1764487282
6499,1413374363,4086482912
6500,2577727037,1251808947
6501,3389586572,3777712214
6502,1723588160,4011552006
6503,3003764697,3586549563
6504,3567779488,2006804600
6505,1158580281,2295505681
6506,355837341,1252869225
6507,2437742238,2787293785
6508,3715630065,2882066229
6509,2110776114,2498485218
6510,3029704486,493512969
6511,3915042654,1495745708
6512,883887565,740935136
6513,2010001286,2251045610
6514,4125648313,794701842
6515,3535281110,3269235516
6516,3918845399,1811255969
6517,384795712,3986296913
6518,714676499,1570542777
6519,1054131214,779203772
6520,1828696996,1876210574
6521,3420758721,3439650012
6522,2821263103,1651953267
6523,3072584324,3433465423
6524,2215835677,4267103478
6525,3107424053,3184055506
6526,1945204861,1292511259
6527,3273668162,153145343
6528,1279627195,4117561702
6529,1273019682,4252799750
6530,3571364608,2358310280
6531,1432943039,3591778200
6532,28880528,2586634828
6533,2570989573,3955775038
6534,3102297306,3237163417
6535,3208300547,2127044057
6536,560052446,1228899628
6537,3644067715,2328978881
6538,1078738881,1800128597
6539,826015611,1517113301
6540,2487466545,3361394930
6541,2209914323,3672105936
6542,2421428114,4061913282
6543,628010849,1316954019
6544,2895748251,3568620884
6545,2120011998,2379233595
6546,1823161693,3558118464
6547,1796440957,2500482766
6548,1962538659,4044884115
6549,261866773,4048028246
6550,2417135529,3512066103
6551,4246610970,3342198110
6552,171074132,4182049314
6553,2304830568,2032974562
6554,156853726,543241882
6555,2578731727,3506228643
6556,1851448345,2568793029
6557,2397386837,2162537239
6558,337516770,3865985748
6559,927227651,3903745038
6560,2226247658,432326268
6561,2010501452,2691422681
6562,1920647666,2973899345
6563,1658195664,3003132405
6564,3263673750,1746946518
6565,2996346380,1112379963
6566,2322635424,4049325566
6567,3183349874,2490202124
6568,2310904554,1053825836
6569,1727542490,2332375862
6570,1812715915,2686340583
6571,4033671382,1576124406
6572,2696346189,355864573
6573,2148783090,1307670201
6574,3083875908,132809322
6575,2449815496,2740641433
6576,801655964,4237284992
6577,3978307985,3450167375
6578,3932016280,1413129145
6579,575802559,167637119
6580,461272829,3040144838
6581,1637235085,957024640
6582,1918800158,1600099901
6583,2950505760,513048273
6584,1683829532,230176112
6585,2246349411,1775251355
6586,3803696983,3897313482
6587,1895398873,1274164320
6588,3071032696,2936036431
6589,617054217,901001067
6590,1277134634,3145465767
6591,598324151,1432404448
6592,2180792004,1237340865
6593,3266512662,814887597
6594,3898823166,2922549262
6595,3385248464,2052517111
6596,50631006,386133938
6597,3033276649,877052872
6598,720504993,1808338743
6599,388347666,265719328
6600,2570279377,189606843
6601,3005815413,1769572454
6602,2627320454,1457123292
6603,3538731810,258544621
6604,463235750,2228036156
6605,1339349378,836566361
6606,1215991280,1619445282
6607,559194962,2954467939
6608,2467675817,1831854293
6609,3167819241,3079930287
6610,1407394111,3281958303
6611,3479142781,2961620521
6612,3514295909,3793353821
6613,2597406648,1876189204
6614,4142255051,2567220767
6615,3154971813,2486061052
6616,2930634569,620046153
6617,2078022539,2207559591
6618,3977116797,3664303735
6619,46977724,3563885220
6620,2348335313,2781553137
6621,4021783840,4284039275
6622,3697526537,1037906913
6623,886316104,4018837521
6624,3487565199,2287930628
6625,627164871,1443399323
6626,2862361467,2644736822
6627,3516452034,2860353748
6628,3357405314,4292387971
6629,3082615556,2187236807
6630,860979754,1278077748
6631,1636612000,3626590641
6632,409030556,2283858173
6633,63454709,853495330
6634,2326095374,3094812239
6635,3941733052,224770320
6636,3156024110,2057013934
6637,4032972498,1913103977
6638,2947746638,1603429516
6639,361703491,1937657005
6640,796997007,2634416246
6641,791344119,4229247154
6642,1540440317,443083731
6643,169212506,3846406938
6644,511901269,2889332924
6645,1749524689,1059238060
6646,400822559,1339523799
6647,758170748,1311416113
6648,2186578627,141374347
6649,1922075621,1838978085
6650,510613619,470892169
6651,1497963171,1136684617
6652,968208909,2269737830
6653,1904143127,2375620980
6654,798490169,2018380751
6655,3662050353,2680249812
6656,2739577342,3158444463
6657,433476292,1401255316
6658,2723797859,1539762927
6659,3213560025,1441955298
6660,211334577,4023001546
6661,1610452070,3583357523
6662,542527646,404984892
6663,2734248508,1042287790
6664,2674678275,650484798
6665,2443850421,1023460735
6666,677629995,2420753064
6667,515226136,2878227046
6668,2536190595,1028743001
6669,3726536190,3254056068
6670,1737826798,3018800630
6671,3065546618,3731565598
6672,3488595855,4222604275
6673,1003893632,1005047931
6674,1232070451,4243767663
6675,78799639,1060180736
6676,1388595359,1289583451
6677,2704239604,2507881088
6678,3328734812,3074634037
6679,3704738733,4258974055
6680,841228063,1994679239
6681,2301843580,2835558313
6682,2779350306,1379619730
6683,884767524,828963190
6684,3234627528,2422703922
6685,2845725202,1891572018
6686,408444028,3770355518
6687,1764583287,2865593744
6688,2991646937,989273597
6689,1178104060,4031969913
6690,1289570575,1286353687
6691,1516742097,2467854448
6692,1969718623,606594278
6693,1011404953,3486670811
6694,3978794292,17220655
6695,4020388980,3924448558
6696,1119775650,4002459983
6697,1988617383,4020014963
6698,3363533934,2955467018
6699,2016019893,3392167246
6700,722175643,473365645
6701,549561751,3074463390
6702,2585442926,401837751
6703,1739883621,2727274757
6704,2724415488,2522239007
6705,2802228113,3605420181
6706,4209292491,2741648271
6707,3821124693,1735301570
6708,1562753136,2832248534
6709,2941411781,474757683
6710,2386345584,4199080310
6711,665117609,715922149
6712,3252835937,1060995947
6713,4008201526,1698970787
6714,244395185,3101004971
6715,1273249650,1113506027
6716,1296643991,3976452065
6717,482847498,1745371102
6718,3715458297,2441792711
6719,1285946764,3394982158
6720,871877830,1109471410
6721,2273466321,3806271369
6722,1652178125,99140702
6723,2576501180,2969720591
6724,3289488430,3317409164
6725,84990820,2420497449
6726,3522617114,1407045865
6727,1218893840,3520070953
6728,3879119234,979851903
6729,1926815905,4096954251
6730,3075608359,498339882
6731,543431676,1771233714
6732,3227681873,3142880543
6733,2381670533,1947759844
6734,1012844055,706608486
6735,1997987705,597655678
6736,3884387,448893545
6737,2054501416,957899727
6738,1123749968,2572334751
6739,1053885736,1067915967
6740,3505735762,1478729294
6741,1176084749,1453538523
6742,893336113,372296871
6743,2639729325,4213261781
6744,2673027244,4173959510
6745,2996593775,2525343943
6746,4230150023,859132329
6747,4170881838,3104282633
6748,3558790385,4061965596
6749,3734930833,2421999267
6750,3417895527,429719047
6751,1803250493,1305999369
6752,3317599024,437911614
6753,2412292828,429935408
6754,3372193077,135145779
6755,1903962937,1747835719
6756,2004178868,2717191803
6757,1844746197,125280934
6758,516375058,2537586135
6759,640308048,2275468522
6760,3830238064,1568000399
6761,3648801217,1825517069
6762,1489796483,2832702410
6763,955429277,779105725
6764,3068524893,1833071505
6765,805694202,1161298729
6766,638019255,4009570663
6767,2431490111,1391416559
6768,2602163130,3681386887
6769,2914499117,16240905
6770,78962132,2684813346
6771,2127321139,1081041987
6772,1283594262,3948975543
6773,4288357654,3273073372
6774,4228692426,3470433850
6775,227296848,1051690548
6776,763796115,3894793399
6777,608451289,80781358
6778,3237355926,175661252
6779,2623053172,3397164404
6780,1899826031,2343687818
6781,3661687719,2641955194
6782,565800861,915733873
6783,2232680120,2389423212
6784,961356576,1872665973
6785,939842356,977014477
6786,3475200549,3344667871
6787,680700630,231074271
6788,3301102194,3232430293
6789,1326939060,1773336237
6790,2891242244,3683577566
6791,3518780254,3438318452
6792,555771925,3455779726
6793,2826509956,483933227
6794,4271026512,1895260453
6795,3215213708,111306444
6796,3515760086,3371744863
6797,3500814156,961874182
6798,1027561549,2529501884
6799,283441558,1623573845
6800,1280611069,494312317
6801,526443256,221434449
6802,1690537863,3093554253
6803,3009398494,1504633144
6804,989872284,701187841
6805,1365834677,1682158868
6806,2379344890,1321644260
6807,2775614989,2207641001
6808,60745333,3555836568
6809,894767741,2683592297
6810,1950730224,2467822293
6811,1540330509,3856724627
6812,2156033514,1579074706
6813,164957269,1460944212
6814,2745235258,3345249387
6815,364567225,1959732095
6816,3741513426,3668912733
6817,3133551102,3279298639
6818,3821027266,3901210096
6819,1664726558,4161798124
6820,3937517699,588436712
6821,2258170803,1215491535
6822,2234853188,2896945770
6823,443237098,3426715961
6824,888227281,3172767229
6825,2502301044,3687278508
6826,2795464880,3513612949
6827,983622644,3116586186
6828,4245709819,84493434
6829,3699380940,2638497177
6830,98978208,2870641442
6831,1452791529,2494131517
6832,4196159390,2648040064
6833,236550985,289126914
6834,259601873,2835541727
6835,295905072,1878516435
6836,3722883026,2076264741
6837,193040476,241027767
6838,147562425,1449482098
6839,481085127,1843810263
6840,184089437,1547833308
6841,2818138900,2861146368
6842,4176444921,1267999956
6843,4250573937,785819955
6844,1950976123,3651412599
6845,3986657752,3770121410
6846,3946274634,3938996725
6847,454949765,4263948366
6848,3553652813,4100443406
6849,1726900865,3037165133
6850,3699242142,571576042
6851,1060026569,1783899788
6852,4006246034,3394774272
6853,2736043358,300944892
6854,2186452897,431963835
6855,3850123570,862720111
6856,689130495,1460442687
6857,1308488425,2091487130
6858,2276838425,3859271639
6859,4175991618,3763938569
6860,3130287682,217587690
6861,4259025132,4021179752
6862,1997321967,2238429897
6863,3690325735,3027147216
6864,1373629278,2168060624
6865,977001860,1914116545
6866,1894045025,3032570774
6867,2740488421,1774804399
6868,4207560999,2362897505
6869,3459312336,419779788
6870,3191533509,3222089026
6871,2609248932,3507400080
6872,3204215116,536846959
6873,711511526,2650063222
6874,1230411148,3197792507
6875,3876345759,3760750489
6876,3524242784,188843163
6877,3553912977,1099814706
6878,2248841650,2518071911
6879,1923798700,1779770250
6880,1984494509,161814307
6881,1318095187,3278205667
6882,2833389390,3390942111
6883,2877287211,2460021032
6884,2504959206,362171657
6885,2073740783,1524064594
6886,1203878908,1766997932
6887,1736341443,4199724831
6888,2572034816,789013678
6889,4176461687,2982832519
6890,4012525079,1671694522
6891,1526090115,3033793923
6892,3943328864,2548886847
6893,1984027459,1126828890
6894,3894028087,1248331066
6895,862894185,321088509
6896,508975861,573473676
6897,1947901521,3115331267
6898,3720682137,829034007
6899,2891366290,1706171939
6900,255625792,3398782356
6901,1357670970,131628263
6902,1757665551,14123109
6903,1873030974,3954202888
6904,2721110527,941706452
6905,2565065336,650331433
6906,3560697710,2192441690
6907,2467892005,304702232
6908,4257460603,3475289929
6909,4135453997,1618660943
6910,3987502656,265642070
6911,267172274,3626092185
6912,2648331466,830799273
6913,1059885579,1744886929
6914,14234397,30043736
6915,4058679360,3425190744
6916,3166297617,2107896816
6917,1745618988,2019799518
6918,3359009192,3310790834
6919,2775453193,408744658
6920,4048328606,997931009
6921,341028449,3541955004
6922,1382574958,3361907209
6923,3216316780,408571672
6924,2408215328,1575921477
6925,4230768951,2848865030
6926,1348241394,3145156209
6927,3572913091,613464589
6928,1385429198,337631232
6929,2630872939,216686191
6930,1165312186,2748588668
6931,1093449579,3572336529
6932,804662763,4092788318
6933,2737578254,722755586
6934,3333661576,1167721096
6935,3936200649,3165326797
6936,2465314715,2360890778
6937,609367770,1197573503
6938,866235486,2382728600
6939,2690953131,3378829859
6940,2276161795,2592776393
6941,4192650630,485431168
6942,194293901,1039300975
6943,758028207,690724864
6944,1445591244,1657863420
6945,1329186516,3567716667
6946,2341263749,2240679067
6947,120736443,3350502453
6948,2193931433,2963287888
6949,3210958369,470076245
6950,1631879858,682300834
6951,3544579419,166814989
6952,4047228588,1072303189
6953,2502906299,2993881029
6954,2618935511,1557072128
6955,90976406,370967
6956,3970470921,774860625
6957,990947517,3143694547
6958,4007979134,723752750
6959,243867883,1627980397
6960,775362893,1207678078
6961,1858414466,536474692
6962,2358595992,257817468
6963,4067302315,3061206981
6964,309790694,3383714876
6965,2751228611,2151031720
6966,4196904881,3424858281
6967,4125131641,3976131570
6968,1417012862,2872744142
6969,4293924419,4232560447
6970,1513689919,2141914895
6971,1938238736,4128767466
6972,1384752706,2546402833
6973,2927327522,2544283635
6974,3937691693,155530559
6975,2442036565,1404230414
6976,1267967082,2239231382
6977,3703670597,56887028
6978,1761835889,4108460553
6979,3418771623,2764575064
6980,998553998,4294767263
6981,974181716,1414228808
6982,938665001,493653241
6983,92914642,311343744
6984,2206218315,2180589328
6985,363486191,108381757
6986,2217018372,1760892388
6987,2954321046,2205673664
6988,724802516,845942279
6989,1366280688,3325709809
6990,2724341464,2130799699
6991,831776004,66029526
6992,2697499735,2749299675
6993,4194796470,3893433513
6994,1146722126,2584636555
6995,2696802006,2759577540
6996,2978163909,3459906174
6997,1466384328,3753777765
6998,2740098919,2191800220
6999,3330275512,2392916823
7000,343172492,3112486924
7001,2154861614,808341902
7002,3428235220,3118628001
7003,1328245442,951243994
7004,1813267611,2660881410
7005,1953336792,656476110
7006,2131429715,4240457826
7007,3658329635,1833122436
7008,910054768,3606944303
7009,1855278136,3534837395
7010,626514321,4094303970
7011,316097219,1293329449
7012,2875502340,2098679503
7013,3993122950,219312552
7014,2336697839,667768667
7015,2980423890,703088840
7016,2470624045,1137508479
7017,1086873342,2609947230
7018,702600661,1958712275
7019,1477960568,1584637585
7020,728668612,1029630878
7021,4070234127,3850775176
7022,2599875714,976250499
7023,3367256209,3940787091
7024,1649413618,1912536101
7025,505543845,1631283224
7026,387761055,2335551108
7027,1652810024,3796045622
7028,3397067035,2263526977
7029,1700450519,3078495696
7030,3611672983,3963671026
7031,2174079916,967029613
7032,1206486492,820120459
7033,2635460821,1140407042
7034,1122462482,4155531406
7035,1596647120,2409264798
7036,2112619048,3633388273
7037,1216799612,2183636438
7038,164366344,2771815832
7039,2439299502,3828567194
7040,1092724788,3778550267
7041,4039464647,2732988408
7042,430891753,1664997748
7043,2072486416,3665140445
7044,2004442034,2916605681
7045,3723068181,2536729429
7046,1558310864,2976872793
7047,1113601277,2529868059
7048,3674826434,1359567614
7049,234551402,813849973
7050,201700145,515169411
7051,4128902656,565918769
7052,1284565069,3499327537
7053,1656058017,2989227803
7054,1485301969,1960298015
7055,372169215,244867765
7056,773527971,2340764067
7057,3905206708,3130568859
7058,2175979501,1039883550
7059,3517938314,2639163506
7060,3778714453,2965772849
7061,4166790621,58752465
7062,3239171822,2339447372
7063,2185300488,1210470352
7064,3272288904,177992399
7065,1830112517,3968286062
7066,1376019647,1853220763
7067,216962358,2187015640
7068,391084114,1920155751
7069,4042115696,1435108952
7070,2111715969,3177223160
7071,3947282182,1290226327
7072,2255573590,1635365258
7073,725830955,3193151470
7074,505907032,2020154905
7075,928184318,786983500
7076,1544381992,921123222
7077,3922450380,3949444860
7078,4117878005,2344494240
7079,839742274,2859099541
7080,281727856,187256911
7081,507130466,87341887
7082,1455265145,3627110614
7083,1716136304,3075920291
7084,1340285058,3390780701
7085,1436408347,1000385377
7086,889676788,4150205671
7087,4131939912,2361206342
7088,752035934,3973089505
7089,1925274354,1146492647
7090,1786376605,1474036194
7091,3708095672,736454738
7092,4006898897,3084027748
7093,176280502,15788955
7094,773223021,2918395418
7095,3945785920,3459336770
7096,3667644179,3213148506
7097,3427150671,3529360173
7098,752235736,758288401
7099,2749726270,2569109161
7100,2289417679,3622862569
7101,3326347017,3716902175
7102,2449837883,3039982699
7103,1606231946,2354208564
7104,3189536754,3872612295
7105,749199331,676647698
7106,1008819598,4109339433
7107,3850526342,3034551404
7108,1678507087,1791459362
7109,1807753294,3266454819
7110,2532516586,1154925352
7111,2808966173,180495185
7112,1463280682,4050330759
7113,3723284371,713703738
7114,3352247836,923483628
7115,563703130,1180967767
7116,2323071779,1924254935
7117,544298858,776610050
7118,1495160484,656462551
7119,3935926113,2453643562
7120,4107266505,3622918672
7121,925854578,1792519529
7122,2456390674,1881315412
7123,3734511879,1177104832
7124,2376935227,3049284312
7125,8286,2331835573
7126,2239211835,3089143296
7127,2051986291,4143492464
7128,2755432195,1011688803
7129,2386708557,2227186547
7130,775616232,3027205924
7131,1813913083,720473793
7132,1535405899,1112599702
7133,465693661,2810342807
7134,4059121792,2888821103
7135,3301292784,1900420142
7136,4096003412,2833498169
7137,3294119411,3430252843
7138,1345205120,4132126563
7139,1569811791,2772820400
7140,1999511347,2683145232
7141,768380855,3818717127
7142,997983466,4041219925
7143,3351394906,2454854864
7144,2444130782,1999339172
7145,2351383572,117549499
7146,4028317318,1961673888
7147,1857886467,1668210972
7148,2118051437,566335326
7149,4237424020,1986103211
7150,2252440613,2483837121
7151,1852479399,4254768683
7152,1534548412,1147870938
7153,3092296220,3518623042
7154,1820313525,1848291850
7155,95196113,890644959
7156,1829371770,2985334323
7157,238311209,3319943848
7158,519544161,2035661587
7159,1176678988,146816264
7160,487355737,1387723659
7161,3880029642,893153384
7162,2839748660,3709113328
7163,1711084630,2721856741
7164,696339021,3272061726
7165,433434377,2582207532
7166,716176243,4294714970
7167,1845478387,500966369
7168,2127271663,1856903695
7169,2396548196,270152696
7170,3921744910,2596667786
7171,2740356206,68874961
7172,146066915,2096176094
7173,2954119559,2933159803
7174,498210741,660335526
7175,3084360439,533713041
7176,3584184019,580703809
7177,326401295,2999052043
7178,107986885,1245234043
7179,3279652558,413581392
7180,3353476351,4154750599
7181,4155668672,1474424221
7182,2918102581,538799668
7183,506290049,917419001
7184,1890721376,222947126
7185,1556020287,71877569
7186,3826444739,2586662649
7187,2624618390,784318080
7188,3822861495,4191974369
7189,3977723090,2209181201
7190,1528974100,3817111014
7191,1515750580,3945395386
7192,319429555,2612617508
7193,1609966125,1143662506
7194,3989451124,53138277
7195,3614995526,1905108742
7196,3890990974,4084519572
7197,1586253820,1307223783
7198,956771557,1073677820
7199,1340585896,928883164
7200,3959263585,484359963
7201,1675766953,2894785061
7202,3902074322,3355994754
7203,3506208741,1850822126
7204,3206479045,2796016131
7205,1884027974,3222540912
7206,4154740551,152852733
7207,3084819521,3262416508
7208,4001841962,2742622466
7209,3668052795,2340044014
7210,3814850041,1343539517
7211,1191756118,4015175972
7212,3144152615,365158397
7213,4056263222,2847233155
7214,3572123287,1736677169
7215,455473643,3117551075
7216,3439076966,3765433513
7217,1311280574,3248595284
7218,2893229137,1155541425
7219,4141120781,2064843290
7220,1472845655,2436255067
7221,3376625926,1262298037
7222,1645635799,104166928
7223,1318532465,3054726923
7224,2937154765,881357289
7225,3550035113,1813830355
7226,1971368783,530509680
7227,516240859,2355185480
7228,3082761572,16958821
7229,1935679565,1818722290
7230,2589902041,4038507006
7231,444429019,3601083770
7232,4229134254,862002810
7233,3459851645,90477453
7234,3091789558,1975154919
7235,1952109085,1853240116
7236,3979724593,2574065350
7237,4020926168,1812836380
7238,2404772448,2613444219
7239,1898421996,2774205374
7240,3719409073,4191525614
7241,3908620274,461867754
7242,3520600401,2978828135
7243,2360890664,341166519
7244,1170199270,4174972200
7245,1133178871,3622915030
7246,3505658221,804611827
7247,686522529,3863194534
7248,3139264688,218783925
7249,4133883285,1652615003
7250,3443685791,3005003182
7251,3427454023,2424670266
7252,764326502,483632942
7253,2206465895,1862022549
7254,1904429904,3784497138
7255,96576420,3606414020
7256,118641854,2950210812
7257,4248043004,3551023807
7258,3540757498,3859027520
7259,1759748288,4249395430
7260,2207152413,1812871472
7261,3641841195,3458594852
7262,3778036672,1426675252
7263,3226393572,2251477939
7264,3328571757,953243265
7265,1346690281,1378783137
7266,2968172965,4169607116
7267,471016202,2477496211
7268,1983494483,4072158814
7269,1668072090,2046951559
7270,2629836709,2018331726
7271,2041247711,3914887468
7272,3446770327,4202030732
7273,2017559622,2452422174
7274,1373987938,2953323977
7275,1346502678,580562353
7276,408538870,1758434379
7277,291821717,3532756072
7278,3299969134,3816843430
7279,1111123120,1007624812
7280,491120203,3100939174
7281,2417362733,2124978230
7282,1317168596,3630412481
7283,1160019400,1766030940
7284,2570979398,1866714558
7285,1592422397,3363102276
7286,1907165335,607290586
7287,3343882696,3784716110
7288,3131506067,3301154543
7289,3347139641,1423608160
7290,784694394,3139959035
7291,2818959167,3274696199
7292,2292425870,114276639
7293,2054244471,3429375177
7294,1016051912,836386065
7295,3108863331,3111969677
7296,3615896120,2187905396
7297,702964184,4085685815
7298,1585411574,676179191
7299,2835111766,666059230
7300,1103582589,1022667822
7301,3330062825,2270571094
7302,2037880937,25534552
7303,3307558868,72460671
7304,2485380955,574670318
7305,4057371871,1700661904
7306,1256311385,629623382
7307,116433420,1433430576
7308,1150566868,2092844709
7309,1501190115,960310928
7310,1665268256,17005575
7311,3703525474,3203842950
7312,928276067,3405672128
7313,798254543,3823879987
7314,3331809145,4205886485
7315,2188726629,1266629388
7316,593841257,3845989283
7317,3622636221,1751450599
7318,2716380640,3408493195
7319,1053429386,1802862167
7320,2624934375,3061669547
7321,4286378659,2829991839
7322,1144841431,2229333521
7323,3429595140,3178418816
7324,3458113425,3037453722
7325,2692390279,430416390
7326,2324334626,1359317589
7327,2858031429,3919844402
7328,4034866207,3127216217
7329,2858687169,1723535406
7330,247063999,2472844369
7331,1942850488,490289382
7332,2514990661,3304903469
7333,114023826,2377306177
7334,3528312558,552200220
7335,949372774,2695281609
7336,4280620091,1222080459
7337,3924363178,1676074844
7338,3935848356,3115149338
7339,2952422610,2171235309
7340,2406152482,104163053
7341,3650417061,4160413881
7342,3014540501,3596565679
7343,4070604591,143805706
7344,2777087026,1633941790
7345,974169970,3594973694
7346,4045468077,123702658
7347,229761735,723085397
7348,214588499,2768853442
7349,2940461459,1209697690
7350,3175935307,227602446
7351,1012283929,1639317766
7352,2579076595,911077807
7353,3421744752,2272454643
7354,2038684846,2853285013
7355,1087744261,1877682644
7356,1264258079,1722403475
7357,1908922131,2693474478
7358,4019954337,1984939585
7359,3795199878,1584628034
7360,1537119351,2206781724
7361,2870357791,2898830569
7362,2957702341,3001991331
7363,882267692,900214302
7364,874940837,3198018135
7365,1197031084,1480025276
7366,1897747370,548889452
7367,3060252126,1468671265
7368,2052586288,3362945057
7369,587631784,1773496538
7370,2699905473,1365711661
7371,863553611,4066289580
7372,1682314003,1002427384
7373,1654661153,4191604760
7374,2988596499,1500381106
7375,3381164979,904024863
7376,1118827835,3020932295
7377,1024568543,3732361996
7378,432233434,3067079143
7379,633107014,899067870
7380,3580366908,1505830447
7381,982551275,3717983501
7382,1383210669,2809773840
7383,626096574,2212830461
7384,1186016557,1995313903
7385,25372743,583450230
7386,4126456386,1409850034
7387,891660444,2894191293
7388,2264627303,469633401
7389,3607789340,2163852849
7390,2246041192,3217620974
7391,3159280961,2795016564
7392,2610093257,964765622
7393,3245868364,3012217005
7394,4226634020,3111952802
7395,1761001920,2220234694
7396,2837294407,2867937543
7397,2317164733,3639471503
7398,4015546552,3470514945
7399,2326606591,47159900
7400,2997507142,1811509337
7401,4236239543,4223411872
7402,84498115,2456501140
7403,3589604427,1445061144
7404,3673653333,1304511056
7405,1968934987,3571802677
7406,3977023394,1826370276
7407,3823553054,3130536740
7408,4120191493,1855980618
7409,1801516815,2869368990
7410,3315897391,1250651668
7411,3003820127,3463859120
7412,640045247,2309573242
7413,1778979399,3157072681
7414,1081809543,4132349229
7415,1180076370,2139725656
7416,2028789612,1235017267
7417,2200236908,2566927582
7418,3026633928,1827461491
7419,4076971095,261787858
7420,921687506,2751717985
7421,1189842168,3518654086
7422,3655761666,808971859
7423,3602953249,1916861709
7424,1028609638,1976563260
7425,670845255,3926803640
7426,1951087501,1907616628
7427,1953026064,2540752474
7428,2738226053,739057627
7429,194303718,1899052064
7430,3091437058,2149054522
7431,2599803683,2634052082
7432,329569931,3640420886
7433,2815144977,3798899177
7434,4168509973,455575872
7435,2477703535,2884662439
7436,1004769646,3506466467
7437,1879098537,1180203497
7438,2049952899,1707791931
7439,4097984220,3736641053
7440,317054198,3004178947
7441,2249343275,1565732043
7442,148865072,562054510
7443,3823531996,211791608
7444,2392967954,1649064795
7445,1337577107,2434398379
7446,3138986342,1872050701
7447,2038460796,3528143495
7448,2186715083,1428169361
7449,1683305628,2134339368
7450,2585553439,3365334625
7451,4239374256,3187825996
7452,1097851164,369063464
7453,348899578,2625338645
7454,3611524112,2297248729
7455,2699374192,3713502802
7456,2997578931,2866392500
7457,949028493,1921196643
7458,274071309,3475401092
7459,1496650295,1087109487
7460,2499968590,1778350248
7461,2209461835,1538080893
7462,443093527,2280762412
7463,1029058114,4244297686
7464,3948696493,267888318
7465,1142006809,2669903598
7466,1657091664,4012250289
7467,1172692663,2612293449
7468,945517678,3523374649
7469,2349170597,1734687419
7470,1573389821,3329584866
7471,4085703558,512392694
7472,1671157614,2779010773
7473,934633845,3231894570
7474,3907656632,3185563545
7475,3627319478,2729858543
7476,1282338887,3437226623
7477,3735910388,59917399
7478,2049586301,671660731
7479,2819936207,3567740820
7480,206295065,4264912385
7481,3209800861,207126555
7482,3532355196,2535860470
7483,886154142,354483370
7484,351148591,2721571313
7485,584691386,2670997589
7486,4140974749,1055720842
7487,1857422973,1440570916
7488,47975951,2669307353
7489,3769130913,2810490153
7490,2161986543,1980961561
7491,498555103,2591497473
7492,590656169,3693959539
7493,425249593,2539871410
7494,130191334,1650015176
7495,2448620505,3777180248
7496,532557629,3058373919
7497,2439356465,1241215499
7498,2299642496,3506060054
7499,2574442016,1687071642
7500,2489405467,939576059
7501,1915718250,178843860
7502,4013158587,2197629741
7503,3049250057,3565913281
7504,2400818377,510518579
7505,228436777,4222705302
7506,2816622069,3692896839
7507,3955316411,1927951309
7508,3822882864,3096402999
7509,1250931581,842736595
7510,552201389,2657908371
7511,3002335347,125683532
7512,1840601294,4120401009
7513,322144408,500659386
7514,641173640,2605313626
7515,872054907,1994219131
7516,491774369,2327845571
7517,3456995996,3131047919
7518,4154178259,3911554718
7519,2566048979,624498629
7520,1667814478,1966549574
7521,1170489214,2676747609
7522,2270712587,2788636009
7523,706201463,1406964132
7524,2379255659,2312204566
7525,462000085,1502592783
7526,1679058796,1672417080
7527,4157337872,3410070940
7528,3034515812,762125651
7529,3951546429,1444969520
7530,563046237,1835814019
7531,1643158543,2071429469
7532,1012523991,3451774912
7533,71531270,1509831458
7534,257055863,1826464015
7535,3746520377,3346629457
7536,3398195875,3637847064
7537,2061194159,4136983635
7538,91866360,4278012252
7539,2168298347,2903159895
7540,2018290211,1397768047
7541,1277110343,3271774993
7542,2346976588,2235945857
7543,1660788138,3649597307
7544,4166915278,198964007
7545,1648294925,3260684024
7546,174020754,2419032570
7547,3370151604,1645137842
7548,1676085711,3476646057
7549,3641425056,2813005407
7550,2103612943,175186063
7551,3687799326,3799654495
7552,3952120827,2809829166
7553,3290328716,1182437825
7554,808625931,2618673120
7555,4272773410,3117639444
7556,3836694310,3564808994
7557,2755312099,2731269645
7558,2480057440,4165485448
7559,226961071,4145957140
7560,3271881414,769440872
7561,4141846888,4033726784
7562,2594238769,1643663778
7563,341114162,306752708
7564,4121813419,3490281156
7565,2055997831,618708012
7566,2351832953,1606522462
7567,3085044665,3427171259
7568,3484409192,3038455943
7569,3025807945,3514806466
7570,3548195520,3415969105
7571,2995202962,4228905321
7572,2841464168,3529699199
7573,519696144,2116312985
7574,1080307005,1329048370
7575,2109609052,4033312090
7576,1502393094,355046083
7577,846105328,3377319451
7578,2234488424,1633443292
7579,2344033977,3054681423
7580,1684102057,3287747857
7581,2912933955,1760738139
7582,2221273608,3433125495
7583,2126056538,731344192
7584,1993459403,3257518254
7585,2400761903,2628965168
7586,2613022721,474135322
7587,1582243614,790237130
7588,138197192,1889904501
7589,2073762842,1294454608
7590,454185686,763311094
7591,2019554354,2872268982
7592,1575427230,3024046929
7593,1894053668,4160617115
7594,771753124,1568237388
7595,4228312622,1133195012
7596,430237487,1596158272
7597,761918575,275140965
7598,1869065789,2467894336
7599,3467128525,2209930632
7600,3550298910,3323515212
7601,69821121,1511445972
7602,643533273,2502862274
7603,3144732489,1934517289
7604,4054744741,2159063808
7605,4045599384,1288697192
7606,1095041312,4265027449
7607,3444523920,1104758965
7608,2190962894,4052022674
7609,4250818473,2313601833
7610,3267814396,1643820776
7611,3381983392,3553755675
7612,2258284512,271623201
7613,3216903219,2451851547
7614,3107075791,2078521240
7615,43945594,2936443664
7616,1794645644,3250699715
7617,1276963096,961378591
7618,4140806503,1538561832
7619,478770134,3815736192
7620,1820786511,2972677676
7621,3733428728,2729566969
7622,2594794404,1128217678
7623,1282128138,845376693
7624,1377202511,275184771
7625,465843536,824808568
7626,815859463,2004099275
7627,410782663,2664044253
7628,3113242597,1313619702
7629,3187297715,4223786463
7630,2110170421,3476152738
7631,2238341413,2478758944
7632,2321681230,19513707
7633,2860414891,429064393
7634,4126119982,1221172620
7635,3684773947,343680560
7636,1231287272,2262721190
7637,3569607815,467303299
7638,2721662318,3253472022
7639,3624715428,1364427121
7640,1402272232,2283137673
7641,1503291452,2648626507
7642,2267130930,2844084464
7643,3864074561,334651165
7644,1783768157,3527301948
7645,4125881617,845358480
7646,3799746069,2364592632
7647,3314845289,1329383807
7648,1946820395,3326433162
7649,3389259612,4197456848
7650,149721256,3490089429
7651,3317851988,649658411
7652,2889669568,393566815
7653,3755789346,1004694592
7654,2370653902,3139484117
7655,3053915140,794014936
7656,2809356071,2007942627
7657,1584198892,1296875306
7658,3738404372,2409356734
7659,1815835292,1906348712
7660,1333167784,1794051313
7661,1809507929,3848028265
7662,3576326129,3346763489
7663,2740283515,1650017266
7664,2970745533,1680668208
7665,1183166046,2814108645
7666,2592925913,2736975558
7667,4117670226,565208795
7668,685496176,3827690398
7669,344601386,1939267989
7670,251924989,1529274023
7671,709172064,2663228702
7672,2885853556,2381683119
7673,4255641890,3872177967
7674,1945480323,1409650907
7675,181426577,634321236
7676,1034769760,730929481
7677,1998766816,532651957
7678,3232005823,1700821937
7679,2701433286,685488634
7680,3299189093,2297368129
7681,1638800641,1304707218
7682,3821268166,2132421977
7683,1429675659,1821577249
7684,1780652792,1419695211
7685,382553734,1282252578
7686,1554509832,247315494
7687,4134701627,2652715002
7688,1099074945,1882312320
7689,375789208,1977394288
7690,1109058690,3406319609
7691,3487552295,2618744514
7692,2195592890,3458782981
7693,1093116286,1305194817
7694,336544954,1200757424
7695,1872176182,2621899410
7696,763377435,814889117
7697,1191909354,2276837629
7698,2604590897,3957621416
7699,3166994301,226906480
7700,1448287208,37510841
7701,2431528607,3029103564
7702,4068566049,1682454646
7703,513822531,195031925
7704,4266440711,1239959188
7705,1086453889,1717970729
7706,2246904393,4075395944
7707,2955099003,4045115114
7708,1053436797,3523156285
7709,252928847,1775020657
7710,204270770,1826386480
7711,2800118159,2983881949
7712,1017120767,2777216096
7713,3080766416,3683751330
7714,1418204061,3448866608
7715,2307425504,1401473259
7716,3146630442,3182218721
7717,1714951038,2786001609
7718,4004236277,2358656418
7719,1836131327,795434579
7720,1758595192,761819555
7721,310283862,1222377901
7722,3039944204,3587276537
7723,1358116852,3150601278
7724,4156043954,3566802619
7725,3425649381,1066384924
7726,2853038940,3251051898
7727,4222254351,1868678542
7728,164831669,2035086365
7729,3511902119,506190010
7730,3998989428,3265916580
7731,2742772574,283062874
7732,755523094,1566170893
7733,4288357139,2981217905
7734,3839415055,2794191630
7735,697353779,3835734171
7736,461467032,2593941263
7737,4034700961,3654027793
7738,4055771733,1229900950
7739,2858849743,2337594360
7740,1664515488,2412628290
7741,1019697089,3931624496
7742,299665182,183129944
7743,2799695777,1076862040
7744,1418177665,1223802248
7745,2213305674,2538653480
7746,15086696,2030411442
7747,184663293,2426716347
7748,2942194930,1446413610
7749,3720668242,1424181763
7750,1755191893,2311433874
7751,3511228511,3202999225
7752,3121786558,2272811292
7753,392573660,120092945
7754,4136014338,155320212
7755,3156134977,3772775789
7756,3612151754,1983926600
7757,2688214672,4047798524
7758,1643873380,1245526641
7759,1066833727,1126102472
7760,399941094,1594919219
7761,1227736499,2297367336
7762,3269489342,1489879629
7763,1515014213,4026946543
7764,2616700167,706674081
7765,2763538348,1090406900
7766,3404738378,2983276436
7767,741871622,274683173
7768,3911197786,2408873721
7769,1489585007,153126236
7770,1681390749,686439097
7771,4012259503,2551742855
7772,776624758,45672714
7773,3314660980,3970792966
7774,2562110651,786327984
7775,2317321931,2666205380
7776,902509390,1614204951
7777,670665087,4240034989
7778,3424264340,1622002011
7779,2299819664,3915282072
7780,4278770451,3054968457
7781,1765010918,3976501546
7782,2238436225,3122471290
7783,476712332,3632243203
7784,3870281537,500320533
7785,4156292258,3404246733
7786,2379279893,958221301
7787,2454898076,2618809156
7788,2529508716,2504015502
7789,477896408,3232190214
7790,1800237163,28634885
7791,1833839531,383001807
7792,2593380920,1320947271
7793,3678531730,568702557
7794,1328252251,1927668874
7795,3483347451,15513008
7796,1857700299,330900346
7797,4142228426,3440994993
7798,152952324,3920128086
7799,3917343274,1895406311
7800,3542648566,615980783
7801,3174221485,708392474
7802,1493540766,2478079111
7803,3023271493,2562113589
7804,2240601144,1913606946
7805,3748770973,2499853815
7806,3584978412,3581774248
7807,443538757,3982477836
7808,1135960926,3856208705
7809,335823505,832259001
7810,378780666,1684383407
7811,1551215244,3333812247
7812,3450838494,2341189261
7813,4238088276,1444375584
7814,2369934463,3388280009
7815,1047995577,1710163743
7816,2263699689,2937298996
7817,3002905777,3116169854
7818,2839172612,4170582503
7819,2628671705,217338738
7820,2703176547,4207146987
7821,2837277594,65301364
7822,2309692429,1608460817
7823,2943609368,3912744127
7824,3616899166,812243428
7825,2488271281,1644090766
7826,413866946,3534114057
7827,29336395,2079027658
7828,1325501856,2684126887
7829,2818829754,3928246099
7830,1663839072,990695604
7831,776687680,2186938137
7832,3425517121,174917698
7833,390094291,3351684080
7834,2210154094,1689120684
7835,1698822422,4065878784
7836,369201351,861312990
7837,2805283755,3557410312
7838,139143915,1977531884
7839,3487166560,3993958269
7840,485562772,530463091
7841,3350415573,3468070987
7842,2073972641,2336242836
7843,4281132052,378381661
7844,375713187,4185056509
7845,4056531243,407885675
7846,4101275261,3069837690
7847,214407072,745699344
7848,944701337,4094400597
7849,268969127,1731068277
7850,2265256905,1193192533
7851,2331512727,3223119615
7852,3932153938,816685835
7853,4259437816,492612813
7854,162088743,2423020879
7855,150685601,1668523277
7856,2098510578,3711857007
7857,2736485687,1902150694
7858,2047053513,1567288916
7859,1888472996,346926724
7860,2786748473,1408026645
7861,2293926743,2536481058
7862,3822121055,41010247
7863,1186380018,1709055579
7864,2763961574,928796516
7865,913044247,1755486140
7866,1227871603,1895061590
7867,3283909331,2216841353
7868,3491866784,1057860340
7869,1133419898,3225326717
7870,2484287530,1150720389
7871,2446734721,1667774614
7872,3333767808,3559798079
7873,2991311794,1135760155
7874,2894080940,871877011
7875,2538214806,2457621201
7876,1794069034,3368522685
7877,2514492831,1823863365
7878,1545953398,2371509339
7879,4115715075,486193491
7880,365477515,4178114662
7881,1092759399,646784996
7882,2635558144,3427614044
7883,1717435963,389520719
7884,3938757686,2388072294
7885,2533892471,4224173659
7886,4160197732,1654152317
7887,2853817849,1273943606
7888,566715370,980721028
7889,2062738391,2437768614
7890,4153017075,2194591770
7891,1297291833,1098527740
7892,3968961363,3720815162
7893,1653289070,160407994
7894,2488842125,1252750246
7895,3615723001,3207305449
7896,1638081031,2536120968
7897,3113999926,3155307925
7898,2314378264,3451836901
7899,2488259872,3335267876
7900,3013060853,2486321576
7901,2544655761,1558371019
7902,2681208926,4039941078
7903,1688893907,360393645
7904,2018962577,3857352514
7905,492261395,357639587
7906,503069849,223278961
7907,3615843438,2813815425
7908,438019242,4091549424
7909,3209997901,3606291343
7910,2034137955,4072688398
7911,2082097418,2409573662
7912,2455331191,3729247984
7913,1888229324,3567418044
7914,3167236150,3846397830
7915,3810199409,1489552191
7916,4250515435,2332598424
7917,3207787801,2087062965
7918,3550814193,130980093
7919,2067528796,1325072437
7920,3941159445,2051276467
7921,3587824192,3072725849
7922,1017383944,3706467871
7923,428802522,533764616
7924,3476266240,3840010995
7925,787196521,3997377452
7926,796020986,3437899863
7927,3368643532,3606196679
7928,1403239316,1836599057
7929,3203667580,3604016732
7930,3142222913,2826596849
7931,2476271008,784365747
7932,1790502134,1987003465
7933,3001410373,1109609594
7934,3743794275,1580149804
7935,2459656535,3472150233
7936,3261558266,3300403399
7937,3571415254,4122323703
7938,1131479988,1569077954
7939,66188503,3239625229
7940,2416592418,918614598
7941,3238208229,965535298
7942,245750026,232417504
7943,85768904,1477400803
7944,3673919146,3888103020
7945,3472751773,506789109
7946,1554178410,3035207712
7947,293307533,2052497686
7948,1554553720,2269990336
7949,3073388539,4032695802
7950,3945645340,231470154
7951,574879675,454242443
7952,138733627,1510138506
7953,1027314138,3425146307
7954,2937994522,3982670604
7955,2132042180,4201621421
7956,2529137170,2279145066
7957,4215401964,2594946656
7958,427678930,1100927667
7959,4263410049,3805746615
7960,350643158,2340928269
7961,3406118040,3760360126
7962,4267135155,2681688708
7963,2623957235,3313164455
7964,2122066351,1059091741
7965,2457810283,33191516
7966,4003434306,2836130116
7967,4052738009,1346595317
7968,1286557368,2917616438
7969,175873156,3568601014
7970,1150234193,3423524727
7971,2314109075,3404184807
7972,1717912013,1072972332
7973,97278595,1099081588
7974,1561576557,3102315906
7975,2521866978,3245049198
7976,3281575780,3069308417
7977,3606206622,3976263865
7978,568007598,2967705586
7979,393323993,2175494524
7980,1519915964,3404109567
7981,1159218859,521545347
7982,4100786669,2734901088
7983,4282444773,3054202999
7984,3910413091,308077610
7985,3800030843,1441106822
7986,799467203,1982988364
7987,2627801340,4048089457
7988,1768373187,300849832
7989,1308394828,2512684373
7990,2012747558,2829769634
7991,3598801064,2281876461
7992,1326508578,1669158330
7993,415556104,4035205823
7994,338798858,27487638
7995,51366338,3995265118
7996,3167318009,3044678960
7997,3086412578,760262046
7998,952193803,613239823
7999,1185378619,747748265
8000,1369227576,3524018187
8001,4274985285,464301229
8002,2702262646,1225801105
8003,2932308169,2598724288
8004,2047966438,857606741
8005,3829355040,3100556447
8006,3239179965,2230324497
8007,117637790,790599864
8008,2370754550,1846029161
8009,2713172462,130213307
8010,2277509067,901818401
8011,1612558007,945262627
8012,1823452690,3995672355
8013,3034183204,1953374565
8014,3384497770,3088708036
8015,3451829745,1107781716
8016,193875945,2694011569
8017,2350044368,3009869107
8018,127880468,3587496371
8019,696974154,2461091458
8020,2861795163,1457092419
8021,2506737287,2115256379
8022,446135099,880295282
8023,1274829219,1226504121
8024,3653460263,3163497196
8025,152871252,1115905573
8026,1006343727,29014598
8027,1861485744,2293790431
8028,573309857,4137044674
8029,3914736429,3322720645
8030,2336301876,1471875835
8031,1272537159,3932831913
8032,2523498918,453986708
8033,1291737864,3045827018
8034,1954283559,4158825331
8035,2070665595,3525231637
8036,148083321,1109328815
8037,688744919,4013744602
8038,47100492,334795641
8039,1147951599,3001386292
8040,627709607,138183962
8041,2422631032,2339283957
8042,4160870764,3172312029
8043,2796234682,615442986
8044,2312950804,3433924645
8045,2023090907,3364604113
8046,2081681340,2208805689
8047,1030325902,3453326073
8048,752468916,1115071129
8049,2168878467,1386019051
8050,2972745080,2109619019
8051,1836803287,3761750560
8052,1037107399,1417457568
8053,2767465027,4036043748
8054,372705597,1230306258
8055,353010709,334809189
8056,4102610161,2172723609
8057,231203898,335035200
8058,3646640090,2257981448
8059,2762647242,3597761059
8060,4261429395,1578668032
8061,878258394,3473831820
8062,957247259,1040259347
8063,1766054093,3108865986
8064,1976405588,1628778520
8065,1156245175,635183603
8066,532504457,2644521282
8067,1036554319,3935284294
8068,3622670927,2667457405
8069,3509343037,698707989
8070,842010008,1935010566
8071,1138859897,144494492
8072,1910401214,577882422
8073,636956058,1907857213
8074,3368401592,3915293749
8075,2378312529,2262516217
8076,3718614949,269946589
8077,3866241069,3361083739
8078,3448564566,1171519685
8079,1277585285,1671688608
8080,4023121018,3212778710
8081,3118163928,3227231780
8082,1898030152,661713163
8083,4038612252,325073347
8084,3111037489,539833049
8085,3913234565,1220308386
8086,3420220882,1677831142
8087,2326254273,2127898712
8088,1862704510,2151399822
8089,696870506,4182101227
8090,2915089864,1539906663
8091,4115005044,1895680229
8092,467680529,1979404091
8093,2483057968,2677540757
8094,3462476803,1916267552
8095,4106563091,2043073753
8096,2652913898,3172091052
8097,1368667508,1164997519
8098,811664329,725055471
8099,320688997,2090095690
8100,2537837693,2292368232
8101,2763303320,3376073455
8102,24222267,2626369884
8103,1961527072,2411222284
8104,2782671303,2928256232
8105,1602012821,3632911778
8106,846114050,2776724284
8107,505233989,4147146543
8108,2095223951,249699853
8109,3760133494,3914369820
8110,1418416622,4267546533
8111,3899086869,3649777617
8112,4059729325,1018786500
8113,2845887690,1323207988
8114,3070447126,1886393224
8115,117297078,841251720
8116,1583437395,726201254
8117,3788147910,2461601336
8118,3121645839,3702826855
8119,3440815735,1129581099
8120,63963515,2876808421
8121,2081648644,2758308471
8122,1349310637,4009634788
8123,2757410609,1540717189
8124,2216704783,3477677250
8125,3950169935,2448634986
8126,3790976578,415233397
8127,2961598044,607513053
8128,67918487,2005371608
8129,1686198840,1564868470
8130,3070871227,3082979907
8131,1946340308,937015750
8132,2188636264,1799996846
8133,1940866231,746169936
8134,4228172875,247917353
8135,3560853293,2815950328
8136,2796018112,1044065762
8137,3999340271,728712193
8138,1529775761,3188702006
8139,4099968655,1682091970
8140,1402115767,954153245
8141,701150389,543304323
8142,2497267835,3279780698
8143,119055504,4007110513
8144,1725128034,1708654288
8145,2728157309,3686517014
8146,4243141044,4054995738
8147,2166638523,3254292658
8148,867649810,3421400885
8149,2285498200,3339799057
8150,260309905,607173176
8151,1899686186,1568920547
8152,2951240581,333827241
8153,932024553,3831991217
8154,932099585,3072689689
8155,3365024358,4214364330
8156,1426592809,2938265392
8157,2788090383,2084669202
8158,931715128,3638544675
8159,3178627487,512524830
8160,3006096895,4161664361
8161,3989032182,2461937945
8162,536190424,3342487991
8163,630699039,747770129
8164,2979237685,1086142976
8165,3470569199,408188478
8166,992808591,1156338583
8167,3311984081,491016152
8168,75548088,1138921319
8169,2597240771,1405266528
8170,3957969496,3613101511
8171,3858099113,2055530614
8172,1218190025,1428398772
8173,3010378315,265515982
8174,3772441432,1425727611
8175,713432320,373621793
8176,2126921228,1003304405
8177,2583409519,864859822
8178,491958308,243115074
8179,563389551,3829571128
8180,372949635,2096123759
8181,2201629558,3601803713
8182,1875290716,1098191178
8183,3944977498,2295872612
8184,2897971534,423349601
8185,1876350823,1919711338
8186,309842618,1363778970
8187,3963368426,1034383367
8188,577347466,3194162741
8189,578961286,723385607
8190,3408620255,51887225
8191,1751901447,1736712341
8192,4083997998,791401643
8193,1911291914,3798814964
8194,3427411836,1175285101
8195,2618918638,2679615261
8196,877003020,267954300
8197,2023267551,1142130151
8198,191521438,2705361328
8199,2684985666,3199000811
8200,269795602,2071662511
8201,2397987881,1263714280
8202,252167836,2304345695
8203,223581110,2346018902
8204,2609440932,2253640630
8205,1427723946,2022234404
8206,2252931276,371291826
8207,1816833892,638743529
8208,4262238329,3822079912
8209,3446821368,2927783418
8210,1861179806,2224476388
8211,1044886896,2412088193
8212,3587436932,198402067
8213,3615992533,2650229915
8214,2038328539,4175872905
8215,676299657,845777794
8216,3756473686,1811147741
8217,837930864,3347076025
8218,199664799,1930804482
8219,835735429,1376154712
8220,1010729269,1725534723
8221,1863495705,3349336495
8222,455089841,796431332
8223,103836554,2642780582
8224,2640868115,2034649277
8225,4064348246,3127353909
8226,3124731795,2315616645
8227,1886827989,2089987967
8228,2135199955,2140171100
8229,1183730172,763467265
8230,2038450852,4151741825
8231,1783278350,4262552226
8232,3662014459,3850129628
8233,2985042022,2207976079
8234,2315233366,3147425450
8235,3797914540,1859142796
8236,359230617,1258509040
8237,665865316,183830942
8238,3920081978,3541373917
8239,4215246570,1556080170
8240,3419655144,3827787271
8241,3883713887,337104116
8242,2234797108,1554938928
8243,2599126989,4130242852
8244,2824342084,57618438
8245,2332755788,1218434193
8246,2545722653,4088930167
8247,1627363026,4203113692
8248,3600181184,3620482324
8249,1470313495,532545603
8250,353918055,695729304
8251,3422738061,175532714
8252,1286898020,4102439759
8253,1335200296,2702711352
8254,617504064,3921029623
8255,61043859,3180538323
8256,13019267,957077032
8257,1862463336,974130735
8258,1863398911,1097567077
8259,2087769128,820076454
8260,3091795218,1085014404
8261,2760588551,3540048010
8262,2791059154,3392040130
8263,1397333297,4050897977
8264,2099127686,3603800487
8265,2356777841,1037527995
8266,2095735610,3299614347
8267,556422396,2832661397
8268,487179750,1441122560
8269,2467819708,1953649442
8270,3439886780,4241983753
8271,2060618563,3005436338
8272,1545831901,2925466424
8273,3214819761,3409875364
8274,2191726277,944355585
8275,4009957880,3797567509
8276,196584230,1846548897
8277,95454511,3383093587
8278,3082328837,3849965972
8279,1070941257,908916753
8280,2094650119,3807315431
8281,2442861371,1211071758
8282,2910604005,1448294377
8283,2688542293,628095102
8284,3260575183,1954937193
8285,870100447,3200199453
8286,1787085676,541620371
8287,2949544216,3290163454
8288,560456051,3977183893
8289,1953764663,2800296795
8290,746800542,3535946074
8291,3257161542,3351300590
8292,1364907808,3965629957
8293,2086964511,1767858698
8294,1428448380,651325477
8295,3973750153,1913286030
8296,1377281468,613633590
8297,1924049772,3890264860
8298,1605134637,3773507837
8299,2210245961,997034727
8300,4102446627,3901201961
8301,3607499202,1930740360
8302,3002413309,2213761642
8303,2310654856,3732058133
8304,2294091551,1862094756
8305,42044848,641476640
8306,1438978379,3291958844
8307,174939421,2481700932
8308,2551911098,4185443505
8309,3016350748,4248634374
8310,2164858649,3925914072
8311,4289176556,2067937125
8312,1889461793,1896313667
8313,654872972,1921303156
8314,2451073296,3012351281
8315,2021586733,209114404
8316,1979418720,2106754222
8317,2584136059,2381125517
8318,639145231,3431506019
8319,2744419635,3356567553
8320,3721422581,850144007
8321,4040908850,1314819265
8322,124823004,1729791842
8323,1789831961,3375189945
8324,1182223135,1228770899
8325,1300983349,3859142440
8326,703994995,3237991000
8327,2776178863,1814900546
8328,2902229817,3092902387
8329,2951484404,1251838656
8330,2680300189,2205881186
8331,2846623221,3287506633
8332,189046524,355893423
8333,2347828369,1631798782
8334,3339539744,913088768
8335,3632602484,3956471014
8336,3280984628,162866894
8337,568429648,16433016
8338,488310981,3047623346
8339,4235284036,3403512202
8340,1653421976,3520610866
8341,1270145351,3931353437
8342,605109161,326349633
8343,1877432699,3329202252
8344,499587327,1216225069
8345,633894387,4175734496
8346,1169557832,3945435004
8347,393620455,3798929886
8348,2472476322,1118892121
8349,3722019847,3418635908
8350,1182484427,3464989006
8351,4274266570,3395585465
8352,3872985088,1108501129
8353,1610039276,3324768424
8354,3109461705,3219864151
8355,998177358,3432478439
8356,1658733301,690560267
8357,4204151061,1535603119
8358,1680601519,65775030
8359,1507690656,2633407768
8360,4059456580,2362175993
8361,2460067227,2892085475
8362,1681933522,4107222781
8363,4154221919,1895987669
8364,499163204,1978396176
8365,818720928,219458180
8366,2110036556,2429071974
8367,1059114058,1442977188
8368,356740318,4153314831
8369,1674217202,4020295720
8370,1368338552,1611787578
8371,1200430264,3949395905
8372,1733802005,1355348545
8373,2600425439,3214888353
8374,1888842877,2470678580
8375,491640176,3387519574
8376,1536382625,1125321510
8377,430616130,1821153725
8378,3225142803,148081248
8379,2814818191,1248420687
8380,1473940884,3842355849
8381,3412712096,969137987
8382,4153013630,123229334
8383,3991694413,3029916691
8384,2040078145,2839685847
8385,341007705,1863264187
8386,2163217925,4109912743
8387,3291354301,1211521617
8388,3515829185,1169779928
8389,639205626,1818837481
8390,3604985049,3470539683
8391,684989339,2091356567
8392,3745703752,428507557
8393,4141839677,2122230330
8394,392427809,3423488870
8395,1622822210,2838737719
8396,189866155,746073752
8397,3352213033,483161069
8398,813189932,3296906261
8399,447161314,1023701045
8400,1545703982,4281045420
8401,2733164188,785691459
8402,4250430369,2938989757
8403,4121576791,1440969184
8404,488603959,3206118467
8405,1243341515,2193347947
8406,4262569130,4207928672
8407,2585050344,3391040625
8408,3166633900,1655378138
8409,170037033,381305026
8410,590863242,2330451443
8411,3499623049,1516842687
8412,3386906445,3939225018
8413,2855504873,4242818180
8414,2996178830,4209715582
8415,530133405,1733326108
8416,1356510822,3175100671
8417,3302545613,3501074256
8418,669250189,2629927730
8419,1878897876,945109313
8420,4119614599,3449272800
8421,2626546217,1876898325
8422,416514925,3123121595
8423,2138894706,697847315
8424,3406494395,3867820062
8425,535282229,2142452762
8426,327363909,507408450
8427,3009248336,3606926201
8428,2251896155,139569966
8429,3000149842,2612708148
8430,556408206,3092806042
8431,837186723,1510418383
8432,1105575484,1769743774
8433,845865101,1413348441
8434,2702541232,2640550338
8435,894610689,623801103
8436,2124747384,3956217398
8437,1101397421,674465010
8438,1007973893,1292958756
8439,3896861327,2029742
8440,3330322469,3584992381
8441,3221976199,620861773
8442,2112076426,3543038329
8443,1559037363,2620110937
8444,2000185438,1519644820
8445,1010908583,3031251028
8446,1699732477,1733394791
8447,1479977029,3100905977
8448,1796352934,1025330584
8449,3803803189,24051247
8450,545953994,197484090
8451,32489827,2689304923
8452,3250089410,3228430611
8453,1275671426,3082447028
8454,626102654,2940086690
8455,4172612321,725731399
8456,1170791477,2600533008
8457,2542022994,349533297
8458,610355493,4047119068
8459,2784501607,425653740
8460,1686184397,2692819373
8461,1470927793,858629527
8462,2122382044,1954532696
8463,1521617937,927333874
8464,371604239,923132354
8465,4189177388,3967905756
8466,4025545814,3995820865
8467,3727937931,3391311456
8468,610177738,3909684405
8469,921866473,3680950202
8470,4179611998,866351410
8471,1706428484,3425171824
8472,862296443,3141333697
8473,2300416670,2315046419
8474,1384622105,401237900
8475,1461690555,945981985
8476,3256530655,4140415539
8477,216173407,4034454644
8478,3970037499,1916031983
8479,2644576068,4050663083
8480,39116527,4123605098
8481,2829530955,2319855624
8482,2273345004,3299201867
8483,2408220594,2807892365
8484,820619660,1043383729
8485,3202172768,4132972722
8486,3491283832,2592879541
8487,3330494243,2208900296
8488,1133013648,2131646689
8489,2509501021,911638504
8490,2430390673,3435881629
8491,1462790182,2873754257
8492,480518844,4145867868
8493,2257466981,947682295
8494,1209302724,1465568950
8495,1046428002,3742185456
8496,4114968660,2962130549
8497,850682771,1749212405
8498,1712177904,1213253243
8499,338040569,1131301044
8500,164818213,1978120957
8501,3669656798,3585290113
8502,3456186382,3089736608
8503,3373342030,132207694
8504,3182275154,4120864583
8505,337259009,931591292
8506,2048816940,3358138360
8507,730728305,2434476147
8508,2271873761,2200705566
8509,16742074,227843849
8510,723547246,1355544147
8511,2417586616,3996232499
8512,2393803547,848260998
8513,2792708957,814204697
8514,2931902354,3304384075
8515,1079760363,1602806005
8516,1714666392,64301432
8517,961991736,2041920165
8518,2581929936,48189301
8519,2046777663,2365769549
8520,3385260595,1801425856
8521,3331505939,3185325363
8522,3210896075,1412651342
8523,2488537494,3695861411
8524,3669855749,252660524
8525,81685723,725465913
8526,3790104409,385906580
8527,1298467544,665687757
8528,3848236860,888453563
8529,530941792,3685909274
8530,1181993028,4058077362
8531,3490818265,2216283369
8532,1146466780,971394800
8533,3215414667,4148095852
8534,4157996800,1614591717
8535,1317976154,720232245
8536,2838701976,2307624768
8537,1976069752,4095581521
8538,2028805403,2974044106
8539,2995521340,790585620
8540,2132303657,755375754
8541,3948277687,875697601
8542,2194126886,2815155716
8543,3450542631,1567436833
8544,2521131116,3141714367
8545,1381387464,2380222629
8546,3794740431,2662574912
8547,3496883476,2426407693
8548,3478876210,314531826
8549,2331079452,3513583890
8550,918981621,2040616853
8551,280190217,958929340
8552,425349248,1800424737
8553,973430149,1015011131
8554,2801999551,360864407
8555,1581713013,2227317279
8556,1874255633,2598681630
8557,1052770907,2710056717
8558,4024753886,693271065
8559,4091264225,2755414833
8560,2600038126,485585410
8561,1404721916,1687437338
8562,73336654,2121907313
8563,1918900149,1996532170
8564,1648848958,972271636
8565,73283038,2983455340
8566,2656502060,1600096323
8567,2955246773,1688228456
8568,3922312940,2326951626
8569,480144678,1224854303
8570,4133647067,2082502382
8571,3205535271,759987600
8572,391133549,2005518277
8573,533707571,2706984925
8574,4254876551,2633488908
8575,3363813201,2440778551
8576,1994253717,4012760668
8577,2274047202,3358126543
8578,3287779657,339616295
8579,1762178278,3744459098
8580,2367499948,2378067204
8581,836756424,1137142891
8582,2037786235,1728131726
8583,177867847,1800050406
8584,692842510,2262917769
8585,3188289227,4239584753
8586,3923288899,2157917079
8587,1269239547,3142712513
8588,3850322727,2602248332
8589,2926514410,1062217385
8590,3258756275,1260811787
8591,2734033830,957205496
8592,1694520082,356047725
8593,2200350915,3304780967
8594,4074877404,3617942416
8595,1603282321,540903835
8596,1063725056,2783074801
8597,2526012243,895343999
8598,911438337,1354578630
8599,1518124808,190162868
8600,2116477190,3996003636
8601,3804786853,1520412400
8602,2001239979,1719651280
8603,1863933269,2142572050
8604,3536338572,4273809725
8605,1982026752,684604144
8606,2294812785,496626232
8607,3523794770,989966519
8608,2981938257,1363196033
8609,266922378,2353516169
8610,1240316966,3343670274
8611,860447058,3578492644
8612,4077318787,2552395342
8613,2273706280,194017883
8614,3016195545,2679643894
8615,3555856135,280266853
8616,3494275022,781650391
8617,2336922545,974933537
8618,3752206927,3370045037
8619,1712732344,864008804
8620,2167172920,1825529354
8621,2510701309,1724247085
8622,3804253217,3007582253
8623,2210867683,427079981
8624,136899855,682999983
8625,2762604203,2225960735
8626,4108759477,1671349560
8627,2026904445,3691678756
8628,206525154,351458860
8629,612326539,2295945175
8630,841299196,3865001478
8631,65350273,845162473
8632,1881039547,4056702571
8633,895668095,975269387
8634,4247666201,3957373595
8635,1733127823,1791442050
8636,2567017441,3598459234
8637,3300994495,408502538
8638,3483442564,1065041910
8639,1848416780,1212130612
8640,1491672821,4190778650
8641,499642030,1380745070
8642,3797518919,1771824766
8643,2972809775,3218191956
8644,1357805493,1405033699
8645,1561038745,3024599730
8646,3018818885,556448890
8647,732403750,2719818280
8648,3435510423,2665684327
8649,159091932,1421867968
8650,1692804396,3543296579
8651,2822591661,1362291390
8652,1471564505,505651307
8653,1128894543,804281084
8654,1497978127,2975260107
8655,251204507,924753724
8656,3845112043,1710712107
8657,3144114226,2736419266
8658,3141565378,1231727923
8659,859068958,2236918261
8660,3062825605,2027773163
8661,2368648362,3142253611
8662,750843799,2100438988
8663,1953750862,12377609
8664,4242082019,2350291388
8665,1701168673,3137860524
8666,1771083473,3946345397
8667,303818228,1285194578
8668,3121546854,251654614
8669,46042087,3899424564
8670,2877440710,2530431697
8671,2558826059,1839767093
8672,2799459878,3176255636
8673,2382994922,1864463765
8674,186967344,1944936156
8675,1742172369,3739281959
8676,2960102103,175687105
8677,77539949,1256028289
8678,3683494404,1550345863
8679,3077484834,1202550203
8680,1209200999,3224273463
8681,3523040632,493169251
8682,287273713,3171670167
8683,392464241,87173371
8684,1993765428,2242836346
8685,2860868092,863158682
8686,3521558145,58143610
8687,3789829722,1175994166
8688,605790795,4220244371
8689,1510975010,3062356143
8690,2008914343,4291941030
8691,1437230979,1965784292
8692,840658670,3082950604
8693,2803277997,1380337521
8694,325328044,3484249733
8695,2395688532,767690971
8696,120981332,1076928411
8697,1010856954,733550906
8698,1977251397,458617813
8699,1498133068,13576450
8700,3477511277,406649550
8701,2242736904,1808422652
8702,1379973934,61671606
8703,3784207932,4123567243
8704,2171427155,3528706569
8705,1654825584,3376762752
8706,3950746054,1981449370
8707,2418125063,4155714590
8708,86141799,108515279
8709,1100695360,239358216
8710,119090393,147289210
8711,1925295768,792767646
8712,2772643633,1724547288
8713,3557327619,3974294960
8714,1232644055,2613188186
8715,3989785558,4163789086
8716,2449782796,3547355328
8717,2778884942,3580799604
8718,4054858315,69560036
8719,702351319,3083854232
8720,750686871,3876851814
8721,594391489,3322199978
8722,1072608779,1875590418
8723,3436966172,88497638
8724,3992790112,4138842525
8725,1733368792,4056765148
8726,3245146221,692657655
8727,1299352445,1409870092
8728,2679737107,2595309317
8729,1974219710,4167465869
8730,2292891699,3589259462
8731,3308635333,2467680669
8732,3355842675,2539357131
8733,1778893591,57711386
8734,3737661061,308916595
8735,3087303209,2898241872
8736,214558142,4236162321
8737,1069125025,1900842911
8738,3485007431,4150060992
8739,3732847007,524193874
8740,552008217,2547833561
8741,185670827,2625138650
8742,940144073,2716828795
8743,3233516721,2105103787
8744,2492690631,965938484
8745,2885049794,1585546478
8746,1770754373,2912030688
8747,1875160596,1637958455
8748,3133944311,1218736224
8749,2729131598,329938356
8750,1764819743,4270308474
8751,1661612406,672655166
8752,2373024474,39687654
8753,3882291759,2898313046
8754,2709317502,3731782307
8755,2415136599,913855998
8756,3452167000,2792058331
8757,2227161612,2984078931
8758,3257985683,2666990424
8759,859717986,2350556758
8760,2573066635,1689919525
8761,2298410141,929865530
8762,2613217995,905585311
8763,2582282054,1150726955
8764,374889639,2822434871
8765,2757425761,833687049
8766,2579651242,510976017
8767,2155417537,3433473130
8768,484435451,3043760040
8769,3967700139,3300425956
8770,2559374750,1076444278
8771,3252283041,2472426245
8772,1555741895,1719961074
8773,1869181846,829252367
8774,1651110011,1016429737
8775,3501291336,4077039625
8776,895026404,1677661818
8777,2910080710,2805123746
8778,2973699728,850937777
8779,1296693798,1937844310
8780,867002144,3826038537
8781,1986803716,794321311
8782,3707033330,1310299498
8783,2205944071,3928591664
8784,1428031730,1316964638
8785,335568050,1288146096
8786,3981737049,392925464
8787,959630326,3428635708
8788,1774928336,3284917359
8789,1071211560,2961861068
8790,2027019590,1270969781
8791,744399802,3414886094
8792,4246366830,46867432
8793,3131685605,2960393939
8794,861855743,627158532
8795,4236787279,75885780
8796,2473975311,2553419987
8797,1043423477,3190472103
8798,1473705378,3663397992
8799,2772226931,3760028003
8800,2149138280,824506696
8801,1501167314,1874356110
8802,3000122851,175854442
8803,1487588820,1657950017
8804,588900060,2102515732
8805,3884928669,2352749725
8806,3317817299,4200124938
8807,960747790,3810894534
8808,237322207,3313876588
8809,2450517296,994635336
8810,2593293924,4139670536
8811,2173831723,2597785719
8812,3660988992,2791698711
8813,1572283551,279231412
8814,2646055341,2107470845
8815,3200504684,2947939212
8816,3513854259,2922381113
8817,2125549592,1758858365
8818,3271373409,2187780849
8819,4069861145,2569359437
8820,2561910882,4171115906
8821,1514948893,2564821429
8822,3198129642,3221841694
8823,3363605659,1907424267
8824,1679281644,1352328433
8825,686449689,2359073939
8826,3913790349,4275081620
8827,4193623766,1890491205
8828,264242145,2341591703
8829,4164461535,2830056502
8830,1680181822,2853351394
8831,2032546159,37524149
8832,2399894169,380956695
8833,3948772373,2658983372
8834,3743428922,3178150638
8835,4192512665,744141079
8836,4198507650,599857500
8837,617834154,498711561
8838,1220958089,1831447477
8839,3302089938,1404818650
8840,4046505495,787583062
8841,3619163950,2207292235
8842,501818368,2412762583
8843,340667956,3688161997
8844,3767539952,2563821629
8845,2453884887,3627096982
8846,2357433195,2469880023
8847,591335324,2593806177
8848,341461795,1181033511
8849,4210995772,3201769399
8850,3147671648,4179359175
8851,3701754408,1942590678
8852,3922557912,760799160
8853,2424129763,3814152463
8854,357023283,111221684
8855,2998157587,2670109375
8856,1750185816,134568031
8857,2313787557,3268661976
8858,3847347899,2845400348
8859,240971512,3312000033
8860,3824631833,859962856
8861,1970854275,2472773974
8862,2807650887,2876126770
8863,237925807,3634388006
8864,3351184001,2231090908
8865,3658031030,2536025804
8866,3322661481,3705444660
8867,1469058186,2965235689
8868,2519570122,10700341
8869,3127661232,1692373735
8870,930291469,1189350758
8871,3334487492,777877122
8872,3999494776,2441144433
8873,2242543534,492783862
8874,2175044257,2088740886
8875,249887225,2799221160
8876,2863248276,500245231
8877,129286873,135731977
8878,1645873390,2243926258
8879,1140651213,2728237026
8880,3061675806,25888637
8881,189387121,1307995695
8882,496685442,2252998902
8883,3002923191,767672540
8884,2427176450,2937588588
8885,3843405015,1624135318
8886,576773904,3917787288
8887,165329393,2372298035
8888,2188535523,3604780255
8889,459429684,3433924988
8890,1629159734,3452223517
8891,646313128,3979220286
8892,2584194208,141363557
8893,2648766025,2172536165
8894,3860556925,1938485260
8895,4177903447,2632433641
8896,628951870,2289537
8897,122400595,3884895336
8898,647968355,4269391433
8899,3392536330,4289702065
8900,3477354976,1571479500
8901,1199285852,3426271301
8902,1169673988,1378959869
8903,917845199,1003832250
8904,2512324601,3124877511
8905,3712202361,2859889931
8906,3658789983,4264807264
8907,3748737040,1823379759
8908,3608861065,3585031149
8909,157043740,1753403908
8910,2603483667,1787504581
8911,921025285,3221462908
8912,2488477721,466332711
8913,3680396945,2812287744
8914,3859146679,1019831648
8915,76968718,482920210
8916,2483886293,2595326400
8917,3588475038,3669122180
8918,855343654,3044021941
8919,357764185,1132151206
8920,4024094869,3624705505
8921,214787153,1034133273
8922,2829425202,2253627161
8923,1738092451,1135115745
8924,264289333,379034474
8925,277091030,1521458039
8926,3373132953,2447695223
8927,3879742486,1124938258
8928,784472974,1513655679
8929,3687729079,964582964
8930,1949133643,2779531880
8931,4056455881,2966085400
8932,2963848097,3559159411
8933,1548075439,128801734
8934,1786388855,913078316
8935,3838713341,2489137048
8936,3376703205,3008332124
8937,4135870729,803224878
8938,772470587,553175180
8939,1834501869,79944568
8940,3577696719,964685874
8941,3755173836,675521102
8942,3598546297,3712206123
8943,1654606608,423103704
8944,3667839136,901570971
8945,1926489541,2557837020
8946,3271761136,3262268523
8947,3006585726,3574809492
8948,591062323,619632703
8949,2349589853,46251691
8950,3836189869,2542551041
8951,4050964916,3993081639
8952,51308213,1688792010
8953,618463865,1138979682
8954,383673904,2624295173
8955,2568580284,656638496
8956,626551195,3745148985
8957,621324398,3063811143
8958,816545260,2513186380
8959,3184303751,280063886
8960,923766793,1248650455
8961,1691648846,138123820
8962,1662655248,347788787
8963,796487340,2392247505
8964,1462833338,4244162912
8965,3521851145,1598278346
8966,893449356,3846807847
8967,1375555044,4240972721
8968,4034365764,4102947022
8969,717108363,2792131109
8970,1774940444,3526231953
8971,4210470888,1230631199
8972,3464279501,1823571500
8973,1080167503,770649430
8974,1016495098,3237259252
8975,2395014094,3578508241
8976,1319474907,2847470917
8977,1940886628,1427232621
8978,2773076565,2423542515
8979,476557012,1601028902
8980,3725990730,2946470311
8981,2996169557,3904942386
8982,4028029418,574047841
8983,1314522015,2509987996
8984,3407181291,1728349951
8985,3500982495,213434194
8986,1582797828,1896656283
8987,910102415,1934116676
8988,773720424,1757097707
8989,157065425,2712617816
8990,899612722,1900581114
8991,1723626814,162253681
8992,2781245832,12885912
8993,354404883,4123858531
8994,1743149981,3073040771
8995,1042290487,2286187982
8996,2753283028,3650092840
8997,1346670948,3946278845
8998,2405857872,3738785661
8999,1168577158,1927750054
9000,1493675741,2502495239
9001,928468691,564100147
9002,254112565,221650143
9003,2301882644,455010985
9004,355490076,2585236491
9005,3697874101,2051983424
9006,554087050,3415582083
9007,497462529,2610608177
9008,1830664394,3306464660
9009,2593533128,1701291431
9010,3203361455,2880611470
9011,619629874,457210111
9012,1414955350,1522101572
9013,201092712,2502627148
9014,1075086192,1822183565
9015,3743908589,926808747
9016,3225198416,3754582075
9017,687890907,3932451453
9018,2186902406,3780636008
9019,135548754,2208727477
9020,3191323149,4267403238
9021,1739712630,3327801365
9022,224370697,2856570777
9023,3531696230,2778746465
9024,1663736682,3752875345
9025,952085097,1985602652
9026,1940881040,278554517
9027,333129070,3514162561
9028,2578252917,3989602770
9029,492086372,3274250761
9030,3000267144,3982560669
9031,2689110202,1451996532
9032,4188977973,3377268852
9033,4157179505,1614034677
9034,671054770,1001805184
9035,3651313974,3519253859
9036,1023465844,1691688864
9037,3823568387,588184112
9038,1741395344,1968703124
9039,3125443244,3302831729
9040,902111017,1151522776
9041,1378808601,3580020340
9042,100610783,942413026
9043,2536555181,3971038970
9044,1673627391,3792676149
9045,819437936,3280519745
9046,1539416716,2748414849
9047,2643639748,411215857
9048,2405516017,568802586
9049,1087970478,247978296
9050,181488648,1240783560
9051,1230760352,2266742878
9052,3113320823,1022933004
9053,3193671848,1423741936
9054,1167075183,318563457
9055,1858149873,1140651351
9056,3612962215,1264696432
9057,2807294705,3776955111
9058,2612615447,824632966
9059,2749876762,1396465629
9060,238046792,2337560590
9061,4174445364,182885540
9062,293016847,4147934141
9063,2298941540,1345719320
9064,176101825,743015564
9065,3249463586,2279167712
9066,2900316935,228920354
9067,2437782360,671243378
9068,1727513387,1044389816
9069,1288658978,2337746179
9070,3114629287,2954376568
9071,3229871135,1616554563
9072,3394464984,2835928626
9073,1590679740,3390518645
9074,517554256,3146376713
9075,3971496985,1851273229
9076,2354469124,3395679795
9077,2846469471,3772129314
9078,474114206,3197909803
9079,2069989110,114408759
9080,1012073993,3589931583
9081,3469934656,570995905
9082,1974579853,2793496489
9083,1072061661,603134835
9084,2077055619,2261532322
9085,3275164525,571980782
9086,1762521664,2015902267
9087,1073128866,2458113036
9088,1229192379,1854545679
9089,3963911665,2148982522
9090,481815948,587190494
9091,3250961647,3295406380
9092,3176439715,4261583844
9093,4206753427,45606459
9094,3382255652,812636515
9095,1579617194,2738373762
9096,1427149923,547414130
9097,3020300813,2843310725
9098,2024865774,1125821361
9099,2397865288,3690762343
9100,3606365994,1465526029
9101,2351277154,1690981584
9102,764870390,3830988024
9103,3141582226,2603544187
9104,2078550576,3448646502
9105,719911233,348065271
9106,2379790209,1429436823
9107,4264794293,2050037367
9108,696957639,2324344942
9109,2761871470,1281678221
9110,2901855175,901189863
9111,3293327616,584646002
9112,267261686,422079111
9113,1797701038,2607323099
9114,787963655,3152400722
9115,1743547404,943564565
9116,2816392826,236913853
9117,1915291698,1066577113
9118,918770949,725516925
9119,3491282356,2505746277
9120,1233238067,4184184003
9121,2927298928,877131421
9122,637056410,2551335223
9123,1513515999,4155307021
9124,2130038617,3051677496
9125,617551382,159220889
9126,129701648,2217866670
9127,3464335932,3926488428
9128,4219447297,3855783878
9129,3247335678,1382778419
9130,2661578870,1997740997
9131,620537027,2568851440
9132,3170304721,3510795367
9133,3373046887,1192538880
9134,176846279,4293897466
9135,3261352990,1148047746
9136,2123574398,3835840331
9137,2021711856,623205550
9138,212019119,1487643958
9139,1653113604,2913146160
9140,804222064,3406390201
9141,3980627136,146288838
9142,128161549,3669886294
9143,3708008492,1485685724
9144,3939223759,892937470
9145,3919463910,628844941
9146,91241367,1092049064
9147,1113163862,3930306697
9148,423448095,36779742
9149,2938124896,3115741643
9150,2783028374,2255121292
9151,3205933519,2825539105
9152,1364446118,3596416744
9153,751102229,1488684968
9154,2367958310,563929711
9155,412992934,133876839
9156,2768495602,1189781044
9157,4140050124,2964226274
9158,833513346,1995237339
9159,1452637325,2833885392
9160,3650134511,1701166397
9161,2013904921,2324496348
9162,1095943068,3147422087
9163,1023979148,2508604339
9164,872310496,2257852694
9165,459355985,3010306669
9166,2364160788,3810541149
9167,3130197200,2039900456
9168,3396835570,2755740743
9169,340872326,368420419
9170,2247351974,2257538429
9171,986404629,2335934285
9172,1427259169,634931811
9173,1278532890,3188963593
9174,627649777,4016918416
9175,504798666,2507339583
9176,2019088573,2632148534
9177,178678362,4104002212
9178,977566764,3466242401
9179,234192716,3983430650
9180,3783878146,1506961412
9181,1684100198,2391715789
9182,2472268048,898854070
9183,3326939180,1488295476
9184,657161210,4258097833
9185,1121445328,1133788741
9186,1943725606,1338208523
9187,3436709001,497172154
9188,1163990797,3910289705
9189,2542804333,2798657394
9190,327358739,50311245
9191,1686726947,1782263030
9192,2080936789,302696077
9193,2720172260,296959968
9194,2498780699,3215957031
9195,2036154818,3376422002
9196,4257761136,2164514104
9197,1373733251,2922425642
9198,1542192139,3374558432
9199,2839235070,725722463
9200,3887246726,1671480018
9201,4064584807,78469839
9202,3217463139,1365855125
9203,3362979638,2069963928
9204,1696263036,3256067475
9205,920362886,1653753507
9206,3762610035,1652573056
9207,251319910,889104888
9208,3539055581,468279179
9209,1975931544,857528167
9210,1295296274,2549878911
9211,3808949465,2878122566
9212,2919733495,4255354415
9213,4264794395,10693532
9214,789007859,3754145780
9215,294689615,2391871018
9216,3127153109,3094652847
9217,597334714,3165350927
9218,1769060700,4101404634
9219,2501433425,1797814556
9220,1279611992,1560678294
9221,1057669343,40156268
9222,2234743223,684172696
9223,2864216597,1391312866
9224,447452648,438710204
9225,1791139203,636078804
9226,388941434,2329662765
9227,870174922,4290752338
9228,2975748392,1523485380
9229,337051189,4183797487
9230,2983673981,2630573422
9231,1656839857,465190269
9232,3516435631,2221758291
9233,3249314185,4267909648
9234,19892263,3725364992
9235,4115207794,2994320950
9236,660638609,2536828442
9237,4098139032,1409468225
9238,1724244963,2444674996
9239,2374252895,1632371092
9240,1599364360,1502886481
9241,1247009074,84988670
9242,533049480,4138514041
9243,2470996002,1813475144
9244,1472235396,3887063814
9245,2704582556,1646981825
9246,2367722143,2989183992
9247,1897175526,3537094034
9248,1991621149,32778212
9249,4281935398,605309280
9250,2756505816,171696252
9251,1890210707,2965321638
9252,1641935135,2663672583
9253,540123872,1731516533
9254,2581115414,2071645032
9255,2094829243,1626117635
9256,1282973694,695797426
9257,2942924701,1011289797
9258,2999483728,1852293450
9259,287727553,1603766221
9260,2166114158,1809414536
9261,935457110,3655541884
9262,881689027,284402570
9263,302108857,4107856043
9264,1551878383,3148549221
9265,153956766,2665476022
9266,1288332337,101374562
9267,163890935,4119866593
9268,2992087354,1244259426
9269,2288550466,2719381808
9270,2620474386,3409558184
9271,584619819,1911838558
9272,931137941,3536540819
9273,3773098828,3010756447
9274,3425166538,2943329040
9275,661204533,985422934
9276,1465803554,1160055294
9277,4235704671,1733150099
9278,1624752849,537298924
9279,2302180471,4019490225
9280,202568259,4283813726
9281,420337326,2440801313
9282,3637554946,2063611294
9283,1797372634,3419055015
9284,3542108167,2536131622
9285,2654496759,192056657
9286,3391036436,29919133
9287,439128986,912183040
9288,2209177877,2403594009
9289,3732212882,2796978025
9290,2198413121,1110840132
9291,3167521041,2340732427
9292,2419671846,465320464
9293,3018210824,53541263
9294,4039608187,2619598447
9295,87296655,4246779160
9296,79842654,2152194537
9297,3764180650,4079289684
9298,733795886,578436851
9299,2656083154,3509184513
9300,882498775,3914964316
9301,4016329110,2226943109
9302,3481453725,1337385971
9303,1966394805,3939600631
9304,2093049204,1266039372
9305,1570137379,197162547
9306,3078355706,2781119152
9307,3435070440,2277611353
9308,3028329641,1526820352
9309,2729394371,2934700384
9310,475510424,3912606179
9311,3122444442,4231267207
9312,2284871907,2950563589
9313,27532373,2297201626
9314,3354481922,174996913
9315,1199380202,1993806077
9316,1369744250,2718543548
9317,2092675711,1813172019
9318,1417590693,2338458857
9319,3552611040,2501278550
9320,2432802414,3085432276
9321,4216188424,1660386874
9322,2534761614,725576930
9323,1259573452,315275731
9324,407602537,1275620255
9325,1949610586,1846464354
9326,2911891397,1270367987
9327,1587255358,799469376
9328,371585043,4153684248
9329,2900313088,1196831139
9330,3484656591,2904568658
9331,3263814506,3255760919
9332,3312981144,1260058025
9333,981834445,2689872062
9334,2991831619,3997143167
9335,1718395150,2587865735
9336,3152944424,2862155545
9337,1898905773,3308660388
9338,3060264496,1035365621
9339,1066973152,4114491585
9340,99666194,2658995595
9341,2256693275,3326230477
9342,3148666555,3066051856
9343,235890374,2637091201
9344,2919813662,985243205
9345,1025658715,659973469
9346,3991646943,2487985347
9347,3987996647,4205126122
9348,3685060288,3072853027
9349,634045502,1110163797
9350,3572132248,2049898229
9351,2734525428,988845357
9352,1675838613,2514027972
9353,1699595405,425341428
9354,1717388803,3019331206
9355,490039533,2110847157
9356,3040514009,2949797586
9357,2096786073,1141173910
9358,75701229,3810397661
9359,2553252434,1980902767
9360,3956470014,3952546914
9361,207628568,712068367
9362,556178073,2042966023
9363,3167598531,661799749
9364,1284475385,1742166442
9365,195957505,279553211
9366,4026837798,2749628964
9367,3379260246,1471343988
9368,608097174,776355472
9369,935459504,3676111130
9370,443031963,485616677
9371,3576862838,266260351
9372,1103066728,1046476311
9373,1094065137,3543383417
9374,3410436213,923085271
9375,3329977841,3587152328
9376,951380621,3329764036
9377,424023967,2805572052
9378,2902905573,4084097781
9379,2618515528,3643502797
9380,4082700517,2535181072
9381,4194226343,558774700
9382,1588464402,688036017
9383,1716296308,948187867
9384,1431207509,4062539812
9385,3390501367,3625588916
9386,2435540867,4204163954
9387,1186223278,2885486798
9388,1210033534,2757233176
9389,716660710,108022325
9390,3895727907,3924514926
9391,819465003,3728603837
9392,1051191256,3900645648
9393,2311870518,2281292030
9394,1536799539,1127071405
9395,3523435596,1811218161
9396,2296025513,2566986100
9397,2266253086,4292298755
9398,4043807813,3425914472
9399,1399364930,440241783
9400,1491032418,1284854586
9401,3449508859,952002595
9402,1533567273,1123298622
9403,3202366319,757226615
9404,2285728393,4289214523
9405,3957618271,3981158892
9406,3235593672,2528829239
9407,1261412697,1725393593
9408,1631117923,69851234
9409,3554879481,3684006384
9410,1419235991,3787667205
9411,1986648917,1666795028
9412,3983075156,1020149915
9413,3250711861,1870005333
9414,1887523782,1348634315
9415,97413626,398931030
9416,3604544962,3828503147
9417,3850106674,1637076948
9418,3894584700,356597728
9419,757210234,1696199038
9420,3137343148,3653751342
9421,3765414662,1405255183
9422,3034796449,2624688590
9423,70567818,1732828074
9424,1698961035,575586586
9425,355839329,3084024236
9426,3013769357,3826728511
9427,1791458388,2043356471
9428,754606258,2459597499
9429,2104363076,1684275197
9430,817633431,1746277459
9431,3329919296,4179100349
9432,2097848265,1110337505
9433,4035362480,1418858888
9434,3443854872,3267379705
9435,4232131387,2501874758
9436,2665610024,3612733900
9437,2433865386,1155852858
9438,3546065480,3990559627
9439,2225381634,1542301470
9440,1700648907,3650744949
9441,725605177,489886302
9442,3679121845,2422559138
9443,721318507,1886428618
9444,1927243378,3278740379
9445,1547454010,1942401300
9446,1268180135,426254118
9447,2001447910,1259773536
9448,1155151197,1089275958
9449,1279465669,3701252259
9450,3291365992,1502902279
9451,2148257657,67803885
9452,3312902891,4250415536
9453,1012548030,2527579367
9454,4191865480,2287498298
9455,2985870189,1563532789
9456,4268627084,1110863170
9457,2735658131,2085829421
9458,1242399741,2112110710
9459,3023668804,1219865315
9460,450479036,48847797
9461,2003046283,442630202
9462,607620321,382258184
9463,1624441012,3866148396
9464,410360342,3321152387
9465,3453419053,3977586017
9466,1350153124,2124224029
9467,2813138146,1468391026
9468,2736494906,2697077044
9469,3618280868,2021571462
9470,651473483,1321970721
9471,2737621669,1388159302
9472,2333642805,2499113656
9473,3134319610,1861194441
9474,1920200077,174681810
9475,4153083884,3520371819
9476,2041530039,2643920671
9477,3192139627,3555716357
9478,1317209439,3886292578
9479,3946232619,3915769494
9480,3056297282,2126611186
9481,2330609763,2640531997
9482,3207560080,322025517
9483,1542923390,2729790679
9484,1349501826,270205874
9485,2883921453,2109868804
9486,3945838109,2834317301
9487,1134457956,1322763826
9488,2757525368,1680964040
9489,1574846081,704894412
9490,3687064390,1207291825
9491,2855624336,1047627440
9492,1024233987,3194405963
9493,1188565253,3139268796
9494,3689610329,3025517849
9495,139613001,2099576994
9496,89200852,3312594225
9497,4013618641,2589845051
9498,2173775665,4123540406
9499,714931274,2775506889
9500,396967616,1763573235
9501,1045821944,48046818
9502,2889715949,1990657506
9503,3660038237,1434112783
9504,3288213331,2237684017
9505,3852263417,1182923858
9506,2988169672,1484495415
9507,3983873657,1284545161
9508,3103270180,580084088
9509,935565898,2570355430
9510,3587570159,610307090
9511,938328059,2310539907
9512,2185322930,3078525295
9513,1620682665,3476765446
9514,3656982143,2737719883
9515,3169251300,646246520
9516,1112650313,511752946
9517,4144865509,838942141
9518,557124813,2741271462
9519,2503049211,2919569518
9520,553137743,2996025688
9521,3758714807,1923328772
9522,1912782920,4289082437
9523,1802599661,486511250
9524,3648204283,2307564572
9525,625893437,2082478488
9526,3229558713,2641880113
9527,3045763677,1607429609
9528,4176362909,1975134924
9529,3572352083,748021021
9530,3767918176,2532814278
9531,812091980,178573377
9532,3840094651,4035022907
9533,3629517553,2455027320
9534,940370133,3068930581
9535,131420574,1182591874
9536,835067010,1242928831
9537,3096613001,3766702366
9538,3137043656,3736755598
9539,2032195929,879834731
9540,594723804,253898538
9541,438744408,305005417
9542,1563930846,2586444616
9543,3467152456,2452529993
9544,991795416,2173796864
9545,2296203195,2347403240
9546,627884654,3119162883
9547,420135742,1216127574
9548,1825133192,3680897005
9549,2509654340,1760488992
9550,3412198523,276570645
9551,4131983405,333957450
9552,1813088233,1752661600
9553,3246242431,1893501469
9554,2961067430,3530817682
9555,1084004643,514547073
9556,2762641183,3187988716
9557,1550557915,2251294304
9558,774508195,1500833502
9559,2419421916,1883751721
9560,4088615051,716329652
9561,2918053658,2088286726
9562,1926851901,204586202
9563,2963452610,1324794095
9564,967489119,1630816878
9565,2202885135,3880137746
9566,827958601,424213232
9567,3152048529,3301557915
9568,1669522321,511017016
9569,3253424457,1613248289
9570,3548819880,3209211047
9571,3016088913,4049543401
9572,93377958,2742469488
9573,4222049460,403120508
9574,369836332,2033398376
9575,3153148251,4038690615
9576,127463926,1758013288
9577,761371013,3366202938
9578,3564626701,3775551979
9579,719108038,3973772016
9580,950080340,2329475738
9581,1136154641,620100543
9582,1609684428,3955792318
9583,3427043944,3877346785
9584,2680150781,2323774312
9585,4176042285,142119518
9586,2858322347,1549318055
9587,370235358,522333393
9588,2713435339,2268982085
9589,309611674,1895799695
9590,3876547657,4064899912
9591,1515153482,1478735448
9592,1602752201,1958834153
9593,2490449345,2125467031
9594,3403792517,2673381590
9595,2899453533,620812439
9596,3945248881,2291645367
9597,2568706757,2211310759
9598,3123969892,4118504171
9599,2117905643,3186590072
9600,2704550,2101604143
9601,1057984504,342352124
9602,284031104,3883568320
9603,1346912446,1790452113
9604,1403666097,3264152443
9605,2617148783,2129539947
9606,557537286,2833443434
9607,223092347,1079363357
9608,1592008314,754610429
9609,2018323727,1046073455
9610,1618533593,2396158693
9611,127657000,4032429666
9612,415624519,299146325
9613,147235281,3381776954
9614,1130437199,2299236849
9615,1697743163,2643214603
9616,4159109398,2984037416
9617,809599988,593680516
9618,132087435,1983836957
9619,3921885964,2751324499
9620,1526560765,1425708432
9621,1951863420,3478798388
9622,1426323312,1825370330
9623,1448194630,2821652369
9624,1664158474,3636133391
9625,140324450,1745939442
9626,532033002,3636247013
9627,2607488271,3213359749
9628,3785010218,2189613345
9629,938046085,3983813554
9630,780277113,1749658067
9631,3918360207,4077849130
9632,942653847,3649108942
9633,3283448505,433213170
9634,3517902152,1367930996
9635,2365227563,2655893975
9636,1263403764,3726514978
9637,3909626108,2989549183
9638,1860960279,1897230592
9639,859601760,966184410
9640,911510600,999055214
9641,1550199654,3159960734
9642,3093191555,2694754075
9643,384712852,3670229253
9644,23679658,3575179674
9645,1287446964,3444735087
9646,3251320785,3643047168
9647,1092210025,2249104898
9648,1442920132,956858847
9649,1810389928,257809798
9650,1932531494,692435440
9651,1263081036,1359294317
9652,1502933772,1358878694
9653,962006582,3393719815
9654,3399871934,3130651555
9655,2505101527,425192309
9656,1711577394,870368175
9657,1366742979,1496578757
9658,4199592580,3942807536
9659,1812517892,444105934
9660,2810545984,1697232337
9661,4208726582,568606488
9662,1808212251,1726672763
9663,1935989705,1538772441
9664,3182248419,2259849966
9665,2813611595,1225272249
9666,3789166549,3281689926
9667,3342610149,2523971263
9668,519396661,871776514
9669,522671132,2165957065
9670,1093760782,422802553
9671,2512428070,2150734663
9672,1321729924,3951771273
9673,2547238143,118574116
9674,113653881,4230919854
9675,4175850301,1972836787
9676,2243685981,2836156426
9677,4134960837,1118646284
9678,209092690,1899268378
9679,1407804396,3806370609
9680,815929605,1750265272
9681,64133188,2304450058
9682,1268528393,3118416807
9683,1788019063,1692067122
9684,1560371465,1605989684
9685,1429162681,1390836443
9686,863937573,706204837
9687,414485720,3235938404
9688,2899755439,2463637350
9689,3900727326,3081136252
9690,1962514879,798191656
9691,3188003160,1935428739
9692,2582509231,832467491
9693,3224937299,77059086
9694,1577551418,1020988325
9695,1993521690,3898551090
9696,588163479,2609556045
9697,834298793,380553388
9698,3290485902,954122577
9699,144572694,4268143691
9700,3743943752,2929552881
9701,177012760,1732952160
9702,4215602879,3617400739
9703,4143362614,507952375
9704,918302638,1547851402
9705,3665786698,3304105379
9706,2790493473,3637583265
9707,688856474,2546811507
9708,2637897796,2477186424
9709,3746056061,1228330748
9710,592845166,4006280712
9711,4010705715,2424272685
9712,4051289584,1046559000
9713,4046685043,822379161
9714,2867452029,2343154802
9715,2904564046,433256129
9716,2285833354,2553636060
9717,1549890557,2708549611
9718,834909362,353220621
9719,2918134808,3817171051
9720,653141102,129543699
9721,2920365759,1562518254
9722,2970997212,914498673
9723,1860492587,864785303
9724,1568225003,2037092376
9725,254348313,1719279660
9726,4226634444,1837732723
9727,1730918614,2736540800
9728,3882265854,40694046
9729,1842857410,362846233
9730,949363157,3537162824
9731,1764954083,1529034438
9732,287447812,2162826821
9733,437581445,2809734484
9734,474384391,4189025053
9735,1703402020,3998730139
9736,1185005029,1121659820
9737,1387890699,3531192091
9738,346284855,2009993110
9739,1885593077,1907230088
9740,1886550907,3492795979
9741,3703413333,1983038520
9742,2434185326,4161781538
9743,2238723843,4069843511
9744,385114965,1689995477
9745,3377417562,3114020517
9746,1013430312,3042607265
9747,2805558969,1284805318
9748,3610210830,1676722549
9749,347830681,1429466
9750,176484349,2218047117
9751,2015071296,1313267743
9752,1004706217,3105665000
9753,1915106690,2966850200
9754,643028713,1362293018
9755,3444952430,3978781906
9756,3959346514,2399472228
9757,465908472,3883545920
9758,249031317,2610876553
9759,2200132023,1886771598
9760,4233632072,751760328
9761,291354864,2756106483
9762,1849594353,2487774399
9763,1008538065,2720516688
9764,1523099266,438298862
9765,2365648974,122238607
9766,4062593162,310382115
9767,2094313393,2076743585
9768,3447562016,1421020209
9769,2913840620,2475942859
9770,437525860,313816062
9771,2929911480,95702779
9772,3167121346,1437957439
9773,1459420413,3092178678
9774,3842257356,4136797054
9775,76384786,2036273152
9776,4033189661,2768344432
9777,306503070,1649674823
9778,3072095685,2156913385
9779,222161911,3868028032
9780,3089705238,2377514430
9781,1014978035,1917236063
9782,250252531,562899049
9783,2985077353,344526601
9784,2962399001,366706595
9785,2370312833,1070298164
9786,1293405229,2029407954
9787,651492068,2493947588
9788,2290934304,3177377208
9789,2379604164,4200998802
9790,140672098,3961218008
9791,3123572021,2355388136
9792,109512685,1307579916
9793,689983184,2835841812
9794,1068600077,1975573350
9795,3570770117,3140069936
9796,2037064899,241327083
9797,2744782202,3875288548
9798,2761076832,1750089028
9799,2705845455,2431245752
9800,3340400288,3471692060
9801,2953345703,3976397851
9802,1422156841,1032092091
9803,3496225065,3839581346
9804,4251275945,2823416505
9805,2973466385,919504630
9806,100614109,605456958
9807,2727949631,1601643094
9808,90928333,1958980721
9809,363775924,687609399
9810,1717305880,3983459946
9811,636572663,2177895387
9812,4269355568,3775788607
9813,3755252687,2794259098
9814,3641110201,3709239125
9815,2666026737,1298535243
9816,317825450,2414107507
9817,4267355080,2513248246
9818,3478926713,4031469839
9819,2006253952,4130628602
9820,587735058,3167526476
9821,3326345591,3483643918
9822,2335345154,2099203932
9823,2485534811,174334438
9824,3706172192,4185973190
9825,2063034945,1387409498
9826,1616851550,2207660742
9827,1149410260,3709193345
9828,3908703528,230614885
9829,3786883303,4212643404
9830,1021256306,974422723
9831,3400583546,3822734149
9832,2690905621,4049312505
9833,176558565,3264971931
9834,3756024504,4078898815
9835,2773903107,1221330423
9836,1601194200,930685687
9837,2600934989,2011080676
9838,1629407082,3345791189
9839,2273880563,1588604206
9840,411117192,248837843
9841,3059166368,2446656596
9842,732147041,447480731
9843,2684087974,3241865332
9844,2814683537,2003252477
9845,1814334890,2934135841
9846,1336401698,1770310866
9847,1010525539,4089474941
9848,1114802216,1287555543
9849,2106045427,755025333
9850,4106967023,2205782702
9851,1491723892,2494385464
9852,3771586695,3506351562
9853,545241161,2914648649
9854,967347634,1402585776
9855,734391837,305208759
9856,1313308758,3515213374
9857,2012148080,3305112447
9858,2446595984,1755297992
9859,2011553379,1868043883
9860,1225971351,246985407
9861,1808257431,84182984
9862,2941932749,709127158
9863,1572029356,1080423691
9864,2367549615,685839862
9865,1376332875,1101384697
9866,2274264811,3817366804
9867,3173672194,175686305
9868,3233932583,2135984289
9869,1892293045,2799136739
9870,1281927467,776889526
9871,1894863917,3116527258
9872,1520991137,158027379
9873,3998374063,1946606081
9874,230337420,1200822754
9875,1101789897,2974170389
9876,3769267120,2736465140
9877,1968750366,926753270
9878,902989347,4084639383
9879,3352052136,3543072229
9880,2966793428,1036126936
9881,2896879635,4022314516
9882,3854037159,1960337130
9883,1874899894,2678131816
9884,1333764813,1180972646
9885,3756897438,3585757298
9886,1186350081,1765780136
9887,1223835738,288782141
9888,1165066055,1669501971
9889,967633771,287145715
9890,1023080555,1722512338
9891,486710160,318226682
9892,2154244520,3564425309
9893,3474029345,2174073634
9894,4006627451,3905809178
9895,473180436,3766401133
9896,3150599807,224897289
9897,3518763357,4036513898
9898,560237142,2822293792
9899,3052165729,2458821742
9900,3937190673,2332820358
9901,722834614,1692664120
9902,2850035351,2091718777
9903,3446063822,736666280
9904,4155473206,1124470832
9905,423597938,2701805232
9906,2447765978,3529144734
9907,3557449877,811012714
9908,2601066425,3529197495
9909,2805078790,4010976961
9910,1845988559,3264331684
9911,1817854720,1506666454
9912,2742055613,2441526106
9913,165085678,2606161324
9914,3569096315,1552729725
9915,2551772418,1277399004
9916,1369849246,391941226
9917,1419994132,1558212418
9918,1008662660,1879637766
9919,2194614627,2464749234
9920,1814255076,2692896615
9921,3580167115,2813757520
9922,3600249317,2703938254
9923,768768944,2501804439
9924,908924578,1076261958
9925,198870814,1534103857
9926,1007958722,1669605082
9927,3536374756,213760981
9928,3174164990,2198467760
9929,2177062617,241886623
9930,2283301365,167555731
9931,569894822,1786590660
9932,2104126919,3614856150
9933,713039982,3164550992
9934,4281537064,349591338
9935,868077299,408714835
9936,2856175206,2989143374
9937,1288760542,1961092847
9938,2016119579,268328176
9939,542447711,1214768832
9940,3901327344,2439158321
9941,3599405739,2260713283
9942,522823748,1537940200
9943,1845925844,641127667
9944,594902250,4174578806
9945,300362078,2481750872
9946,1834939448,1937232379
9947,3370915668,2690014911
9948,181467319,3814973673
9949,2902743252,1890542998
9950,3855069371,530618520
9951,1774973747,2596292321
9952,1210270243,855257830
9953,746680336,3766476309
9954,1391287153,1813187243
9955,3387158960,2777410824
9956,1298194714,4018180187
9957,2033368795,1291476318
9958,4090559567,3982639158
9959,1735665155,167674372
9960,2503134457,32712160
9961,1495064399,3433955239
9962,2623445141,410904427
9963,2798647635,915042627
9964,1699938689,1830070962
9965,2835825968,4027598067
9966,1972230624,3913633332
9967,411462072,1358831829
9968,733097283,1701393653
9969,2908042126,1023481038
9970,1874474396,3968056130
9971,138248728,3869073495
9972,3081050823,2097820265
9973,2336483225,1403451018
9974,27735137,596243985
9975,38246772,3023097396
9976,3695532480,1849635654
9977,2563845566,2191612621
9978,296800941,2532141073
9979,2001444031,1174792486
9980,2673059057,4046778672
9981,2457064439,2370441625
9982,3919952337,542347909
9983,2372494686,308308740
9984,2989387548,237536564
9985,2255998906,3478078483
9986,2409021242,3731605845
9987,1447801666,1332110421
9988,610240819,4032083191
9989,2051666543,3213268434
9990,3296869837,3399518924
9991,3829421648,2765455664
9992,1070465973,2060867230
9993,144920905,2965118236
9994,868368780,1357846259
9995,93090517,4095005323
9996,4043600126,3693307415
9997,2624217363,2899972743
9998,3645198295,1071267202
9999,1733125768,1965193047
10000,171050138,2667231940
10001,512579722,4259945653
10002,101976772,26487498
10003,1859511586,493370668
10004,2621984602,3716219854
10005,567014635,1122966386
10006,3045184320,2443214322
10007,1926955572,1573924189
10008,1093461050,2324598446
10009,1758631695,808911715
10010,2086545622,3678036622
10011,2446473972,2048314971
10012,118941682,1391232955
10013,2800847558,2171293814
10014,1653154642,2279169348
10015,2592818243,574678268
10016,3092967832,3084684872
10017,727308076,3836097794
10018,641180082,1657463841
10019,2452659954,4153785286
10020,3158138533,3936003064
10021,3939983217,1650093514
10022,639009357,3548675419
10023,1035236642,3653851852
10024,3508402666,1243508988
10025,2855358906,70774140
10026,2160879257,3399100336
10027,2415350358,1138782278
10028,3523850632,3135516686
10029,1663086868,2690130428
10030,3577968949,681151023
10031,4141155559,575717089
10032,657114683,1056452809
10033,2187239533,616602521
10034,2620801988,3251087424
10035,3717453187,2906257095
10036,1130308690,3509750046
10037,1567867064,2184195030
10038,2315162442,1847567891
10039,694693537,3245139165
10040,3141469983,841525240
10041,541430993,4230031091
10042,3374336638,3340401420
10043,3448939369,2265733393
10044,2785426774,3150526526
10045,1412791680,85491065
10046,2334459906,1549556834
10047,1854865168,769558218
10048,3151140189,3862530391
10049,3327229377,896751902
10050,3570143125,2487644406
10051,4075693130,290137754
10052,4203253849,548036545
10053,4177217304,18548584
10054,2467949972,1597031923
10055,2076992225,3059630260
10056,93789193,2549961297
10057,618639170,2337996234
10058,4157046009,1217994971
10059,324160117,4241270234
10060,428091419,4050698128
10061,208129368,920344305
10062,1280983166,3702408851
10063,2397423828,2616834317
10064,1942463254,3332447441
10065,1929459780,1112704972
10066,3577469504,1204477369
10067,1610752601,2479063911
10068,2909478877,1357666401
10069,478923317,2816649137
10070,3697689267,2441820507
10071,2452962763,581198699
10072,2214897325,655330702
10073,183555685,24837361
10074,397652251,2189067235
10075,1401740211,2463618784
10076,3617662478,1316500427
10077,2675140734,1211076267
10078,3186030912,2259482774
10079,991415495,779664745
10080,3768671894,1293779496
10081,2769067727,1447521284
10082,3967406341,3274804487
10083,494558985,2696125871
10084,2247220420,4275639172
10085,1934196208,1234585552
10086,3256689387,2901207974
10087,2924365995,43933226
10088,2352511942,485308899
10089,3948918438,3253831019
10090,2900653059,3671008613
10091,1860477713,4061188308
10092,2857972754,4121134866
10093,398294431,762393586
10094,3117871768,1793177813
10095,2537417242,3802002216
10096,2231895315,910225606
10097,820961030,593279402
10098,2328050337,962449502
10099,1601888554,3919343445
10100,1756082213,3706298472
10101,3410817330,4101920602
10102,4164545383,3962833424
10103,1878544493,3283200459
10104,3679293559,4218897159
10105,1093393942,1910700812
10106,1741254434,4277069293
10107,260852916,1748618308
10108,1162573977,2632627227
10109,1632762645,2271188175
10110,2556294540,3440348076
10111,4217420218,3006834609
10112,3819862178,3271486093
10113,3154112799,3930582554
10114,4267331025,3876593368
10115,1273426433,2108095261
10116,561349266,949661458
10117,3050752545,3261328494
10118,4274606440,1109393593
10119,1214470234,81212898
10120,1315517486,2542874917
10121,1970588504,2265773599
10122,1877481399,539772408
10123,3469141560,3136366481
10124,1379665976,3388697525
10125,3025622277,893298579
10126,2148308414,3629799893
10127,1171308675,4285971653
10128,109001377,4241782087
10129,3292933300,1038689113
10130,1002776540,700710040
10131,2028199971,2622103984
10132,2551695440,723618057
10133,1117971230,1511269673
10134,3336872894,144450641
10135,16389143,249432346
10136,224555083,460946285
10137,772607550,3062689159
10138,1989915323,1287592761
10139,425101693,1423308405
10140,3343967585,2986751765
10141,2758392703,3899720071
10142,4089728380,3228643655
10143,924186985,762179339
10144,2303986036,856824312
10145,120267881,1971919918
10146,392200954,2542932520
10147,3771198917,1865965731
10148,2996251706,901254765
10149,3038294514,3133357751
10150,3354569793,2141435805
10151,3710020348,592606613
10152,2680814210,3829694888
10153,3013915406,4198943120
10154,2640927852,1307565418
10155,1786012894,2115637035
10156,991240841,609610748
10157,2009983051,3161377353
10158,2455324681,3252470682
10159,3495854341,1817855725
10160,2263748366,2418838162
10161,2800909737,782733197
10162,3248621642,899564774
10163,2513046527,1566422663
10164,1107670277,168149491
10165,1611171255,4114933038
10166,1735778536,1438853662
10167,3061393116,547273118
10168,3338608173,134777531
10169,2188327600,849552532
10170,3256356268,2415951372
10171,3054527290,1744276588
10172,4103650849,1362765770
10173,2294357615,2913912907
10174,3399079625,3763720472
10175,4166079433,346650691
10176,298143347,515608633
10177,3110419638,4213983879
10178,3230501423,1039066265
10179,1220676523,3469422791
10180,1062895984,2887287127
10181,2179100554,980801166
10182,1316649443,2486078812
10183,696594752,4112571486
10184,2047059030,2547944252
10185,3752132946,2442929248
10186,2388700213,3071669224
10187,3878582534,611720412
10188,702221601,2374926678
10189,1201547998,3911819012
10190,3664829500,2212970080
10191,4279280679,3779756757
10192,2295808574,512864427
10193,1921449142,941382089
10194,253570558,3615566651
10195,4277513551,2921364296
10196,550597825,2533222087
10197,3345166149,1854368117
10198,4092599808,4137196673
10199,4131169560,1141968549
10200,829234871,1267462752
10201,3318565546,2369452259
10202,4288651302,2532888560
10203,2029508747,1876395539
10204,4281980536,908814553
10205,2065704163,1027394913
10206,2285051037,914840073
10207,2679759085,1694796202
10208,1609659617,1143778603
10209,1556145847,3770488847
10210,1121120572,875029489
10211,2186975110,3278724221
10212,3320694195,815228071
10213,3593009374,1551810150
10214,4015576231,4260711519
10215,1279624801,3685632608
10216,1840438405,2117944726
10217,4067333396,124925169
10218,961325874,2087367911
10219,696064455,1950249500
10220,3270647877,2348093172
10221,1503831096,1868097473
10222,2844915690,129973297
10223,2062776284,3876907405
10224,3404083769,3044993419
10225,2558761289,1639450668
10226,2666749724,1997190706
10227,1459885844,407911508
10228,1765359879,1374825746
10229,1646899435,2656862330
10230,3534464209,3291163955
10231,1611345641,2418975573
10232,3205991490,2637308549
10233,2640480941,4114557108
10234,1256118902,354268320
10235,2744780158,3535096292
10236,2239965284,2542097061
10237,4050967619,2280416749
10238,896380573,1634322661
10239,2541196930,1457381183
10240,465394760,3723898695
10241,3065286162,466004552
10242,3383584905,527854831
10243,4080214071,2409060058
10244,1904541197,289309883
10245,652217551,4103670159
10246,3360035091,1622730811
10247,1189801985,3393808996
10248,95507188,378020253
10249,3524748643,1170903232
10250,3923271166,3984719369
10251,2929358189,2589348361
10252,3871542198,1148468191
10253,1896121836,2734223704
10254,3600274224,648431889
10255,2999544904,520602803
10256,1828258464,1373569988
10257,3641293366,2237446647
10258,665759537,1579698182
10259,3142988981,2990330322
10260,3319128309,2030648373
10261,1084554768,2407128370
10262,867476931,791096573
10263,1184784101,2644893057
10264,622178500,2644575198
10265,4070723842,109656915
10266,2831934755,495599586
10267,1502743956,347867641
10268,472953092,3092121574
10269,1209447820,1861061727
10270,1246241087,866549356
10271,2207459080,1897630585
10272,1707196465,3064972485
10273,3846050962,2296330270
10274,3525619652,2487562736
10275,3160246634,2099130733
10276,2741581202,1810208433
10277,1052629151,4282949416
10278,811676488,2031142590
10279,3608097228,1495399933
10280,400786359,3736481347
10281,2503958493,1958100092
10282,2791102303,3557120480
10283,2857503108,2551556604
10284,2268953237,1457257482
10285,630594274,34585671
10286,1066342759,1164178948
10287,1221685750,1338904949
10288,3739095696,1730542383
10289,2366604822,3494811375
10290,3294783216,1358791526
10291,2671277934,4072101614
10292,2875854596,1914452628
10293,3151344225,1553385043
10294,3198877965,264268765
10295,265488200,1438816896
10296,2289838709,2799540861
10297,2875396460,2815698484
10298,3767553195,1094991901
10299,3383647497,3786871678
10300,1138818510,3726580399
10301,3615190946,2484495690
10302,3949014597,1331571637
10303,462736177,3476101761
10304,41546200,3193421886
10305,3021934809,2354332118
10306,2525454523,2310995905
10307,681018259,2660788386
10308,3293868993,1549241818
10309,262319159,276823724
10310,514344325,451618393
10311,3573890985,3123122281
10312,754253041,20848166
10313,3728354756,2645382203
10314,3957252261,3530545774
10315,3464573760,224645407
10316,4123107764,2659140473
10317,4280248495,3021690449
10318,1398453482,82984473
10319,3174643497,622251937
10320,3794727935,4275038377
10321,3060840247,2021908932
10322,2992040188,2480345273
10323,2254615640,1237386105
10324,3453114796,2728594119
10325,1511309631,3163221114
10326,2220573926,3250471928
10327,1949934117,837395480
10328,1339646331,178092490
10329,489693312,287901720
10330,1025879568,896012717
10331,2484774403,3706251875
10332,3683543982,4288988507
10333,3381639859,2264747356
10334,3856760383,3314385943
10335,2398723756,3571747984
10336,4203394181,336047632
10337,793908104,3648913586
10338,3376907833,878824646
10339,160949721,3000520058
10340,1354454703,3248154353
10341,2008799384,903184947
10342,2578646860,937934778
10343,3523577793,3255003634
10344,1028604255,2299024669
10345,2046670413,4141690312
10346,700074807,1071942458
10347,2068836473,2129662747
10348,760400377,1743958543
10349,4191660591,131731478
10350,2665201830,4274433466
10351,1059130337,1162803266
10352,796068266,3043683150
10353,2257305513,3899176623
10354,3735160278,689444817
10355,1560924570,1470522912
10356,2154750695,1112388351
10357,3665277758,1985426998
10358,2921120758,2191946174
10359,4196466727,3735251254
10360,2660510613,2172017803
10361,1731611302,369370872
10362,1647931255,3384188213
10363,3038952220,1477851037
10364,2858945980,3274217860
10365,3492074035,3541450888
10366,103839554,2079255659
10367,333338350,1779971098
10368,3591355941,1021022515
10369,413849280,2437357549
10370,204212441,636113072
10371,735749634,2423295630
10372,2621565039,2304464045
10373,2294759913,2585668618
10374,2142266132,2893495141
10375,160007517,678192104
10376,493158476,2943113549
10377,284623290,2901968527
10378,3905356442,957230075
10379,438082768,1918340515
10380,3109935731,1358593887
10381,1080349754,4246964791
10382,2258423851,12627109
10383,2410574471,3218393071
10384,2821145437,2465580100
10385,1238674459,1708621370
10386,1453581360,3357482354
10387,1855706466,1570266602
10388,2462347353,7744956
10389,2233768446,2113414364
10390,3580955795,1427150285
10391,1753336482,2995508537
10392,1801579336,3452475763
10393,2534459852,36984320
10394,1258870232,2524339514
10395,1741446433,3891743122
10396,1634298293,464275843
10397,3349290202,3239082349
10398,52086278,160067603
10399,547313291,3062778167
10400,732128625,2434138880
10401,2795616279,2142461147
10402,2780891142,2435772207
10403,485541542,3584950282
10404,2158268980,827331197
10405,1319203813,1357567410
10406,2069992171,1104053020
10407,1856379093,2751738506
10408,438382443,1504249309
10409,3326492973,1531032532
10410,3256821148,3395005545
10411,4080693130,1158456258
10412,1738894607,2790056357
10413,2325342637,1970524089
10414,1110334747,2618939035
10415,3089252989,2140559934
10416,3598562906,2292525875
10417,1986922017,2510874514
10418,1676006388,2718336223
10419,3942438937,557248433
10420,1309137958,3967000770
10421,99326471,2501784087
10422,2747493138,952339609
10423,445170690,1665240593
10424,1125656006,4001418642
10425,3015181526,292304747
10426,3614520743,1738705355
10427,3379561957,3857031750
10428,4032094563,2323961090
10429,3815660735,347553552
10430,936161443,2583532026
10431,2596833711,1402619771
10432,572854315,4283738083
10433,2217097051,515290327
10434,459518365,3450480865
10435,3344220565,2659179514
10436,3014626022,977347033
10437,480123007,3510358628
10438,765682007,3315072063
10439,1891472371,2014324695
10440,2595340498,3690261563
10441,4157727079,2282114882
10442,3025270713,2083248405
10443,3732197290,3861260465
10444,3082035498,2663895090
10445,1102996642,4243974162
10446,677782743,2131137993
10447,1936385929,440631766
10448,4274309359,3146791320
10449,2633661283,684695273
10450,2706909096,3108552544
10451,268688062,2050616946
10452,30526868,43386161
10453,873030917,2218311945
10454,227599217,522997669
10455,774355534,1305230825
10456,4104964569,2261280704
10457,3748412754,3425991128
10458,1074558737,585388991
10459,321404070,3136231734
10460,2200054264,3862898770
10461,95687734,1704480968
10462,1633706575,2678949384
10463,3357487035,3271468670
10464,1848096832,908323316
10465,3167841847,682935098
10466,3018789180,2863182131
10467,1759478488,761225716
10468,2283609562,3681697840
10469,1601128745,4260706506
10470,2131522444,124183100
10471,3737972082,3204512300
10472,791876771,1938959358
10473,4182580336,3948142984
10474,44372785,2067262745
10475,3098478928,1409631283
10476,1763809234,528105420
10477,547667423,1223811629
10478,1426050128,3795547799
10479,63358890,299093123
10480,3546878995,2135601966
10481,3431632934,214143129
10482,1330508609,2764141009
10483,3583037875,3583607084
10484,997988960,762887836
10485,3191376248,1875860201
10486,1307312275,383069344
10487,1916718060,3681539328
10488,3273709549,894420891
10489,3799939939,2049239525
10490,2404626602,69171017
10491,3516337449,3023201394
10492,913609520,3665336887
10493,642442777,4009610152
10494,733384957,2794778092
10495,3430992137,1577549688
10496,3002658026,1452559419
10497,1138397272,1031484914
10498,736267952,594434576
10499,1017300714,3987336902
10500,3951636085,2295190789
10501,112903062,2143349331
10502,2278404786,870177238
10503,48670111,2483874053
10504,485554197,2758290166
10505,2109301868,2279733197
10506,2007847478,2585355105
10507,1620337827,2027295547
10508,1812866755,1224526069
10509,2987673512,3986817156
10510,1724514776,468196861
10511,4174595744,312576790
10512,572405289,324324578
10513,2142760132,3553753414
10514,3351943091,1943054458
10515,850073741,3173300661
10516,1726519888,2064078814
10517,3254169761,2926000928
10518,3954307408,1767959425
10519,1726539837,4128161961
10520,100781194,2523026682
10521,3447913218,1129458180
10522,3468475411,3293022381
10523,2128666892,2668917380
10524,988503532,2948196892
10525,2072534439,3451801409
10526,2007773849,2392571946
10527,3457296038,625055685
10528,4027379020,1327977765
10529,3641583710,368532324
10530,2629381596,770646281
10531,2572999421,4026718254
10532,1114375292,2227809576
10533,2661237933,2633123422
10534,3075549864,1392796674
10535,3532134122,789394368
10536,3673351872,588395794
10537,1132339061,3552099978
10538,2458851485,1230637950
10539,1108118067,244065252
10540,3122327894,4160618510
10541,1647848078,3355747793
10542,2320694906,3412843086
10543,1713848884,3026848191
10544,2992490696,2836525375
10545,1675452458,1912409636
10546,886095622,3607437624
10547,1161674078,392236425
10548,2690025141,1170676734
10549,1619247189,1906941154
10550,161803825,76169976
10551,405931008,3598317266
10552,1324819321,3105655069
10553,4187132053,802725186
10554,3683438581,2993204282
10555,205231948,1511540333
10556,2761370757,2976950010
10557,1643261126,274280845
10558,2838831251,4219067801
10559,2848949760,3650691708
10560,3399955119,4135446669
10561,2997509654,652331611
10562,3564418786,3942519886
10563,397549942,646958805
10564,537255864,3280520722
10565,3852524129,2987892055
10566,595339255,1981213865
10567,1473254134,3689985128
10568,3830578705,2706329092
10569,2850408664,1500684835
10570,254202951,2884522936
10571,1617267856,1387597300
10572,4010502411,859452501
10573,3345173470,3282403117
10574,1828931218,3831351469
10575,3220278074,4097869609
10576,2531275006,1126518350
10577,2399709345,3077807160
10578,3649335375,1516975618
10579,2788870825,2848350903
10580,312293086,2493772241
10581,1016279901,3115136829
10582,99580417,4128869272
10583,3209348502,708308365
10584,418822954,3017875039
10585,1038090371,2507964170
10586,2214572315,1228634820
10587,3460404565,3927889749
10588,1635921696,2644022416
10589,2829164403,1850782133
10590,4072269908,1956879686
10591,970128941,3865085603
10592,840628504,3183457865
10593,3389013764,631295410
10594,1912334196,3200574617
10595,2948161086,1756193778
10596,195386401,3808740530
10597,2751769105,163943963
10598,429180146,3688093848
10599,2689747607,3100743672
10600,3373997303,753945533
10601,4197490453,2507724478
10602,3550164092,2051374153
10603,394866742,1816847183
10604,7534289,414202659
10605,2344077605,3848195561
10606,553213420,2694676632
10607,1675612558,23040831
10608,2520714049,2357814752
10609,2645888426,2794687162
10610,3154781930,793807448
10611,3795077793,4251533301
10612,124501297,81838238
10613,1769541559,2190660103
10614,1500952048,3264844718
10615,1993781396,3983102168
10616,3091758646,768909279
10617,1179802577,2076916168
10618,2821182949,2192884113
10619,32557480,1247508114
10620,8223882,2558075337
10621,1382089980,877372105
10622,757665251,1111947968
10623,2654477961,1053310383
10624,3069736092,2394735352
10625,3038690697,3399153833
10626,928659230,612229038
10627,1182807938,1854037290
10628,1316659450,259668577
10629,1457018056,1324478778
10630,3563988968,1778885489
10631,49732481,1397769445
10632,3914628866,758108930
10633,2956298072,1051782149
10634,453927383,1161555517
10635,833201133,662051363
10636,3209961959,1331485816
10637,1450399283,1319466033
10638,2853184841,3829899296
10639,2039681205,406235169
10640,3721029387,607380928
10641,3024272478,1240660261
10642,2598943482,3424394126
10643,994064385,2731703096
10644,3024142849,2133283938
10645,739652641,549488727
10646,3101576296,142894834
10647,1530784993,253165375
10648,848710033,2985872325
10649,2401672227,3095908133
10650,3371736114,1829420308
10651,3030941741,1873553472
10652,822295835,265761943
10653,2192490283,3253839509
10654,4231349326,1363999876
10655,3274271760,358573738
10656,3858896110,3340116760
10657,930042497,1842444002
10658,2061279198,581958628
10659,3452060397,1739699373
10660,913024098,2998245575
10661,505374513,872577585
10662,2917070829,331912691
10663,391029244,799562824
10664,2908309700,314383775
10665,208721508,2430207512
10666,3241671290,3543444628
10667,4050390406,2456287015
10668,1799506152,3998879801
10669,1773429031,670147831
10670,1468960271,2122769728
10671,1336576040,3891805879
10672,761101425,195127961
10673,3635461656,4172899808
10674,554233217,1420096418
10675,2879563901,2429161354
10676,721654347,4261326702
10677,1880163118,712775559
10678,1592363412,3105414113
10679,2495410521,4008833203
10680,1483560530,837177262
10681,2789904161,4201482055
10682,41175606,439157413
10683,3983227471,4115008697
10684,3463541918,2668733279
10685,4240070927,3292056226
10686,1156037250,1894803092
10687,3309553785,4168730661
10688,411501006,1909307556
10689,4016639921,502407880
10690,494294846,1825230269
10691,632185398,2597558115
10692,3572633218,2650952792
10693,828540531,1169096092
10694,1412825605,3652920018
10695,447475710,29800546
10696,2379716308,2442831807
10697,2661810962,1758037033
10698,1200325271,1373473263
10699,3438695963,4242745983
10700,3230897441,1034351670
10701,4106906490,2267607398
10702,2366341800,3112943972
10703,1451326695,4114814807
10704,1110355079,1597561045
10705,1618930776,3228107332
10706,54781666,3827284180
10707,2355936397,1940069270
10708,1683963667,1439921387
10709,4095657837,1385111756
10710,2996654996,1682541415
10711,85205891,4052582229
10712,2917426449,3343550541
10713,160228338,1580142316
10714,732940395,1101591477
10715,2264589946,2752640794
10716,2626463584,65486414
10717,74762576,1644103545
10718,915306527,2736560593
10719,3358687225,888314242
10720,1545929561,2625149005
10721,1971712702,1633583445
10722,2979577271,2684044303
10723,1676663456,404826610
10724,2412333405,42533008
10725,2058747820,1912154749
10726,1833155724,3261244646
10727,1083444549,1228659897
10728,3869603515,1706645663
10729,1177838274,2616813194
10730,2279913844,1378344670
10731,160174897,2524253728
10732,4137987652,2754277991
10733,250601906,3064694228
10734,2850210590,71155036
10735,3249405982,3243964023
10736,1748032145,3375733882
10737,523937568,770098631
10738,806279983,1586868840
10739,2248318426,4089448068
10740,1653561286,1480229622
10741,2257431645,82615876
10742,1405398558,1940844310
10743,115781309,1740865072
10744,3038610309,1351663236
10745,2831746899,2940451236
10746,2353482498,3600672383
10747,3250588593,538204566
10748,3598661290,2674913825
10749,635941151,1146598452
10750,2873304925,3908880092
10751,984936873,1959307055
10752,1551967320,4209795640
10753,2034832381,2747299021
10754,1038439078,107597377
10755,1636497086,3416245169
10756,3573025552,3023753437
10757,1725323901,704773741
10758,514603665,2890319339
10759,2788465582,3951586646
10760,2640928974,2521024122
10761,2674914998,1058199228
10762,1452919594,3714707358
10763,2422941268,4090602931
10764,1620728964,3184566394
10765,1247013153,2452170293
10766,3649929690,1796502786
10767,1600673057,1396489432
10768,2965799807,3985420177
10769,1971533387,2007549550
10770,2046927406,2210597468
10771,2261574796,3013056536
10772,1374707170,3213827459
10773,332015684,3688177692
10774,2391992197,2231722263
10775,2653419572,232072452
10776,1158175780,944036861
10777,2668861218,3294520928
10778,1392745209,450766601
10779,734654519,433220310
10780,2888581328,4259072303
10781,2734427051,3956013363
10782,1386624911,156744677
10783,514074916,994573040
10784,1532689179,3136736851
10785,2198518247,78603885
10786,1391479932,3828677084
10787,881056163,451399483
10788,3108262264,971884424
10789,1577210221,2727110598
10790,2446365754,3772952444
10791,3919914929,346278586
10792,3879141912,3935237064
10793,3925095906,2852839379
10794,2252343942,3488096843
10795,1694607566,3213219067
10796,1393580162,1287818110
10797,1476830402,2818961576
10798,525005613,3557789600
10799,1690371322,2592618237
10800,2496153454,1517177192
10801,412935932,4213381609
10802,203931517,2614151462
10803,2193895865,3699196892
10804,2593221568,2931264343
10805,1255093940,2759185305
10806,791017400,3738791898
10807,2877642097,2540216107
10808,608553316,3146619802
10809,810155472,388309829
10810,4052533001,3673589379
10811,2883070943,1325044112
10812,2060455246,1045887726
10813,340258482,3227649803
10814,3685389626,2431110666
10815,2831132220,1307699641
10816,1202802542,1447964788
10817,2781589568,2556424916
10818,2881023361,2796387094
10819,1998210597,808993233
10820,3288449162,1845753764
10821,2114924226,236487743
10822,3778233865,3446801776
10823,3082190064,911487070
10824,2099272804,3584643573
10825,2737832306,224807422
10826,3235647325,1331990930
10827,1741059846,2004965401
10828,2382008629,425839789
10829,609715643,1048307255
10830,1223784107,354011721
10831,2728432281,2790223937
10832,3913283982,1506292879
10833,3620234153,3026624323
10834,2887311511,2522307588
10835,2973846226,3341532943
10836,2608045375,4030914213
10837,4065666037,3646113454
10838,2472457440,2170360781
10839,4254094881,1202776511
10840,500546795,4196492761
10841,3814305839,98565140
10842,2128308897,2986157690
10843,1650929574,3011506307
10844,1978016143,448271725
10845,2334438884,446862727
10846,2929679912,1247305806
10847,3994414117,2355228582
10848,3363971523,2575536001
10849,469431390,3859328184
10850,3948136998,2154134423
10851,3506382477,3454406556
10852,2986151898,388445399
10853,281984249,3322424617
10854,762189169,3053515551
10855,398987441,2752226030
10856,2920903070,3450889906
10857,2239021291,3987637793
10858,2958845375,2419960340
10859,2711151242,2325229003
10860,83259822,2796562313
10861,2461617455,3932914569
10862,3632456833,3645324804
10863,105011080,4000549287
10864,308242994,3507732749
10865,473162366,2406778644
10866,1878940224,3981906751
10867,846662523,3912130631
10868,2954386455,1357318489
10869,3368475290,2286044767
10870,1630009680,3518039419
10871,1606122646,3537740660
10872,891106498,3761642708
10873,3810696448,1446849858
10874,2698669409,2167899528
10875,1135689882,1095832619
10876,535075883,4184531253
10877,5699963,214852083
10878,809971239,3741077739
10879,1710700582,3368176123
10880,3470522509,1195026576
10881,2290748776,1463587076
10882,3989460635,1720845002
10883,1144375287,4288767055
10884,1705012178,4044357163
10885,1939466335,3617173646
10886,2631388630,3498576138
10887,3368735584,3834452510
10888,3329612883,1327380722
10889,3255818028,2282201778
10890,631447673,4134162394
10891,1948792143,1304121938
10892,582774255,2530151448
10893,1329239951,2664087678
10894,2762232874,510197916
10895,3925959802,4046023553
10896,3650967568,3249708053
10897,561203903,3560887469
10898,1286953741,3687124216
10899,491099143,823921525
10900,1465999173,2141062873
10901,3987857697,1474975259
10902,3810563211,3087935855
10903,3347056179,3646752830
10904,797357968,211447978
10905,3622678122,325921869
10906,641413178,1786654943
10907,1203131556,550853453
10908,695260309,4038138969
10909,1336918500,3027299652
10910,1173381005,2464091304
10911,2386217261,437032109
10912,3982626546,1795584152
10913,993987884,129065042
10914,2311515201,1558021231
10915,3717343910,1716673191
10916,2148695653,3872741436
10917,873040074,4153222261
10918,2802418178,863376244
10919,2121842022,3523581176
10920,1398634508,2501601833
10921,2009875042,4086888134
10922,261081570,1162366118
10923,550348251,3611947976
10924,447181792,1513817977
10925,1874475053,1616083059
10926,1062076978,3841909885
10927,504335222,911888613
10928,3995380468,2929987967
10929,339279465,3187081338
10930,1968089587,3807755846
10931,2925764779,4070035416
10932,2493718416,3360790225
10933,494789432,2884811028
10934,2186069269,1725475068
10935,1193501730,186987263
10936,1598099409,3397098195
10937,2849571084,2635427363
10938,3068165104,720625451
10939,2321203423,1942250400
10940,2590537247,3284666795
10941,30430474,2640056949
10942,1699940082,4249158268
10943,3022373556,4234097625
10944,1816100825,2641350144
10945,4215789915,4048582327
10946,234591437,257673204
10947,2468570364,2198534374
10948,137363298,3283305805
10949,263935203,3360467136
10950,3251095664,4156836650
10951,569595540,2861022010
10952,790598532,575220167
10953,1887492947,3913844127
10954,381377126,3331863842
10955,3271767869,3351163580
10956,427588655,243751567
10957,1237531955,1594868964
10958,3805022753,1441919629
10959,311125829,531401981
10960,3726870829,1188646379
10961,1338616686,2212974969
10962,774803900,1354823229
10963,2134153648,2397656830
10964,1818171793,1681331630
10965,1656928967,1456491279
10966,2261926218,2843811383
10967,295149783,3266369940
10968,1412132913,2381548123
10969,2139417031,1806308583
10970,3040046009,267055100
10971,3502298363,280860726
10972,2175134548,1495908048
10973,2770457427,2961357961
10974,1983144502,91098880
10975,3022601967,1430504871
10976,860224664,3392726540
10977,369222803,165192560
10978,2028055194,2875398347
10979,4226499619,3342434870
10980,4269989652,3533762213
10981,157399332,569445119
10982,4141999814,359907240
10983,2366716058,844583819
10984,3930562299,239944253
10985,713471191,1734121016
10986,2140762617,1189507669
10987,1701403754,2638108259
10988,2455984152,2818370791
10989,3580146088,1986145079
10990,694390784,1402897429
10991,924060561,3767588603
10992,1240307834,340417723
10993,2796946539,2759817717
10994,2706487734,595490549
10995,1518428709,1505010821
10996,2927284647,2111994956
10997,2106014592,2132232793
10998,3290016155,1574440855
10999,3564933326,3648188866
11000,2328562812,334938827
11001,2212217374,3193382044
11002,2291631506,39171646
11003,2090518912,651666071
11004,2431758837,2446758846
11005,2133266642,932134830
11006,983488460,3743966707
11007,3968063519,2707155768
11008,778276933,3397038680
11009,3507015792,437154880
11010,2882538387,1145429603
11011,4276479618,246543687
11012,75855000,4181857907
11013,3906081779,3389611285
11014,4280873477,3571070400
11015,3429659793,3727549137
11016,489736238,3586889945
11017,2190757044,2093850001
11018,1801187221,545562606
11019,3280067809,3696872466
11020,4222459151,2339355078
11021,1233614889,4139760205
11022,1992517224,1060457590
11023,1539507855,1103307339
11024,1999506307,531626120
11025,2107122988,4151284279
11026,1586409458,2684839107
11027,3848659722,3749409548
11028,2039840392,2380276521
11029,516333802,3106781835
11030,2443916647,3253168917
11031,401764964,3158210487
11032,1852115419,2789037978
11033,614449396,2500603485
11034,1285879860,137839102
11035,2816486725,3776368314
11036,3948105793,2261687808
11037,2856136044,4107805799
11038,4253416996,4207097325
11039,174768004,329621906
11040,2583049194,3551487865
11041,2933971407,3612034041
11042,250939203,1504948227
11043,1840986605,3653975194
11044,1515522414,2800955919
11045,2490248850,3605330070
11046,1714720716,1999999437
11047,241430890,1686518315
11048,2040504557,2102476933
11049,1036682156,4252536453
11050,3663305491,2040742641
11051,3460988494,777006063
11052,2986094447,868700636
11053,3056302471,3865778530
11054,4200944714,765748193
11055,1298906044,2598007469
11056,3765355288,1992291446
11057,968244446,2384428462
11058,1000209096,1425744411
11059,475246058,666047143
11060,1412823741,2409770658
11061,2267532940,2226616505
11062,2688044823,531480649
11063,2458223802,1395835131
11064,1615356883,3778750063
11065,3933506698,992351764
11066,123461240,3313088038
11067,3993560690,2216489208
11068,2854042929,3142018230
11069,3134744172,2917164190
11070,1956778406,2400022727
11071,3830421325,61180397
11072,571440326,1523646519
11073,2137824173,539784924
11074,1865480577,1879283015
11075,1880936865,1472591442
11076,2939687445,2452002882
11077,36073896,1693573749
11078,1316086657,1330817898
11079,842967713,1573071061
11080,171301780,2983042011
11081,2577884631,1416211072
11082,3601486969,1175116188
11083,411203339,3121854208
11084,2584001402,3812910466
11085,2685682735,2440453496
11086,984071303,32993940
11087,1808824732,454372742
11088,3667249803,2304216534
11089,458749513,1698907552
11090,1447703622,3005163579
11091,144537799,2501117399
11092,1463593893,690258646
11093,2336570017,2529022793
11094,2922420617,3058188611
11095,490538537,1919922195
11096,49767029,553342035
11097,965677065,72563723
11098,2856707086,429904290
11099,3460416236,2530733719
11100,899351970,727256550
11101,4039281045,1448925716
11102,2684310733,1859760123
11103,3653173694,1073393512
11104,3523655857,62774245
11105,2802048281,2699417381
11106,1219689065,1512980101
11107,3892699990,572841786
11108,3649971521,2181456734
11109,3118952850,2212301160
11110,2910213496,2096306704
11111,2633348116,3918769352
11112,1687356623,2672875571
11113,2237022090,243906840
11114,374113785,217980013
11115,1485780608,554213716
11116,1974623311,238394198
11117,4182755602,381663961
11118,232566180,3715739467
11119,2506380176,4203207523
11120,802908106,849957376
11121,660786491,96637172
11122,2792872313,2891667546
11123,4131532149,761202098
11124,3463857379,1113856390
11125,3685668182,3955465388
11126,562474836,2459713639
11127,2045180194,1216678095
11128,2124390947,2557150631
11129,3517673102,3811352776
11130,858056403,2441539858
11131,1344599212,3140898496
11132,412314996,3075179760
11133,3532073642,1030292570
11134,3449575715,2712346571
11135,2444973471,2282865314
11136,3049958577,263523952
11137,3955453823,1628467437
11138,1135952201,2393967115
11139,2552136807,1375175571
11140,1524254190,2659636993
11141,1586894717,3367793522
11142,323408225,2626687867
11143,3828887380,1092140164
11144,3683199005,420231361
11145,802430040,1553903275
11146,666240151,2688207822
11147,62289829,3509426831
11148,1695846788,888735056
11149,329853142,2654134361
11150,3771564655,2232256997
11151,1082724303,2987871325
11152,4204895526,486405795
11153,3919711524,3876663639
11154,2833120711,3863840906
11155,4224178389,3166734244
11156,460484571,910397661
11157,2276308863,3478801617
11158,420197406,1590024593
11159,2659203226,1527178794
11160,2885008947,1241304182
11161,2588530026,3728666031
11162,3162269208,1927971114
11163,659601063,2067126765
11164,17662661,2297948351
11165,2616866703,3387325359
11166,2088540234,3571483686
11167,29381104,1222698132
11168,2392148169,1389130674
11169,3590527727,1274142735
11170,512403520,2314683671
11171,1003699617,1273438749
11172,3498131922,166862749
11173,4023700591,171100477
11174,3179020067,834491991
11175,2439001068,4119365228
11176,1956836386,1142551187
11177,1861388049,859724150
11178,4228365113,4195109566
11179,1735610281,405655923
11180,3729487274,2791709857
11181,2939410293,3685991768
11182,1853796091,3221884500
11183,3482580555,3118012468
11184,345397999,1732469402
11185,649163850,1762968914
11186,255736470,3328265261
11187,3321842336,326623295
11188,3116417621,1715332605
11189,2429313168,2328313660
11190,2266214687,3375479852
11191,3610581351,675032502
11192,4146179595,2061512942
11193,2666872859,3812891792
11194,3895547744,2048111515
11195,2575038414,2155503819
11196,399164911,988776788
11197,2711046356,3010001526
11198,1496350418,686547141
11199,2343084359,3399367996
11200,2065138824,2430682868
11201,4217301035,3217868683
11202,3978886086,3230348981
11203,3092782894,1843754747
11204,3423460592,882236754
11205,2247032857,1757709165
11206,3631107855,3984767001
11207,544956104,3938020985
11208,1072502841,489048272
11209,27574220,1404599054
11210,1576265890,3354081570
11211,1007723249,3106537957
11212,563891222,3337304190
11213,2881870649,2641475852
11214,83664488,3764250788
11215,1896573936,4100032000
11216,3922614274,2524337710
11217,2064590277,3401889431
11218,1766754782,3738790684
11219,3067586916,2229848801
11220,1016732601,3176559989
11221,2186120623,216366505
11222,1291255347,3377564705
11223,4113179339,3798980907
11224,2668647474,2370466107
11225,660439513,2932039981
11226,2075895594,2654120862
11227,3833786405,2741029374
11228,3930562982,2097135562
11229,3491675519,3956405097
11230,4053436999,1647021911
11231,3130359790,1810739287
11232,1370506776,503272942
11233,1998470785,522135471
11234,2835782182,2260594970
11235,839813095,726337525
11236,3165701470,553292321
11237,661765427,628090046
11238,170753624,3874570242
11239,421771723,282953786
11240,2907125254,3128102934
11241,998091621,3594926574
11242,1278788045,1040571187
11243,3559404141,689752514
11244,2665124031,248380358
11245,1433390585,2266562716
11246,919062961,1179693113
11247,834684777,1520482898
11248,1295139335,4269585281
11249,2871441278,1771591527
11250,3303045850,233069949
11251,3167797223,1329362264
11252,3467461713,218698866
11253,2731392770,3748607377
11254,2962442004,41690783
11255,3594833580,1398750408
11256,3183232484,553887673
11257,2501587940,3949004067
11258,2677964983,3009747169
11259,3196102931,526330749
11260,3757114498,2637012348
11261,323378546,4274212253
11262,3320205766,2036621957
11263,4094448393,1403239423
11264,4277570008,578348749
11265,3598604798,3934939709
11266,3044244638,1585357499
11267,2264591406,3474551375
11268,3029824433,3912521930
11269,114206433,663229020
11270,2421101288,2645792541
11271,811030465,89675285
11272,2404141142,368087570
11273,3466061269,4058572971
11274,2005320867,1933714549
11275,1296864874,3462360563
11276,800492778,1244794481
11277,996002847,1954110063
11278,3641951088,3114675029
11279,2395990542,3847885651
11280,4240106289,184956890
11281,3142514879,1918842276
11282,4017912051,160695793
11283,1814507650,2892385764
11284,3436283577,3582142963
11285,2094911482,2803835917
11286,1635729419,810163586
11287,2796745268,213314463
11288,3866478478,1021977902
11289,2382442828,1907685417
11290,2905886296,948191569
11291,3138705607,2775128518
11292,562639073,1888018944
11293,4114052683,4124203236
11294,1681747252,1730050019
11295,4209686233,2510954834
11296,3602070480,2433341906
11297,2296710580,3964294571
11298,572629565,2031336532
11299,3668388046,3720239128
11300,3361740081,1344201300
11301,2450283026,114338750
11302,814530581,1732980685
11303,3108552210,1424186388
11304,2145354679,2202490224
11305,2056103939,1422217476
11306,1043879781,575692982
11307,2924039407,3868214581
11308,2101940133,2879619742
11309,3406675611,2784347046
11310,3875733108,2912985510
11311,2705875026,2333315308
11312,3552547651,1935696789
11313,455841448,2639101852
11314,1445652663,1700937379
11315,1824368649,1954525432
11316,3995106871,3172903773
11317,3711645252,1725092743
11318,3314457629,2833749782
11319,3618362491,447363220
11320,163102665,1471476757
11321,3597897161,4025491790
11322,1586838444,2431320290
11323,3321375964,3994037177
11324,3424276813,3493612383
11325,1078327508,1940355444
11326,348121115,230641968
11327,3726861413,347962748
11328,887334961,159053066
11329,2102440099,2896708103
11330,64505121,972488211
11331,1693479807,547965993
11332,963338288,635144789
11333,4173601350,3333489597
11334,168826752,1042074398
11335,350383600,1217678465
11336,1926523550,3294496310
11337,259882749,2541767482
11338,3035847468,1108331881
11339,759179271,3488917432
11340,542857415,4281125679
11341,590360998,2942966123
11342,2241365924,1688659528
11343,954593106,3046700447
11344,269614916,829393509
11345,3503587256,3293185268
11346,3142145289,508302686
11347,2901377629,1375885
11348,3357904367,1443411690
11349,1251112259,1517225600
11350,2205744286,3981713471
11351,25505675,1127048790
11352,720874385,1159025647
11353,792292915,40914747
11354,1562306252,2037544176
11355,3106137039,3395391430
11356,1846955298,3450478757
11357,1375306139,3194374970
11358,1485897406,2535925754
11359,2946809533,148085974
11360,637709632,3754913687
11361,116917813,1972324265
11362,3253338218,842992532
11363,3171357625,3136398450
11364,2977143841,2655298938
11365,2618062362,1469571567
11366,1260966109,3739276154
11367,2002276548,1433523869
11368,3579650788,95342006
11369,1362286308,1595151610
11370,1982083443,1827438047
11371,4048488374,2309645044
11372,645931562,2127187064
11373,2053839432,3757026458
11374,1029754361,1709428004
11375,3206548822,2494505959
11376,1239055667,342279734
11377,3388989357,1487695014
11378,1934013352,1914700154
11379,55559953,870348765
11380,2384380455,2315527526
11381,2635802698,3686048882
11382,4199586851,2825043471
11383,3544551913,197597726
11384,1315482613,1913995450
11385,970123710,2588924635
11386,4165362252,1132839025
11387,3052466475,2331519796
11388,3513605345,240530209
11389,618230457,3464269880
11390,1531226174,3540811429
11391,102952191,3351701993
11392,1707309106,1272276277
11393,1382192976,151349004
11394,295335316,426904126
11395,3123943936,1586045604
11396,3876333977,1790641087
11397,634923078,1397767673
11398,986709486,3372861006
11399,1798944183,3385830254
11400,3965719920,3260535136
11401,922886391,922904317
11402,277075545,6461811
11403,592489693,987155061
11404,4020887736,1389149689
11405,2758780295,1795954496
11406,1261621480,3580368370
11407,886364063,756153657
11408,252184894,379643355
11409,3419802377,1231788566
11410,1548936210,2130814786
11411,449063738,919704694
11412,1808251275,2568321186
11413,35940848,4129642466
11414,1818223069,3355314254
11415,2632266767,3624840597
11416,1996353181,589830793
11417,2934655562,794590229
11418,871324411,3138323258
11419,3468329667,912637774
11420,1119296498,2468598785
11421,2565368278,3721632464
11422,797869279,2142273300
11423,498495989,2047484061
11424,2912401199,1846131120
11425,893200470,2127376591
11426,2529405421,3259181061
11427,2620488274,1329114916
11428,3692502543,1867903674
11429,3305823588,4049182043
11430,1248089303,2627803234
11431,3743695272,1242427700
11432,3040620064,505388475
11433,805240284,1488578191
11434,4175804990,3916342235
11435,3152666639,2679011185
11436,2061515931,1733302346
11437,3542034018,4017366694
11438,3451702507,532331958
11439,3490797979,1233612720
11440,855470693,1292276930
11441,176298909,1817049773
11442,2009232325,2954778369
11443,249768984,624362942
11444,123940008,949148796
11445,1010149299,11588530
11446,2427713938,1108690161
11447,532153362,3152619316
11448,4168301167,1180705455
11449,2028743664,76125461
11450,1339617817,4082036224
11451,1659150420,4283552167
11452,723861315,800002842
11453,359546245,1951042172
11454,2298505642,2242250558
11455,43523504,3984414302
11456,370199458,2664371775
11457,3824487952,4245802843
11458,80924267,1537436134
11459,4277116004,3848923017
11460,2701148277,1950537178
11461,2295868082,4056536678
11462,1011589845,2880114532
11463,1245052285,2193269415
11464,1189007792,2137638410
11465,33253188,2998672926
11466,3479824493,512168577
11467,3202489023,1715392938
11468,1258621125,1109130309
11469,2846254251,2415596300
11470,3277189234,1590058465
11471,3593098559,977067228
11472,455237627,3613225386
11473,1266672949,1416212190
11474,1291503097,1475976935
11475,2633503931,3767325269
11476,1401440780,4115847260
11477,66390632,1702420848
11478,4122164660,1401775803
11479,3535495798,336944086
11480,1615486092,2814742557
11481,1352852801,2902549822
11482,2371005380,3044694093
11483,3714235889,805530100
11484,3511143295,1564523063
11485,758108683,180984244
11486,985001532,102738987
11487,1765252389,2160855334
11488,3554615831,1639008677
11489,3290882809,1480356103
11490,390076005,360954665
11491,2753243331,1043587354
11492,3781566466,1639042039
11493,2309498001,1093662096
11494,712115084,1277747614
11495,712337197,1400519667
11496,1417676997,4114588710
11497,3867722537,920124315
11498,593369023,4248508009
11499,3566823947,1631144914
11500,3268848135,3038344629
11501,3848173644,3999044642
11502,1621770631,3888489358
11503,1003228298,624754900
11504,572524339,2496069394
11505,2047392848,800574080
11506,3721648305,169058195
11507,2121322931,1171894019
11508,3969315216,3821136877
11509,1715073154,154710739
11510,1561988694,4080628002
11511,2261305342,2125900332
11512,1490965573,912092824
11513,3632337070,3930736831
11514,2818642276,3370310449
11515,3482802738,3809668243
11516,3203400474,1489487659
11517,1827706419,2759594106
11518,3102731304,3894094627
11519,3895663933,580828700
11520,3677085988,103945689
11521,1189701315,3584812093
11522,739723451,2360214987
11523,1695092059,3472833472
11524,3505106506,525392570
11525,24455099,2230620057
11526,364952122,3052602970
11527,1383634009,1916646406
11528,1585516576,1280247778
11529,3961578018,986785499
11530,4244609040,3745739294
11531,4031668782,2434644318
11532,3179034955,2897487111
11533,1895680065,714010797
11534,4148435931,1744729824
11535,4090984772,2372299857
11536,1479209343,4057320896
11537,3332857309,1171314486
11538,2390851891,3119590669
11539,1783657056,373860229
11540,3885256110,2758611001
11541,2853629310,3408679564
11542,2157691618,1858319474
11543,3761778337,301134548
11544,1482946231,516941113
11545,4027955277,2944284077
11546,2761638819,1354729544
11547,1359478612,2540554995
11548,1934109794,4136363411
11549,2924394240,3439448431
11550,1837097399,312808921
11551,3093326707,3017004822
11552,1290706443,429189085
11553,2061074972,680503338
11554,434031985,1826249487
11555,3462472809,3503207058
11556,3076674303,3432394113
11557,1518616641,770124626
11558,2198677991,3643600276
11559,3758785823,3612849339
11560,2777584683,3578684090
11561,2524068462,977070326
11562,4140682449,1131222919
11563,2779685946,3526192745
11564,1410484590,1453334531
11565,3134159313,112018227
11566,3948615243,2007367318
11567,3151258306,3332116237
11568,2330298255,4268505808
11569,2023434789,1610010411
11570,2788105610,1148086370
11571,4132542437,2771383987
11572,1359471571,3668109439
11573,46627021,1912880777
11574,1443588706,1333389315
11575,1403113441,1028626143
11576,568754991,3887389642
11577,3252708910,3849916460
11578,1771951932,685933010
11579,3158175393,1674005118
11580,1020265717,1009120176
11581,3046760594,3357925817
11582,3103223479,4132277680
11583,4044693703,3096340461
11584,2119509486,3324622052
11585,2281282522,3860650878
11586,617788155,3541540135
11587,590388253,920568510
11588,651668676,4186865246
11589,3131566339,4277209852
11590,3077763776,712130635
11591,3430567157,756629430
11592,963735271,2929646783
11593,2166166161,3559506267
11594,1252738550,1817721882
11595,1621560188,280131351
11596,3100752024,987325280
11597,2006782041,3222826874
11598,1734150354,1931377057
11599,245519825,963309876
11600,3108473235,3021829042
11601,1187805321,1460465255
11602,4068126855,2462911463
11603,690640114,1167046111
11604,355500072,1638463319
11605,2743457010,2533832246
11606,979933087,1240994838
11607,1006049682,606389451
11608,3227749360,1252679522
11609,2460466366,696641505
11610,3275328230,977807101
11611,3200469332,3966021494
11612,719189664,40532657
11613,356395044,3937663439
11614,3613574937,616575562
11615,2142616569,1940193998
11616,1758627215,2919479169
11617,873221758,3331097848
11618,96060287,2489733585
11619,2266074900,2513928479
11620,1754913229,1971165380
11621,665473981,181011766
11622,3596971827,133226496
11623,199584946,1710052088
11624,1746702059,1284049349
11625,3253982059,3682761917
11626,3359848996,380059735
11627,1341806919,722878241
11628,2659573486,1043745693
11629,2388231170,536319967
11630,1709897390,1284254329
11631,1557810449,4054760856
11632,3534100354,3684579275
11633,446540425,2978772600
11634,1448571023,3610137337
11635,2963233068,3009344609
11636,753167057,202409027
11637,2524797902,2407902191
11638,2643733708,1710392563
11639,431602058,2566076133
11640,4287969038,935482353
11641,2012196148,3392530639
11642,3412389392,2460637305
11643,2189323555,3976692171
11644,3030348558,2367772197
11645,86855761,1532043063
11646,1271127938,1850715884
11647,910390523,3923642245
11648,2449292727,2178516855
11649,4281537746,2547040876
11650,680155846,2084418018
11651,428330703,2318600354
11652,3952444128,236526694
11653,586960772,2670501676
11654,3399473730,2515152968
11655,187160457,2944954009
11656,3406258978,3877762386
11657,3406111475,3908103031
11658,2218122910,1179666104
11659,3274058957,2657836699
11660,3511582162,2777758197
11661,3228723112,3612658914
11662,476257419,2547899206
11663,2176462130,3121917596
11664,3596670219,1924214634
11665,1425784331,3168066628
11666,1147354454,3436556970
11667,1525971698,714683050
11668,1625314503,3891511846
11669,627621531,1767830109
11670,1707294470,1437872951
11671,1180450039,2844123422
11672,4187307734,1183879243
11673,2545283025,3349322471
11674,1672774710,188228504
11675,2507507791,3861881757
11676,2884842577,525192344
11677,1649880909,2098028823
11678,1885822674,4107458944
11679,3960943244,1404256337
11680,2498795332,1406861493
11681,1158864200,1249547059
11682,3384905909,461576349
11683,2168383134,1786781301
11684,3763078504,323276839
11685,2093454872,2706302055
11686,1319039578,3313855046
11687,2322250800,1904106016
11688,1618381318,3997053114
11689,2549367101,755364206
11690,3853399124,4129777594
11691,1202724102,1087729810
11692,3322879694,3625027947
11693,2668578949,3467584341
11694,3051725514,1920422103
11695,908107924,2513592513
11696,4035221353,949887439
11697,794381821,1750092828
11698,3661315918,1538024021
11699,126260551,724802918
11700,1894639056,1945073094
11701,1185414299,933795533
11702,2678898721,2337647317
11703,4071923029,4293767058
11704,1121957530,2047470843
11705,899235612,3041085744
11706,1563193857,1354876738
11707,3203091799,1830803862
11708,1064900631,697233019
11709,2466591594,2088730427
11710,2556776990,3767699479
11711,1995958957,2207656767
11712,258439061,2973896412
11713,3542174911,3819381904
11714,2892819812,3784427082
11715,164545796,4064654886
11716,4239104979,1709823610
11717,1978022747,3153167561
11718,3811393981,3866414813
11719,675430960,2319806538
11720,1619670130,3357653398
11721,3867707760,494126591
11722,58238659,3696161849
11723,3820580723,1542684413
11724,79323992,2039865373
11725,1392091440,2001893398
11726,3173898687,843326462
11727,3311234290,1900848259
11728,2143780198,668965840
11729,2635423539,1075560898
11730,3902254346,1011886003
11731,3152712113,745351136
11732,3527700159,3177352568
11733,2917633974,1970444510
11734,3728561790,3946854058
11735,3936824551,1597312096
11736,3896681530,2499123652
11737,611512664,3731639906
11738,828392180,2745471986
11739,518329099,176400639
11740,738296937,417794261
11741,2367287247,3326562635
11742,2901057631,2712324348
11743,3838228943,3994263654
11744,869284694,3239938204
11745,2749808747,1908941819
11746,110636638,3277348128
11747,1764626711,3615167134
11748,3398973105,3508797910
11749,1166041686,1925431929
11750,1889161427,1527775455
11751,1787142131,980575770
11752,4127849102,1907799252
11753,3797129826,1117818626
11754,3001929549,995898082
11755,1804153647,486907938
11756,4034023161,4169241654
11757,2349561807,2330007445
11758,3165532278,2859438108
11759,783903206,1441511786
11760,1088460786,2191162655
11761,297869661,1778813923
11762,2293886632,3559685534
11763,419051486,678271601
11764,2654651166,2110224127
11765,225797746,4026741011
11766,2530583375,1375885923
11767,1966477361,814280260
11768,1362960009,4169667227
11769,2942613535,2713383222
11770,881836460,202740216
11771,1543428561,2071139149
11772,2555613139,3267712347
11773,3701144551,1705913580
11774,4281145492,2790023765
11775,3687409643,1792818582
11776,1364944291,2189081178
11777,2148299220,1929611394
11778,3370659631,1080752363
11779,1824038025,4052057424
11780,2585387197,431988989
11781,1741448442,1504621453
11782,2168027955,1949685794
11783,1706479516,688785658
11784,887563902,4085842511
11785,3577299754,2882666063
11786,1456721156,387111971
11787,3239578909,3729119080
11788,3619841344,37568755
11789,4130289237,3998075298
11790,206985927,3092111838
11791,651555136,2326945605
11792,3591470941,3895730715
11793,3333347232,3801739296
11794,2533484589,1328436142
11795,3934763215,773976419
11796,2924779008,4186609630
11797,2919596298,3310440102
11798,3669822744,2084234340
11799,416817783,913896415
11800,2387561404,3521735616
11801,2150104096,1857266824
11802,2346434001,1584896697
11803,1885183937,155019529
11804,3072203891,4134932519
11805,3868754267,3123685854
11806,549509698,2912781524
11807,1251505990,3185983671
11808,477316579,1033225096
11809,3979144964,963948090
11810,1766243106,985969667
11811,2054562387,617924097
11812,2042606829,51804899
11813,1801993468,1158013958
11814,4060535399,3375251524
11815,1046146,637458999
11816,623309901,715559656
11817,2387221210,3884334133
11818,1865856530,537987733
11819,2271344616,691465396
11820,2315898854,1241798796
11821,3445593500,3819092166
11822,3261941546,603877883
11823,999194542,1441629307
11824,1735406096,53745414
11825,1198674857,3141954156
11826,2917781610,3077700681
11827,1803528344,2548801173
11828,1408242286,1613023919
11829,1711451312,3613103351
11830,1090656826,492954805
11831,1257125912,522050958
11832,809673518,1359052407
11833,3771561629,2805695248
11834,2378220498,1013251900
11835,585361647,3555127645
11836,2688206096,3848724140
11837,3952055004,3906699093
11838,592959734,1627522413
11839,3513249426,341377786
11840,3715273688,1370200437
11841,1848860636,1914711767
11842,3167975992,2292469866
11843,2702601650,1468741374
11844,4171458466,1247985057
11845,515562665,2802121226
11846,3771996670,821125928
11847,513206635,2384052514
11848,3032940150,1004806173
11849,168392114,1125917230
11850,3009141325,745124290
11851,3394361028,1349411242
11852,3786210944,752009082
11853,2984572542,478518884
11854,3394182283,1180725696
11855,303260900,1129506924
11856,1913011227,4183896153
11857,86367737,841319020
11858,1842279476,3479185496
11859,3662520208,2265112781
11860,1581957807,1092597017
11861,3321566624,1076172327
11862,1319601895,3201396151
11863,1897661082,4288627844
11864,3634920861,3085539962
11865,879588368,276143369
11866,3339195783,3645468803
11867,1923775547,477368015
11868,2559399693,2683320643
11869,2146511195,2212147407
11870,26665718,1839497198
11871,1690422866,2841646722
11872,2390328876,1111511385
11873,1765242674,1157757164
11874,2113925018,966064546
11875,2173770780,1925035186
11876,3763040181,51974942
11877,973906955,237156291
11878,2134899437,1132826222
11879,2350989660,3142508042
11880,626587769,1919120627
11881,1890545426,2203994925
11882,887183156,222431280
11883,3741114071,3301043282
11884,3789919428,2723330788
11885,1020957242,1422281731
11886,3173075956,898250400
11887,531610299,413134575
11888,2039803915,4016000874
11889,355048417,3505621587
11890,3974148523,2525948783
11891,2690659553,931593566
11892,2037691519,47918882
11893,278877122,2161429277
11894,2785720465,794533638
11895,3523535805,3419757115
11896,2149577732,1879599888
11897,2910200363,3491815685
11898,1331536114,1275381669
11899,2469410611,1257354877
11900,789948120,2347978546
11901,3792932063,2696591672
11902,3800860283,69573686
11903,976761882,1136917255
11904,3527594668,590405796
11905,2331361863,3685456374
11906,1696225337,3124017724
11907,3987769815,2199305253
11908,1841882578,3856931656
11909,1596010507,3072862670
11910,1563295739,4029130758
11911,3096394962,2714384437
11912,3183425624,3669334651
11913,204911938,1453530694
11914,2303564205,2551405203
11915,1971107505,2607359315
11916,2532707300,2635454089
11917,2799608833,3747104779
11918,965286126,493955015
11919,1208901924,145931107
11920,3543930813,957723525
11921,1756918872,1674564311
11922,2690363233,2872753597
11923,1665880826,1830886555
11924,731306096,2716635143
11925,3817646012,1315002321
11926,2551749665,4159960604
11927,4160996367,2939576836
11928,2429480334,2889888856
11929,3802033425,4087826077
11930,3367439215,1978240967
11931,310710210,3325621295
11932,3705657852,1666335241
11933,3689483148,1232963456
11934,2844143296,3358757766
11935,3885827343,3523332679
11936,1939342092,3778077066
11937,214885616,1564098122
11938,3661699032,1151145299
11939,4025948965,551014216
11940,2665746668,534395069
11941,2211073168,1098592187
11942,2170363452,3037192797
11943,1909154129,1623243163
11944,2714286977,2522191519
11945,1637931901,3024813916
11946,589792602,2675989260
11947,2719563548,148094716
11948,983908801,148486309
11949,3241687407,3329093411
11950,77788869,180350471
11951,355796216,412205752
11952,1937348737,818229534
11953,1297780245,1244788685
11954,2409376633,3989166217
11955,1418907136,2353966979
11956,2802572681,1588050370
11957,1273555284,2590641325
11958,2391409813,2751982354
11959,218149049,1976923040
11960,2045000562,4045760946
11961,801800919,3732140251
11962,2375810815,2909854991
11963,3133709437,1828563591
11964,2175431454,489457091
11965,921914298,1057014313
11966,2936056696,3489382635
11967,4153491375,1262065688
11968,2945178812,1648533862
11969,1469767922,4221644913
11970,2064646960,1749068390
11971,363982827,3699820768
11972,568320621,3565235947
11973,1876408356,3671785189
11974,2193489389,633704614
11975,2634559181,1844605582
11976,2196346373,2203510356
11977,3036982321,2887088858
11978,819008112,1787385053
11979,1098677471,1112034900
11980,303599148,3096018785
11981,2021455746,2076675763
11982,924081220,3357859035
11983,789365578,609039748
11984,4099218244,1707742427
11985,2961943450,3447556371
11986,2062132646,4154798268
11987,2247431048,1742836933
11988,3607365898,2677065090
11989,2458460440,1664615506
11990,1675965421,368887019
11991,1988547841,559786299
11992,686997842,2226792004
11993,1808768766,3458861533
11994,2584890422,1831609589
11995,2701679228,3756848556
11996,3803604159,4006204228
11997,3927172687,1082530708
11998,1301539170,4251948974
11999,659134109,4241513475
12000,1384688916,4086391183
12001,2724978337,733816255
12002,3998080446,1851442554
12003,3938246435,3896925696
12004,1514698351,2698958380
12005,3291625869,964038401
12006,3816348044,3931912714
12007,4050489512,3467959300
12008,745444244,1399092082
12009,1032978394,2084692759
12010,1329423119,1145521094
12011,2294457985,734359289
12012,1582299528,373276678
12013,2393608151,701600825
12014,359866271,1904315346
12015,2795003711,1602657871
12016,1342862484,328725870
12017,3448209624,1249000851
12018,2383371478,3049993491
12019,3609226652,3192825927
12020,2296617589,270414858
12021,2382738371,92076005
12022,935604317,3951255173
12023,2285297658,2317642540
12024,721384926,4284665094
12025,1289627772,2122945159
12026,3018620436,3623078283
12027,3119702115,1990009770
12028,1512087836,1888197656
12029,2388903357,1645948444
12030,743949367,4241298416
12031,1324910015,2295638409
12032,3349966092,3521049603
12033,196397386,3834439212
12034,3240476804,1902254856
12035,1603993566,1919107881
12036,205963822,2333433705
12037,1416523215,1073057205
12038,2737825188,1177434132
12039,2901542729,2763253954
12040,1869707716,1741035934
12041,1232266720,977598308
12042,2886930407,833389360
12043,1881058064,2559617397
12044,182701166,1571922804
12045,514363129,1379788027
12046,3783426306,989628138
12047,2247205811,3994283194
12048,1188599932,3198806284
12049,4012990583,4069339592
12050,2764299496,3258411474
12051,881384359,3467310292
12052,3497633657,681462848
12053,1984451442,3285296555
12054,4175659329,468942137
12055,2444706212,4275602803
12056,1241272773,138057480
12057,3143013575,28112581
12058,1342587936,1912026783
12059,2294481985,1941388461
12060,3777060068,407017012
12061,2634714874,436362678
12062,1449179792,1730287852
12063,1734466345,2748241043
12064,2588338231,1250892201
12065,2940557687,2667037684
12066,2300367618,3081201328
12067,2096090428,894970376
12068,743046296,2041604909
12069,1753504725,4000045479
12070,2620378986,1051791880
12071,3717532907,2197000816
12072,4244770575,2662384835
12073,546676414,1127488823
12074,4211143935,3535876798
12075,1450418224,1715967573
12076,1824755786,2610051760
12077,3348183759,1146015378
12078,4192075723,772066268
12079,2192779257,1486691331
12080,3045328648,53414557
12081,2579933946,2917642179
12082,3751828086,1541642828
12083,1227943969,1038863673
12084,2980809947,3472500322
12085,3324056739,3438431321
12086,1914034649,710734405
12087,3976017038,915734959
12088,133621432,2354041725
12089,3205557800,2989049293
12090,4167194370,3364206629
12091,3804988963,2410011461
12092,3556395940,556701246
12093,3411958403,2395788938
12094,29977092,2544765956
12095,3182851136,2482652531
12096,2708730167,2431894983
12097,905620797,3777064354
12098,1811586931,1581004520
12099,982027353,3301575064
12100,1265926872,2854478371
12101,3201435311,446352144
12102,1056222252,1021687660
12103,3311291156,3406184296
12104,2342874186,1001388190
12105,3819689180,1396114112
12106,3207794884,3733206423
12107,2018784369,1592379404
12108,630655132,2705914982
12109,1410969886,1715995524
12110,628244579,2704188312
12111,3267153244,3740188662
12112,2559085312,2321017048
12113,3035705716,2664873150
12114,3374381947,1634360286
12115,531758044,1746949142
12116,965155993,3164726655
12117,2560517107,2177297016
12118,3370457571,3450946492
12119,284216815,1561369279
12120,552075369,973933411
12121,1011037051,4148559027
12122,530822093,1386521498
12123,1386136352,472358609
12124,3584708093,709486508
12125,513924375,3241276082
12126,2238111062,329149729
12127,2269803568,427713980
12128,1757839638,1186038772
12129,2758259172,2938645235
12130,423100905,3837126344
12131,966819851,1442157886
12132,496988091,1269266307
12133,4251354735,264233000
12134,2563074042,2229905237
12135,3011346695,2959652308
12136,1760654729,926533278
12137,2387518345,4071238667
12138,499809366,1380574302
12139,441596854,3061871839
12140,4190007716,2354779148
12141,3336021569,898010945
12142,1911322254,1773499318
12143,411364112,1069144759
12144,1375016085,357774540
12145,2677959142,177940489
12146,116561495,2631780164
12147,3543389483,2728394398
12148,2605374944,3785171956
12149,3726708475,4187201957
12150,3944836,961522102
12151,1200792258,1129905866
12152,1788317639,758030910
12153,4136332400,3561672650
12154,4221640626,1003154291
12155,3534831801,2989734913
12156,2925895850,1591904230
12157,1416454098,3453377993
12158,226190137,3414204734
12159,1116865879,726061901
12160,349272510,2318202748
12161,1194470893,2360139453
12162,1400773098,4162180352
12163,2552309931,336297754
12164,464965649,2361698386
12165,4146497963,538079765
12166,3832327906,2756461213
12167,1202327930,2950784722
12168,3039765688,1754474237
12169,1723433188,2245827515
12170,2181062006,3285577006
12171,3161845121,2960281814
12172,964452611,3756423007
12173,517418509,817784057
12174,2580054854,2013685705
12175,3181442390,723299190
12176,3600254733,2949827312
12177,3903894262,656050038
12178,590331297,2306600204
12179,1206192748,1872296769
12180,867687992,3242086121
12181,3328702976,344865176
12182,500905203,2752993414
12183,333988721,2951765925
12184,1800124658,3853473710
12185,2531995096,3825766499
12186,2572868208,915793729
12187,2156123194,3318599071
12188,3130641976,370356238
12189,3901717879,1917569255
12190,3809624583,1639089356
12191,3238789742,340301689
12192,3219799043,3292660068
12193,4113442550,162965811
12194,267337678,1317292059
12195,3938972517,929968344
12196,2176876336,463357254
12197,1256275011,3052107645
12198,3225695255,3147031839
12199,2652379636,557626983
12200,972831623,1383070521
12201,1864113377,202979869
12202,2089361025,1074493872
12203,3027973261,3364924398
12204,2411021048,841112865
12205,3667947693,1229880738
12206,1107485719,1505076543
12207,3464585655,1330922870
12208,195285359,176450250
12209,1078934696,2087734692
12210,1553434597,3445235590
12211,553995216,1543078579
12212,2275340815,349262126
12213,1647895264,3764733140
12214,3003082642,1459877323
12215,2678856212,518693846
12216,2168199171,206161008
12217,1169382077,2889620595
12218,4068037679,3657375466
12219,3345470065,2120891547
12220,2551476293,177768695
12221,3582439979,1800061876
12222,1536866954,1421287274
12223,2511626511,1545247783
12224,545776650,4140404255
12225,1558154025,642498266
12226,451232628,1669993554
12227,3824737297,17358482
12228,4146759084,3074515456
12229,1416993283,4213497728
12230,25475769,2051609258
12231,1286204368,1536404004
12232,1269412889,1131542191
12233,3632265996,3374393309
12234,3302193379,1451546416
12235,3525766532,1077186849
12236,4250608559,3547999142
12237,3170854968,1473950849
12238,1861244996,672665764
12239,3672489400,1805398498
12240,3884191035,2329594580
12241,2722667370,2743353748
12242,2509634808,1567382959
12243,1800918621,232984227
12244,2719739123,1611040108
12245,792298769,2780887577
12246,3975082332,3941821528
12247,1785229310,1753076580
12248,2506365589,4029739648
12249,3504373838,577778608
12250,3721209722,2764183507
12251,1567172235,557358383
12252,1320628407,2432768705
12253,3163625479,4185202253
12254,1839681071,221180275
12255,138375134,3005212307
12256,3134945159,662213908
12257,1364479954,2392584409
12258,3445756709,3767909305
12259,1876451430,2880747848
12260,424058892,2287063762
12261,1706005327,4084379959
12262,1862348076,265580605
12263,506824638,3147926100
12264,1988102975,1607694803
12265,2333985100,768161095
12266,1958632086,1734069783
12267,1114925408,3451718203
12268,609867596,2892148053
12269,3367721620,3234219921
12270,3738756960,246944491
12271,2225359162,2420893625
12272,121210652,3611828306
12273,3432612561,3137550227
12274,1689799344,1674974219
12275,3491886247,2343809184
12276,941169757,2652250177
12277,1774486292,433816718
12278,3446245159,1074033995
12279,1278092737,453194173
12280,2589880522,1169648518
12281,3701753801,2956460869
12282,3757371655,3125778125
12283,2068974669,1515471430
12284,1638765856,3560368590
12285,2989910052,686457961
12286,2573738013,1955894042
12287,806493096,939764801
12288,414901863,684200906
12289,3400708060,2090439890
12290,1986359160,2390591923
12291,2865386781,3593811158
12292,3982041097,1302220651
12293,3797217285,169789202
12294,4141460431,2371953644
12295,3081071103,2323782434
12296,1237979890,3099560602
12297,2032054328,1953571820
12298,1277497652,1369306794
12299,780083349,105963726
12300,2278642115,3956480560
12301,281379287,2587791674
12302,3206087848,1260868598
12303,1845831342,2321655834
12304,2289704289,3102169339
12305,2971486666,754594279
12306,480558808,840594436
12307,3833632647,4022567785
12308,946969439,3532923781
12309,1750443154,2322707991
12310,1144444113,718406030
12311,1262209895,916286239
12312,2024897484,917649765
12313,2933052712,1112184042
12314,2055359859,170675361
12315,1454024773,4106060509
12316,2011380500,4002688011
12317,12048852,163203489
12318,2317985362,1363637542
12319,1653906755,1134473271
12320,1591091996,3356453264
12321,3423086214,2190613198
12322,3553157034,4173135691
12323,3481439540,2380280001
12324,1521223398,1023253261
12325,2489700382,2081678499
12326,3802587789,276240608
12327,3759989558,2651278325
12328,4080647275,2763932260
12329,1378056209,4071389117
12330,2567542433,4146518928
12331,3496053423,2798484218
12332,3350682773,2674637367
12333,2828581479,3985172993
12334,1163179053,3923705541
12335,2852046181,4140760326
12336,97503056,2613093798
12337,1502773634,1643143580
12338,1039822643,3585685725
12339,1939525789,2801717260
12340,413527929,2027029941
12341,202974812,888375655
12342,847574165,4264966792
12343,785797470,360964443
12344,2067892000,611058138
12345,1058143410,783642065
12346,275784401,3807282838
12347,2439712836,1974972040
12348,2669598549,2832676865
12349,4219396175,3039871658
12350,3382013300,31414040
12351,3812635209,2360898118
12352,1105903165,1949936895
12353,3549409355,1970006444
12354,2506003336,60022243
12355,2732176383,2111815540
12356,6630444,3089603347
12357,436151644,603850897
12358,1473226038,3211224327
12359,3461326018,724709476
12360,1613286537,1925825160
12361,1317264117,428089156
12362,2389795707,3623263282
12363,3788774644,2322276170
12364,723458033,2869860451
12365,4123734817,2019182626
12366,3863217206,446431533
12367,3197902263,3448005201
12368,3650894175,3540823061
12369,2286499460,2538325266
12370,2108020936,316124710
12371,288082262,91269199
12372,1747359638,3428704774
12373,3763688828,1941854984
12374,363130913,2738875271
12375,4289866705,2544611488
12376,3821174805,437923225
12377,3419359061,2861394925
12378,1201352231,4192848565
12379,1772371464,3613284266
12380,583822970,3000113926
12381,1332496027,3353794623
12382,811068868,2160590767
12383,1879993683,2574657270
12384,3501333246,1516492644
12385,3999265288,828875587
12386,331463399,1694210372
12387,3073662345,3987818253
12388,2888374955,891545185
12389,1627103157,1947447382
12390,1923870803,1094146586
12391,2559792739,3841829664
12392,3115755212,1468667917
12393,3230474011,2248014664
12394,245865260,1745364546
12395,1166990445,4106900578
12396,1583701740,553991020
12397,1118577200,1266152280
12398,463628773,378114838
12399,2235742186,3112398083
12400,1962820203,1900723774
12401,719125106,4146119288
12402,131004379,43584559
12403,4287271777,1082345857
12404,289036242,1855350886
12405,600276082,3502623947
12406,1164054678,1120900293
12407,3916084974,3132813614
12408,1230114709,434194215
12409,481678181,296897285
12410,2113741097,1116351212
12411,3805664613,4246899175
12412,1465021049,909673935
12413,985038871,4138706799
12414,3157703917,1242206094
12415,516820536,1687358483
12416,1255871575,2432972852
12417,577630111,3595883925
12418,1817594448,3492556582
12419,111084318,3973086594
12420,963296352,510521926
12421,2990008691,2760452308
12422,2888593695,3018779581
12423,1677689624,3182879441
12424,3758460950,1109345409
12425,317217717,4217964806
12426,708843578,2474451042
12427,28237753,3646816410
12428,2439757877,1929088829
12429,3301934307,1620703443
12430,3190564746,2952090962
12431,1634870884,2931681373
12432,3635623820,394657403
12433,1981807885,2702410142
12434,3195872146,4112845006
12435,1541585973,3550525648
12436,2162645735,1147434326
12437,483027066,2467616273
12438,1768231832,856206778
12439,2849551475,4047512133
12440,1434972376,276010423
12441,3624404950,980278901
12442,3332890191,3049581092
12443,2427076600,948941540
12444,1040178706,80376218
12445,25320588,366708774
12446,141347109,4281348969
12447,3091992993,3538982695
12448,2915993777,3327951639
12449,3888795005,2448902408
12450,1657992111,1645795587
12451,2823205500,1579693695
12452,3207111288,2185509019
12453,3348696747,2948340784
12454,802139181,2876985229
12455,2466660360,2480625608
12456,1005247723,1596160226
12457,1854281424,937115485
12458,668229438,1445355493
12459,709553607,646746120
12460,2310337022,2048392044
12461,3874258267,708641777
12462,1101141752,3257908432
12463,1826619270,2197907274
12464,1527725184,686922770
12465,796080943,1963582667
12466,1254693796,2072289379
12467,1577599034,513688391
12468,2548714653,551441326
12469,290060161,3218553243
12470,3632385021,1147848905
12471,3728571202,3004115056
12472,1542815464,3070181086
12473,1898486652,1975394252
12474,715284927,2126469391
12475,3022253141,641764288
12476,4237047969,1725277442
12477,144476365,2630093624
12478,2838095343,2848176329
12479,656255877,92537636
12480,2227841107,1596808790
12481,4190453459,1746624645
12482,2649836124,2238943872
12483,602443809,324979505
12484,209302071,3523483099
12485,2111220264,1196748036
12486,3136041537,2222198718
12487,2821033587,3053085343
12488,613921350,512893680
12489,2302443017,55442774
12490,3646354327,537593733
12491,3819311269,1602975992
12492,400994300,1015698434
12493,2167443696,3075461095
12494,4143314311,2563907454
12495,1088619781,3163287264
12496,2902407671,3609989929
12497,872316663,4234815533
12498,2017262599,2492811226
12499,271684857,2980914253
12500,2004488302,1721320982
12501,2609811573,2234484315
12502,2038596117,3380562313
12503,298248277,696339566
12504,1430906963,1728333694
12505,1614033458,311812587
12506,674373739,2075263327
12507,3956390132,1218866931
12508,1160086771,1299546833
12509,1120426990,1490310278
12510,2130860468,2598062372
12511,2997663342,2349444027
12512,78829161,3688494421
12513,2441409430,1259854444
12514,4046502349,3139062369
12515,656684009,3096738314
12516,2322672613,380168373
12517,1320570883,2088230954
12518,309868888,2385437299
12519,3207941585,511034147
12520,3345200214,1921457662
12521,2362226914,3056220450
12522,1640911946,3503174917
12523,3283057865,3686619250
12524,2868842642,340801717
12525,1430513764,2073342934
12526,564196387,1345233153
12527,3686137233,97952710
12528,3762867131,4030681476
12529,3737465764,1542737123
12530,1853911164,2673934135
12531,1903675227,2421010932
12532,3120599349,405285609
12533,2901066214,3017117235
12534,1847134765,1080952954
12535,2764914147,2906657162
12536,1834669883,1501162139
12537,3221762117,3783108942
12538,102669285,3738972132
12539,2032696276,1060162804
12540,3154829149,2853978456
12541,465606925,1692227619
12542,348558045,888317487
12543,355951603,1725542580
12544,808345100,3811591147
12545,2249972891,2196217837
12546,1284540863,1381690208
12547,3914312428,3924521883
12548,2656483397,2543982940
12549,1654235562,1169657880
12550,2201326972,1093514114
12551,47954833,485264812
12552,3231549925,2983342684
12553,1166227349,77659024
12554,1296122765,1636579673
12555,3274372021,843721546
12556,920632955,580614631
12557,3808911507,4182792628
12558,3988120633,3199381607
12559,2003794080,4286227256
12560,2805201201,3929561489
12561,3668120155,3226151828
12562,2783833039,34002952
12563,169146149,4193330667
12564,183744253,2666601340
12565,4188616075,239498195
12566,1008696039,3350334061
12567,3141376902,1493355346
12568,31894432,2475228378
12569,1187708105,242000051
12570,858381408,3576380494
12571,471785074,3874883327
12572,1036996314,1889514577
12573,1452867280,1152334907
12574,1629066321,3324622927
12575,568340120,3575921471
12576,90658192,1789003151
12577,359755066,1752031302
12578,571480945,1489765620
12579,247157262,3524260733
12580,4222529043,3402295650
12581,3824680325,1799008433
12582,2494375782,2562542279
12583,947787654,223605909
12584,2874929889,3240503991
12585,1978709026,2322192751
12586,233600664,2580043885
12587,3839481831,3396571375
12588,445531733,1955437935
12589,2597675415,589545759
12590,3927230052,989962111
12591,701996552,354490888
12592,2645542643,2397944663
12593,3410173227,158315796
12594,3022193240,107222194
12595,1499817452,447795115
12596,1321959168,3843937406
12597,71736629,2916437335
12598,736792165,2341093992
12599,1055161782,3139654379
12600,2601404159,464045226
12601,702574071,1686971316
12602,2945279192,3749952233
12603,1641729843,3003588166
12604,1068160653,1385821867
12605,3390292528,3856183597
12606,4175886426,2354082483
12607,3663257132,3268158896
12608,1872045137,3684901254
12609,2834520606,1306818479
12610,3048178438,2704224967
12611,4230176193,2844385020
12612,1694365580,53988529
12613,2609859530,2928913857
12614,741368977,3193432788
12615,887672000,581181714
12616,2204865912,1970779328
12617,3378077402,4262548439
12618,2999950587,1494279586
12619,1800099379,4046743920
12620,808183893,2317814813
12621,3909924453,523739183
12622,2277841189,2373223286
12623,3100951029,3193172635
12624,1378969041,1245294054
12625,2950965268,2402227876
12626,1982927239,3532630905
12627,3560614759,3690170793
12628,2878829132,3089156204
12629,4261725379,2223900602
12630,3037619757,3411400006
12631,1085580232,1314429624
12632,1299512430,1155136435
12633,2379478866,240872164
12634,2483033870,66893703
12635,1255281598,881835297
12636,471804524,3800928647
12637,3540520549,1192649465
12638,2321295335,3798592765
12639,3669546583,556942278
12640,2617900671,2727463556
12641,3675241500,3823234020
12642,3171508506,222138858
12643,3026671727,1594966826
12644,2990042266,996335636
12645,1254431407,2338989860
12646,3682681479,1045879939
12647,2313860751,1562313312
12648,945560402,744105469
12649,3723943913,1951629423
12650,3346293100,2408720960
12651,543251648,2442373773
12652,1959952060,1356284049
12653,1538884862,2690818707
12654,266886349,1915202027
12655,2320375893,1682687654
12656,450476008,3752416600
12657,2830147258,1430770937
12658,3617055273,1422705077
12659,1367879616,1404763848
12660,3664820984,1605743233
12661,1758744975,3579389971
12662,3193823069,4215093246
12663,3011104070,3852073727
12664,3505933806,3720165021
12665,4059678924,381406826
12666,3571825468,2174845937
12667,331568477,2317392094
12668,1416754377,1675930302
12669,938792477,550579463
12670,198389830,2873636959
12671,3601011659,607273406
12672,893823630,2404903554
12673,3807660581,854975393
12674,497754205,1588664513
12675,1303850285,3364471989
12676,2856975780,2091606392
12677,710663194,609914
12678,1791896118,285559225
12679,1587479474,3195306400
12680,1674216454,2600019960
12681,1510074819,2127128475
12682,2148463039,360709702
12683,2568940227,3160287421
12684,3432232160,3397783745
12685,4226995463,458794318
12686,2334052462,4057805942
12687,1936991239,3173524543
12688,1009117907,1188730153
12689,2928052204,2609405398
12690,2971411185,2523425839
12691,2634093136,3864394489
12692,1445131093,1049537749
12693,21150033,2308657855
12694,2608791237,2589239417
12695,3496603222,3827987796
12696,1506297959,3290041921
12697,1213497509,1067448744
12698,3494501413,3589908061
12699,2456564131,3346837060
12700,2673027695,3224300191
12701,3116915552,3000860673
12702,3861136498,1500089487
12703,3152828359,2012432019
12704,799321150,992666620
12705,4265940175,2382322326
12706,3343355521,3004731840
12707,3831565450,2235099984
12708,2079711282,2838277029
12709,965458603,3076170921
12710,2499888452,2586926222
12711,144370064,2243448734
12712,3769674692,2887669118
12713,1287812384,2961531622
12714,1319695987,2280406474
12715,1555134016,184205792
12716,1028694268,2785389981
12717,11124539,1702268038
12718,3734394652,673499221
12719,2597222886,2498242690
12720,3288620225,150569507
12721,3155639023,788672989
12722,840179210,1309478241
12723,2339756768,462032017
12724,890346612,300003358
12725,3581737051,3685621263
12726,75501920,361870648
12727,3543028982,1172451523
12728,799251950,1834075872
12729,3754954689,3828377830
12730,455105141,3434566256
12731,498121218,4191248524
12732,1424953402,8388876
12733,1810457230,345090780
12734,2963843858,411925785
12735,480085783,1391384398
12736,3885844713,2288860129
12737,2659826313,3442508105
12738,2462122693,2116040549
12739,3785788073,1633274723
12740,780527824,3605550008
12741,3765142271,1333297943
12742,2528212549,3159613402
12743,3074999641,850886094
12744,1402333096,2856118737
12745,57840408,3621558290
12746,1931921808,3741431261
12747,3901165530,3740680448
12748,653600740,1713630938
12749,3275045600,1693239270
12750,3913814612,2115978286
12751,2338200949,1170416387
12752,2977886276,1944766280
12753,2176759839,1266256873
12754,2165513057,982928267
12755,2912289182,2400001400
12756,3642433228,3406408001
12757,3801789965,975125617
12758,1060292640,1874797977
12759,2699664475,3934536703
12760,4281600170,4135611267
12761,3121578234,2248063259
12762,135027634,157548245
12763,3962641391,2710951081
12764,652154217,2376054666
12765,1245232464,381128093
12766,4022395065,126852607
12767,2300613394,1915812615
12768,1114618007,1254764485
12769,450709257,3915613148
12770,4122737911,3121718608
12771,3465438533,1506255789
12772,1191071382,1362285617
12773,1790306560,2099956875
12774,623238026,3016516630
12775,1422803104,3600403857
12776,127653741,1533677237
12777,3552539414,1294524043
12778,2254967544,2311793431
12779,48057475,2040403235
12780,3269614981,2266313163
12781,2735053996,77884157
12782,43157604,3062517248
12783,542774475,369886469
12784,2026129533,3290699256
12785,3367601048,2516443157
12786,3784638557,370526634
12787,1917752018,1262164346
12788,2726615512,4005164680
12789,239560167,3715844412
12790,3179636698,1070526802
12791,1052492741,3715954080
12792,2662028324,3563825740
12793,1910138963,2238521725
12794,2798834011,152087132
12795,1673538503,2537531985
12796,2980572155,4171856967
12797,3620544375,857673015
12798,4032522662,2240350475
12799,814941489,833573055
12800,777052214,1409944900
12801,2022775485,2717021493
12802,588545182,96530815
12803,1014673789,1712098696
12804,552709815,1409888722
12805,2983182500,878334379
12806,1924656489,3012484380
12807,1816909412,1837123658
12808,3329030599,2712095260
12809,1943181517,1417225134
12810,967720360,1905766056
12811,1030952453,203390377
12812,2847973980,927525344
12813,216330169,1693149082
12814,3009634608,186405206
12815,937745618,2817321069
12816,234321787,1367547741
12817,2148841495,2138860361
12818,4124844060,2964552227
12819,1244432019,555339480
12820,2234513004,1360628420
12821,128661565,1751541348
12822,1966712075,838611473
12823,1921277223,1081569294
12824,3711498071,833850193
12825,3114049918,1541991581
12826,2614985543,2299960224
12827,1562092861,372532401
12828,507391363,4283481777
12829,2856986820,4166759602
12830,84488909,1467730260
12831,1228992453,3833238012
12832,3460538818,2176626607
12833,4111213343,2640442603
12834,1552977576,3697567669
12835,3857754442,1120866428
12836,3958093286,962882611
12837,934302445,682139138
12838,2152755067,1450227062
12839,978746660,1528100409
12840,1268939901,1187070691
12841,2174096139,3175063565
12842,1025314032,1861924562
12843,216732817,1010676354
12844,2706994701,2165965783
12845,2089462241,3983601543
12846,526727802,3767439143
12847,3178163087,472155602
12848,2914773570,2656367594
12849,3465250139,85969982
12850,2050487083,1872116786
12851,235467074,2853515130
12852,339186450,1860406157
12853,752985912,3990269124
12854,416533595,831007875
12855,1246429719,3071444847
12856,1798772083,1996360989
12857,3133081183,1558388947
12858,351119301,668125519
12859,2730470959,2711212146
12860,3090601938,2677172100
12861,995651636,3207809173
12862,2659432955,303166245
12863,3727231365,2732451583
12864,2979593579,1104236986
12865,1754039377,388148585
12866,4175286802,326773230
12867,292149501,2663357293
12868,1690031366,2520968382
12869,3715652459,2977719252
12870,348085313,2648266679
12871,433551514,1389520928
12872,776748280,1935176213
12873,2478729777,3729227672
12874,2180304109,121147138
12875,356875257,3451931054
12876,4252686948,688972609
12877,1626810015,2590238301
12878,11801901,867079209
12879,3224334469,3293795132
12880,1482672561,1102373799
12881,2355009957,1707984295
12882,2989020176,1917855867
12883,3187312869,2628847956
12884,1882033238,1331021598
12885,4114791461,24765541
12886,4195345798,2203978111
12887,3512466937,206094503
12888,1920326635,3498884279
12889,3893572239,2757073018
12890,1175461998,4227901751
12891,27651424,3454109988
12892,1027596260,3035046705
12893,514108453,1084507473
12894,4012474133,3385731990
12895,3652997488,2602652872
12896,2038605352,845065637
12897,2243011051,447067216
12898,2149563533,701737639
12899,2253049354,3429628004
12900,787994671,3990730386
12901,1807222806,989116853
12902,1038439467,361473492
12903,2070908155,1192475852
12904,3571816931,3423798075
12905,2631961583,586323233
12906,1043892481,2055679050
12907,3423563565,2127190637
12908,481371352,1231615573
12909,1030562157,2750270724
12910,2975429741,1407534178
12911,1699212135,2521187094
12912,3837857562,3554269905
12913,1634180331,4176632976
12914,3450603350,3747651872
12915,3852132181,2749125826
12916,1886662093,3525170865
12917,1282609739,1907595348
12918,3916877718,1436170248
12919,537324884,1107106277
12920,1210999746,1759841940
12921,244997321,4023036911
12922,3848836936,3965042740
12923,129793416,3728615869
12924,2309621838,316411277
12925,3705024511,4275135323
12926,1007791627,2247568070
12927,868849283,1968474289
12928,3336976629,2126873885
12929,1055627561,44959726
12930,4095567374,2284289575
12931,1129170528,2610304790
12932,2344013728,154012465
12933,438187681,3242306997
12934,1166368836,1780059662
12935,3628008642,550772642
12936,743197361,3457139523
12937,106774460,4203787888
12938,2499215945,1736887231
12939,3816626902,1625287719
12940,1155048037,4164735113
12941,1108438991,664138367
12942,2466234203,2727447762
12943,3347666929,4068159415
12944,2238779647,2650921688
12945,1253755464,235636437
12946,1837872529,2767334941
12947,2081069485,3339595301
12948,3369789554,3315252632
12949,793293208,3608634636
12950,370018693,1298784823
12951,820412762,1422421664
12952,4185626300,3205413494
12953,4263919146,1615430806
12954,93272507,1270281115
12955,3049075719,763295321
12956,1954967225,974054805
12957,2473807921,825946027
12958,3621035499,4114120780
12959,3377603647,1126115412
12960,2987706506,1587836171
12961,1270234120,3500858409
12962,181942387,4007169662
12963,3072167320,502337365
12964,3548337967,3788107603
12965,181393314,1482672386
12966,4148566111,2391076381
12967,3186732377,2075111550
12968,2198071284,3631156285
12969,6166858,83798505
12970,2911905489,3921657864
12971,2147491060,644338231
12972,4031085147,2154157306
12973,3200814684,1705752935
12974,1332241021,1114461348
12975,668704302,4157455320
12976,1707358347,3590340377
12977,3094353345,3985476328
12978,3821370373,3334747264
12979,3304767175,1255571946
12980,4150328726,295313510
12981,4070274591,3880754957
12982,390323795,2171117082
12983,4256729847,3352919727
12984,1881508868,4161511407
12985,4111005206,4113660052
12986,2458008979,2656118053
12987,1932973675,3830371263
12988,2525474902,18294572
12989,1898267152,1537765237
12990,4119001795,2660920982
12991,4051909230,3125813618
12992,719104162,1890504897
12993,1188978566,4234286810
12994,687209265,1771583814
12995,1709281272,3098086878
12996,3620346647,3421272950
12997,29268259,3570515927
12998,2177408430,2253317634
12999,3722413712,190833637
13000,2361365206,3634908546
13001,2722683172,4061447374
13002,2498541522,992673928
13003,1086860793,1014992821
13004,3952264962,2751998675
13005,3710454235,2333168954
13006,2119232914,2541681089
13007,531697667,1083785634
13008,2705333529,3640893863
13009,4270776680,198570172
13010,1994258201,226976253
13011,3488142278,3601765633
13012,1738496206,1557919329
13013,475860781,1626286634
13014,178704337,820983583
13015,3100395935,396050233
13016,235511136,589508998
13017,2299917810,3882463983
13018,3269356231,4155733205
13019,4283903364,3155857505
13020,1175698967,267197356
13021,200907039,1065447904
13022,597084978,638738174
13023,2767077130,3564677912
13024,2745598516,3985613465
13025,266814276,575488151
13026,377069795,3248706232
13027,1860168689,3581210370
13028,3885090305,3079291089
13029,895532169,227802169
13030,2092970961,814236499
13031,771751692,614849378
13032,2447169123,3514369175
13033,1762053771,3432517666
13034,2854824672,488299244
13035,1641596442,2393391151
13036,1517086839,2187888846
13037,724505350,4249956278
13038,3770237825,3428319045
13039,3521772357,1146590682
13040,2634165905,3910521826
13041,3269213657,1046409366
13042,3917533738,3921958576
13043,2339934920,22970393
13044,3172603224,334564789
13045,161233536,2058430038
13046,1464058150,2432885771
13047,3280323637,2113911690
13048,459829044,3366480600
13049,3344067091,2073168897
13050,3357125755,2018775048
13051,1329652912,2969094498
13052,688875067,1541867088
13053,2093285183,3733332742
13054,2270083950,1178280149
13055,1414085791,1712564581
13056,2508481955,792205802
13057,1060187739,2896999144
13058,1169303526,1690590608
13059,680660833,28536651
13060,1186816030,3357871180
13061,3177479521,1547414490
13062,1807795365,23007290
13063,434109679,2287735638
13064,772773390,2227770273
13065,1158231369,1896972063
13066,396670905,2158279846
13067,2871604496,4047409406
13068,1021643125,3284172559
13069,615978384,1209981695
13070,111912146,4218362047
13071,873096330,392586467
13072,4269565316,1735865809
13073,727138466,3093820375
13074,2872000867,2243636217
13075,593697954,4165667067
13076,1578690553,3567754144
13077,505100234,3718414697
13078,1688943835,1014174318
13079,1698428195,2581680977
13080,1751942508,373941172
13081,3773716620,1842455499
13082,1409704723,1823804671
13083,2498603777,1752942378
13084,272556839,352747633
13085,1192674378,1678810197
13086,1818671909,2228941976
13087,3679097380,2474290748
13088,1454958407,68313427
13089,5533583,1329368239
13090,958194429,193559707
13091,220273628,2807815254
13092,3842708177,1122849965
13093,1837063769,3882390193
13094,1345559907,1390923246
13095,1348630828,3222360099
13096,4156106607,3931157668
13097,3116463717,1682772486
13098,1992171907,129732864
13099,3813474372,3337540205
13100,737254694,1654411032
13101,318730380,2224582215
13102,1631539611,2739509007
13103,3934451645,2762982587
13104,1819040288,3115684191
13105,36511540,2018567824
13106,2561816049,4107816689
13107,528688151,1573133874
13108,457100151,2817623564
13109,2287534527,1899626260
13110,2780300424,2511361881
13111,234908,1950099060
13112,615887940,1230543265
13113,3583170074,402523767
13114,1701570546,824258575
13115,723569720,4080773247
13116,1717401611,166592100
13117,3805538309,1912966132
13118,1706293868,2887132009
13119,1160811891,1730010580
13120,3358151452,1101839619
13121,2870928665,395998885
13122,2147624487,1888598594
13123,1544694980,3168988270
13124,685678625,2368240378
13125,1736783820,3432514529
13126,4008065330,1349318643
13127,298702738,483190778
13128,3435627437,191324537
13129,2868216692,240019837
13130,1241172249,2941563245
13131,199610325,374913009
13132,4059688346,521339547
13133,1158921311,2538338907
13134,1636886387,3894224187
13135,3534323788,3690336166
13136,2122776960,1162450140
13137,1214158267,2375534997
13138,3353256239,3759090471
13139,1821528722,2819816402
13140,4274012082,1597593722
13141,3757467145,4075974209
13142,1977531858,1484270172
13143,4008784096,4215479397
13144,3578250838,3725109304
13145,2620326544,2868279903
13146,4091193710,3523786913
13147,2014345397,1719910351
13148,2547680758,3761770762
13149,736161476,2705137862
13150,4046900952,2711202004
13151,894865262,82784309
13152,224107219,1609422955
13153,3191439283,2029619579
13154,2821045716,1930395536
13155,3967381883,56298542
13156,2291694160,1726778634
13157,2106920601,519791404
13158,1418614778,558208515
13159,1348092034,3811723233
13160,285972551,3034906572
13161,577397126,1219502594
13162,2768782283,3539520314
13163,56613651,3093442645
13164,4286916269,2274491533
13165,826657701,3087012141
13166,2383730717,4271401951
13167,3086557270,2409478126
13168,3772581532,2466053139
13169,1104836091,2729299756
13170,3821493097,1916801928
13171,501586108,1981045136
13172,1891350373,3407756144
13173,3434454414,2188874824
13174,2676499340,1865099991
13175,3838058608,1145582095
13176,2038960821,3358173467
13177,1008666,1549550686
13178,2097551836,1311385749
13179,2038767234,1814637609
13180,2431862440,3019939332
13181,4242632155,1607070052
13182,4195797942,1565356886
13183,1331911366,2547946085
13184,1134007591,1137744680
13185,2539035262,1174658354
13186,3342235186,2299920352
13187,938896266,3956635156
13188,2859306985,2755517527
13189,1770317313,3914416652
13190,1574119619,3808752132
13191,564248678,3587037286
13192,739023536,316216209
13193,1409443517,634278724
13194,40669239,460469879
13195,2636986434,3928223113
13196,2122960720,1998282193
13197,2870898881,2291073953
13198,3318360578,2006576220
13199,2446287527,140207093
13200,2373690381,2541785302
13201,3333777136,920146299
13202,654388069,2719141632
13203,1339867187,2242178521
13204,746827806,2355588032
13205,176944798,1123300015
13206,4284062450,1352118047
13207,1290805969,200780037
13208,1575941636,2824786030
13209,3874014707,943063463
13210,881689048,4166068582
13211,309244899,1926069464
13212,1178897578,3754593405
13213,770002690,1189609663
13214,78441728,2567420864
13215,3097006406,2710442783
13216,1909138387,3248427956
13217,2744674411,1591331392
13218,2084485889,2511259784
13219,3230079854,3678549047
13220,1588828667,3838366657
13221,2618362013,681648057
13222,492582300,1636923474
13223,3859870987,2650340607
13224,4002202419,709113741
13225,2881065094,973994807
13226,2894763538,671115714
13227,928878582,2185187486
13228,1388484679,1207697925
13229,948268258,807729851
13230,909487022,1091202370
13231,3947195342,2565294451
13232,4033261827,253174130
13233,4003366432,2350614830
13234,4111055021,1526251921
13235,2173914563,462610036
13236,3980419862,1153733736
13237,3313017703,527832780
13238,4086388301,1750137723
13239,4065052353,2429271140
13240,3639071368,1265247055
13241,1953413555,4017839374
13242,3360263167,528560899
13243,3757374436,97038739
13244,1367551904,667678433
13245,3130099451,2078848810
13246,3281705052,3434476588
13247,2327025300,876211124
13248,69898023,124353426
13249,3959881152,729734271
13250,1147299839,4007249127
13251,455996817,518829925
13252,376401054,2405647447
13253,2221342048,450044867
13254,579911717,2881810006
13255,1746653327,4157120369
13256,1397557450,4019987829
13257,3100773856,224701804
13258,3567279031,2179285000
13259,621567964,359582650
13260,1879481415,2696445443
13261,3528170880,1081179743
13262,2659345117,2565839298
13263,2314001809,287992073
13264,1571482713,2111830159
13265,68699497,3674563816
13266,2585331027,2224274340
13267,3973331274,2400127159
13268,341105204,3506294868
13269,1834068509,874234063
13270,1515644052,3426934542
13271,1581308214,1674170175
13272,3919661861,3474167676
13273,3631539111,41253314
13274,3288601927,81822692
13275,2469794865,2266840298
13276,1739817417,4288573078
13277,3873434508,2077901232
13278,1851960635,1315393670
13279,1132448761,714052893
13280,2814150016,574166781
13281,3600768710,472934222
13282,2511834309,200035170
13283,3788293266,3532197474
13284,1384759197,3118127421
13285,3393161504,3176923171
13286,1483276557,2522328943
13287,1901803529,351643890
13288,3709368228,625369562
13289,2927580178,3336042980
13290,3680238572,76007217
13291,551753247,1884469537
13292,104478447,3974215680
13293,1545151772,2816175088
13294,1877586273,2651118306
13295,1634864611,2924188046
13296,2663204996,3218895315
13297,3256334610,220671264
13298,2475266696,4175983937
13299,2596310756,1044767297
13300,3902088746,2086771316
13301,3327672386,2865267075
13302,73173546,3857654559
13303,908694630,806664441
13304,2416939188,974339720
13305,557651640,3850378569
13306,4271947501,587236861
13307,3335528499,1146665058
13308,2551319128,64869952
13309,4067801204,2611270538
13310,3927458793,996671328
13311,2932296123,1442331013
13312,659294887,134445697
13313,1695517899,2369670184
13314,105019008,3554058453
13315,1524108265,4266419539
13316,788906331,639812257
13317,1928573772,2964156122
13318,2547781921,3014798401
13319,2868854909,829725916
13320,485024165,3643030122
13321,458520747,2470706846
13322,476775403,2123977238
13323,4275954144,3484202779
13324,517591696,2845095510
13325,3052657269,3566425817
13326,421443659,2001540701
13327,216028992,1700613982
13328,3763263075,4093607923
13329,1792528226,2619551635
13330,4098038047,3287768091
13331,2071390031,653339649
13332,1417004160,2662319466
13333,1884548274,2790554379
13334,3044073552,261422513
13335,2251041101,2490376608
13336,1672778031,107388072
13337,3283105031,1804418161
13338,1728464495,1282159728
13339,1454751946,2527621409
13340,993133596,2406034735
13341,226918724,4083126633
13342,1751358963,790924240
13343,1617163197,1971604255
13344,1020337204,4017378755
13345,4121288831,3696026501
13346,2096017898,1202721019
13347,4037489891,4031059884
13348,3511722046,3956487607
13349,1874284597,567800741
13350,864546637,734311156
13351,61548346,249031449
13352,2395391772,1861345044
13353,2458447310,4152215101
13354,1763451030,3102899680
13355,1289507889,512675495
13356,219739292,1122120542
13357,1659164281,2511852122
13358,4250585068,2422739236
13359,289780447,3688355906
13360,2014263140,2043461331
13361,1117584053,751014616
13362,1686945360,2374962964
13363,2610837907,3789200738
13364,3374485349,2238362026
13365,2164392770,3098319013
13366,3962461463,1555923545
13367,3591992561,1915506786
13368,3898752754,2034717592
13369,1480133804,4122434114
13370,1278918458,3239948957
13371,1617143892,2659913338
13372,3092086496,1854232896
13373,3854553128,1879722326
13374,3907068245,489827590
13375,1438056752,1254811823
13376,2142573468,2193240576
13377,1696158367,1538285533
13378,2786603642,1496393976
13379,2863884401,4193045263
13380,806903375,4086579305
13381,1105581895,145942789
13382,2594444001,3890092620
13383,134212925,3060173031
13384,2975740465,2074439795
13385,2484936221,1623469670
13386,3423214514,1142620322
13387,1627364748,2783249925
13388,4203008331,3660858884
13389,1964876477,208208062
13390,3892715800,2745435809
13391,2827212362,1299633209
13392,3835691283,3018981861
13393,1958770962,2316687426
13394,128096387,313366860
13395,3270019482,2433579086
13396,2830085783,1298288425
13397,4073809161,2490023978
13398,276130833,1100162493
13399,51728298,2176217807
13400,4142596506,4286274833
13401,1306088502,268425437
13402,2360038585,1751406415
13403,566031175,3006596905
13404,1163778317,2528029680
13405,838647891,969001240
13406,2536006056,482075721
13407,4172851430,1718386256
13408,3179796903,1271525651
13409,2429568318,3365852966
13410,2525948325,1564073339
13411,1022878584,3024570416
13412,3548964276,3198436739
13413,687753035,4103335849
13414,3808280384,2780293210
13415,4154928266,1328284804
13416,1425725361,2256850329
13417,3482510935,4190872130
13418,4166103195,1039611107
13419,101990650,3054244758
13420,1331935263,1025716496
13421,879280591,992120464
13422,2792868615,887604968
13423,3187119372,1265548885
13424,404209632,890069495
13425,311610037,3209322670
13426,860726711,2560948513
13427,2023477002,4154164929
13428,774601047,1513236631
13429,1630962487,4214761447
13430,2606188671,122927269
13431,961198899,2023960646
13432,2880530565,2447783396
13433,1385230709,3154728809
13434,3681587818,1248051067
13435,4002113652,2350183965
13436,4080050038,3654976594
13437,4212902969,2738921402
13438,3507028887,2789702593
13439,3725131370,1859163294
13440,3781800040,771012877
13441,1006608538,3766339719
13442,847014636,1959625233
13443,1528240892,1433914006
13444,2974817752,91911433
13445,4018393357,817196132
13446,568672348,973995512
13447,3023966667,870669057
13448,3069055944,2371463722
13449,3866237411,3146412708
13450,210453444,1309638955
13451,4203595293,2071820798
13452,193372282,3510698517
13453,783841406,3514337300
13454,390249477,3476516105
13455,1485156580,1885197314
13456,3705144000,1076027129
13457,1284373632,1682150375
13458,2427266254,3520096248
13459,2997560404,2026775695
13460,303572932,2005799001
13461,3405068852,86522363
13462,3686928717,1090275056
13463,2761181880,3429269185
13464,2510870393,66825351
13465,1739697050,3137700338
13466,177905051,1816349071
13467,2081681647,2871512566
13468,1137454312,38150013
13469,209237952,4103219849
13470,1251469952,2309562216
13471,1328651523,3805086474
13472,846309611,359020193
13473,3941966077,2784858232
13474,2209341064,3919702945
13475,2007151703,1315018923
13476,69262499,3330945680
13477,3911375961,2614504828
13478,3885827245,2437532224
13479,2786615817,2821871168
13480,3782996869,2067067405
13481,2120784896,1272002135
13482,3506304116,3462921114
13483,2686135021,327205136
13484,1838932366,80654060
13485,619643451,4084959941
13486,1369968015,3327005012
13487,1394701795,2297888678
13488,4232701542,3012443691
13489,3492643492,4247250382
13490,1868521880,844793121
13491,4008191470,1026301854
13492,2699528260,3600916730
13493,1812674259,3043796229
13494,1358636251,407808387
13495,3094053771,1655392444
13496,3410655046,2860827096
13497,838616951,1699006567
13498,2605548606,1967300131
13499,1384147643,4133175648
13500,2771619664,4195484899
13501,1340424892,3947433252
13502,300195269,2538660370
13503,3386106251,3914208507
13504,4126167644,2884585360
13505,147725729,548513246
13506,2754698140,2504496315
13507,1729174429,2647141683
13508,3358698540,1044473364
13509,1262357558,1123943925
13510,3718882346,3395059317
13511,3435038524,4157434684
13512,2541234960,833842525
13513,3512082877,3741616497
13514,3109087917,2340111076
13515,614862159,2278677911
13516,1157392072,29129275
13517,3431291290,1368454534
13518,2440258145,2871152854
13519,1524147006,3324307722
13520,1822923293,973696947
13521,1667942415,3894382028
13522,1997378170,761668351
13523,1830071227,3457120771
13524,4095035082,849818007
13525,3309911340,1176682621
13526,3212134170,3682632203
13527,3847722737,3018947211
13528,3871218581,973995564
13529,2623112979,1020241352
13530,1003329678,3333357459
13531,2472509664,852423837
13532,188062049,1576307455
13533,3139782861,1506449898
13534,1436605363,1410092721
13535,2483357656,1721371612
13536,3348771674,2250643283
13537,3218556898,3712414613
13538,2991497879,1706955759
13539,2777825977,1605870030
13540,1432854331,1550754426
13541,1989485339,2350213930
13542,2352178784,259475922
13543,4280145407,803349620
13544,4058051310,1519389688
13545,404087600,638314479
13546,705007657,70481940
13547,2552199433,218659852
13548,2431791190,153509808
13549,166461034,2564285912
13550,3002477145,3925223982
13551,2149253479,3133960855
13552,559910310,2926169192
13553,3448741811,1802794202
13554,4047892847,1476887437
13555,2725178811,2797109622
13556,2230319287,3392967157
13557,81628203,1480696692
13558,508454503,3922573571
13559,2195655654,2203269333
13560,400342231,2806523172
13561,2290451060,3732041362
13562,564714545,3886845698
13563,2146616806,3218239652
13564,3465338465,1851762051
13565,4250553569,3340670580
13566,738256578,2949877532
13567,735013742,406610052
13568,866402937,2145803601
13569,3331116556,1036568983
13570,3068220650,3149743786
13571,334954580,2120871134
13572,2353188074,1112929430
13573,1847797413,1680741461
13574,1409808414,1916274663
13575,3414810140,710872613
13576,4178501913,4206314110
13577,2157421167,1307175746
13578,4019550274,1622405954
13579,1396578700,3316398543
13580,2448810219,3936201307
13581,2432325119,2768917424
13582,2466169725,16295374
13583,414810261,2624361006
13584,241823417,564025377
13585,1147419558,3118178540
13586,2701385710,1963886575
13587,2234523825,462788566
13588,2783855714,2769368928
13589,3240388787,4233340254
13590,3396860906,2549876066
13591,2489224335,4250507146
13592,4230382440,2679082238
13593,2771991789,2822702886
13594,3594480223,1403488811
13595,1441164101,4273328154
13596,2304665410,1305441951
13597,4084643513,3229885745
13598,2442201417,3227960096
13599,2813744053,408627969
13600,3685843276,2542989443
13601,2560025728,4191976450
13602,3302889187,3185369772
13603,3326921122,279396200
13604,2959893982,2307927534
13605,2787167509,161010936
13606,1338271828,1945924123
13607,2602544979,1246950468
13608,2957704457,101029607
13609,312407420,805092843
13610,1242791908,2960242859
13611,2551336819,1811413049
13612,4000626221,216484998
13613,1855218901,1267218845
13614,2748845970,3687598016
13615,3882471015,901358874
13616,3518818009,782310385
13617,3785092394,3057163998
13618,467830165,427985359
13619,558892957,1607663570
13620,366304972,731798775
13621,2140977290,3759755799
13622,4181464396,2166435962
13623,153139270,1122655821
13624,3676740882,113442219
13625,404747088,2004980496
13626,684035370,4187327937
13627,3044061914,1302115127
13628,3328166575,2726238753
13629,3729559658,1717062972
13630,3296673546,2415960739
13631,1347663461,247763369
13632,616777395,2695962576
13633,3467974553,3928002773
13634,3834001146,4285781448
13635,1769315606,1016623757
13636,2150711261,3410077977
13637,1586711352,842806056
13638,3380496514,1064585604
13639,229580309,2128004710
13640,601156931,2920370450
13641,1910939101,39400043
13642,3924882067,2795260993
13643,67092738,3449488043
13644,2149605709,3122261214
13645,221867625,2010090751
13646,1048550515,1280693559
13647,1942146027,681215886
13648,1502293639,3474841605
13649,3072443882,280119531
13650,2080671396,1817150396
13651,1994287436,456260000
13652,3305185879,1806008295
13653,3359501490,1332102315
13654,3235469959,2040499474
13655,2595235619,2408360076
13656,1423247657,580706917
13657,1274685937,1691597997
13658,3594902771,2072294606
13659,3601517022,1321028160
13660,2109246678,1003416735
13661,3899466279,770869649
13662,3373621843,3838994897
13663,3468242812,2498476421
13664,3624316592,2742585847
13665,3083182936,4202703444
13666,1987769199,110125969
13667,720890852,1454021344
13668,652936193,408752780
13669,2332811700,4220862154
13670,278814570,3586542956
13671,3038587059,2433984633
13672,291722870,2145297947
13673,236511136,3366969653
13674,2826338198,2778871121
13675,2534737620,2181365365
13676,3460053843,3680429195
13677,1671004408,4265569004
13678,592678491,2134804733
13679,25175543,1779335757
13680,2061534424,704017957
13681,621645125,23466556
13682,624119,2803861036
13683,643352620,2896139745
13684,3573000130,3014046421
13685,569446245,3665306955
13686,61358603,83127875
13687,1993201695,2931102077
13688,1946518008,745202661
13689,1130798917,1926825518
13690,2168493890,293669664
13691,3871034454,742881554
13692,1762177550,2208608069
13693,2522937578,3754723331
13694,2797762260,2538939333
13695,3943225816,1453248563
13696,2359762233,2619512538
13697,2399231385,298812774
13698,855103424,3439693623
13699,3388590887,3767105926
13700,3812048457,2761982912
13701,2604505846,801369132
13702,604673575,445572335
13703,2936530240,75471654
13704,643194487,2967451147
13705,1585569755,2243974532
13706,3391824294,1633867196
13707,1844011913,1098662550
13708,1922304997,1546489898
13709,2398261297,725369086
13710,1114576683,3344563343
13711,2983119534,3787750795
13712,4150001594,4244499643
13713,2637399660,1816079822
13714,1378902771,3109259437
13715,2477495620,3230653774
13716,3245333861,2736519110
13717,1655660676,1636335575
13718,1498111163,2686956846
13719,1767415669,2261357455
13720,745949166,2158421109
13721,1979007179,3643090497
13722,1617267101,3226086999
13723,4221462518,898702967
13724,3682022534,1560787501
13725,2166006997,3792416396
13726,1703783605,1821821249
13727,3547853752,40419422
13728,2051521922,184883874
13729,855692377,2725306314
13730,418902812,2293342926
13731,873728662,569355258
13732,496277141,1300606288
13733,1736988662,4258658727
13734,3282209005,516301367
13735,3310573554,2325037463
13736,1510294692,1003750676
13737,2695233644,3584937295
13738,1977464601,3968299757
13739,2766153286,1501602688
13740,2772335634,3358863212
13741,1027416268,4142446976
13742,3183044510,3670140140
13743,3088517211,769585026
13744,13853687,1035995737
13745,4179296641,2918037404
13746,3158757268,2027518067
13747,3543913614,2905686168
13748,2632076091,480397680
13749,1697480409,3825210742
13750,2486259682,863658497
13751,73888132,2557857308
13752,2695303503,199216983
13753,324325640,3030360045
13754,2814845938,2871105500
13755,881919982,2727427345
13756,2583000792,679961055
13757,3538142383,1394643873
13758,3837281044,1808200299
13759,2005670489,83025262
13760,1828463757,2621311806
13761,3855869915,4133836754
13762,3157369519,3480750653
13763,2229589309,163998050
13764,3593222556,3315409609
13765,1928180595,1497528139
13766,1425381234,3804794718
13767,628042655,2537942831
13768,3280591281,3141433174
13769,4014946350,3477420604
13770,18185579,1750288797
13771,2041646295,763219085
13772,1565776002,2992017101
13773,3996319683,309132874
13774,2291278822,958065560
13775,1363031985,3914525740
13776,37745272,2624024682
13777,1918960704,1059791551
13778,265063348,887164705
13779,1240652233,3047264707
13780,1270211884,3905454981
13781,353618468,4021527801
13782,3870883311,4273333391
13783,3651751117,111187517
13784,4129427061,1883782731
13785,1249002979,2276316395
13786,1527428100,2602951699
13787,3167513313,3545591744
13788,60430089,3679419421
13789,1847189812,2907965723
13790,366366027,2727910176
13791,1402416628,2388965406
13792,1898502296,4005993744
13793,759586085,2448750562
13794,984827092,3994991782
13795,387208640,147221507
13796,674200022,2202871728
13797,632197596,3504191949
13798,87566550,2606853599
13799,75493415,1837105394
13800,3038170714,1562220077
13801,4150967988,349207009
13802,3073487786,1718015735
13803,2849165832,733314507
13804,2179388385,1486499904
13805,683744172,3436568105
13806,2099728566,2500358529
13807,1896529646,4231765949
13808,2366768573,785990523
13809,2031988367,3497141280
13810,1430861257,171681083
13811,234203665,2902701269
13812,2924289802,2255427906
13813,3089588828,3450476481
13814,3656762666,1696365928
13815,1262880194,3163557424
13816,4097705885,2448644793
13817,2910454427,2921659019
13818,1208718831,533054481
13819,1820032564,1337016818
13820,1946288810,127544876
13821,3200010401,162426723
13822,3265666517,1276101890
13823,579540539,559166965
13824,3302264832,1562912812
13825,2353255978,1570571130
13826,643514441,1135971811
13827,2216340320,3006990343
13828,4289640635,3361966710
13829,1065373703,2626669280
13830,2241196583,3752655145
13831,1106310703,1370936525
13832,3113357077,648712300
13833,4134188685,3762449887
13834,3084098768,314752835
13835,1299587188,3765782294
13836,2791603656,2093570193
13837,309349862,2897296636
13838,1650229248,4008825867
13839,3116621038,1516968019
13840,1296389601,1770299410
13841,416925117,1297433841
13842,765510858,1554633876
13843,2450150550,2706871977
13844,3414680474,1247138426
13845,3378754656,4081558679
13846,1108515191,4252870877
13847,917654729,1151578414
13848,2587965660,673101751
13849,369502289,602747043
13850,2994756407,987453887
13851,2235178820,1820244073
13852,479033741,4246063207
13853,3291253299,3342354187
13854,4164079686,888232967
13855,3849480763,4048012383
13856,3822833632,3445489662
13857,3738688659,652399439
13858,2381342737,3991579722
13859,2662532456,3021324059
13860,1037121159,2960194846
13861,2067446759,1438528535
13862,2760897860,4105120937
13863,516706999,913998516
13864,130410426,333117692
13865,3714956867,3564014942
13866,1041795377,3178018876
13867,3370740590,1729006633
13868,1428155436,1949295120
13869,3151836225,2245616358
13870,3086370699,2570793636
13871,2682525960,311848819
13872,1740387786,1146854207
13873,3248860232,3501225089
13874,4055784862,438782385
13875,2076021656,2436044569
13876,4027586719,3447852014
13877,2473829086,319700913
13878,36321290,1274465389
13879,3762293119,3709833040
13880,3432816840,2143598468
13881,1211375050,3485212894
13882,3123329420,1063216301
13883,1583556385,2862548040
13884,1784960546,1997979303
13885,4104955954,3095647750
13886,1425130503,2318242759
13887,3797112287,855151181
13888,4064997633,1099161106
13889,557474228,1920066930
13890,3432395122,2502934973
13891,1572270574,3457331473
13892,4075124043,3752370747
13893,3586873037,3055246924
13894,1564967364,1736745989
13895,43366427,2475412839
13896,122083536,1902441679
13897,1472883006,273745169
13898,1197026632,781488232
13899,1022597680,799017636
13900,3103916202,2164511441
13901,3689986049,2422759645
13902,1391407449,302142052
13903,743255131,1368471075
13904,1129180857,486215288
13905,768380788,3685887138
13906,946372037,1524782481
13907,3452437389,442485401
13908,2055303025,2657416839
13909,3129211910,372690301
13910,1701351015,1018715281
13911,3761164949,3529934724
13912,1978768075,3459393960
13913,2478041727,3958040907
13914,829676833,1857656682
13915,271372554,3603681600
13916,3417789836,4271982777
13917,31352047,561409826
13918,1698671502,2128180235
13919,2575980169,1532999879
13920,4218754333,3657931485
13921,1661314870,47833107
13922,729977895,3853021374
13923,1506761764,2621925697
13924,4214957345,2256983531
13925,1819678510,3678987574
13926,2095287431,975609569
13927,2736664062,3601041820
13928,2996439918,3541943615
13929,2365710389,486018210
13930,2447642230,2967732372
13931,359795203,774210831
13932,3531227994,2635900626
13933,3627582482,823829521
13934,3756960175,3599658365
13935,1370674306,2132401485
13936,2483398254,1336351591
13937,969324362,901647682
13938,182426493,1993399913
13939,3484988165,3466908679
13940,3805774537,2667628498
13941,1130093134,2023899599
13942,978505383,602704322
13943,323351524,3896935848
13944,169708152,3112199203
13945,3506974193,361728641
13946,1115329258,2133116206
13947,349996505,397388590
13948,144382634,34158344
13949,302221037,3119287036
13950,958195650,1053870597
13951,427447088,3583983725
13952,2761329424,2378439980
13953,3412233386,3260209564
13954,3288841201,3041112236
13955,1548340205,2845602279
13956,3284105111,1584716283
13957,2231215889,1815130270
13958,871136478,1045101679
13959,848019013,1495448844
13960,3978600548,2156964374
13961,1546355440,798375711
13962,2730954122,3871395717
13963,767289873,422712253
13964,1338355661,3009869801
13965,3182569651,3739731364
13966,3961694401,3963193133
13967,2657116124,1196777763
13968,2189409313,909709330
13969,3398401372,2471500783
13970,2176390670,2510015705
13971,3429396978,1813234169
13972,2291944441,2810742301
13973,1032718856,1579469496
13974,1696725391,688294177
13975,404137063,4235752240
13976,1608410986,374852546
13977,4116623507,181434101
13978,1255466901,2245282482
13979,316914758,2630062739
13980,3355611283,720827769
13981,3624341243,2137802229
13982,47591671,226581916
13983,1574887667,3765116453
13984,1000832594,3701929163
13985,1506269412,1171074900
13986,4189730985,3839637415
13987,1799862334,657731795
13988,340194782,1481178127
13989,2505524384,3203318411
13990,3316396641,2974657364
13991,1072054705,2160198055
13992,231952761,2255373907
13993,2557743719,2586059041
13994,1562841115,3724659201
13995,1537334953,259173761
13996,1861033203,2230909619
13997,1662014218,4000594916
13998,1196806642,1209623392
13999,1343621031,3940514330
14000,3071290180,853792999
14001,4251368824,1981587224
14002,1945938844,1510101255
14003,929317819,343251926
14004,1568471666,1947064982
14005,2221520395,615569945
14006,3887686847,3247397344
14007,2935145512,2094717849
14008,947936627,2795060091
14009,1458223204,3207949184
14010,1025583735,1525233378
14011,362221120,4204550136
14012,2142370191,3667373458
14013,1351024687,3415915008
14014,2698360238,126122445
14015,3664751966,2668507123
14016,1616578168,3731594873
14017,303349874,423230923
14018,3376573087,4136722411
14019,103340663,1894152957
14020,2980097092,2531442552
14021,556250192,3770032190
14022,571879238,2995764902
14023,405605273,3996179819
14024,2458948086,3502738557
14025,2506892673,139438073
14026,710779023,1789906305
14027,1473116809,4041942478
14028,4211701287,3468746618
14029,1819436257,1892763725
14030,1025820246,1656770689
14031,405061761,1926814153
14032,3875255683,2602087779
14033,2570594662,992404633
14034,511724268,285433635
14035,3966099778,638011472
14036,1509729764,3048235125
14037,1699228612,2389510634
14038,1713627228,3311113730
14039,1596310600,1156199471
14040,305808478,4196734573
14041,210012614,1174133049
14042,708633624,3846188215
14043,1632130983,4194379612
14044,472698201,4187413348
14045,896687322,2108885305
14046,2748143214,2383464723
14047,689098542,1903080394
14048,2297063542,3161813765
14049,2038274564,1353620463
14050,2375195738,4189354694
14051,489675158,2877077424
14052,632306072,816510160
14053,1927689209,2821241544
14054,665878293,1364020080
14055,571190460,4232436545
14056,2753358130,2453419751
14057,510394447,2298170999
14058,1389379805,3347972941
14059,62028472,4212373374
14060,3494823306,2688956263
14061,386907989,3019268722
14062,4232612807,2293999726
14063,1261680319,1265942549
14064,159852955,502336265
14065,2050213857,2929106273
14066,1530082886,3664444540
14067,2189885403,960687950
14068,4073430469,3963204978
14069,2937901820,2288295705
14070,2636792829,1802627482
14071,2145690551,2652034523
14072,2580871614,3182072605
14073,3666109231,383900633
14074,2329191359,2663862164
14075,3402289454,2441835982
14076,2365878905,2764116906
14077,1780557916,1345720048
14078,2860218089,2900395652
14079,1348510714,976964380
14080,3462452942,2626004762
14081,1133965010,616076809
14082,1473306484,4182510485
14083,3421590539,2146199242
14084,3480802003,152769098
14085,1903808514,18783107
14086,609157758,2679948340
14087,1142206398,3765613193
14088,3984846511,2067917010
14089,2594084356,2368402463
14090,1134065483,2793850027
14091,3814133651,3160469474
14092,1443411681,3913478782
14093,1514301419,1453348600
14094,3244202548,3549454375
14095,1360688184,755569229
14096,575853560,236255795
14097,2106593838,3137896922
14098,2238207300,3443596323
14099,2010301988,912548705
14100,3453772879,4112460022
14101,1809922117,272498230
14102,3521017873,1352028331
14103,3310794911,3404513450
14104,1525638685,4174625760
14105,1941912683,2052094679
14106,309385266,3562973714
14107,665128361,578926876
14108,1142798977,1496838541
14109,2599520199,1204175822
14110,3945753251,2017936945
14111,3373939294,2158288977
14112,1714733134,3493920587
14113,965907792,982969215
14114,204257612,416704739
14115,4222348558,1820730054
14116,1195880299,1665703106
14117,3891810814,1791783402
14118,1429931197,2061054418
14119,2151379723,3230182339
14120,622256358,145496729
14121,3628191747,4094727078
14122,2860115267,719335956
14123,1290275659,3103141093
14124,4255710443,3633373897
14125,2760397777,1576908045
14126,1891021224,2161145027
14127,1996472265,1195519751
14128,3353998916,2389435999
14129,3707785300,2796527343
14130,912114161,4214808214
14131,1108836032,4255625859
14132,338308295,4217822759
14133,1743677406,887611574
14134,3383474388,3604602126
14135,1755158028,1114971634
14136,2446532450,600330704
14137,3051088349,398123017
14138,3571816461,1019699028
14139,2607117343,849030274
14140,2302104428,2511074871
14141,134658785,2260800417
14142,872701132,840523419
14143,1278075714,546078142
14144,1058488612,3723319412
14145,826735901,2862580645
14146,843081615,126538960
14147,3900867127,4279218520
14148,2688808181,4032779518
14149,91900155,1121167966
14150,3234125801,3298182098
14151,486704213,2439819556
14152,4236791985,504444542
14153,627012670,587442225
14154,2965564306,2528232787
14155,1537963018,1835383198
14156,2423258495,2391127147
14157,2546301311,957465999
14158,632955978,899976895
14159,1197067955,705997894
14160,2422926928,3265263331
14161,2041682048,3023212674
14162,513148880,578212339
14163,333542438,4048647991
14164,2446391316,3956741007
14165,1419104477,1031281884
14166,1062139098,3801347597
14167,3681370672,370220196
14168,373559045,1860327721
14169,1664646711,2636780170
14170,4079722824,807181271
14171,1734261737,3483592420
14172,3025911032,2724922642
14173,3143597658,2616044214
14174,3323368976,4191469707
14175,2387022650,1501011273
14176,2017865274,1399384564
14177,229060538,2225050943
14178,3797117394,2972813891
14179,1648665254,2404181407
14180,873671790,1064724884
14181,1648775297,3134621302
14182,2727522794,689314874
14183,1633614877,3098806066
14184,1702718739,225399279
14185,3543287548,218794630
14186,3864848970,3608605131
14187,430403520,752697052
14188,2143135759,3870736720
14189,2637793137,3976666590
14190,388612826,3643247232
14191,3240114435,646203867
14192,2118210649,3202777044
14193,3447822780,1384393754
14194,679131655,937948345
14195,2557925082,3882266657
14196,387663372,2748704068
14197,2223359425,4040177082
14198,3145891903,981917609
14199,2603067997,3473042704
14200,2750124043,1970290948
14201,3971581758,3612281388
14202,1469778737,4149785609
14203,3915069871,3672471621
14204,1136479640,3173119447
14205,2882087807,4042381146
14206,1517750700,2302982327
14207,3541587373,3558384734
14208,2455757378,1876063008
14209,2900704361,393878683
14210,1718297213,3385035535
14211,1186262671,2900679838
14212,3083404445,3058012325
14213,2080835888,2390188845
14214,956937120,541898404
14215,3771414494,1704317160
14216,1076243462,2564475401
14217,829650037,4075475524
14218,2688715499,3168978101
14219,3538804452,1794557807
14220,1327244796,1773041707
14221,3218851213,1942103230
14222,707445048,3723107732
14223,867368958,1430422968
14224,2008273050,3538622249
14225,3115474698,2982382318
14226,3091178051,3545988737
14227,3263916920,770381892
14228,1399041482,1082085052
14229,4253362759,2629556072
14230,1097933313,746728483
14231,3273073593,1237937312
14232,3412201769,2945040882
14233,2712257738,1632538377
14234,3207184914,2773556382
14235,1779692871,1586585631
14236,2212035674,2404143716
14237,372096019,2769996900
14238,2489193540,1850767311
14239,2348899023,1973245179
14240,1005983129,2953143902
14241,3521932891,2233184025
14242,3636668744,4024835013
14243,10780701,3209370826
14244,2219467150,4136698013
14245,3338892243,115060828
14246,2253499023,1792085684
14247,3540153071,737332695
14248,916739136,3453717006
14249,967655574,802724899
14250,2789654889,3082855341
14251,3004175836,3575585943
14252,2228382761,720017407
14253,3820107970,2059154773
14254,837777527,2127265950
14255,48175079,3587226034
14256,3752160431,3034519326
14257,874906455,2443410432
14258,2111813457,977494321
14259,3985607595,2596809315
14260,2208718614,3688605343
14261,1087626676,1309291131
14262,1473069254,15703417
14263,90839724,2606260217
14264,2177404883,1603953781
14265,2523291274,1905095199
14266,3947969137,638665464
14267,1341191102,3347512895
14268,1633973469,1341732234
14269,269207394,1077961966
14270,1947324721,3614298752
14271,2295141226,3397478366
14272,2702044629,1725529353
14273,2321494606,1719095061
14274,4006497509,2099295039
14275,3440187084,61584668
14276,2504033766,3000009105
14277,981263384,4273794272
14278,2030656391,121336688
14279,491505115,1140702362
14280,3689050947,3413037724
14281,616655174,915806786
14282,886840306,1310340365
14283,1138885699,533314384
14284,1848040246,4156071357
14285,491287382,1709619450
14286,2004214311,3989672262
14287,2904395871,2739578932
14288,1557424257,3363745007
14289,3913296899,2710241758
14290,1959228931,4154753478
14291,3672914688,2484220680
14292,3960384774,1416016126
14293,207637489,3445557634
14294,2798864062,2709825813
14295,244897340,2690939782
14296,2679430771,2582093170
14297,2334995854,594862742
14298,2650835776,1542053285
14299,1651593844,1811217643
14300,1338063627,3769802829
14301,2091746363,600840208
14302,1232783342,982714201
14303,560392845,360269509
14304,637914839,1764514552
14305,1681081912,2887144417
14306,2457618434,2871155284
14307,1962717756,3984451168
14308,3050516289,245646144
14309,3612839132,1598817510
14310,4283427066,633719502
14311,1212519314,253023360
14312,3166863273,733156674
14313,2513690738,1786071087
14314,3529983772,2909404023
14315,1780453790,3538754804
14316,2645535880,1957968047
14317,1877838455,2274725535
14318,180593126,4270375484
14319,2702478777,1059658299
14320,47236671,3843345699
14321,1492274612,3936549915
14322,970745814,286857195
14323,301553125,1332325689
14324,1408819367,3322705597
14325,2993212785,1403365584
14326,3541150418,826583663
14327,792241943,623514891
14328,1083246010,1357900211
14329,1692975241,383923391
14330,3821142101,1590324261
14331,3671508881,2056680898
14332,1186477795,1628208326
14333,1290448113,1007532556
14334,937724203,3804465898
14335,2130113323,3763267461
14336,2956683549,3396935260
14337,2114737585,3757029925
14338,1677455980,1036697712
14339,2876893783,3713704146
14340,1348167822,1798124654
14341,2484892491,2041759102
14342,1423364177,46115824
14343,1430933727,268161552
14344,4117123479,2846475554
14345,3586222493,2964617508
14346,3869509988,3448519532
14347,2527063712,382885276
14348,36748197,1492538254
14349,3183882727,3262940013
14350,78081882,271599301
14351,3234276476,99990673
14352,493163589,2791907948
14353,1112579539,3333983422
14354,1823502822,852214281
14355,857511072,466759372
14356,2425374948,957520517
14357,2820407394,570686244
14358,706402602,4052608887
14359,1456183061,3775338758
14360,2702017825,2144223280
14361,614208341,1321951572
14362,2016077294,2128606372
14363,3060908805,2301469857
14364,1278584237,4114912749
14365,3901703245,2564408369
14366,14314894,2879993822
14367,3759860827,654614423
14368,315528374,3749055873
14369,3411978202,3322052258
14370,3944278280,3004773225
14371,822857876,1006592947
14372,674747928,4191316758
14373,2355319586,581884046
14374,652960769,3461607025
14375,117917620,3224330335
14376,298301900,1365521659
14377,959913171,681369542
14378,2400133413,3756820724
14379,240984752,2427969069
14380,3949297941,1415515631
14381,866556534,162813150
14382,4260194882,3872750697
14383,1141194768,1649893477
14384,2117034181,292840359
14385,3569791518,1025075655
14386,1378556124,336706359
14387,388008132,1302207244
14388,3241767128,1081094580
14389,191032937,2392113271
14390,2203271934,3319745658
14391,2324830328,2790477842
14392,4197640822,101679310
14393,1223901384,886129509
14394,1033914141,2332052059
14395,2637974076,3408266430
14396,2600714273,2072407400
14397,2213914082,1934490077
14398,3732289158,1118946086
14399,209297525,544405452
14400,1220277579,3563336897
14401,4098049538,226200159
14402,216678435,4198161575
14403,3643689172,2489574000
14404,380426510,972779111
14405,1009166024,3536006140
14406,4144333911,1076032610
14407,3060250000,3413761429
14408,1516710586,3494958487
14409,1496748386,2527611942
14410,3897035023,2058663344
14411,3294243547,1817884049
14412,2703245627,3081322962
14413,2313798328,1845136763
14414,2255345287,3068893553
14415,2870490105,2105453043
14416,1228151105,402286177
14417,2308429231,1039865018
14418,392399870,3001227916
14419,2777900784,3891050741
14420,3773646998,2035046253
14421,1980375369,2274384157
14422,1983910744,449075140
14423,4048421101,2544854170
14424,455389380,1710452457
14425,716356890,233248062
14426,3744051666,123007326
14427,3412274747,3062940097
14428,2049389641,508365532
14429,157620702,1573683127
14430,3784250065,2506367978
14431,2037601371,842270630
14432,634097670,4104015066
14433,2929985411,2644990296
14434,3839518089,2801803742
14435,2768840252,3293427747
14436,3088203195,4008418749
14437,184643401,919736691
14438,4226014109,3950324397
14439,2459386229,2318735901
14440,763517193,3913869275
14441,2999583064,1137466690
14442,2932768040,3303757680
14443,1275264573,1856310834
14444,1802480703,3394174520
14445,1139305003,2763484028
14446,2601026269,1925266832
14447,3779037684,4212257289
14448,904572786,2768788153
14449,1621045616,1706729302
14450,1352611624,4233677758
14451,2033708725,1086348297
14452,415274085,2254583344
14453,1137318179,3559823906
14454,488723412,3929140087
14455,3693266777,1018395608
14456,503120541,2896176012
14457,141653258,3002010468
14458,4241812002,603452933
14459,1401145258,2077240158
14460,1168429105,90273775
14461,737240032,1477232129
14462,4129383654,3646704263
14463,2365914808,1369232033
14464,2101846659,3082487818
14465,2884060936,33442231
14466,600487915,3520165811
14467,3553248112,466250784
14468,4012235490,675131373
14469,3679431454,633888941
14470,3953392904,308763683
14471,341071401,3314244242
14472,1287001409,1573739987
14473,1305492366,949984232
14474,513410334,3082632505
14475,2567219778,324580276
14476,2245091556,4247079056
14477,2423993410,3537581035
14478,680716379,543637176
14479,3333415031,834400608
14480,331684676,1078479707
14481,2769658194,1833105034
14482,918737005,1105610531
14483,4113008458,2840467426
14484,3155587085,1572236800
14485,820693446,2662523227
14486,1402312911,2443567863
14487,4044167593,2459538762
14488,356124181,4220928274
14489,3941142985,1161232840
14490,3537559937,79968943
14491,1404721268,4053989255
14492,237916654,3196847356
14493,1181585159,4234208597
14494,103779553,4186739504
14495,29962296,381582949
14496,3452912507,1235807648
14497,2443576523,3615765102
14498,1993787092,1760725962
14499,1871588242,150025967
14500,4118537068,2719748985
14501,2882722567,773278528
14502,3875154078,681195295
14503,3739128874,2705712195
14504,2267124455,107007356
14505,450372473,3861320187
14506,3361114210,2266369303
14507,839015727,2418870253
14508,1297596028,749175385
14509,3918791984,1098205647
14510,1333003401,3788988617
14511,860695579,3020325870
14512,2193730439,3350383082
14513,1100159935,1333203725
14514,2121905005,264918342
14515,1251138439,3912517911
14516,765746614,2776068982
14517,1682643295,673925562
14518,3951011599,1654198196
14519,3965145280,781872739
14520,3483709191,2900800958
14521,586858117,813193814
14522,3496912400,1566735919
14523,2436377734,1180006652
14524,29129874,1828565703
14525,1273039653,2382548277
14526,976638599,589617671
14527,4240415796,3035144341
14528,1792787759,3545104175
14529,1572580880,4188866075
14530,659488684,1957109548
14531,4024139217,2132297005
14532,2353177025,1397489596
14533,3609678460,3140572578
14534,2423346632,2704208224
14535,3821608236,2673545921
14536,3455278682,237059068
14537,1630659974,42681651
14538,3986711430,797906053
14539,3687497390,1860539210
14540,267922561,1127884656
14541,1198079765,4249925594
14542,1912489296,2665202671
14543,2480350906,845956924
14544,4258283349,2831348265
14545,3177622344,645039146
14546,1778153135,2819102065
14547,34947675,4268385378
14548,3784350196,1189817624
14549,2808247491,1246735164
14550,3602278398,1512497576
14551,1400697242,1147664001
14552,1689596061,2863521154
14553,2524497934,850343052
14554,1615903218,1407519987
14555,2595654373,3172576270
14556,917237008,825294208
14557,707844628,4271747776
14558,523900685,1349993186
14559,3869812192,3175120919
14560,1298104063,875830774
14561,4070127711,1188708435
14562,1740955734,3570712667
14563,2181426065,3610198196
14564,3515699562,3962972126
14565,262519802,829654200
14566,2744014199,2104503562
14567,1295039751,1660648738
14568,144603567,1250848243
14569,852800826,1631159051
14570,705120099,2051129159
14571,2676196566,4169550835
14572,205477914,1148206876
14573,11606788,836781173
14574,1507907436,347201666
14575,581151658,1016540818
14576,3763451550,3046472492
14577,113354303,1156463828
14578,1926084796,3991621806
14579,2123436145,2015672689
14580,3481065982,3150072664
14581,3693430847,2811196300
14582,3513829230,1982085395
14583,4197521312,3519157136
14584,3228173186,1585010704
14585,2203742831,3658954509
14586,1877567588,2720507830
14587,509406166,2365118238
14588,3890946789,185173603
14589,4115637502,1132104609
14590,1004332758,1406858854
14591,1204346869,2949655885
14592,984472240,3997913138
14593,3196638189,233246868
14594,978391927,289999534
14595,532681320,864454304
14596,2888730990,1732724251
14597,3714943503,2131254009
14598,3920092985,4273953426
14599,1516123449,2823757028
14600,64107493,1457774262
14601,4034434930,2341735852
14602,2957140249,1309712188
14603,1883691529,3809544487
14604,3421658826,3529986347
14605,2235598143,805801034
14606,688051788,4032511277
14607,178690697,1747192978
14608,3718300290,219570242
14609,2079125306,3805698413
14610,661674975,377905040
14611,2910721690,1945244778
14612,2583775436,327202359
14613,3490363712,2911684116
14614,1669177585,2626013907
14615,991855424,2653470652
14616,2242390427,2712708868
14617,2482647830,526370860
14618,1720427162,756898593
14619,1237685558,1230912445
14620,2533767271,3936546445
14621,1364524066,1494332340
14622,348893706,2206696679
14623,869444271,275836970
14624,1808303854,711048093
14625,431626212,3209738132
14626,865202855,2649623525
14627,3043466469,3468832812
14628,2576936088,3126380082
14629,92175677,4047780061
14630,2448339569,3182157234
14631,3015083393,94513468
14632,64230466,3932971148
14633,2866710892,2848433650
14634,93693493,4064322190
14635,2604174620,607330630
14636,3656532593,2836367527
14637,2788785999,1534317034
14638,3016470343,144615661
14639,38184598,1844421548
14640,1876766898,64490470
14641,4037648055,1446878260
14642,2895969800,1389802441
14643,1491145574,290841182
14644,724576800,218686743
14645,3774062170,619427202
14646,4096421638,421546319
14647,2157219715,289245227
14648,1039663377,2854706112
14649,2258485372,1789925007
14650,3973691797,1683592543
14651,2793797728,2293865190
14652,683106340,1835187796
14653,1388563933,1873560320
14654,1148679233,508177446
14655,4112459518,571931105
14656,1174412652,891090848
14657,4028254458,3606898900
14658,2578439032,925886919
14659,987605272,2298148172
14660,1881354759,690759013
14661,3659071478,496674565
14662,2033057189,1715360952
14663,364831689,965304172
14664,4046668394,2010265851
14665,3065484405,694506301
14666,3273382729,3813991740
14667,3055962480,2174222949
14668,2651236468,3432680340
14669,705278960,551610720
14670,2457863339,2219968326
14671,3501234561,1408108155
14672,4120628493,1000233247
14673,192891152,3875924321
14674,2851749886,521497301
14675,783587196,4223528370
14676,926049137,3169059144
14677,282305855,2775513838
14678,3942291365,1012136215
14679,3116572642,760622415
14680,2648272221,1273798264
14681,3189783012,3697131337
14682,2592098346,488765683
14683,3811409128,1708045420
14684,3669691568,2428652053
14685,3733419494,3918552181
14686,927863451,2714706490
14687,1455164085,4102053694
14688,3744015437,2203695928
14689,2411711037,870499783
14690,2851240289,1580330
14691,1025207246,1947648628
14692,1546845215,2751669344
14693,1972544807,3513237703
14694,134013500,110738296
14695,3974026177,253940707
14696,3799775954,1519293612
14697,958364674,2339456129
14698,91602669,3754400593
14699,3886067865,3105361383
14700,3352223808,4139520953
14701,1662736835,3987354204
14702,205817746,3621589548
14703,174567657,3331175648
14704,2886602777,2224816721
14705,2947409151,2651989882
14706,1970512294,2237418116
14707,699089317,2375376066
14708,1919413290,1664152853
14709,1941934267,3487502428
14710,3032399247,2537836662
14711,48426248,3021554867
14712,3074135945,1850917217
14713,2089842924,4188123550
14714,37086314,1037098167
14715,1772592630,4001619220
14716,3644526522,1599153765
14717,2706270300,137023179
14718,3841855934,1870872690
14719,4294023578,4130174260
14720,4170928258,379703604
14721,3286262055,3161434519
14722,928530021,1659947545
14723,570704847,231288768
14724,3854772433,951554540
14725,2616221469,2613371273
14726,2456114580,4182608915
14727,573503007,1362544372
14728,1631610185,2355090412
14729,3502703645,2993649501
14730,953367519,3424377599
14731,2864084331,1606961917
14732,3883912102,137372826
14733,3748368579,2563718059
14734,50817338,2297883318
14735,707500906,3785362598
14736,2298699371,4002615206
14737,3137842828,1670810293
14738,2484548871,3939371381
14739,608856028,1475816485
14740,2123080452,312113466
14741,1469048913,3927960420
14742,4197859187,4179590013
14743,2261807743,3630880997
14744,2607091760,4281035684
14745,352492705,3651924971
14746,2487575210,1561247744
14747,974645986,618582631
14748,775086503,3555754826
14749,851520548,2964189766
14750,4294006598,3527644084
14751,1982219402,2795320942
14752,3781132186,3653156300
14753,3677036876,3470811951
14754,1599940461,2453254093
14755,2377100309,1607195021
14756,2106273891,1644800060
14757,1802299808,3066983643
14758,1028309772,1928345297
14759,3225764537,4050629700
14760,1784185008,2567465323
14761,865668983,277687385
14762,1552625612,365727130
14763,388292053,193886981
14764,525945050,3224501849
14765,4261440667,11441444
14766,2180898578,2470836225
14767,2045755837,2767981123
14768,1535341803,1393202656
14769,2531246820,929313371
14770,3203252485,2496549708
14771,3747687939,2321055743
14772,2928105779,1649864012
14773,4051855235,1075406035
14774,322535034,4242890962
14775,2721194017,1327373581
14776,553129082,2031516766
14777,1822420321,1696662800
14778,3074636536,4125613553
14779,3549826102,3311837565
14780,1342726910,1098796711
14781,3601208949,2650256562
14782,2575250529,123330882
14783,2174113944,1430660026
14784,1101640305,4134142405
14785,2333252034,2081269612
14786,3715895095,3571982492
14787,3485658682,3481457857
14788,3535339576,3223811593
14789,2775668103,4063129146
14790,2013249159,3268347918
14791,2244791440,1511384265
14792,2542179679,4147982438
14793,3766988521,1997195070
14794,3188329668,3528395208
14795,231510701,1572085267
14796,1823920449,3884516430
14797,1699474382,655646222
14798,511106359,913097956
14799,2145100863,1894932508
14800,561889728,1162294954
14801,2985566498,3520514819
14802,2413757066,509822040
14803,2655050989,2884082348
14804,1048247907,196337407
14805,1466137016,2112675817
14806,853071826,606081217
14807,745733027,3778828413
14808,332588576,670678811
14809,2916021451,322975190
14810,430047584,2862946891
14811,1749784903,878946589
14812,1997400630,1320984838
14813,2200087923,2300413256
14814,119038101,254258130
14815,1783785232,2985249148
14816,3519233160,241231770
14817,2082378625,1088844979
14818,1672639094,1081746155
14819,2456302984,2161074168
14820,267813732,56476154
14821,752351625,3610858795
14822,2939207482,1310013253
14823,2720254321,4148266075
14824,3132955159,1036497284
14825,637610984,3038632863
14826,1828282518,3282676136
14827,1570479235,621186598
14828,4017527622,1363348771
14829,3218533481,738844496
14830,690247108,3952689281
14831,3490448714,2997430757
14832,2513171088,879659756
14833,2561240284,1130133205
14834,325353189,2102440662
14835,195725209,172141875
14836,812174485,2534813709
14837,380990824,1944102982
14838,3139241444,3152231794
14839,1871744692,1441757652
14840,3061842807,2004288371
14841,1798944768,1950103327
14842,3674953116,2838126704
14843,2259232064,1101418146
14844,3794795584,4048296584
14845,2841223411,834229062
14846,901137488,1642220398
14847,1522230030,964459017
14848,2017871507,2161195391
14849,2719720953,1479531136
14850,37305291,3431918815
14851,2370397195,867536629
14852,2562902287,1339535039
14853,4253709886,4194460767
14854,3673169048,1739734139
14855,4111299849,664060101
14856,774071103,31224284
14857,181461437,1930523599
14858,3389920014,4034859547
14859,93663257,1437801381
14860,3512630162,4025469402
14861,3685393412,3427062960
14862,1785074097,2358052089
14863,2723993273,2924768496
14864,1370551279,3043628655
14865,3060512041,55982652
14866,3641728142,1177214644
14867,2193574926,2725665034
14868,216632241,4141387758
14869,2389252798,58897404
14870,183437313,3932043586
14871,2516902710,2210107609
14872,1176954599,862013127
14873,3316857050,1821165691
14874,4155316302,1173980666
14875,3225072028,3717796985
14876,1462118808,784233333
14877,3501814482,4207198397
14878,579533251,951675732
14879,3420865626,2947536413
14880,1065175939,3596204734
14881,1470197797,3234811161
14882,1293447703,82005071
14883,671925498,3225011642
14884,2733132499,1057520867
14885,3724385866,571773321
14886,2829697872,3029916411
14887,2293427473,1463438872
14888,1996772537,4275638535
14889,1341277296,1137340443
14890,3908353550,3035351327
14891,2577232660,1958850715
14892,3355637131,3864387253
14893,1086850194,3991494388
14894,1259795295,12582927
14895,987129281,419294607
14896,81046453,3935462588
14897,2783588324,1723023486
14898,3805094415,3643564832
14899,2534459497,4232149252
14900,1302872967,1438769800
14901,4274564107,1535778368
14902,2189331535,268459585
14903,757068596,1657145093
14904,3160034184,3006912094
14905,1347228349,3082290759
14906,2974006704,1499922975
14907,407766922,2645782317
14908,3478802805,1236894104
14909,736283183,1222448893
14910,642088188,2858073212
14911,2995632689,1199378518
14912,3094096353,37387989
14913,2538798697,4060085381
14914,3681091302,3280219634
14915,1379912508,2171835151
14916,3227241616,2473141395
14917,2163973876,1217983150
14918,2542373798,2406359240
14919,2036204504,630696723
14920,2643375626,1562962650
14921,582329869,1308808835
14922,1493035991,2391089578
14923,1432902548,2092886706
14924,2638505913,3252639836
14925,668640096,1884122102
14926,90557915,2068539535
14927,654345524,3708483554
14928,2064247782,1022848357
14929,2295599964,4197391560
14930,1565349475,796136051
14931,128514499,176077102
14932,176301291,1255049862
14933,2381520740,3898535529
14934,769844491,2280210592
14935,1496582378,1348467870
14936,3708664638,479170302
14937,656641899,1196896918
14938,2400601484,2175918228
14939,3009097151,163903205
14940,192446441,1754545847
14941,2486102219,118983638
14942,1874994768,1003171040
14943,1242450260,2495052459
14944,2629598176,1865609901
14945,1808675328,495847902
14946,474151975,1241601796
14947,989955396,2094860788
14948,2122912400,246281480
14949,3351028573,2979597518
14950,691174518,2416975118
14951,2972543528,3850571286
14952,2439309212,48103422
14953,3212528567,426658959
14954,397792913,3473365744
14955,26453090,2943374172
14956,3605267277,79053839
14957,2268891499,1255112852
14958,3559763459,3782664890
14959,1548886101,2568370538
14960,2415229113,2649218200
14961,1017860552,2833849314
14962,2229086881,4181121832
14963,279598789,1747618337
14964,338273404,2304751822
14965,878752207,3062807117
14966,1769036931,1495433070
14967,516072339,3476632873
14968,481050539,1397745097
14969,4034613991,1361368178
14970,3738698100,3203712327
14971,2830319,3990551369
14972,3741932932,3079415257
14973,1670208728,1439994882
14974,3402703539,767705768
14975,1046580208,3615063043
14976,1662745382,1348028998
14977,2206735929,1529310990
14978,2309012958,1847097805
14979,1568499891,1159512829
14980,4244987974,628870554
14981,1891406016,3319585854
14982,3057177554,2503823731
14983,605715347,3715559866
14984,107866823,1309441728
14985,3718233341,4216839018
14986,1778464349,124384663
14987,3583817528,45753914
14988,738805285,3352927044
14989,2641456163,1654473372
14990,2925518713,2467977371
14991,3819594113,3643000703
14992,1069786346,1604001789
14993,545712613,2968557615
14994,1258082360,3713012597
14995,3482104037,954548650
14996,1805105549,3577900671
14997,141339678,2301986073
14998,537624521,188842898
14999,2981985840,1565007723
15000,3507835053,1598896486
15001,454649997,4098961302
15002,4145193641,3855839143
15003,3418206794,2363407668
15004,3278723760,1798781166
15005,1867954957,159211931
15006,3202328022,209990844
15007,114121828,3362637589
15008,984839854,173247996
15009,3635744573,107622730
15010,1392566548,1210678283
15011,2875889189,2460865599
15012,3429307570,658352278
15013,4040768138,3620409761
15014,646592654,168951966
15015,1390592035,171791966
15016,1446121296,2568202771
15017,3973616444,1717975899
15018,693297155,2158784637
15019,3741708266,3671667372
15020,1038830678,4094098361
15021,3629476518,1162350113
15022,3576927462,3574431879
15023,1380966673,3333886761
15024,1500259433,1251013369
15025,1640774073,3442535262
15026,966144580,3677564179
15027,67598539,1823693115
15028,2295580100,3213071912
15029,4245455825,1704518123
15030,3282319402,1293031961
15031,3498710330,3296107281
15032,3616446892,1241593299
15033,2480432593,4225176142
15034,1931691616,709168801
15035,1711683959,4189849161
15036,2218374531,500658496
15037,3820491815,2350784351
15038,3333165977,2974731269
15039,3745328950,1896174626
15040,2026749266,3061396706
15041,596952769,2353180304
15042,3537622919,3951593816
15043,2907115986,2933749033
15044,2698230764,3104555863
15045,577001307,3981000455
15046,3110273180,2677993523
15047,4151142564,1921953567
15048,356611736,4089793246
15049,1239351665,155866545
15050,2548024489,1014422959
15051,2249241228,531269518
15052,2557357868,1475489437
15053,3975920841,1443984941
15054,4147707512,1648992935
15055,4127640163,2511363209
15056,3201349716,234188324
15057,2459433881,2785442236
15058,3514384395,1325951396
15059,3597912663,94756858
15060,1209451691,2029499411
15061,2164158890,1086846473
15062,2544488239,2128062538
15063,1740863785,4027259141
15064,338556442,2393003651
15065,4147285709,1245234170
15066,2072300216,447934969
15067,3097805297,3576923231
15068,868533820,2619125856
15069,3412157469,1208359016
15070,464800364,3932217421
15071,3452559632,994989145
15072,1917328657,1433938875
15073,1286256996,1373836348
15074,1799397447,1609907278
15075,2521269123,4159475312
15076,2697839512,4144839418
15077,258422567,1511524531
15078,3656900390,986112948
15079,1618136015,816975212
15080,409853450,2783196025
15081,3593811036,1391154492
15082,1735330915,836102746
15083,1518783826,524512949
15084,3870643268,2244950886
15085,3414407450,920292567
15086,682905098,2404102551
15087,2413725872,3596388427
15088,4120133701,673418407
15089,3456569323,1868517372
15090,3501554390,1387338028
15091,2183078145,1124113702
15092,2715382238,1812551507
15093,1941713871,2592182370
15094,1299221645,3107782820
15095,3233897821,1008208432
15096,2252051944,4204122156
15097,1683692235,1386118372
15098,3880603658,1028980421
15099,3838501676,4077780963
15100,2907230235,676551383
15101,1580637310,574288179
15102,983191266,4287187101
15103,461430625,97188304
15104,4167521778,750328703
15105,1241157470,4111035924
15106,439953814,3250310225
15107,3732223091,3188177257
15108,1737910734,1086593283
15109,4283461561,3211200209
15110,2789338026,2820417775
15111,4255653936,2369393551
15112,3429220359,1727858793
15113,4173749397,972634545
15114,1506296543,3341667350
15115,1675806934,2873711457
15116,1710924010,3799997818
15117,219740985,869477330
15118,1569034950,2206289990
15119,343506984,2561758402
15120,1401521444,360688236
15121,109814514,3866694869
15122,678340760,1486422564
15123,1388778214,1667921674
15124,2750078923,2307961411
15125,4201364354,1691035727
15126,778837231,966516078
15127,331671799,82948821
15128,1435745498,3998927299
15129,1662342686,1530706994
15130,4077431893,1542051727
15131,919444884,1108928355
15132,714390091,1849385722
15133,107810821,1323326152
15134,701604947,4069948052
15135,3055719742,2237164214
15136,665341400,3890764395
15137,3967287537,2014104345
15138,1621921410,3432836718
15139,3739906492,2071059974
15140,2339013522,2977869813
15141,3087887838,4102523669
15142,2741127077,3107984647
15143,2571427758,3354768919
15144,1418903606,3869511929
15145,2652162556,4091237924
15146,3795978057,3136081867
15147,4156929436,1101166177
15148,1874112967,67140591
15149,3356069153,1691243633
15150,3424120599,1715751281
15151,257419853,36292164
15152,2523928282,1657423451
15153,29920623,1780963387
15154,482987773,2771348939
15155,2279207606,1515395456
15156,2288164945,2009720138
15157,1366631109,661692346
15158,1351807539,2759817945
15159,3561373305,799774251
15160,1655431197,2273062486
15161,3416368745,1416302253
15162,317964863,2187868722
15163,1010236357,552152069
15164,2324391458,790918855
15165,799405477,2657354009
15166,3006445709,3601000826
15167,1615739164,4197481276
15168,3701516592,1887684016
15169,4183782291,244184298
15170,4069398693,2987225250
15171,47099240,2671700846
15172,991632889,2024900375
15173,1277568203,1111172350
15174,2673807892,4063887916
15175,3735568346,4253333875
15176,4080106771,1195831281
15177,1325209626,3450394381
15178,1379660357,1047169417
15179,2719730684,2217237156
15180,3084971918,665440683
15181,3896388166,2919977925
15182,2208916317,1241624188
15183,1469055804,2248942331
15184,1973557527,1871898681
15185,3869026487,1613758227
15186,46423858,1719127637
15187,2909351875,1746473195
15188,2595257067,1696334064
15189,675763133,1162624081
15190,2216871429,2584337266
15191,1084425972,2375988193
15192,802115466,1118403808
15193,32767541,3415999802
15194,3097052367,743928903
15195,2417849647,2569097256
15196,3920217107,2500608538
15197,4099038278,3031341853
15198,1149417163,2657884059
15199,1495278374,2406499156
15200,2155832339,4047952355
15201,4082859981,1697593118
15202,149987868,4200229368
15203,2329322725,1539537674
15204,2534364096,1369494488
15205,3550134811,816132245
15206,4041546007,1078764046
15207,725470836,1437337864
15208,3432244909,344054102
15209,3095777102,3670728419
15210,753791224,2747872104
15211,3433400737,824854266
15212,3483597385,1406378838
15213,3182120380,3499581898
15214,1468551666,2842283069
15215,3950107145,2368384266
15216,1448981538,2586315769
15217,4226354574,4055608338
15218,2437723362,51146702
15219,4258141770,1346960948
15220,3756945641,611150954
15221,798513680,3052239834
15222,3214100445,1213260977
15223,981008713,3424334994
15224,1347788865,3753932668
15225,1877196687,4108083851
15226,441983814,1764419437
15227,3626854302,2368531534
15228,4010615761,3686912224
15229,630450986,3664355790
15230,1176923505,609405478
15231,4203290133,3754991885
15232,2792108178,1847339701
15233,800224525,2182421776
15234,1131369732,391558315
15235,2420096387,4189404426
15236,2524063428,4068620469
15237,2280865201,118263199
15238,3907575795,1096548032
15239,2446199160,4009742753
15240,1287979016,2134293489
15241,1951054634,2706453877
15242,1188216093,2013595594
15243,1062445317,3346619700
15244,622310204,136084426
15245,3178957316,1808430968
15246,1531406137,2173294762
15247,1134789065,3909384548
15248,3869345814,2871918522
15249,600267559,2408320823
15250,3705156022,3275221058
15251,2268923105,4190723325
15252,3548893457,866767020
15253,488201635,1043782194
15254,3809081429,1265498570
15255,1550187732,2127347680
15256,2619254859,4236276948
15257,1810527424,2974496505
15258,2336139609,622582611
15259,2627824691,2420316427
15260,2513289376,1671586606
15261,2531467212,3610324333
15262,1447447905,2701291587
15263,1655599124,239509254
15264,3751405076,180512859
15265,2285494425,3203161183
15266,830065420,2576579436
15267,185708288,690913907
15268,3771187064,3752931064
15269,4064160108,3080989231
15270,3580227141,1859893439
15271,2097297523,541515641
15272,2072308693,1361639925
15273,960048618,2363072830
15274,2349340328,2805568865
15275,1433889030,657066699
15276,2997440653,4180713031
15277,2410620657,3053022299
15278,89610857,2520402978
15279,760979940,678567005
15280,2854175139,3992462278
15281,122361462,3650254790
15282,3577311796,2050322963
15283,2492366571,1519942952
15284,825580290,527401648
15285,3506410280,134697132
15286,1909116613,2688980229
15287,710746956,774341302
15288,1218997910,255532798
15289,3928688971,4034525452
15290,3947345290,609995424
15291,2737411409,4243808455
15292,2717667216,2192162828
15293,700787063,4021007960
15294,295333698,3045042152
15295,3526503963,1909613065
15296,3285121056,223413452
15297,2241085157,2497369896
15298,1264281569,164214487
15299,3545092722,3715785374
15300,1232566419,3108351878
15301,1791770497,2585285212
15302,1253133055,2585842901
15303,507378184,2549917064
15304,2397699190,3552349800
15305,2643197029,205800784
15306,2732753318,422503367
15307,2819694957,1872383212
15308,195307795,893430887
15309,1581761616,961010721
15310,2139058678,2595239232
15311,3112096662,521605836
15312,3242629168,1641270636
15313,1515369232,397830963
15314,2317751304,2161945915
15315,1547778875,3120772934
15316,535475112,541815359
15317,2053995399,2409239065
15318,1990447145,1995688533
15319,2558015802,4170505385
15320,1958339637,594745910
15321,1339254122,1183498156
15322,1287171701,1050269043
15323,2008185614,2193709672
15324,581389191,3145646424
15325,2972582892,166457010
15326,1529140197,4086235436
15327,3931798121,1727764441
15328,3333459090,795461537
15329,863389539,3827327375
15330,2295402350,3928966503
15331,2393892336,1391927526
15332,808076280,1156910674
15333,1929020818,1121494381
15334,1800553078,2563826871
15335,1083108600,210670612
15336,1059449968,1534465792
15337,3621652869,2875007659
15338,3409640626,3993034959
15339,20064868,2973122979
15340,3417277243,37203554
15341,1121396031,143206015
15342,1751275239,2761743324
15343,1969901752,3272589775
15344,375661396,1606817974
15345,3553861683,113397022
15346,1567090937,2740256622
15347,2943058021,2879194994
15348,864990486,987562781
15349,1085077376,3445827074
15350,365923694,2646960307
15351,1747309759,716245914
15352,2230968614,1230406150
15353,2742211656,3151486765
15354,3331243541,1182382516
15355,953073875,1487872883
15356,4199466905,1840528757
15357,1963142695,2840061816
15358,138350276,3769727020
15359,3575168215,958882102
15360,2225187842,411860995
15361,2501322450,2568498405
15362,1214683316,203200071
15363,4118475916,1146297485
15364,3599699545,3340485359
15365,3754068635,1468650700
15366,1554257843,3474729668
15367,336661466,47543078
15368,2552265871,4254500945
15369,1636515255,3205201407
15370,3246787465,3324657925
15371,504518066,1331586560
15372,3223569376,231495294
15373,3014420015,1736010271
15374,3529157371,225398594
15375,1739892313,1953029409
15376,404860708,2610545753
15377,2506227974,3242463184
15378,2098716487,1467735663
15379,1494285112,3128110772
15380,2290931811,2961451519
15381,1670809027,2193733474
15382,3606656724,832046068
15383,4099544677,221641703
15384,1682655470,1273312092
15385,2810660581,1549170427
15386,2753816648,3282217055
15387,4235861885,1133077099
15388,1294595671,3701979125
15389,260496230,1635342841
15390,1235506035,42846106
15391,3128950870,4121267717
15392,4093153367,342048034
15393,3752990062,187686113
15394,1055713217,3871544248
15395,3766898603,306081186
15396,118774098,983643045
15397,200652525,2254840879
15398,404834137,513756830
15399,696621244,517100088
15400,3369659221,4238034327
15401,1677070348,286531555
15402,2668617239,3488539767
15403,4251746897,2137109799
15404,3388214402,2381319410
15405,1156153008,28267109
15406,215363279,2543023380
15407,3908756296,3741366284
15408,3575384438,1171968382
15409,3530460815,3780562436
15410,1951565136,710679471
15411,3152704172,2350663771
15412,1112442387,3794313646
15413,3273213429,901664416
15414,2673186022,1898717749
15415,2497774146,1479927936
15416,562698966,2747169276
15417,952999038,4239931452
15418,3808502335,2353494403
15419,798134812,227684152
15420,3354702452,3848934078
15421,1727614857,1083024672
15422,2919319981,1897019828
15423,1638001879,4071683686
15424,239301372,2258524646
15425,1669635250,4193606103
15426,4064687067,188581552
15427,3012850021,3331372005
15428,2325821593,1274892309
15429,469468736,3725565354
15430,222677241,2598610327
15431,1057810516,611804511
15432,3804304311,2562561796
15433,3594907244,1643988842
15434,444804776,3944488866
15435,2509517155,1977946390
15436,1689472863,3079500625
15437,2790102931,621587426
15438,2202027084,3194407066
15439,4076450984,2311249696
15440,1203074978,561840898
15441,3244892994,2730324492
15442,1159932290,2472704562
15443,578570475,1487851552
15444,3343832635,4135959767
15445,2898175775,1659959128
15446,1945246993,4284670965
15447,978616857,3231603995
15448,3907589458,2585761010
15449,2183478803,2025715442
15450,2567885024,169438627
15451,558685257,3524186325
15452,3799090251,2424667085
15453,2380868567,3227796051
15454,3135269982,1307496132
15455,1511328395,318152511
15456,3564340651,1941410458
15457,1007701704,3178684264
15458,2363740588,3051776133
15459,739471911,1713924926
15460,144822924,1896603427
15461,1828271476,1461252308
15462,10853311,1766383349
15463,3382077590,543076478
15464,2484203604,1299955381
15465,3917450873,1863155587
15466,245687809,3746725981
15467,3740625235,1685428689
15468,137963324,1942888963
15469,3070794547,1179459908
15470,700156292,2933907126
15471,1240440289,4096766578
15472,610040931,1032960257
15473,3520690411,1552029561
15474,642291369,3553243567
15475,2804428807,705491280
15476,2218300147,224557602
15477,1521582528,115703057
15478,1002382340,2175156210
15479,952547579,2371077918
15480,351030775,1323155236
15481,923699358,3725669560
15482,632965520,3897513883
15483,4253517140,1429925477
15484,2827844482,1491252986
15485,4166662140,3380858212
15486,1780022638,3050158867
15487,3272995124,1465160388
15488,4278634094,1012977400
15489,3735659755,2453952711
15490,2896334801,852113737
15491,1447231197,3381089464
15492,984750129,2105028040
15493,1328847243,1625498792
15494,1555523241,2326983923
15495,3156331928,1370694213
15496,935552369,4159742576
15497,918581287,2489624143
15498,542442725,352683321
15499,2583000225,301730536
15500,3678973233,1937356744
15501,322151046,4119999496
15502,2332653527,3514752417
15503,462119150,1402331204
15504,2051226091,1866879234
15505,2998189524,162411921
15506,2227946803,747778559
15507,1909898149,1058107785
15508,1928025716,1517103931
15509,480155302,508339070
15510,118227427,3460819855
15511,1630825755,1442074772
15512,2121797968,2036103356
15513,4128751705,1060892857
15514,3447721399,1689449935
15515,1256717868,2070548874
15516,291943197,1802408315
15517,665543551,2440304315
15518,860910909,1741460010
15519,2198778630,1153217838
15520,2196133498,4199811353
15521,1292861358,362119394
15522,4255593651,347854566
15523,2098887755,2726501237
15524,1626580290,100836090
15525,2670068367,434418004
15526,2978900916,1979752659
15527,3823267016,558156318
15528,1629242709,3203348295
15529,3747913806,1492685764
15530,650509048,445048324
15531,2865524885,243704263
15532,3204881850,865372383
15533,4203517858,4083681944
15534,1734643806,3042247461
15535,1485469641,3003424285
15536,1526633610,196503905
15537,2241693469,366964652
15538,2595850722,4252558489
15539,3677755424,3701291500
15540,510694169,67529437
15541,2388989712,3806879763
15542,3160877875,866425766
15543,2033029587,3134288398
15544,2850365272,42572379
15545,1271747007,161396218
15546,3735218434,991090474
15547,4091539619,1594056177
15548,3032047238,2711095316
15549,1918105458,3015824249
15550,2601227436,3161997934
15551,3662834691,848221940
15552,929312288,1137471816
15553,3870202224,1900536058
15554,2240869808,642002070
15555,4294032451,3640726237
15556,3343824799,3553579064
15557,639022945,12703580
15558,4020702364,2137195369
15559,3366320966,4274762030
15560,2389513376,1189596737
15561,3017365852,1524206358
15562,2258645381,483698603
15563,2458577005,2349987035
15564,1063443054,2771693599
15565,3788121945,1440643332
15566,17558761,3307748123
15567,3997738722,2334948862
15568,2674114696,869333320
15569,153408785,3015969204
15570,3813746322,1822460269
15571,937668403,3425690315
15572,45623313,225787320
15573,4043010636,4069487609
15574,1222975413,2197548449
15575,2305461692,381285062
15576,3278986130,967888334
15577,3899563507,556442762
15578,1103946619,3267368119
15579,1776179434,3397650204
15580,4205476075,1059269121
15581,56558640,369606960
15582,2566377052,706179616
15583,1186178690,1311838505
15584,3783248219,3518482754
15585,314575697,996949165
15586,1726902788,599890161
15587,3178916915,187278174
15588,4017290733,112863837
15589,2838475978,1036312325
15590,2842540337,1654763255
15591,3610858644,3096693832
15592,1222566497,3841269304
15593,113478952,2708834689
15594,2612028923,418485699
15595,1994818044,1668676615
15596,2113077392,2796430309
15597,2713764448,948232972
15598,2283752038,943922878
15599,1260708655,688561652
15600,3725832244,2325616267
15601,2864309246,1101334316
15602,1309375293,3378382348
15603,217430763,980408995
15604,3468189919,1826524021
15605,2531250254,197050381
15606,4128432773,2757637010
15607,3791708964,665063940
15608,854040278,1973572931
15609,3868915528,3729748486
15610,3053897041,838527521
15611,3140915943,4217467838
15612,1143114770,40872662
15613,2713198210,295123148
15614,4016699766,659993323
15615,3635248117,3497977774
15616,1404851112,2676012637
15617,3773748940,2686520824
15618,2094936375,2992106455
15619,3857253675,2861081697
15620,1825371693,3776905566
15621,3006056969,665647428
15622,1741822175,2818606534
15623,3186933211,2948279002
15624,1672927100,2013199284
15625,2457366992,3113079280
15626,335921617,1976161545
15627,734613006,2725414173
15628,1125740106,3741591905
15629,3033742690,523021013
15630,3164442493,3300897326
15631,2738295108,1840709939
15632,827710211,3769758202
15633,3431611705,257231133
15634,4001779023,1621703398
15635,3268961752,3108960924
15636,33775561,1157990952
15637,1454583220,2086596872
15638,1404252918,3985352407
15639,2287003648,3010479519
15640,1061484456,2260303254
15641,2542094704,2289486707
15642,3955331717,1913191455
15643,3954874349,3706614170
15644,2443838094,3485686754
15645,4002341907,861306397
15646,1939816373,1847700151
15647,424895905,899384972
15648,4166864401,600701675
15649,1652006174,243941571
15650,2874583924,2496819914
15651,3107625320,2346757743
15652,2833932291,2017514674
15653,2040806582,939663097
15654,946009679,8217079
15655,3016722010,607726870
15656,597171416,1252426249
15657,543332345,3323592762
15658,556554327,1170040244
15659,4009444804,3363419921
15660,1311988293,1732272597
15661,2315712504,69499240
15662,3418516740,3928924524
15663,1245145237,4268028877
15664,3150689782,82934390
15665,1675066060,1548376713
15666,492383723,4101329284
15667,611214009,2532977254
15668,4011844101,2711064171
15669,2025209578,1526861446
15670,1376717503,1082834447
15671,3629044083,4263633130
15672,1316403235,607351071
15673,3072329690,134625015
15674,1287166679,365855483
15675,2745758182,2007074387
15676,253332140,2384463929
15677,4157514954,1808440042
15678,1235835201,711922305
15679,849889313,3486877022
15680,4125720289,512831224
15681,2626899099,1384667327
15682,1426756987,1785535088
15683,4078642057,3981222593
15684,2049134524,1158830547
15685,1766591638,3408913959
15686,4077496281,3397953426
15687,967729184,288070991
15688,1089029205,2010747933
15689,1679416548,3994599600
15690,2938836966,937020759
15691,1998688429,3222693806
15692,3820377303,3880652322
15693,213428321,4156682631
15694,790893531,4158642847
15695,112954356,2634786809
15696,2055883831,807705921
15697,1385825169,3524361319
15698,1340962373,1310832521
15699,3314646071,1657132993
15700,2833960636,4020927870
15701,3600544354,2696430332
15702,2989172521,3021293423
15703,251913614,2213383027
15704,99718839,2371340556
15705,3553282468,4206368215
15706,3577714619,4166234902
15707,3738464191,1209513422
15708,928474094,3862737077
15709,3195207963,1970224288
15710,340904019,3449147005
15711,2251055422,4279295568
15712,838168428,2578684712
15713,520916320,2953520675
15714,1522109488,1294640324
15715,214469711,804727741
15716,3043835663,53389941
15717,1125523305,443304421
15718,2677317012,4182026733
15719,2296736615,3814639089
15720,2495262147,1154568788
15721,3780576514,3186050617
15722,1059060441,4046051721
15723,3369330075,2299202597
15724,947595979,3181741686
15725,4184796954,2684573859
15726,3040483036,2851928104
15727,198985900,3922037204
15728,3926777764,4206761661
15729,1859624024,895286185
15730,918981686,4011350301
15731,256363862,1665854208
15732,725856800,30040072
15733,4260628675,4104362829
15734,3781591061,2122673576
15735,501427271,3039855152
15736,1964375602,174498275
15737,2426974267,353335054
15738,1398669036,2251789785
15739,2088836396,3843914879
15740,3149063550,312688149
15741,79137008,3646238725
15742,1083684516,2514508367
15743,2117000485,1268209275
15744,4274129988,2566357538
15745,1443934145,2127378715
15746,1056794773,3827861612
15747,3995053346,1368075582
15748,1825046303,692424714
15749,4155410221,4090964136
15750,3459097992,3464911593
15751,688881670,3199498372
15752,4176133281,746420892
15753,1084729566,3875134059
15754,37384704,1798193809
15755,3274757021,3438958287
15756,4045469884,1847604354
15757,685177671,2126011290
15758,7500696,3434024607
15759,2385233816,2195979265
15760,3540856368,1060618290
15761,2947137525,554538730
15762,2461870110,3921903426
15763,3227552737,1128593079
15764,4068781711,1357559692
15765,2382027141,3313345697
15766,260591328,1289631477
15767,3437098122,3390745941
15768,1004353580,961717409
15769,130432576,3574659586
15770,3250951847,2152413802
15771,288926415,130495689
15772,2286442271,4089465863
15773,3621076746,2992305607
15774,1992074512,1890456950
15775,2713999359,4061201078
15776,2671951890,1769116978
15777,794596850,1095619544
15778,28568419,2648925731
15779,3878229132,3586697392
15780,1923497040,2994030093
15781,278969862,1277788599
15782,3949972342,4294224056
15783,1377914038,915416297
15784,222403789,3252413954
15785,3856422785,509929839
15786,2326020855,3932180907
15787,1571738314,3942478241
15788,2030958353,473754983
15789,974727206,3013212239
15790,4238414504,513515239
15791,8112018,3316531396
15792,4143710468,2807228568
15793,2907436842,2993889976
15794,2792685917,313359594
15795,3448433714,456928306
15796,2442158772,4004292119
15797,622012087,933306144
15798,2037984501,2632430914
15799,3222532678,599248069
15800,1966522379,1902353797
15801,197731472,1488232812
15802,3292353693,1605477152
15803,3145120394,291983242
15804,3906887609,2604373604
15805,1174711181,3608883583
15806,3185124567,2544219461
15807,2972878518,11386275
15840,807692565,1079852838
15841,500458838,277353402
15842,3198374089,1293156965
15843,1140410388,1715494377
15844,897863753,2450069201
15845,1311301231,2864626104
15846,3913779005,3434703100
15847,765810253,3581255119
15848,1794771611,759991640
15849,1585878703,538818123
15850,104144966,1279736065
15851,3851131480,3348028146
15852,1322972728,2878245506
15853,329398518,553650765
15854,3274082216,696186697
15855,1772242529,90324162
15856,1015334147,3057606877
15857,549066033,515462191
15858,563905503,3014223889
15859,2365611692,1271656388
15860,1550198022,1180864416
15861,2148763077,3846572299
15862,3854626704,2827492408
15863,4267762345,3404103263
15864,2760099283,3875310153
15865,1526772271,2164761587
15866,3857442093,3662074031
15867,2962176202,171253830
15868,2774283041,2406995473
15869,1144542493,3272365483
15870,2648807504,2124103575
15871,1938959237,877901635
15876,2664935733,2287510554
15877,1993706733,128902295
15878,776054377,3165734953
15879,1260252879,590380179
15904,1480787010,3116082331
15905,564157639,1748820975
15906,1831703227,2087600175
15907,808009158,957659482
15908,3853465550,3497116286
15909,1770535621,4025530945
15910,3032815629,4020512189
15911,4015181327,157660852
15912,1694358918,2578417331
15913,920860192,1178833903
15914,1422186579,3019069424
15915,907356468,4171912630
15916,4115657997,1747639563
15917,1982091194,1124023566
15918,96303667,244013953
15919,4120028814,3667027708
15920,3513186189,936561553
15921,4252850310,3132835041
15922,2614871472,2529604530
15923,2396730566,1454026410
15924,3761478663,1532020260
15925,3855978014,823695918
15926,3604670133,1777609472
15927,3414980051,2116023306
15928,3824213576,3356539585
15929,4279101652,911628741
15930,16675391,1354656050
15931,428300547,781490238
15932,2790214224,3353567958
15933,2947078034,3699840586
15934,503540447,4152845517
15935,407821587,2026365186
15968,3400200977,112533194
15969,232503253,149783548
15970,520381157,2866391317
15971,4165591657,1620286440
15972,1150332171,1753861941
15973,1997363187,2089269186
15974,1670936650,3314150749
15975,4273000002,4234418380
15976,140984894,4164978183
15977,3829315566,4169292455
15978,1789837167,3372911308
15979,354629646,2453379653
15980,914023167,928682875
15981,780388941,3280862657
15982,2927785128,4203321531
15983,3807875267,4199355124
15984,3350863141,1832841766
15985,130095722,3694598395
15986,3037023660,3659827855
15987,2326314356,635218325
15988,1036520727,3222970244
15989,2973013858,4003502161
15990,1488983886,1223824900
15991,521580826,1281421501
15992,4018611584,3699562178
15993,1842553723,1291872271
15994,1043641093,1077193199
15995,2732368591,1949126155
15996,3861801005,3169225119
15997,1313893048,3615404501
15998,602811483,700858263
15999,717410889,681687341
16032,2284282915,31040554
16033,4039505970,2663591428
16034,3081790899,2608440101
16035,3687669296,1287111115
16036,1902616725,612904486
16037,735905743,148057728
16038,4021348861,3445626913
16039,2741577722,49266035
16040,1968349713,2046653333
16041,50512313,645444114
16042,1032603715,929541103
16043,604647969,2170517154
16044,730481606,3877002770
16045,497350111,3059025784
16046,3774209616,3254487173
16047,1019316783,2911203056
16048,892245358,3961580399
16049,401077071,3638758121
16050,3628242568,2389750006
16051,3639192545,2510922977
16052,1596610635,1806676084
16053,2420472090,697215524
16054,3550671753,1702943841
16055,933312864,3214192519
16056,19600870,222346337
16057,292249997,1130279399
16058,3590658848,958493078
16059,3645182864,4117035519
16060,500363115,746457843
16061,1204437492,1227067395
16062,4050388942,1600020434
16063,1126834052,3073408
16064,782759847,1664219356
16065,3661401678,3646984169
16066,894967092,3676618567
16067,3912126251,3577961729
16068,967628430,28742828
16069,3436552496,3075267229
16070,1719678057,2951937746
16071,1638508943,4113571334
16072,3348372387,693280274
16073,3639305139,680298522
16074,657876573,2289897341
16075,2487994307,465947956
16076,2060051162,3344040631
16077,2495788019,1737525141
16078,2502616845,2602670244
16079,4038024936,2929515390
16080,1537199830,1287730128
16081,3941507444,1037817645
16082,3871866004,2700395250
16083,872118270,771312199
16084,4254578428,3729102895
16085,1649301592,3309936495
16086,2179240890,572818333
16087,1642632211,4172819574
16088,506689894,2241943394
16089,1391443145,1189435460
16090,196018226,1347975410
16091,2660206886,3078946161
16092,2596577427,2832380550
16093,3557701880,784577831
16094,1899437936,1418222484
16095,3388183964,2695133513
16096,2295759210,1995845097
16097,1199984631,3659652556
16098,1097200043,3533540608
16099,357379683,76164958
16100,2695090755,464396231
16101,2274376182,3531927148
16102,2507771265,2791338184
16103,1039532869,2807937652
16104,1313172682,165372442
16105,2555902372,3600419350
16106,2332690613,1825095354
16107,2307226331,417834389
16108,4246683444,1864394309
16109,1171258184,519438737
16110,4000474491,105746579
16111,4185380533,1068170556
16112,4284029615,243567679
16113,1570636169,2137478270
16114,675447966,687017930
16115,1660839478,1749484207
16116,1764152426,2227371609
16117,3335682655,3124742269
16118,3131182323,624522565
16119,2629713101,2041299245
16120,1070701214,3028329203
16121,2630469439,3138175260
16122,568381480,1187332587
16123,1197242010,837977207
16124,4167375357,4202065690
16125,805838416,3308498640
16126,1266872721,2916557348
16127,2745938537,2078497613
16128,2522935669,4221762834
16129,2173484818,605883730
16130,3685773445,861339305
16131,1639444725,2096543208
16132,1787493121,412419199
16133,2293432180,3142432306
16134,1021218714,3170233879
16135,1218091148,668393228
16136,1793703017,1648756616
16137,4059228603,4099771571
16138,880682233,4239525014
16139,3972984233,942918214
16140,503412628,207122963
16141,781062733,1096315102
16142,1950302702,2805037215
16143,475738639,2356759886
16144,2938633783,328423797
16145,1288175271,1862623307
16146,3514540782,2726320237
16147,31473629,2553821643
16148,3311929040,1823508062
16149,1946084649,4078203907
16150,1143587332,3474027497
16151,4047960624,3437775039
16152,3994897200,381027358
16153,2820045101,276844420
16154,2169420852,929604796
16155,2412445008,1545182499
16156,3698473312,2394067267
16157,4036029743,1338605262
16158,1268387093,1644254726
16159,1294838057,1358429862
16160,1446096570,3321683604
16161,524105321,2615165411
16162,2281248945,3897649581
16163,956445190,1777453311
16164,2535160135,2295516956
16165,4266610334,4145403652
16166,3826003792,4082847294
16167,1562766275,3372526960
16168,3957491277,1093150873
16169,3728998616,3277748740
16170,2512048407,2411822443
16171,1016237499,2917525245
16172,3382623753,2002496249
16173,3584931302,1117123739
16174,20564398,2094774680
16175,965648552,1996435948
16176,147895423,4291191508
16177,3585356112,1073977434
16178,542968703,1376844318
16179,2808600358,3878718039
16180,3991143687,3338559230
16181,3319703301,2836567470
16182,922746074,2403477469
16183,3858748776,3162874401
16184,4111041249,3591311519
16185,1877854507,3078731953
16186,265325487,2456602554
16187,3389651805,1508629527
16188,1495669868,3108215260
16189,3486643737,2239226080
16190,3544677520,1410356981
16191,2792963514,2266360786
16192,2967020162,3470455705
16193,95170566,2241520237
16194,4131032016,3811769926
16195,1331418736,599156571
16196,2267831290,3391725004
16197,2251335603,3416015236
16198,3390526672,909175314
16199,824563286,1160071883
16200,4127532929,2849922969
16201,206631323,663002991
16202,1578143210,961383995
16203,3121655228,2581587390
16204,1531459471,1639229907
16205,3934704435,1700315412
16206,754303779,3526724233
16207,111985675,267910235
16208,3947473471,2656354582
16209,533365304,3367389069
16210,3191413310,146477678
16211,850134177,875169205
16212,4114074141,2036048269
16213,2197416135,2687164472
16214,1137422807,2040421358
16215,2346200783,4003172735
16216,1311813679,1936226824
16217,1587214997,4177643420
16218,952308817,4290169797
16219,325728213,4278283490
16220,3884392125,4066216484
16221,2387029557,540827304
16222,464962901,3603456220
16223,2694619067,2158115605
16224,3042872817,3447876721
16225,4176703393,2173534871
16226,904372578,170931576
16227,4173050215,2675529175
16228,1551225772,3225183623
16229,637809964,3709393889
16230,3030207228,183993011
16231,2778351549,2928829315
16232,1088401515,2123385141
16233,1820584770,2171375406
16234,748672343,27372074
16235,278829037,2826632024
16236,2382990684,1806816229
16237,1273496365,1751530339
16238,977099659,1313574950
16239,3099727501,3047591457
16240,221525749,2206256629
16241,4138775296,3724164522
16242,4207455848,3551076653
16243,264168618,101951371
16244,3058854623,2906516559
16245,2587302971,104105653
16246,1337482371,1253037380
16247,3240873079,2967905703
16248,2886431877,1126263297
16249,2448231624,2723076881
16250,1056344754,1555314535
16251,464982306,2437935915
16252,3421933707,3378469247
16253,622359416,1818599591
16254,1167834787,3595878271
16255,2075604740,1993640930
16288,3588420910,1943442745
16289,3819528493,2404210081
16290,1041791883,2597686525
16291,474571999,1108152920
16292,713099894,2606544930
16293,1916157361,2269593550
16294,92842321,2003254705
16295,83009792,2331766521
16296,1250141257,2297339945
16297,4284084940,3248383452
16298,3775028172,2845411982
16299,3842658513,2177424298
16300,1293208697,1172940893
16301,1206599860,1822700972
16302,3494329866,2821313572
16303,3343572201,3339629362
16304,3552778220,2040406811
16305,2531729683,39756101
16306,711620177,414918078
16307,4037862433,4254575800
16308,3912676501,1904975011
16309,3408225191,1105217580
16310,2372383215,1415079838
16311,270001154,1306194603
16312,2121112425,334981711
16313,1830510793,694179600
16314,558516552,1405787377
16315,1678561881,180561851
16316,917905978,3142389454
16317,2899473154,1208791812
16318,3036285243,333961842
16319,1316972917,4254345958
16320,446796945,3667855372
16321,776450440,1212951971
16322,3601689555,1929199807
16323,20050232,2276684938
16324,3721083091,401951607
16325,3773936347,1843753850
16326,66947150,2998928735
16327,3967170484,4280037674
16328,2056584308,1239789569
16329,1180422617,56103315
16330,2960986825,740578790
16331,1453539515,1971327978
16332,3895706561,3249920661
16333,2571032420,638565158
16334,966567725,4228473331
16335,39019441,3604632808
16336,2955572306,3574700350
16337,715729730,552824453
16338,4159502562,3915311764
16339,1994465242,3045221074
16340,4132757431,398590144
16341,3655542182,2896121485
16342,396417709,3969337706
16343,2455430711,3002826071
16344,487607897,1621986527
16345,2411193012,4160130244
16346,264909764,3954041235
16347,2145416381,2758468060
16348,1602907334,2464100267
16349,1346772015,2456089598
16350,3954510862,2407369619
16351,212454292,4294010388
16352,1050348043,664621446
16353,2761095462,941047120
16354,2373901149,672596814
16355,2495568567,3349825873
16356,2195270947,2031664567
16357,1222561085,3143841504
16358,3193804193,1783914463
16359,2447362421,3562417672
16360,1994063021,1516978964
16361,10897738,1932695568
16362,4167228461,639731976
16363,3741488670,4145075080
16364,904073022,457064748
16365,3566748348,2960047233
16366,1161443259,2552971454
16367,2053611005,4154715296
16368,2353811770,3623673847
16369,3406386159,3426821942
16370,3488393717,4233494469
16371,9877276,906148979
16372,417257702,2280498658
16373,3146602983,1500411146
16374,109545055,1847632717
16375,1070576217,862909257
16376,4179240443,3391011176
16377,151420425,3141880273
16378,505450538,1569946926
16379,2292126008,1960977045
16380,1035774180,3971840517
16381,3165645364,1010992283
16382,2092962496,4142632083
16383,2912787468,1749830351
16384,1372725880,789833952
16385,2788703862,335019271
16386,2669903661,1723469484
16387,3893513870,3399237243
16388,2578977679,3358558834
16389,3808326411,358289026
16390,3212815812,3857050663
16391,304487495,1413817079
16392,3833333392,994275272
16393,4050168871,2180175413
16394,2037118065,3182915151
16395,4217317347,1605003376
16396,3955904114,2104175274
16397,3801067888,535998485
16398,2157371168,2012653901
16399,892117433,4180958306
16400,3551778252,1490528340
16401,2286561385,376613370
16402,1705686922,720683996
16403,1478896327,3815524859
16404,850267000,2028416710
16405,2347704728,986426233
16406,2489243830,3140565451
16407,2790251858,487255599
16408,3780364192,567134606
16409,2908153107,2272590832
16410,1331888329,424937813
16411,3225213428,2543994922
16412,994900693,730218967
16413,651629342,2485571881
16414,1377999300,2390299432
16415,576270441,798286310
16512,1906553673,466462646
16513,4271408428,1214068043
16514,697513074,812672017
16515,2897685628,2730039144
16516,1848218848,2433947828
16517,3389189626,2998523766
16518,1610687140,2193438973
16519,3471151438,2448674732
16520,3846277672,2043827963
16521,1419306346,1386791133
16522,1317384048,484177156
16523,2517731941,756269849
16524,1290944683,2193337210
16525,2550364632,222724752
16526,272124612,2139713370
16527,897059060,505596683
16528,3373758830,763967120
16529,3782206483,1614632093
16530,2690438725,2675746954
16531,1746471663,1204836924
16532,1641875437,4091626503
16533,3845662941,3076063063
16534,3831292236,3204131534
16535,1994322870,2951898367
16536,3181681570,2100435054
16537,4106835338,4190579025
16538,293022838,2169365447
16539,1808488266,2610345725
16540,627109051,2573017879
16541,637896896,2596564104
16542,1957014158,4260987746
16543,4285875444,2132873384
16576,1702903634,2392038335
16577,790856327,1097116909
16578,2971331326,1272296625
16579,1693370204,1430169616
16580,1017524894,154301041
16581,2755949412,2834450479
16582,1865689200,3742155348
16583,2909925581,2945081111
16584,4268439129,1615010610
16585,2360023849,1737363104
16586,369612046,1829891117
16587,2020215037,1108928647
16588,398671015,3729775697
16589,2058056972,2641901779
16590,2505383465,3592464802
16591,3834939713,2709884200
16592,2813255469,3397385833
16593,4112736264,2213171888
16594,3177693113,4265278382
16595,411559121,2292320809
16596,1739287871,1064397811
16597,1268616985,1408195700
16598,3047462630,3025242308
16599,3362844186,744490592
16600,1674271907,2254404869
16601,62400780,1443026618
16602,3584877120,2523368144
16603,1971065074,2156564622
16604,455557923,128154790
16605,2603092674,1858510621
16606,3564173498,428429423
16607,2812050473,1125227533
16672,3305819078,1877157805
16673,305855007,1774634726
16674,3797854403,2454819595
16675,3751591776,2787426675
16676,1180954712,2428393243
16677,896885228,301882517
16678,2958885960,2550048195
16679,173377634,731539552
16680,3496684558,618883408
16681,146565531,1893792564
16682,879108316,2672808471
16683,4291216546,3299676849
16684,3439359595,2641907996
16685,3127084589,2083048593
16686,2658020542,3537967052
16687,616687874,4077197248
16688,3772764276,4079127010
16689,1090191004,3788342605
16690,4194783240,2112205343
16691,281893227,3210792524
16692,3354195963,2158508026
16693,2070205746,1286713073
16694,3651035059,1419377286
16695,1601103463,317252386
16696,4159353206,1605377822
16697,2571113236,3593328599
16698,4286123557,4130813500
16699,151383579,250050244
16700,740055928,3095347877
16701,1225920737,1431477424
16702,1791531430,3730269586
16703,1181797976,1849860320
16768,2027979456,847909174
16769,2142135580,1697760608
16770,3535417306,3995115118
16771,2137369402,1078539160
16772,2320714075,2481979667
16773,2356364295,3919001530
16774,2055805374,3815665994
16775,1851808065,2242108105
16776,3426826053,2992255527
16777,3214254129,2009836840
16778,2044934904,1337667583
16779,3376054630,1658814845
16780,3151474765,2124896898
16781,4128826082,723345241
16782,2732470208,2654067554
16783,2212861491,249884748
16784,1841215522,4092421624
16785,3991800479,3038445681
16786,3137496289,2008815003
16787,72997614,1424944284
16788,3750013164,1429555610
16789,431536544,2093515961
16790,3743113766,3886923862
16791,3634399913,2873286437
16792,4148954163,2975047724
16793,2390861078,1872630375
16794,4265883879,394671438
16795,1380216107,4108068601
16796,600652219,3241624020
16797,465134342,146243346
16798,3438192042,234675128
16799,321313127,1207537501
16832,3753265978,398715429
16833,3438348818,979932070
16834,1540662699,731165352
16835,592830843,100427080
16836,1881347590,3023239047
16837,1318597015,2995666470
16838,1576291714,3692188899
16839,1556648864,1195477796
16840,2569677630,112312689
16841,1442653720,3982506494
16842,3606416999,2712540913
16843,2148721307,225504873
16844,1417444315,28623270
16845,3152657752,2844385702
16846,69047385,571475064
16847,1682640210,1904063447
16848,1719595224,643169138
16849,3033543082,3192195599
16850,3997184984,4288173101
16851,4015243109,1454136003
16852,2404725882,1160456299
16853,311849591,619534200
16854,1204256635,1312825177
16855,2904630927,4173867020
16856,3084962967,30942083
16857,1614614126,2963303351
16858,4293229654,118259420
16859,1570576449,2451631191
16860,742237803,2067470401
16861,2262943859,508936024
16862,1108412164,2657327975
16863,1019705852,1290711520
17312,2620079534,325867499
17313,2286849089,2881363779
17314,1628869858,1654597224
17315,3269142983,1277087073
17316,1536220406,814352211
17317,1103733457,2087432963
17318,3353656088,1265702598
17319,1081473083,1553309778
17320,288233410,3420917998
17321,2836527881,379733619
17322,1482855953,2481791461
17323,1589042017,3454196653
17324,1049462796,2408987848
17325,2114303626,1240203567
17326,3527855840,4042865835
17327,2026090125,988468413
17328,863515946,3762546731
17329,2389743428,899553160
17330,261322760,444787679
17331,1926971489,3101436995
17332,1077595210,2006837218
17333,801346291,2807662610
17334,3995491229,1563157727
17335,2414399447,397579495
17336,1415511838,2541322130
17337,4229046976,2850494775
17338,2969936453,318396087
17339,2901220483,1572851329
17340,3771866269,3202438628
17341,3413920413,535717514
17342,131513034,3033968053
17343,3246244653,1298636197
17504,3391301695,2593146923
17505,1270311437,3778633153
17506,2015737782,2594310305
17507,347147071,2910775866
17508,2399718228,3986398925
17509,1512180933,1443646572
17510,1827570200,800445996
17511,689329550,997428756
17512,2539352061,4044348417
17513,2922571599,1534120326
17514,2847193698,1766200806
17515,3789833950,3567944571
17516,1321859681,3984481848
17517,1094301379,4052804068
17518,2346470227,1479471474
17519,1416850184,1176419378
17520,3514806174,1341158662
17521,3036923608,1799495790
17522,1993123508,3333492457
17523,2706415769,182974143
17524,490249528,1036881217
17525,3714897047,14189843
17526,3091004008,522668270
17527,3377255376,828673427
17528,904508203,2278330297
17529,1914081101,3511627812
17530,3692079346,3728661409
17531,3906929365,2887113092
17532,405894263,1950588783
17533,3780012584,4066503608
17534,2909075853,768019027
17535,2029868103,1563201205
17536,1303502147,670092967
17537,3039383471,4204922645
17538,121690593,4066360469
17539,2481065023,3161378835
17540,2664768685,2349607202
17541,1918085165,740678518
17542,3986127686,2116111027
17543,1560870169,3113689096
17544,399799756,1666973569
17545,3034224186,2312235860
17546,631833524,601690153
17547,3190794811,3134613605
17548,645209711,4024401161
17549,850340563,263584758
17550,693175305,2846298611
17551,869547201,951309279
17552,1886734148,4095031506
17553,3408448074,853900277
17554,2656930874,787034680
17555,3565265207,493419407
17556,4097908196,3039785521
17557,675493210,910593829
17558,2481068014,334086772
17559,4075311937,1598923591
17560,3900829473,984391236
17561,2043746291,2246906934
17562,1053038308,3390257123
17563,1057084904,823079700
17564,2988847606,8016550
17565,4144084154,267927953
17566,4081326673,4270206196
17567,1909344406,1477353080
17568,3543338172,4085316158
17569,3862849582,1949222909
17570,1280052179,922157877
17571,1811391560,78170077
17572,1889768727,1706995018
17573,1110439671,3001097569
17574,584604015,3101936935
17575,390078261,3920559364
17576,2154830246,2457602857
17577,3956775044,1883076101
17578,2459655,21665307
17579,2508399157,582100031
17580,3380256823,855054508
17581,855498665,3988585469
17582,2820660877,716124444
17583,704952874,1561738266
17584,3326490998,4207150076
17585,746045826,768371329
17586,1555734401,3005170479
17587,3860708516,875257042
17588,1621858400,1397969334
17589,1733666771,366226820
17590,2790944388,2633519990
17591,2597974881,1145954205
17592,839231067,1529698740
17593,1595810492,4084176537
17594,4067691544,908754599
17595,219253123,1177217368
17596,3089040883,537929324
17597,1284013507,3211473986
17598,624408379,3850374867
17599,2848416947,1863942974
17632,3472969637,2963006048
17633,944113471,1445397867
17634,3969054351,1741552622
17635,4197104238,3468337526
17636,25343869,2022328796
17637,3133842859,126611844
17638,562683924,1322444409
17639,2900800753,1369710999
17640,896372845,533301504
17641,1802373245,4091171060
17642,3864941805,2169835222
17643,3032462092,829689009
17644,421289475,3009766848
17645,3377633997,3832557550
17646,3680865992,3493755432
17647,1026279766,4027959093
17648,186977843,3858648844
17649,4135867138,2951018851
17650,3764487024,702063079
17651,3522332055,2171583925
17652,2839839703,1208201973
17653,519149128,4126979771
17654,2871560916,106365678
17655,4097354317,660376715
17656,3479053397,662239416
17657,1900328543,898856303
17658,376149656,1021945584
17659,4088151108,247725963
17660,4038347926,1881062890
17661,1576054949,1406560603
17662,929210295,1096123013
17663,4129157725,3517848295
17824,1053676861,954126594
17825,153933320,3173183453
17826,3999162430,4227778961
17827,1768919890,2069095959
17828,4223026384,3446632253
17829,1453847942,831729753
17830,2868596781,2761902389
17831,3744242194,4202705609
17832,3249633413,2862323512
17833,982799733,3622017990
17834,3077505128,939145451
17835,3139916025,1812689816
17836,1983075525,3891114268
17837,2312415376,1745692315
17838,2215803027,1461337716
17839,2869944179,172127710
17840,1914610270,1009177342
17841,1827872756,693459330
17842,4005467698,3469627056
17843,3009530318,3826379452
17844,3243364514,3449820929
17845,2482523392,659178625
17846,3512206764,2492481260
17847,3964683802,4210236938
17848,1996357171,1926256626
17849,3997478766,2112575301
17850,243467770,4152124484
17851,2847026788,91221630
17852,1671811899,2658811932
17853,3784909978,424464160
17854,1682621951,2511954420
17855,2723302181,2305825751
17856,4294699808,1428628622
17857,3513444239,2271295221
17858,1056139522,2521236330
17859,699604363,3009771423
17860,172575178,4200765274
17861,1299387954,3115966686
17862,3642588392,837690351
17863,2793976488,1206164966
17864,2875240966,2772195792
17865,421903958,4006581427
17866,1930038529,2540087679
17867,1743568596,191128379
17868,4143882031,3260485162
17869,2255935970,1373217667
17870,4095500199,3499613111
17871,2197326387,1472521895
17872,462501196,1800079589
17873,2586694096,1084363790
17874,586152635,1180268287
17875,1789294727,2018702652
17876,326074844,2467472995
17877,2312797878,1007293452
17878,127364016,2952708713
17879,3066218176,2177429424
17880,759990381,2297967148
17881,879738861,1493392178
17882,2984098468,2126856704
17883,3618506208,102760706
17884,4115907401,1324363886
17885,711860052,1464292880
17886,3642333526,220467858
17887,2891359663,1639231497
18048,17367719,1269318923
18049,182694697,573150575
18050,3964862506,776333
18051,110544417,408085760
18052,335783944,2432855378
18053,1095862697,1235231686
18054,2096538363,4139802730
18055,3181069135,2741435532
18056,1806434166,1931309381
18057,2632163284,2072134719
18058,204759896,1404176925
18059,2344308119,1288032197
18060,2737983219,562220926
18061,3076991781,1976261192
18062,309847716,3469276201
18063,985739093,3657055727
18064,4216494695,2000094258
18065,2883314536,1636889258
18066,560438995,2272535624
18067,2232378925,2086245238
18068,1351920584,4293852671
18069,2018832126,712030007
18070,1424022363,2925487868
18071,3203927902,311963708
18072,1566673463,2022050284
18073,3905738916,2395042577
18074,148129864,3032705856
18075,3128695910,3972789557
18076,132698974,2806551951
18077,2917183103,182239507
18078,3184353128,3441681900
18079,3526024056,2186910019
18112,1232754257,3246307852
18113,1975420585,3520664435
18114,135624604,2237030312
18115,2050111759,2597087193
18116,2674603846,295726734
18117,3388144487,2454042230
18118,1163154728,3051872851
18119,836200656,2082043429
18120,1164824694,415398053
18121,319723303,2903022222
18122,4238929298,1970909666
18123,3259072255,738187328
18124,1581510192,3603156990
18125,1396310450,1219974240
18126,1921339060,3847989981
18127,2972172477,2416449917
18128,641898196,555360976
18129,3885875096,3443662448
18130,1572627023,1594327030
18131,4014521365,2948929226
18132,3783683696,2408348180
18133,2772923092,420590611
18134,682048538,3723212954
18135,732392072,4125954342
18136,406271891,561698966
18137,643839697,929862114
18138,939185932,255912458
18139,3463926177,1379254858
18140,2888766336,2224603490
18141,2243535183,170731576
18142,2207459687,1248168461
18143,826867000,2679022719
18336,1733095532,3753448051
18337,3512767820,1125555592
18338,3135758760,2220715707
18339,2626329313,415847870
18340,890076234,2719354578
18341,3389673480,440637876
18342,2171146669,1204849870
18343,3368083555,2674236074
18344,1297197733,138368032
18345,2024006215,3051326173
18346,2576025202,3557104511
18347,3521274064,2587023754
18348,587066284,3913518155
18349,1854712168,2174658030
18350,2409317304,4048199839
18351,443169166,242963539
18352,2439889711,328355584
18353,135185099,339617049
18354,3668874976,3274753975
18355,102812153,2735669460
18356,4242745526,842253726
18357,2806066636,444873502
18358,3722803888,554764365
18359,618348233,51224673
18360,591779400,1695113823
18361,2820655950,1628862782
18362,2142395733,1745627878
18363,3070495865,1195578766
18364,3891122364,4272114632
18365,3803559521,1822033029
18366,3679336445,2908545664
18367,2877472133,278117062
19200,2959171933,838368598
19201,354115704,4094094751
19202,1537196722,521548261
19203,3673405846,4235547504
19204,367313334,2760641163
19205,932883647,2658301125
19206,597871257,3451726512
19207,617294785,1971897957
19208,2010531864,1631732396
19209,1685584178,200086215
19210,4050610138,2667668925
19211,2937129744,3311734950
19212,1075497225,3893346930
19213,1044862740,410042386
19214,1074926982,237143371
19215,1459113527,2415037390
19216,143644149,3890247577
19217,3020984653,3413590288
19218,1628776561,1241466874
19219,1198925308,2164963386
19220,4210386712,4032791333
19221,2497695347,123683896
19222,3475146651,350112084
19223,1709483539,1667256942
19224,3589369472,3167156957
19225,4228071568,271583603
19226,372267416,852647548
19227,3177821241,1520549042
19228,4130662414,1997043156
19229,227979028,1340860589
19230,3606849262,1832151954
19231,370683966,3901566353
19296,4065844435,3108511009
19297,813350549,3881855671
19298,2460845409,2900953644
19299,1647786049,943018938
19300,584319262,1665209562
19301,4228226245,2056581847
19302,3158211179,2097313456
19303,488069522,1230603290
19304,847852160,566555341
19305,2415797612,1279044963
19306,555980901,3951334603
19307,399327026,1520746725
19308,3041903559,3028075604
19309,3956780764,2990282703
19310,3750238874,678959629
19311,1203612183,1275878833
19312,1598980795,2223314872
19313,1814889431,3895628961
19314,1185364604,4001093554
19315,2633350024,87450484
19316,1527867146,1724738400
19317,2314437298,3212892336
19318,3440538208,910677403
19319,3902294575,1382985665
19320,3664151265,327296554
19321,1299077244,3215916201
19322,1246950092,1732672052
19323,2506383849,2819975348
19324,846259685,3070003903
19325,4148560611,3536081962
19326,3562362030,1348876618
19327,2799030798,2125033293
19488,3457690071,2544185189
19489,2943820934,2071682657
19490,924839893,106541434
19491,2520809031,1051443553
19492,2828174051,31107335
19493,3776794116,3417705530
19494,1398843178,1276669282
19495,3074251240,2000009912
19496,2617944808,3454214830
19497,3819832867,2673899733
19498,1311016278,2670235112
19499,256600113,1546428130
19500,736254967,4228167924
19501,1930296473,140223065
19502,1598677014,4261885553
19503,170469331,32135349
19504,983658029,3915635807
19505,4227626623,3488010315
19506,3544592422,2820205884
19507,3172837991,39439235
19508,41453487,3078400168
19509,1126216649,1868466716
19510,4268660165,2109208402
19511,3054655086,3907201404
19512,1730340897,2200810610
19513,2130473842,2178824899
19514,3806014555,2521385344
19515,1834086803,1348194748
19516,1058323554,3838403000
19517,3146624494,3611213095
19518,3359454262,332525610
19519,3116609035,2537586368
19872,441292592,1283425038
19873,3184766917,1071496481
19874,3443921360,2269313725
19875,3774798766,3669221463
19876,1256966923,1038922085
19877,1121774350,3553154085
19878,672521936,3771597027
19879,3929895383,983327178
19880,3304180052,1608947965
19881,1186840729,332836513
19882,729638414,106912160
19883,1881169872,1074711989
19884,9840029,4049245364
19885,1083774575,3661950738
19886,684470245,3010925793
19887,187430621,1820892820
19888,3518005173,1698992813
19889,378577494,356019589
19890,1503003739,160496097
19891,3132633717,3275129943
19892,573525454,24464900
19893,3108759717,3188117918
19894,1337621450,3801174788
19895,413421259,3603388668
19896,3201411285,2276805140
19897,4070763312,4027347087
19898,1465067154,3181928353
19899,1135514898,2111354223
