K	G	bank	mode	run	repeat	vec4_wall_ns	packed7_wall_ns	ratio
4096	128	boundary	prepared	1	0	1662754	371394	4.477062096
4096	128	boundary	prepared	1	1	1654748	355124	4.659634381
4096	128	boundary	prepared	1	2	1724611	365113	4.723499300
4096	128	boundary	prepared	1	3	1653113	358529	4.610820882
4096	128	boundary	prepared	1	4	1696804	369170	4.596267302
4096	128	boundary	prepared	1	5	1750325	353065	4.957514905
4096	128	boundary	prepared	1	6	1644569	355171	4.630358334
4096	128	boundary	prepared	1	7	1657781	357269	4.640147900
4096	128	boundary	prepared	1	8	1726604	361767	4.772696238
4096	128	boundary	prepared	1	9	1639477	355031	4.617841822
4096	128	boundary	prepared	1	10	1638252	365180	4.486149296
4096	128	boundary	prepared	1	11	1714199	353342	4.851387607
4096	128	boundary	prepared	1	12	1657875	357813	4.633355971
4096	128	boundary	prepared	1	13	1638526	355628	4.607415614
4096	128	boundary	prepared	1	14	1739879	355801	4.890034036
4096	128	boundary	prepared	1	15	1638002	355599	4.606317791
4096	128	boundary	prepared	1	16	1653367	355193	4.654841171
4096	128	boundary	prepared	1	17	1714619	358675	4.780425176
4096	128	boundary	prepared	1	18	1645268	363468	4.526582808
4096	128	boundary	prepared	1	19	1655150	356761	4.639380426
4096	128	boundary	prepared	2	0	1658626	407389	4.071356860
4096	128	boundary	prepared	2	1	1658722	365625	4.536675556
4096	128	boundary	prepared	2	2	1730142	368408	4.696266096
4096	128	boundary	prepared	2	3	1659520	358657	4.627039205
4096	128	boundary	prepared	2	4	1672803	368382	4.540946626
4096	128	boundary	prepared	2	5	1727691	363032	4.759059807
4096	128	boundary	prepared	2	6	1646612	359244	4.583547672
4096	128	boundary	prepared	2	7	1910543	359926	5.308155010
4096	128	boundary	prepared	2	8	1747846	365101	4.787294475
4096	128	boundary	prepared	2	9	1648380	365757	4.506762687
4096	128	boundary	prepared	2	10	1643320	369824	4.443519079
4096	128	boundary	prepared	2	11	1756567	377976	4.647297712
4096	128	boundary	prepared	2	12	1655470	366925	4.511739456
4096	128	boundary	prepared	2	13	1643870	359087	4.577915658
4096	128	boundary	prepared	2	14	1720216	366174	4.697810331
4096	128	boundary	prepared	2	15	1647696	365176	4.512059938
4096	128	boundary	prepared	2	16	1665005	401095	4.151148730
4096	128	boundary	prepared	2	17	1719070	358518	4.794933588
4096	128	boundary	prepared	2	18	1652514	367024	4.502468503
4096	128	boundary	prepared	2	19	1661504	360609	4.607494544
4096	128	boundary	prepared	3	0	1692022	521904	3.242017689
4096	128	boundary	prepared	3	1	1691814	381199	4.438138610
4096	128	boundary	prepared	3	2	1736428	406579	4.270825596
4096	128	boundary	prepared	3	3	1676752	379031	4.423785917
4096	128	boundary	prepared	3	4	1697820	393536	4.314268580
4096	128	boundary	prepared	3	5	1740549	373841	4.655853692
4096	128	boundary	prepared	3	6	1708049	378438	4.513418314
4096	128	boundary	prepared	3	7	1678376	373785	4.490217638
4096	128	boundary	prepared	3	8	1733900	413985	4.188316002
4096	128	boundary	prepared	3	9	1678237	372543	4.504814209
4096	128	boundary	prepared	3	10	1667387	373697	4.461868840
4096	128	boundary	prepared	3	11	1778081	371965	4.780237388
4096	128	boundary	prepared	3	12	1664185	412790	4.031553574
4096	128	boundary	prepared	3	13	1665472	373108	4.463779924
4096	128	boundary	prepared	3	14	1783299	368884	4.834308346
4096	128	boundary	prepared	3	15	1667773	366450	4.551161141
4096	128	boundary	prepared	3	16	1676366	362848	4.620022709
4096	128	boundary	prepared	3	17	1719739	365942	4.699485164
4096	128	boundary	prepared	3	18	1971998	399006	4.942276557
4096	128	boundary	prepared	3	19	1693051	373309	4.535253637
4096	128	boundary	prepared	4	0	1664205	391126	4.254907626
4096	128	boundary	prepared	4	1	1667950	371129	4.494259408
4096	128	boundary	prepared	4	2	1739988	377843	4.605055539
4096	128	boundary	prepared	4	3	1670091	373328	4.473521943
4096	128	boundary	prepared	4	4	1710483	382028	4.477376004
4096	128	boundary	prepared	4	5	1751706	368581	4.752567278
4096	128	boundary	prepared	4	6	1662038	371972	4.468180401
4096	128	boundary	prepared	4	7	1659166	371862	4.461778832
4096	128	boundary	prepared	4	8	1725437	409091	4.217733952
4096	128	boundary	prepared	4	9	1667952	400960	4.159896249
4096	128	boundary	prepared	4	10	1654162	388550	4.257269335
4096	128	boundary	prepared	4	11	1755862	381489	4.602654336
4096	128	boundary	prepared	4	12	1663761	406034	4.097590350
4096	128	boundary	prepared	4	13	1663879	369895	4.498246800
4096	128	boundary	prepared	4	14	1763662	371294	4.750041746
4096	128	boundary	prepared	4	15	1656993	370232	4.475553167
4096	128	boundary	prepared	4	16	1694633	369944	4.580782497
4096	128	boundary	prepared	4	17	1731662	370591	4.672703870
4096	128	boundary	prepared	4	18	1663544	530143	3.137915619
4096	128	boundary	prepared	4	19	1694679	385997	4.390394226
4096	128	boundary	prepared	5	0	1687074	385895	4.371847264
4096	128	boundary	prepared	5	1	1692635	372638	4.542303791
4096	128	boundary	prepared	5	2	1767304	379644	4.655161151
4096	128	boundary	prepared	5	3	1697851	373287	4.548379665
4096	128	boundary	prepared	5	4	1687296	383125	4.404035237
4096	128	boundary	prepared	5	5	1747683	394396	4.431289871
4096	128	boundary	prepared	5	6	1964431	376687	5.215022021
4096	128	boundary	prepared	5	7	1925798	375283	5.131588694
4096	128	boundary	prepared	5	8	1761200	380861	4.624259244
4096	128	boundary	prepared	5	9	1670528	370947	4.503414234
4096	128	boundary	prepared	5	10	1671926	374214	4.467833913
4096	128	boundary	prepared	5	11	1751449	398001	4.400614571
4096	128	boundary	prepared	5	12	1672314	372819	4.485592204
4096	128	boundary	prepared	5	13	1682616	373060	4.510309334
4096	128	boundary	prepared	5	14	1778735	374805	4.745761129
4096	128	boundary	prepared	5	15	1674467	375655	4.457459637
4096	128	boundary	prepared	5	16	1671737	383616	4.357839610
4096	128	boundary	prepared	5	17	1738250	374912	4.636421347
4096	128	boundary	prepared	5	18	1686661	384117	4.391008469
4096	128	boundary	prepared	5	19	1678409	374786	4.478312957
4096	128	boundary	prepared	6	0	1694911	411536	4.118499961
4096	128	boundary	prepared	6	1	1672932	363124	4.607054340
4096	128	boundary	prepared	6	2	1738452	372157	4.671286581
4096	128	boundary	prepared	6	3	1911323	366068	5.221223926
4096	128	boundary	prepared	6	4	1680078	377508	4.450443434
4096	128	boundary	prepared	6	5	1788429	366818	4.875521376
4096	128	boundary	prepared	6	6	1689890	369287	4.576088517
4096	128	boundary	prepared	6	7	1653408	368490	4.486982008
4096	128	boundary	prepared	6	8	1722977	372767	4.622128568
4096	128	boundary	prepared	6	9	1651788	361484	4.569463655
4096	128	boundary	prepared	6	10	1690119	364509	4.636700328
4096	128	boundary	prepared	6	11	1731741	361002	4.797039906
4096	128	boundary	prepared	6	12	1653494	362128	4.566048469
4096	128	boundary	prepared	6	13	1659224	364286	4.554728977
4096	128	boundary	prepared	6	14	1721435	362084	4.754242110
4096	128	boundary	prepared	6	15	1657692	361969	4.579651849
4096	128	boundary	prepared	6	16	1656823	372065	4.453047183
4096	128	boundary	prepared	6	17	1719758	403097	4.266362687
4096	128	boundary	prepared	6	18	1676831	375052	4.470929364
4096	128	boundary	prepared	6	19	1662130	366454	4.535712531
4096	128	boundary	prepared	7	0	1644119	363371	4.524629098
4096	128	boundary	prepared	7	1	1642129	347542	4.724980002
4096	128	boundary	prepared	7	2	1724409	356678	4.834637965
4096	128	boundary	prepared	7	3	1685089	348600	4.833875502
4096	128	boundary	prepared	7	4	1676454	362921	4.619335889
4096	128	boundary	prepared	7	5	1728692	344138	5.023252300
4096	128	boundary	prepared	7	6	1661886	380036	4.372969929
4096	128	boundary	prepared	7	7	1638540	350155	4.679470520
4096	128	boundary	prepared	7	8	1696418	354812	4.781174256
4096	128	boundary	prepared	7	9	1661845	388321	4.279565102
4096	128	boundary	prepared	7	10	1642474	352263	4.662635588
4096	128	boundary	prepared	7	11	1715453	346298	4.953690174
4096	128	boundary	prepared	7	12	1638723	350423	4.676413934
4096	128	boundary	prepared	7	13	1631930	349052	4.675320583
4096	128	boundary	prepared	7	14	1733284	350463	4.945697549
4096	128	boundary	prepared	7	15	1645889	347614	4.734817930
4096	128	boundary	prepared	7	16	1635088	347561	4.704463389
4096	128	boundary	prepared	7	17	1707025	351466	4.856870935
4096	128	boundary	prepared	7	18	1641376	358954	4.572663907
4096	128	boundary	prepared	7	19	1648785	351474	4.691058229
4096	128	boundary	prepared	8	0	1673336	391496	4.274209698
4096	128	boundary	prepared	8	1	1723200	379186	4.544471579
4096	128	boundary	prepared	8	2	1742989	385957	4.516018624
4096	128	boundary	prepared	8	3	1682431	397060	4.237221075
4096	128	boundary	prepared	8	4	1671426	405857	4.118263329
4096	128	boundary	prepared	8	5	1745427	377882	4.618973648
4096	128	boundary	prepared	8	6	1682701	387589	4.341457059
4096	128	boundary	prepared	8	7	1689115	378015	4.468380884
4096	128	boundary	prepared	8	8	1805349	386154	4.675204711
4096	128	boundary	prepared	8	9	1697136	371813	4.564488063
4096	128	boundary	prepared	8	10	1672328	436108	3.834664808
4096	128	boundary	prepared	8	11	1766070	396077	4.458905718
4096	128	boundary	prepared	8	12	1701897	378829	4.492520372
4096	128	boundary	prepared	8	13	1700701	382882	4.441841089
4096	128	boundary	prepared	8	14	1752955	380464	4.607413579
4096	128	boundary	prepared	8	15	1666711	378963	4.398083718
4096	128	boundary	prepared	8	16	1682712	383939	4.382758719
4096	128	boundary	prepared	8	17	1756542	381899	4.599493583
4096	128	boundary	prepared	8	18	1694353	389586	4.349111621
4096	128	boundary	prepared	8	19	1690730	379768	4.452007541
4096	128	boundary	prepared	9	0	1669661	381977	4.371103496
4096	128	boundary	prepared	9	1	1686610	370437	4.553027910
4096	128	boundary	prepared	9	2	1734942	378944	4.578359863
4096	128	boundary	prepared	9	3	1689646	371980	4.542303350
4096	128	boundary	prepared	9	4	1679327	413104	4.065143402
4096	128	boundary	prepared	9	5	1739217	379681	4.580732246
4096	128	boundary	prepared	9	6	1931538	372578	5.184251351
4096	128	boundary	prepared	9	7	1658378	370993	4.470105905
4096	128	boundary	prepared	9	8	1724263	377415	4.568612800
4096	128	boundary	prepared	9	9	1657234	367811	4.505667313
4096	128	boundary	prepared	9	10	1669043	380286	4.388915185
4096	128	boundary	prepared	9	11	1742050	367701	4.737680887
4096	128	boundary	prepared	9	12	1658763	369393	4.490510107
4096	128	boundary	prepared	9	13	1711616	367653	4.655520287
4096	128	boundary	prepared	9	14	1974188	368792	5.353120458
4096	128	boundary	prepared	9	15	1660018	383135	4.332723453
4096	128	boundary	prepared	9	16	1696682	381367	4.448948126
4096	128	boundary	prepared	9	17	1723224	371493	4.638644604
4096	128	boundary	prepared	9	18	1674431	407554	4.108488691
4096	128	boundary	prepared	9	19	1670177	384734	4.341121398
4096	128	boundary	prepared	10	0	1710078	408739	4.183789656
4096	128	boundary	prepared	10	1	1868067	422610	4.420309505
4096	128	boundary	prepared	10	2	1771222	376946	4.698874640
4096	128	boundary	prepared	10	3	1659348	362932	4.572063086
4096	128	boundary	prepared	10	4	1677101	376946	4.449181050
4096	128	boundary	prepared	10	5	1720010	354189	4.856192598
4096	128	boundary	prepared	10	6	1659888	359921	4.611812037
4096	128	boundary	prepared	10	7	1652632	359748	4.593860147
4096	128	boundary	prepared	10	8	1711879	364470	4.696899608
4096	128	boundary	prepared	10	9	1648904	356334	4.627411361
4096	128	boundary	prepared	10	10	1644733	395107	4.162753381
4096	128	boundary	prepared	10	11	1720356	355701	4.836522810
4096	128	boundary	prepared	10	12	1643189	355750	4.618943078
4096	128	boundary	prepared	10	13	1646546	366035	4.498329395
4096	128	boundary	prepared	10	14	1712328	359758	4.759666220
4096	128	boundary	prepared	10	15	1644290	356366	4.614048478
4096	128	boundary	prepared	10	16	1656910	355626	4.659136284
4096	128	boundary	prepared	10	17	1775601	359082	4.944834328
4096	128	boundary	prepared	10	18	1660481	365852	4.538668642
4096	128	boundary	prepared	10	19	1649742	360256	4.579360233
4096	128	boundary	fresh_resources	1	0	2113452	1516480	1.393656362
4096	128	boundary	fresh_resources	1	1	2158687	1517216	1.422794777
4096	128	boundary	fresh_resources	1	2	2523191	1492202	1.690917852
4096	128	boundary	fresh_resources	1	3	2176954	1515490	1.436468733
4096	128	boundary	fresh_resources	1	4	2105382	1483062	1.419618330
4096	128	boundary	fresh_resources	1	5	2236382	1501769	1.489165111
4096	128	boundary	fresh_resources	1	6	2108143	1495413	1.409739651
4096	128	boundary	fresh_resources	1	7	2090231	1523325	1.372150395
4096	128	boundary	fresh_resources	1	8	2189892	1481194	1.478463996
4096	128	boundary	fresh_resources	1	9	2167029	1491052	1.453355752
4096	128	boundary	fresh_resources	1	10	2132777	1483785	1.437389514
4096	128	boundary	fresh_resources	1	11	2229816	1534769	1.452867500
4096	128	boundary	fresh_resources	1	12	2105038	1480215	1.422116382
4096	128	boundary	fresh_resources	1	13	2161382	1533191	1.409727816
4096	128	boundary	fresh_resources	1	14	2168962	1477438	1.468056189
4096	128	boundary	fresh_resources	1	15	2163168	1491489	1.450341236
4096	128	boundary	fresh_resources	1	16	2101514	1478596	1.421290197
4096	128	boundary	fresh_resources	1	17	2228598	1531598	1.455080250
4096	128	boundary	fresh_resources	1	18	2107380	1478573	1.425279645
4096	128	boundary	fresh_resources	1	19	2088930	1531993	1.363537562
4096	128	boundary	fresh_resources	2	0	2107882	1485460	1.419009600
4096	128	boundary	fresh_resources	2	1	2094598	1496655	1.399519595
4096	128	boundary	fresh_resources	2	2	2532759	1491674	1.697930647
4096	128	boundary	fresh_resources	2	3	2094440	1484718	1.410665190
4096	128	boundary	fresh_resources	2	4	2136580	1488807	1.435095348
4096	128	boundary	fresh_resources	2	5	2158921	1496575	1.442574545
4096	128	boundary	fresh_resources	2	6	2147618	1486699	1.444554681
4096	128	boundary	fresh_resources	2	7	2096822	1481848	1.415004778
4096	128	boundary	fresh_resources	2	8	2176196	1482745	1.467680552
4096	128	boundary	fresh_resources	2	9	2092893	1481506	1.412679395
4096	128	boundary	fresh_resources	2	10	2129583	1484017	1.435012537
4096	128	boundary	fresh_resources	2	11	2189266	1489792	1.469511180
4096	128	boundary	fresh_resources	2	12	2109750	1493982	1.412165608
4096	128	boundary	fresh_resources	2	13	2091091	1533290	1.363793542
4096	128	boundary	fresh_resources	2	14	2239344	1477014	1.516129163
4096	128	boundary	fresh_resources	2	15	2093169	1486566	1.408056555
4096	128	boundary	fresh_resources	2	16	2099598	1480973	1.417715245
4096	128	boundary	fresh_resources	2	17	2184552	1497159	1.459131595
4096	128	boundary	fresh_resources	2	18	2098475	1480235	1.417663412
4096	128	boundary	fresh_resources	2	19	2093031	1494842	1.400168713
4096	128	boundary	fresh_resources	3	0	2152432	1520179	1.415906943
4096	128	boundary	fresh_resources	3	1	2156292	1556275	1.385546899
4096	128	boundary	fresh_resources	3	2	2563813	1558696	1.644844793
4096	128	boundary	fresh_resources	3	3	2130332	1544156	1.379609314
4096	128	boundary	fresh_resources	3	4	2119701	1536054	1.379965157
4096	128	boundary	fresh_resources	3	5	2200432	1517192	1.450331929
4096	128	boundary	fresh_resources	3	6	2112902	1573105	1.343141113
4096	128	boundary	fresh_resources	3	7	2160075	1509562	1.430928309
4096	128	boundary	fresh_resources	3	8	2181887	1866954	1.168688141
4096	128	boundary	fresh_resources	3	9	2657927	2163218	1.228691237
4096	128	boundary	fresh_resources	3	10	2995871	2106111	1.422465862
4096	128	boundary	fresh_resources	3	11	3131861	2189346	1.430500707
4096	128	boundary	fresh_resources	3	12	3058755	2221479	1.376900254
4096	128	boundary	fresh_resources	3	13	3072101	2218805	1.384574580
4096	128	boundary	fresh_resources	3	14	2958079	2109034	1.402575302
4096	128	boundary	fresh_resources	3	15	3068165	2152578	1.425344401
4096	128	boundary	fresh_resources	3	16	3034267	2221983	1.365567153
4096	128	boundary	fresh_resources	3	17	3133739	2234338	1.402535785
4096	128	boundary	fresh_resources	3	18	3068979	1686761	1.819451007
4096	128	boundary	fresh_resources	3	19	2128625	1507147	1.412353938
4096	128	boundary	fresh_resources	4	0	2349058	1510782	1.554862316
4096	128	boundary	fresh_resources	4	1	2114256	1500536	1.409000517
4096	128	boundary	fresh_resources	4	2	2769938	1535391	1.804060334
4096	128	boundary	fresh_resources	4	3	2104317	1505727	1.397542184
4096	128	boundary	fresh_resources	4	4	2105246	1746822	1.205186333
4096	128	boundary	fresh_resources	4	5	2193738	1558168	1.407895683
4096	128	boundary	fresh_resources	4	6	2121481	1554680	1.364577276
4096	128	boundary	fresh_resources	4	7	2076073	1496834	1.386976111
4096	128	boundary	fresh_resources	4	8	2168830	1510678	1.435666634
4096	128	boundary	fresh_resources	4	9	2109269	1493672	1.412136667
4096	128	boundary	fresh_resources	4	10	2132546	1505911	1.416116889
4096	128	boundary	fresh_resources	4	11	2239255	1490999	1.501848760
4096	128	boundary	fresh_resources	4	12	2104610	1509164	1.394553541
4096	128	boundary	fresh_resources	4	13	2102380	1492281	1.408836539
4096	128	boundary	fresh_resources	4	14	2167899	1501932	1.443406892
4096	128	boundary	fresh_resources	4	15	2077799	1528708	1.359186319
4096	128	boundary	fresh_resources	4	16	2105083	1508866	1.395142445
4096	128	boundary	fresh_resources	4	17	2207664	1492712	1.478961782
4096	128	boundary	fresh_resources	4	18	2103333	1510453	1.392518006
4096	128	boundary	fresh_resources	4	19	2110233	1493753	1.412705447
4096	128	boundary	fresh_resources	5	0	2117915	1509415	1.403136314
4096	128	boundary	fresh_resources	5	1	2128922	1496316	1.422775670
4096	128	boundary	fresh_resources	5	2	2548337	1507351	1.690606236
4096	128	boundary	fresh_resources	5	3	2129824	1516059	1.404842424
4096	128	boundary	fresh_resources	5	4	2129029	1497065	1.422135311
4096	128	boundary	fresh_resources	5	5	2219920	1497493	1.482424292
4096	128	boundary	fresh_resources	5	6	2129238	1494615	1.424606337
4096	128	boundary	fresh_resources	5	7	2186936	1494885	1.462945979
4096	128	boundary	fresh_resources	5	8	2195363	1500022	1.463553868
4096	128	boundary	fresh_resources	5	9	2125849	1499489	1.417715635
4096	128	boundary	fresh_resources	5	10	2126913	1501077	1.416924648
4096	128	boundary	fresh_resources	5	11	2193579	1494766	1.467506620
4096	128	boundary	fresh_resources	5	12	2124910	1500291	1.416331898
4096	128	boundary	fresh_resources	5	13	2130268	1497525	1.422525834
4096	128	boundary	fresh_resources	5	14	2202377	1492819	1.475314154
4096	128	boundary	fresh_resources	5	15	2163255	1492197	1.449711399
4096	128	boundary	fresh_resources	5	16	2127636	1503235	1.415371515
4096	128	boundary	fresh_resources	5	17	2211059	1496003	1.477977651
4096	128	boundary	fresh_resources	5	18	2123245	1529036	1.388616749
4096	128	boundary	fresh_resources	5	19	2124875	1493083	1.423145934
4096	128	boundary	fresh_resources	6	0	2197486	1511535	1.453810861
4096	128	boundary	fresh_resources	6	1	2189481	1567745	1.396579801
4096	128	boundary	fresh_resources	6	2	2599423	1518437	1.711907047
4096	128	boundary	fresh_resources	6	3	2185647	1569576	1.392507913
4096	128	boundary	fresh_resources	6	4	2127193	1511955	1.406915550
4096	128	boundary	fresh_resources	6	5	2258771	1572860	1.436091578
4096	128	boundary	fresh_resources	6	6	2127466	1511455	1.407561588
4096	128	boundary	fresh_resources	6	7	2186990	1585277	1.379563319
4096	128	boundary	fresh_resources	6	8	2187970	1508790	1.450148795
4096	128	boundary	fresh_resources	6	9	2111344	1564190	1.349800216
4096	128	boundary	fresh_resources	6	10	2121913	1510691	1.404597631
4096	128	boundary	fresh_resources	6	11	2310628	1541348	1.499095597
4096	128	boundary	fresh_resources	6	12	2227332	1570350	1.418366606
4096	128	boundary	fresh_resources	6	13	2125579	1529179	1.390013203
4096	128	boundary	fresh_resources	6	14	2177316	1519835	1.432600249
4096	128	boundary	fresh_resources	6	15	2120658	1543447	1.373975264
4096	128	boundary	fresh_resources	6	16	2109292	1515435	1.391872301
4096	128	boundary	fresh_resources	6	17	2183173	1522113	1.434304155
4096	128	boundary	fresh_resources	6	18	2113609	1504986	1.404404426
4096	128	boundary	fresh_resources	6	19	2189920	1548889	1.413865035
4096	128	boundary	fresh_resources	7	0	2096549	1480389	1.416214927
4096	128	boundary	fresh_resources	7	1	2084019	1503373	1.386228833
4096	128	boundary	fresh_resources	7	2	2509628	1486347	1.688453638
4096	128	boundary	fresh_resources	7	3	2081028	1519162	1.369852590
4096	128	boundary	fresh_resources	7	4	2131400	1477966	1.442117072
4096	128	boundary	fresh_resources	7	5	2153975	1522086	1.415146713
4096	128	boundary	fresh_resources	7	6	2148309	1479678	1.451876016
4096	128	boundary	fresh_resources	7	7	2082565	1495046	1.392977206
4096	128	boundary	fresh_resources	7	8	2155390	1470009	1.466242724
4096	128	boundary	fresh_resources	7	9	2073255	1491025	1.390489764
4096	128	boundary	fresh_resources	7	10	2088663	1476858	1.414261222
4096	128	boundary	fresh_resources	7	11	2155901	1493792	1.443240424
4096	128	boundary	fresh_resources	7	12	2268306	1559442	1.454562594
4096	128	boundary	fresh_resources	7	13	2113676	1528918	1.382465247
4096	128	boundary	fresh_resources	7	14	2207452	1513421	1.458584227
4096	128	boundary	fresh_resources	7	15	2109909	1532204	1.377041830
4096	128	boundary	fresh_resources	7	16	2119356	1514635	1.399251965
4096	128	boundary	fresh_resources	7	17	2179439	1523950	1.430125004
4096	128	boundary	fresh_resources	7	18	2120766	1511954	1.402665690
4096	128	boundary	fresh_resources	7	19	2111925	1523964	1.385810295
4096	128	boundary	fresh_resources	8	0	2374776	1539190	1.542873849
4096	128	boundary	fresh_resources	8	1	2141678	1523850	1.405438856
4096	128	boundary	fresh_resources	8	2	2567111	1543495	1.663180639
4096	128	boundary	fresh_resources	8	3	2137037	1521657	1.404414398
4096	128	boundary	fresh_resources	8	4	2127184	1569147	1.355630798
4096	128	boundary	fresh_resources	8	5	2260805	1520871	1.486519896
4096	128	boundary	fresh_resources	8	6	2391951	1522591	1.570974083
4096	128	boundary	fresh_resources	8	7	2140152	1522540	1.405645829
4096	128	boundary	fresh_resources	8	8	2225759	1554035	1.432245091
4096	128	boundary	fresh_resources	8	9	2145257	1550452	1.383633289
4096	128	boundary	fresh_resources	8	10	2160175	1524241	1.417213551
4096	128	boundary	fresh_resources	8	11	2198483	1522637	1.443865478
4096	128	boundary	fresh_resources	8	12	2174771	1519624	1.431124410
4096	128	boundary	fresh_resources	8	13	2145820	1523787	1.408215190
4096	128	boundary	fresh_resources	8	14	2203837	1542914	1.428360233
4096	128	boundary	fresh_resources	8	15	2125553	1562639	1.360232914
4096	128	boundary	fresh_resources	8	16	2139695	1517564	1.409953715
4096	128	boundary	fresh_resources	8	17	2235527	1568380	1.425373315
4096	128	boundary	fresh_resources	8	18	2136203	1540945	1.386294125
4096	128	boundary	fresh_resources	8	19	2126685	1561939	1.361567257
4096	128	boundary	fresh_resources	9	0	2122912	1520415	1.396271413
4096	128	boundary	fresh_resources	9	1	2128497	1493214	1.425446721
4096	128	boundary	fresh_resources	9	2	2561214	1500881	1.706473731
4096	128	boundary	fresh_resources	9	3	2115343	1506080	1.404535616
4096	128	boundary	fresh_resources	9	4	2126660	1496843	1.420763567
4096	128	boundary	fresh_resources	9	5	2182164	1519677	1.435939348
4096	128	boundary	fresh_resources	9	6	2195915	1490981	1.472798781
4096	128	boundary	fresh_resources	9	7	2112559	1518922	1.390827837
4096	128	boundary	fresh_resources	9	8	2196765	1495603	1.468815588
4096	128	boundary	fresh_resources	9	9	2108334	1503029	1.402723434
4096	128	boundary	fresh_resources	9	10	2123131	1503079	1.412521231
4096	128	boundary	fresh_resources	9	11	2188562	1556822	1.405788202
4096	128	boundary	fresh_resources	9	12	2137994	1489533	1.435345172
4096	128	boundary	fresh_resources	9	13	2111758	1515380	1.393550133
4096	128	boundary	fresh_resources	9	14	2191548	1500390	1.460652230
4096	128	boundary	fresh_resources	9	15	2123995	1509077	1.407479539
4096	128	boundary	fresh_resources	9	16	2132740	1492705	1.428775277
4096	128	boundary	fresh_resources	9	17	2178877	1502348	1.450314441
4096	128	boundary	fresh_resources	9	18	2126437	1537405	1.383133917
4096	128	boundary	fresh_resources	9	19	2224251	1626151	1.367801022
4096	128	boundary	fresh_resources	10	0	2110347	1491519	1.414897832
4096	128	boundary	fresh_resources	10	1	2090620	1509616	1.384868735
4096	128	boundary	fresh_resources	10	2	2532500	1495282	1.693660460
4096	128	boundary	fresh_resources	10	3	2096945	1503037	1.395138643
4096	128	boundary	fresh_resources	10	4	2109250	1489760	1.415832080
4096	128	boundary	fresh_resources	10	5	2161898	1529982	1.413021853
4096	128	boundary	fresh_resources	10	6	2106018	1490062	1.413376088
4096	128	boundary	fresh_resources	10	7	2088238	1497647	1.394345931
4096	128	boundary	fresh_resources	10	8	2172145	1497255	1.450751542
4096	128	boundary	fresh_resources	10	9	2093820	1502607	1.393458170
4096	128	boundary	fresh_resources	10	10	2352576	1489636	1.579295882
4096	128	boundary	fresh_resources	10	11	2159241	1504385	1.435298145
4096	128	boundary	fresh_resources	10	12	2142539	1490564	1.437401547
4096	128	boundary	fresh_resources	10	13	2090978	1539366	1.358337134
4096	128	boundary	fresh_resources	10	14	2171494	1493650	1.453817159
4096	128	boundary	fresh_resources	10	15	2095021	1504159	1.392818844
4096	128	boundary	fresh_resources	10	16	2111869	1490383	1.416997510
4096	128	boundary	fresh_resources	10	17	2156252	1506193	1.431590772
4096	128	boundary	fresh_resources	10	18	2093653	1488812	1.406257472
4096	128	boundary	fresh_resources	10	19	2095681	1506162	1.391404776
4096	128	sparse4	prepared	1	0	4883519	408783	11.946482608
4096	128	sparse4	prepared	1	1	1576440	371328	4.245411065
4096	128	sparse4	prepared	1	2	1756880	375870	4.674169261
4096	128	sparse4	prepared	1	3	1714253	366428	4.678280590
4096	128	sparse4	prepared	1	4	1588863	371457	4.277380693
4096	128	sparse4	prepared	1	5	1730797	2254291	0.767778871
4096	128	sparse4	prepared	1	6	1716450	386293	4.443388827
4096	128	sparse4	prepared	1	7	1642528	370438	4.434015949
4096	128	sparse4	prepared	1	8	1722303	373231	4.614576496
4096	128	sparse4	prepared	1	9	1796700	366610	4.900848313
4096	128	sparse4	prepared	1	10	1606076	372843	4.307646918
4096	128	sparse4	prepared	1	11	1753614	371612	4.718938032
4096	128	sparse4	prepared	1	12	1721266	373669	4.606392288
4096	128	sparse4	prepared	1	13	1828131	363610	5.027724760
4096	128	sparse4	prepared	1	14	1700969	364506	4.666504804
4096	128	sparse4	prepared	1	15	1745240	350800	4.975028506
4096	128	sparse4	prepared	1	16	1558693	356750	4.369146461
4096	128	sparse4	prepared	1	17	1745889	364755	4.786470371
4096	128	sparse4	prepared	1	18	1714065	361188	4.745631084
4096	128	sparse4	prepared	1	19	1552498	353273	4.394612665
4096	128	sparse4	prepared	2	0	4954870	375078	13.210238937
4096	128	sparse4	prepared	2	1	1604171	362155	4.429514987
4096	128	sparse4	prepared	2	2	1718647	365349	4.704124002
4096	128	sparse4	prepared	2	3	1874309	417252	4.492031195
4096	128	sparse4	prepared	2	4	1575042	363066	4.338169920
4096	128	sparse4	prepared	2	5	1712137	2256168	0.758869464
4096	128	sparse4	prepared	2	6	1754367	366120	4.791781383
4096	128	sparse4	prepared	2	7	1566593	359791	4.354175063
4096	128	sparse4	prepared	2	8	1750537	365144	4.794100410
4096	128	sparse4	prepared	2	9	1792993	357315	5.017961742
4096	128	sparse4	prepared	2	10	1585745	364688	4.348223687
4096	128	sparse4	prepared	2	11	1737942	364041	4.774028200
4096	128	sparse4	prepared	2	12	1710592	363609	4.704482012
4096	128	sparse4	prepared	2	13	1574075	372702	4.223414417
4096	128	sparse4	prepared	2	14	1711839	371264	4.610840265
4096	128	sparse4	prepared	2	15	1716086	360855	4.755610979
4096	128	sparse4	prepared	2	16	1577590	372889	4.230722816
4096	128	sparse4	prepared	2	17	1702044	357012	4.767470001
4096	128	sparse4	prepared	2	18	1760931	365139	4.822631929
4096	128	sparse4	prepared	2	19	1570358	357721	4.389896036
4096	128	sparse4	prepared	3	0	5242513	370777	14.139261605
4096	128	sparse4	prepared	3	1	1647423	352854	4.668851706
4096	128	sparse4	prepared	3	2	1717285	359459	4.777415505
4096	128	sparse4	prepared	3	3	1729743	352655	4.904915569
4096	128	sparse4	prepared	3	4	1578274	358596	4.401259356
4096	128	sparse4	prepared	3	5	1709146	2297667	0.743861491
4096	128	sparse4	prepared	3	6	1726970	358050	4.823264907
4096	128	sparse4	prepared	3	7	1564968	356612	4.388433367
4096	128	sparse4	prepared	3	8	1730842	358863	4.823127489
4096	128	sparse4	prepared	3	9	1824542	351156	5.195816105
4096	128	sparse4	prepared	3	10	1591151	358889	4.433546305
4096	128	sparse4	prepared	3	11	1732776	354051	4.894142369
4096	128	sparse4	prepared	3	12	1726480	371820	4.643322038
4096	128	sparse4	prepared	3	13	1569595	354396	4.428929785
4096	128	sparse4	prepared	3	14	1750455	360538	4.855119294
4096	128	sparse4	prepared	3	15	1708445	354532	4.818873896
4096	128	sparse4	prepared	3	16	1572233	358367	4.387214783
4096	128	sparse4	prepared	3	17	1717015	349380	4.914462763
4096	128	sparse4	prepared	3	18	1731933	359079	4.823264518
4096	128	sparse4	prepared	3	19	1557563	347504	4.482144090
4096	128	sparse4	prepared	4	0	4957334	379277	13.070484105
4096	128	sparse4	prepared	4	1	1586703	364151	4.357266628
4096	128	sparse4	prepared	4	2	1710636	364544	4.692536429
4096	128	sparse4	prepared	4	3	1733474	360679	4.806140640
4096	128	sparse4	prepared	4	4	1575108	397436	3.963173945
4096	128	sparse4	prepared	4	5	1729630	2271997	0.761281815
4096	128	sparse4	prepared	4	6	1776285	363909	4.881124127
4096	128	sparse4	prepared	4	7	1583692	374516	4.228636427
4096	128	sparse4	prepared	4	8	1711835	370571	4.619452143
4096	128	sparse4	prepared	4	9	1752582	366109	4.787049758
4096	128	sparse4	prepared	4	10	1615464	377352	4.281053234
4096	128	sparse4	prepared	4	11	1712312	367626	4.657755436
4096	128	sparse4	prepared	4	12	1730623	408569	4.235815737
4096	128	sparse4	prepared	4	13	1568926	369278	4.248631113
4096	128	sparse4	prepared	4	14	1720311	372311	4.620628990
4096	128	sparse4	prepared	4	15	1716910	365390	4.698842333
4096	128	sparse4	prepared	4	16	1845341	371354	4.969223436
4096	128	sparse4	prepared	4	17	1721346	363714	4.732691070
4096	128	sparse4	prepared	4	18	1720526	400314	4.297941116
4096	128	sparse4	prepared	4	19	1585260	399704	3.966084903
4096	128	sparse4	prepared	5	0	4896834	386997	12.653415918
4096	128	sparse4	prepared	5	1	1644547	373319	4.405205736
4096	128	sparse4	prepared	5	2	1734326	376054	4.611906801
4096	128	sparse4	prepared	5	3	1776740	405467	4.381959568
4096	128	sparse4	prepared	5	4	1607373	377629	4.256487187
4096	128	sparse4	prepared	5	5	1756002	2266095	0.774902200
4096	128	sparse4	prepared	5	6	1733223	375243	4.618934930
4096	128	sparse4	prepared	5	7	1591954	370971	4.291316572
4096	128	sparse4	prepared	5	8	1730727	386273	4.480579797
4096	128	sparse4	prepared	5	9	1762131	370846	4.751651629
4096	128	sparse4	prepared	5	10	1603936	374443	4.283525129
4096	128	sparse4	prepared	5	11	1757770	368529	4.769692480
4096	128	sparse4	prepared	5	12	1775526	377801	4.699632876
4096	128	sparse4	prepared	5	13	1602512	368622	4.347304285
4096	128	sparse4	prepared	5	14	1748045	373849	4.675804937
4096	128	sparse4	prepared	5	15	1776611	368867	4.816399949
4096	128	sparse4	prepared	5	16	1610429	395708	4.069740819
4096	128	sparse4	prepared	5	17	1758907	368909	4.767861451
4096	128	sparse4	prepared	5	18	1768304	378677	4.669689472
4096	128	sparse4	prepared	5	19	1589800	369943	4.297418792
4096	128	sparse4	prepared	6	0	5208244	380542	13.686384157
4096	128	sparse4	prepared	6	1	1594269	364972	4.368195368
4096	128	sparse4	prepared	6	2	1716810	367351	4.673486665
4096	128	sparse4	prepared	6	3	1763347	362479	4.864687334
4096	128	sparse4	prepared	6	4	1586132	369003	4.298425758
4096	128	sparse4	prepared	6	5	1723914	2291127	0.752430572
4096	128	sparse4	prepared	6	6	1754646	368545	4.761008832
4096	128	sparse4	prepared	6	7	1584165	364060	4.351384387
4096	128	sparse4	prepared	6	8	1716436	400836	4.282140327
4096	128	sparse4	prepared	6	9	1745705	360411	4.843650721
4096	128	sparse4	prepared	6	10	1575866	383540	4.108739636
4096	128	sparse4	prepared	6	11	1712872	364135	4.703947712
4096	128	sparse4	prepared	6	12	1730076	371584	4.655948588
4096	128	sparse4	prepared	6	13	1580798	382749	4.130116604
4096	128	sparse4	prepared	6	14	1753134	371285	4.721801312
4096	128	sparse4	prepared	6	15	1717760	361406	4.752992479
4096	128	sparse4	prepared	6	16	1599231	363810	4.395786262
4096	128	sparse4	prepared	6	17	1720549	359721	4.783009610
4096	128	sparse4	prepared	6	18	1769488	368769	4.798364288
4096	128	sparse4	prepared	6	19	1643862	360060	4.565522413
4096	128	sparse4	prepared	7	0	5189044	377706	13.738314986
4096	128	sparse4	prepared	7	1	1578198	368260	4.285553685
4096	128	sparse4	prepared	7	2	1728804	366022	4.723224287
4096	128	sparse4	prepared	7	3	1728656	359492	4.808607702
4096	128	sparse4	prepared	7	4	1581819	364885	4.335116544
4096	128	sparse4	prepared	7	5	1708605	2308011	0.740293266
4096	128	sparse4	prepared	7	6	1727533	365560	4.725716709
4096	128	sparse4	prepared	7	7	1566617	361028	4.339322712
4096	128	sparse4	prepared	7	8	1741935	364752	4.775669496
4096	128	sparse4	prepared	7	9	1753237	355801	4.927577494
4096	128	sparse4	prepared	7	10	1601631	363453	4.406707332
4096	128	sparse4	prepared	7	11	1730593	355430	4.869012182
4096	128	sparse4	prepared	7	12	1717323	365693	4.696078405
4096	128	sparse4	prepared	7	13	1578149	368595	4.281525794
4096	128	sparse4	prepared	7	14	1712867	371411	4.611783173
4096	128	sparse4	prepared	7	15	1714182	357036	4.801146103
4096	128	sparse4	prepared	7	16	1578460	364716	4.327915419
4096	128	sparse4	prepared	7	17	1714665	357207	4.800199884
4096	128	sparse4	prepared	7	18	1987269	367634	5.405563686
4096	128	sparse4	prepared	7	19	1580218	357860	4.415743587
4096	128	sparse4	prepared	8	0	5175550	395810	13.075844471
4096	128	sparse4	prepared	8	1	1600644	377365	4.241633432
4096	128	sparse4	prepared	8	2	1745133	383258	4.553415715
4096	128	sparse4	prepared	8	3	1773330	387782	4.573007515
4096	128	sparse4	prepared	8	4	1644940	403666	4.075002601
4096	128	sparse4	prepared	8	5	1994210	2318738	0.860041109
4096	128	sparse4	prepared	8	6	1801520	384188	4.689162597
4096	128	sparse4	prepared	8	7	1625221	375258	4.330942978
4096	128	sparse4	prepared	8	8	1729024	379861	4.551728132
4096	128	sparse4	prepared	8	9	1760770	374467	4.702069875
4096	128	sparse4	prepared	8	10	1594451	385511	4.135941646
4096	128	sparse4	prepared	8	11	1754356	377968	4.641546374
4096	128	sparse4	prepared	8	12	1744804	380318	4.587750251
4096	128	sparse4	prepared	8	13	1593567	374787	4.251927095
4096	128	sparse4	prepared	8	14	1760131	381782	4.610303786
4096	128	sparse4	prepared	8	15	1725441	375320	4.597253011
4096	128	sparse4	prepared	8	16	1606134	377909	4.250054907
4096	128	sparse4	prepared	8	17	1742616	370304	4.705906498
4096	128	sparse4	prepared	8	18	1746382	380978	4.583944480
4096	128	sparse4	prepared	8	19	1607486	373298	4.306173620
4096	128	sparse4	prepared	9	0	4917610	431265	11.402757006
4096	128	sparse4	prepared	9	1	1585420	374637	4.231883130
4096	128	sparse4	prepared	9	2	1736671	377645	4.598686597
4096	128	sparse4	prepared	9	3	1726589	369067	4.678253542
4096	128	sparse4	prepared	9	4	1637607	392146	4.176013526
4096	128	sparse4	prepared	9	5	1720575	2272717	0.757056422
4096	128	sparse4	prepared	9	6	1724600	375000	4.598933333
4096	128	sparse4	prepared	9	7	1578467	371469	4.249256331
4096	128	sparse4	prepared	9	8	1728620	376334	4.593313387
4096	128	sparse4	prepared	9	9	1742789	368016	4.735633777
4096	128	sparse4	prepared	9	10	1622978	412070	3.938597811
4096	128	sparse4	prepared	9	11	1729151	369283	4.682454919
4096	128	sparse4	prepared	9	12	1741048	382008	4.557621830
4096	128	sparse4	prepared	9	13	1601033	366628	4.366914147
4096	128	sparse4	prepared	9	14	1729415	373641	4.628547188
4096	128	sparse4	prepared	9	15	1727941	369363	4.678164841
4096	128	sparse4	prepared	9	16	1592747	414409	3.843417976
4096	128	sparse4	prepared	9	17	1722881	370701	4.647629761
4096	128	sparse4	prepared	9	18	1760288	380351	4.628061974
4096	128	sparse4	prepared	9	19	1585700	367579	4.313902590
4096	128	sparse4	prepared	10	0	5094470	373080	13.655167792
4096	128	sparse4	prepared	10	1	1569641	356858	4.398503046
4096	128	sparse4	prepared	10	2	1739304	364598	4.770470491
4096	128	sparse4	prepared	10	3	1704885	356871	4.777314492
4096	128	sparse4	prepared	10	4	1587985	361523	4.392486785
4096	128	sparse4	prepared	10	5	1756035	2239058	0.784274012
4096	128	sparse4	prepared	10	6	1711293	357205	4.790786803
4096	128	sparse4	prepared	10	7	1561953	366676	4.259763388
4096	128	sparse4	prepared	10	8	1707430	363590	4.696031244
4096	128	sparse4	prepared	10	9	1737928	355650	4.886624490
4096	128	sparse4	prepared	10	10	1579189	362755	4.353321112
4096	128	sparse4	prepared	10	11	1701515	356614	4.771307352
4096	128	sparse4	prepared	10	12	1724005	362391	4.757306335
4096	128	sparse4	prepared	10	13	1608842	356186	4.516859169
4096	128	sparse4	prepared	10	14	1963906	358143	5.483580581
4096	128	sparse4	prepared	10	15	1731793	355228	4.875159053
4096	128	sparse4	prepared	10	16	1575454	358357	4.396325452
4096	128	sparse4	prepared	10	17	1702950	360816	4.719718638
4096	128	sparse4	prepared	10	18	1711634	367987	4.651343662
4096	128	sparse4	prepared	10	19	1559721	356955	4.369517166
4096	128	sparse4	fresh_resources	1	0	2223087	1479438	1.502656414
4096	128	sparse4	fresh_resources	1	1	2072456	1486042	1.394614688
4096	128	sparse4	fresh_resources	1	2	2152262	1484466	1.449856043
4096	128	sparse4	fresh_resources	1	3	2148652	1527974	1.406209792
4096	128	sparse4	fresh_resources	1	4	2012268	1481081	1.358648177
4096	128	sparse4	fresh_resources	1	5	2140564	1476773	1.449487497
4096	128	sparse4	fresh_resources	1	6	2153635	1481502	1.453683491
4096	128	sparse4	fresh_resources	1	7	2083869	1522443	1.368766515
4096	128	sparse4	fresh_resources	1	8	2213712	1493460	1.482270700
4096	128	sparse4	fresh_resources	1	9	2179185	1532575	1.421910836
4096	128	sparse4	fresh_resources	1	10	2046291	1500692	1.363564942
4096	128	sparse4	fresh_resources	1	11	2234783	1539181	1.451929955
4096	128	sparse4	fresh_resources	1	12	2175155	1495466	1.454499801
4096	128	sparse4	fresh_resources	1	13	2125826	1544674	1.376229547
4096	128	sparse4	fresh_resources	1	14	2204652	1499580	1.470179650
4096	128	sparse4	fresh_resources	1	15	2217446	1532765	1.446696656
4096	128	sparse4	fresh_resources	1	16	2070455	1497734	1.382391666
4096	128	sparse4	fresh_resources	1	17	2243491	1552187	1.445374172
4096	128	sparse4	fresh_resources	1	18	2182694	1501491	1.453684371
4096	128	sparse4	fresh_resources	1	19	2084468	1523806	1.367935288
4096	128	sparse4	fresh_resources	2	0	2169134	1475351	1.470249453
4096	128	sparse4	fresh_resources	2	1	2012403	1496341	1.344882617
4096	128	sparse4	fresh_resources	2	2	2166318	1487951	1.455906814
4096	128	sparse4	fresh_resources	2	3	2192754	1528258	1.434806165
4096	128	sparse4	fresh_resources	2	4	2046685	1485597	1.377685200
4096	128	sparse4	fresh_resources	2	5	2195587	1492341	1.471236802
4096	128	sparse4	fresh_resources	2	6	2166344	1484733	1.459079848
4096	128	sparse4	fresh_resources	2	7	2011868	1537358	1.308652897
4096	128	sparse4	fresh_resources	2	8	2167070	1481419	1.462833945
4096	128	sparse4	fresh_resources	2	9	2154530	1492149	1.443910762
4096	128	sparse4	fresh_resources	2	10	2059543	1487116	1.384924243
4096	128	sparse4	fresh_resources	2	11	2208381	1530882	1.442554684
4096	128	sparse4	fresh_resources	2	12	2170871	1485823	1.461056263
4096	128	sparse4	fresh_resources	2	13	2011379	1491922	1.348179731
4096	128	sparse4	fresh_resources	2	14	2184730	1484850	1.471347274
4096	128	sparse4	fresh_resources	2	15	2162767	1491252	1.450302833
4096	128	sparse4	fresh_resources	2	16	2026655	1483065	1.366531474
4096	128	sparse4	fresh_resources	2	17	2198651	1487322	1.478261600
4096	128	sparse4	fresh_resources	2	18	2188677	1481863	1.476976617
4096	128	sparse4	fresh_resources	2	19	2011857	1492932	1.347587834
4096	128	sparse4	fresh_resources	3	0	2173235	1581899	1.373814005
4096	128	sparse4	fresh_resources	3	1	2026787	1508055	1.343974192
4096	128	sparse4	fresh_resources	3	2	2159444	1517901	1.422651411
4096	128	sparse4	fresh_resources	3	3	2175878	1507639	1.443235416
4096	128	sparse4	fresh_resources	3	4	2032568	1516744	1.340086396
4096	128	sparse4	fresh_resources	3	5	2174640	1503259	1.446616984
4096	128	sparse4	fresh_resources	3	6	2172631	1516811	1.432367645
4096	128	sparse4	fresh_resources	3	7	2069064	1505215	1.374596984
4096	128	sparse4	fresh_resources	3	8	2155151	1552261	1.388394735
4096	128	sparse4	fresh_resources	3	9	2193449	1555824	1.409831061
4096	128	sparse4	fresh_resources	3	10	2084723	1541115	1.352736817
4096	128	sparse4	fresh_resources	3	11	2191197	1508306	1.452753619
4096	128	sparse4	fresh_resources	3	12	2172417	1528332	1.421430030
4096	128	sparse4	fresh_resources	3	13	2042937	1503248	1.359015279
4096	128	sparse4	fresh_resources	3	14	2254535	1554146	1.450658432
4096	128	sparse4	fresh_resources	3	15	2184885	1527401	1.430459323
4096	128	sparse4	fresh_resources	3	16	2026179	1550277	1.306978688
4096	128	sparse4	fresh_resources	3	17	2204574	1506941	1.462946459
4096	128	sparse4	fresh_resources	3	18	2173226	1519850	1.429895055
4096	128	sparse4	fresh_resources	3	19	2036981	1514434	1.345044419
4096	128	sparse4	fresh_resources	4	0	2184351	1508482	1.448045784
4096	128	sparse4	fresh_resources	4	1	2064440	1492001	1.383671995
4096	128	sparse4	fresh_resources	4	2	2185014	1516613	1.440719551
4096	128	sparse4	fresh_resources	4	3	2179580	1496643	1.456312561
4096	128	sparse4	fresh_resources	4	4	2076667	1506635	1.378347775
4096	128	sparse4	fresh_resources	4	5	2171735	1496862	1.450858529
4096	128	sparse4	fresh_resources	4	6	2169103	1511511	1.435056047
4096	128	sparse4	fresh_resources	4	7	2022725	1492092	1.355630216
4096	128	sparse4	fresh_resources	4	8	2156522	1547315	1.393718797
4096	128	sparse4	fresh_resources	4	9	2201125	1491508	1.475771501
4096	128	sparse4	fresh_resources	4	10	2028484	1512579	1.341076400
4096	128	sparse4	fresh_resources	4	11	2176438	1495040	1.455772421
4096	128	sparse4	fresh_resources	4	12	2193337	1521683	1.441388910
4096	128	sparse4	fresh_resources	4	13	2029669	1494435	1.358151408
4096	128	sparse4	fresh_resources	4	14	2174195	1501666	1.447855249
4096	128	sparse4	fresh_resources	4	15	2219805	1492200	1.487605549
4096	128	sparse4	fresh_resources	4	16	2055994	1508976	1.362509410
4096	128	sparse4	fresh_resources	4	17	2273732	1493958	1.521951755
4096	128	sparse4	fresh_resources	4	18	2193171	1506042	1.456248232
4096	128	sparse4	fresh_resources	4	19	2056250	1492327	1.377881657
4096	128	sparse4	fresh_resources	5	0	2188996	1494426	1.464773766
4096	128	sparse4	fresh_resources	5	1	2054397	1504254	1.365724804
4096	128	sparse4	fresh_resources	5	2	2197062	1496437	1.468195454
4096	128	sparse4	fresh_resources	5	3	2224284	1514156	1.468992627
4096	128	sparse4	fresh_resources	5	4	2072803	1515852	1.367417795
4096	128	sparse4	fresh_resources	5	5	2197795	1500438	1.464768954
4096	128	sparse4	fresh_resources	5	6	2193665	1516350	1.446674580
4096	128	sparse4	fresh_resources	5	7	2040754	1498697	1.361685517
4096	128	sparse4	fresh_resources	5	8	2435812	1492763	1.631747303
4096	128	sparse4	fresh_resources	5	9	2194569	1499176	1.463850142
4096	128	sparse4	fresh_resources	5	10	2082323	1494588	1.393242151
4096	128	sparse4	fresh_resources	5	11	2224767	1514899	1.468590975
4096	128	sparse4	fresh_resources	5	12	2173469	1495666	1.453178049
4096	128	sparse4	fresh_resources	5	13	2049154	1507058	1.359704802
4096	128	sparse4	fresh_resources	5	14	2184078	1494303	1.461603169
4096	128	sparse4	fresh_resources	5	15	2183733	1512558	1.443735050
4096	128	sparse4	fresh_resources	5	16	2034739	1500264	1.356253966
4096	128	sparse4	fresh_resources	5	17	2179863	1520296	1.433841173
4096	128	sparse4	fresh_resources	5	18	2181211	1508878	1.445584732
4096	128	sparse4	fresh_resources	5	19	2033703	1531453	1.327956522
4096	128	sparse4	fresh_resources	6	0	2183046	1509225	1.446468220
4096	128	sparse4	fresh_resources	6	1	2122010	1554300	1.365251238
4096	128	sparse4	fresh_resources	6	2	2175213	1508464	1.442005245
4096	128	sparse4	fresh_resources	6	3	2287880	1551390	1.474729114
4096	128	sparse4	fresh_resources	6	4	2038594	1511433	1.348782248
4096	128	sparse4	fresh_resources	6	5	2186377	1524624	1.434043410
4096	128	sparse4	fresh_resources	6	6	2183156	1511232	1.444620019
4096	128	sparse4	fresh_resources	6	7	2154562	1528655	1.409449483
4096	128	sparse4	fresh_resources	6	8	2180283	1510759	1.443170618
4096	128	sparse4	fresh_resources	6	9	2296492	1548692	1.482859084
4096	128	sparse4	fresh_resources	6	10	2084931	1509401	1.381296952
4096	128	sparse4	fresh_resources	6	11	2171545	1559368	1.392580199
4096	128	sparse4	fresh_resources	6	12	2231375	1504625	1.483010717
4096	128	sparse4	fresh_resources	6	13	2102504	1522210	1.381218097
4096	128	sparse4	fresh_resources	6	14	2170421	1509757	1.437596249
4096	128	sparse4	fresh_resources	6	15	2234951	1529775	1.460967136
4096	128	sparse4	fresh_resources	6	16	2054170	1506355	1.363669255
4096	128	sparse4	fresh_resources	6	17	2238434	1581647	1.415255111
4096	128	sparse4	fresh_resources	6	18	2199475	1509497	1.457091336
4096	128	sparse4	fresh_resources	6	19	2071835	1567573	1.321683265
4096	128	sparse4	fresh_resources	7	0	2172228	1531813	1.418076488
4096	128	sparse4	fresh_resources	7	1	2073880	1516151	1.367858478
4096	128	sparse4	fresh_resources	7	2	2163572	1530894	1.413273551
4096	128	sparse4	fresh_resources	7	3	2193200	1526449	1.436798740
4096	128	sparse4	fresh_resources	7	4	2032353	1532543	1.326131143
4096	128	sparse4	fresh_resources	7	5	2190274	1537914	1.424184967
4096	128	sparse4	fresh_resources	7	6	2198429	1536741	1.430578738
4096	128	sparse4	fresh_resources	7	7	2050000	1514026	1.354005810
4096	128	sparse4	fresh_resources	7	8	2169976	1528021	1.420121844
4096	128	sparse4	fresh_resources	7	9	2188697	1508802	1.450619100
4096	128	sparse4	fresh_resources	7	10	2036916	1528480	1.332641579
4096	128	sparse4	fresh_resources	7	11	2180899	1513143	1.441303961
4096	128	sparse4	fresh_resources	7	12	2170701	1528242	1.420390881
4096	128	sparse4	fresh_resources	7	13	2042171	1507854	1.354355926
4096	128	sparse4	fresh_resources	7	14	2165624	1531216	1.414316465
4096	128	sparse4	fresh_resources	7	15	2178240	1508808	1.443682695
4096	128	sparse4	fresh_resources	7	16	2023348	1546412	1.308414575
4096	128	sparse4	fresh_resources	7	17	2169240	1513554	1.433209519
4096	128	sparse4	fresh_resources	7	18	2168563	1545393	1.403243706
4096	128	sparse4	fresh_resources	7	19	2062885	1519412	1.357686394
4096	128	sparse4	fresh_resources	8	0	2185693	1542846	1.416663102
4096	128	sparse4	fresh_resources	8	1	2108768	1530709	1.377641341
4096	128	sparse4	fresh_resources	8	2	2208220	1555804	1.419343311
4096	128	sparse4	fresh_resources	8	3	2199915	1524288	1.443241041
4096	128	sparse4	fresh_resources	8	4	2059845	1517490	1.357402685
4096	128	sparse4	fresh_resources	8	5	2226114	1518585	1.465913334
4096	128	sparse4	fresh_resources	8	6	2228856	1534562	1.452437894
4096	128	sparse4	fresh_resources	8	7	2100104	1519694	1.381925572
4096	128	sparse4	fresh_resources	8	8	2190353	1516954	1.443915241
4096	128	sparse4	fresh_resources	8	9	2238493	1549770	1.444403363
4096	128	sparse4	fresh_resources	8	10	2052169	1521031	1.349196039
4096	128	sparse4	fresh_resources	8	11	2179195	1512811	1.440493889
4096	128	sparse4	fresh_resources	8	12	2201572	1551450	1.419041542
4096	128	sparse4	fresh_resources	8	13	2588243	1651205	1.567487380
4096	128	sparse4	fresh_resources	8	14	2600772	1480299	1.756923432
4096	128	sparse4	fresh_resources	8	15	2148964	1742492	1.233270511
4096	128	sparse4	fresh_resources	8	16	2002382	1503046	1.332216047
4096	128	sparse4	fresh_resources	8	17	2155276	1487689	1.448740967
4096	128	sparse4	fresh_resources	8	18	2158562	1481760	1.456755480
4096	128	sparse4	fresh_resources	8	19	2004519	1503791	1.332977122
4096	128	sparse4	fresh_resources	9	0	2434449	1492191	1.631459378
4096	128	sparse4	fresh_resources	9	1	2027728	1511160	1.341835411
4096	128	sparse4	fresh_resources	9	2	2220318	1493479	1.486675072
4096	128	sparse4	fresh_resources	9	3	2190417	1507729	1.452792246
4096	128	sparse4	fresh_resources	9	4	2046397	1491365	1.372163756
4096	128	sparse4	fresh_resources	9	5	2169690	1500955	1.445539673
4096	128	sparse4	fresh_resources	9	6	2194256	1524660	1.439177259
4096	128	sparse4	fresh_resources	9	7	2051861	1502310	1.365803995
4096	128	sparse4	fresh_resources	9	8	2229467	1491666	1.494615417
4096	128	sparse4	fresh_resources	9	9	2182041	1546680	1.410790209
4096	128	sparse4	fresh_resources	9	10	2069707	1487830	1.391091052
4096	128	sparse4	fresh_resources	9	11	2169899	1500635	1.445987199
4096	128	sparse4	fresh_resources	9	12	2184302	1488529	1.467423208
4096	128	sparse4	fresh_resources	9	13	2032905	1537490	1.322223234
4096	128	sparse4	fresh_resources	9	14	2177489	1492507	1.458947261
4096	128	sparse4	fresh_resources	9	15	2167624	1507033	1.438338776
4096	128	sparse4	fresh_resources	9	16	2031170	1489482	1.363675425
4096	128	sparse4	fresh_resources	9	17	2168246	1521927	1.424671486
4096	128	sparse4	fresh_resources	9	18	2175263	1526009	1.425458828
4096	128	sparse4	fresh_resources	9	19	2029171	1509280	1.344462923
4096	128	sparse4	fresh_resources	10	0	2169651	1483291	1.462727813
4096	128	sparse4	fresh_resources	10	1	2014834	1486075	1.355809094
4096	128	sparse4	fresh_resources	10	2	2167190	1487993	1.456451744
4096	128	sparse4	fresh_resources	10	3	2196476	1486580	1.477536359
4096	128	sparse4	fresh_resources	10	4	2016434	1489853	1.353444937
4096	128	sparse4	fresh_resources	10	5	2172726	1484405	1.463701618
4096	128	sparse4	fresh_resources	10	6	2161737	1489799	1.451025944
4096	128	sparse4	fresh_resources	10	7	2022467	1485258	1.361694063
4096	128	sparse4	fresh_resources	10	8	2152122	1488540	1.445793865
4096	128	sparse4	fresh_resources	10	9	2161775	1485185	1.455559408
4096	128	sparse4	fresh_resources	10	10	2010460	1501966	1.338552271
4096	128	sparse4	fresh_resources	10	11	2175339	1551864	1.401758788
4096	128	sparse4	fresh_resources	10	12	2153093	1493810	1.441343277
4096	128	sparse4	fresh_resources	10	13	2024334	1489989	1.358623453
4096	128	sparse4	fresh_resources	10	14	2168406	1495890	1.449575838
4096	128	sparse4	fresh_resources	10	15	2168031	1490199	1.454860056
4096	128	sparse4	fresh_resources	10	16	2013345	1501860	1.340567696
4096	128	sparse4	fresh_resources	10	17	2171884	1490484	1.457166934
4096	128	sparse4	fresh_resources	10	18	2185964	1514801	1.443070080
4096	128	sparse4	fresh_resources	10	19	2021409	1490390	1.356295332
4096	128	dense32	prepared	1	0	2271204	354412	6.408372177
4096	128	dense32	prepared	1	1	2149835	353688	6.078337405
4096	128	dense32	prepared	1	2	2270698	369321	6.148304591
4096	128	dense32	prepared	1	3	2270099	356769	6.362937923
4096	128	dense32	prepared	1	4	2155232	369600	5.831255411
4096	128	dense32	prepared	1	5	2243105	361673	6.202025034
4096	128	dense32	prepared	1	6	2255006	360547	6.254402339
4096	128	dense32	prepared	1	7	2183962	353212	6.183147798
4096	128	dense32	prepared	1	8	2299682	369864	6.217642160
4096	128	dense32	prepared	1	9	2245979	357253	6.286802350
4096	128	dense32	prepared	1	10	2159415	366870	5.886049554
4096	128	dense32	prepared	1	11	2254356	364245	6.189119960
4096	128	dense32	prepared	1	12	2365523	369883	6.395327712
4096	128	dense32	prepared	1	13	2120391	363129	5.839222425
4096	128	dense32	prepared	1	14	2251029	361047	6.234725673
4096	128	dense32	prepared	1	15	2262991	355499	6.365674728
4096	128	dense32	prepared	1	16	4106345	355790	11.541485146
4096	128	dense32	prepared	1	17	2314785	346530	6.679897844
4096	128	dense32	prepared	1	18	2252152	348739	6.457987205
4096	128	dense32	prepared	1	19	2156148	354798	6.077114302
4096	128	dense32	prepared	2	0	2366139	367160	6.444435668
4096	128	dense32	prepared	2	1	2146829	369889	5.803981735
4096	128	dense32	prepared	2	2	2261223	365331	6.189518546
4096	128	dense32	prepared	2	3	2259438	358269	6.306540616
4096	128	dense32	prepared	2	4	2195202	370708	5.921647226
4096	128	dense32	prepared	2	5	2336156	370721	6.301655423
4096	128	dense32	prepared	2	6	2258324	379955	5.943661749
4096	128	dense32	prepared	2	7	2156547	375900	5.737023144
4096	128	dense32	prepared	2	8	2268073	383345	5.916532106
4096	128	dense32	prepared	2	9	2276663	376801	6.042083222
4096	128	dense32	prepared	2	10	2177527	404333	5.385479296
4096	128	dense32	prepared	2	11	2330621	391833	5.947995702
4096	128	dense32	prepared	2	12	2316954	407647	5.683726361
4096	128	dense32	prepared	2	13	2195875	390492	5.623354640
4096	128	dense32	prepared	2	14	2350462	432835	5.430388023
4096	128	dense32	prepared	2	15	2299669	391575	5.872869821
4096	128	dense32	prepared	2	16	4115472	435807	9.443336156
4096	128	dense32	prepared	2	17	2307187	478934	4.817338088
4096	128	dense32	prepared	2	18	2356309	429832	5.481930149
4096	128	dense32	prepared	2	19	2295500	393174	5.838381989
4096	128	dense32	prepared	3	0	2269887	379888	5.975147938
4096	128	dense32	prepared	3	1	2158696	387353	5.572942510
4096	128	dense32	prepared	3	2	2249471	372473	6.039286069
4096	128	dense32	prepared	3	3	2290411	360322	6.356567182
4096	128	dense32	prepared	3	4	2153673	366961	5.868942476
4096	128	dense32	prepared	3	5	2248622	382195	5.883441699
4096	128	dense32	prepared	3	6	2276309	369206	6.165417138
4096	128	dense32	prepared	3	7	2273531	362364	6.274163548
4096	128	dense32	prepared	3	8	2280008	366088	6.228032604
4096	128	dense32	prepared	3	9	2328627	360181	6.465157796
4096	128	dense32	prepared	3	10	2237978	371845	6.018577633
4096	128	dense32	prepared	3	11	2253530	365752	6.161360703
4096	128	dense32	prepared	3	12	2264796	366979	6.171459402
4096	128	dense32	prepared	3	13	2171086	359046	6.046818514
4096	128	dense32	prepared	3	14	2396744	369392	6.488348421
4096	128	dense32	prepared	3	15	2275093	362697	6.272709727
4096	128	dense32	prepared	3	16	4219790	406087	10.391344712
4096	128	dense32	prepared	3	17	2245270	360616	6.226207378
4096	128	dense32	prepared	3	18	2322567	376329	6.171639709
4096	128	dense32	prepared	3	19	2208804	362198	6.098332956
4096	128	dense32	prepared	4	0	2262720	367518	6.156759669
4096	128	dense32	prepared	4	1	2146979	382148	5.618187194
4096	128	dense32	prepared	4	2	2293177	372686	6.153107442
4096	128	dense32	prepared	4	3	2269634	364010	6.235086948
4096	128	dense32	prepared	4	4	2149613	398575	5.393245939
4096	128	dense32	prepared	4	5	2316369	363523	6.372001221
4096	128	dense32	prepared	4	6	2317229	370742	6.250246802
4096	128	dense32	prepared	4	7	2209846	448844	4.923416599
4096	128	dense32	prepared	4	8	2264875	367696	6.159640029
4096	128	dense32	prepared	4	9	2282529	362373	6.298838490
4096	128	dense32	prepared	4	10	2162020	369444	5.852091251
4096	128	dense32	prepared	4	11	2240987	367670	6.095104305
4096	128	dense32	prepared	4	12	2272521	375743	6.048072752
4096	128	dense32	prepared	4	13	2286393	367458	6.222188658
4096	128	dense32	prepared	4	14	2317386	376413	6.156498314
4096	128	dense32	prepared	4	15	2265924	372139	6.088918388
4096	128	dense32	prepared	4	16	4206381	408689	10.292376355
4096	128	dense32	prepared	4	17	2249031	368399	6.104878135
4096	128	dense32	prepared	4	18	2399784	376790	6.369022532
4096	128	dense32	prepared	4	19	2161267	368390	5.866790629
4096	128	dense32	prepared	5	0	2286629	399316	5.726364583
4096	128	dense32	prepared	5	1	2239317	383161	5.844323926
4096	128	dense32	prepared	5	2	2258979	386031	5.851807238
4096	128	dense32	prepared	5	3	2292591	370191	6.192994967
4096	128	dense32	prepared	5	4	2172295	378850	5.733918437
4096	128	dense32	prepared	5	5	2260344	381962	5.917719564
4096	128	dense32	prepared	5	6	2413646	378506	6.376770778
4096	128	dense32	prepared	5	7	2198654	372704	5.899196145
4096	128	dense32	prepared	5	8	2283120	381133	5.990349825
4096	128	dense32	prepared	5	9	2309134	371682	6.212660285
4096	128	dense32	prepared	5	10	2267077	385866	5.875296087
4096	128	dense32	prepared	5	11	2262376	374311	6.044107707
4096	128	dense32	prepared	5	12	2286613	378619	6.039350904
4096	128	dense32	prepared	5	13	2189462	371904	5.887169807
4096	128	dense32	prepared	5	14	2317307	378598	6.120758694
4096	128	dense32	prepared	5	15	2311146	374453	6.172058977
4096	128	dense32	prepared	5	16	4059754	380377	10.672974444
4096	128	dense32	prepared	5	17	2279232	370736	6.147857235
4096	128	dense32	prepared	5	18	2304700	376497	6.121429918
4096	128	dense32	prepared	5	19	2177806	374220	5.819587408
4096	128	dense32	prepared	6	0	2270464	374016	6.070499658
4096	128	dense32	prepared	6	1	2158750	398243	5.420685360
4096	128	dense32	prepared	6	2	2365029	413092	5.725187125
4096	128	dense32	prepared	6	3	2265733	368123	6.154825968
4096	128	dense32	prepared	6	4	2166162	371172	5.836005949
4096	128	dense32	prepared	6	5	2295494	364134	6.303981501
4096	128	dense32	prepared	6	6	2382270	370620	6.427796665
4096	128	dense32	prepared	6	7	2149252	377827	5.688455298
4096	128	dense32	prepared	6	8	2513635	542387	4.634393892
4096	128	dense32	prepared	6	9	2351791	376869	6.240340808
4096	128	dense32	prepared	6	10	2185427	374869	5.829841891
4096	128	dense32	prepared	6	11	2248098	387046	5.808348362
4096	128	dense32	prepared	6	12	2376125	374624	6.342692940
4096	128	dense32	prepared	6	13	2161199	366370	5.898951879
4096	128	dense32	prepared	6	14	2253477	371719	6.062313199
4096	128	dense32	prepared	6	15	2269480	379454	5.980909412
4096	128	dense32	prepared	6	16	4094682	378386	10.821441597
4096	128	dense32	prepared	6	17	2256276	366604	6.154531865
4096	128	dense32	prepared	6	18	2274920	374229	6.078951658
4096	128	dense32	prepared	6	19	2188238	368344	5.940745607
4096	128	dense32	prepared	7	0	2259028	375306	6.019163030
4096	128	dense32	prepared	7	1	2141512	366976	5.835564179
4096	128	dense32	prepared	7	2	2266036	369050	6.140186967
4096	128	dense32	prepared	7	3	2263326	358093	6.320497748
4096	128	dense32	prepared	7	4	2147756	361949	5.933863611
4096	128	dense32	prepared	7	5	2241251	367905	6.091928623
4096	128	dense32	prepared	7	6	2263858	364985	6.202605587
4096	128	dense32	prepared	7	7	2153654	387720	5.554663159
4096	128	dense32	prepared	7	8	2489748	362225	6.873484713
4096	128	dense32	prepared	7	9	2267873	357892	6.336752428
4096	128	dense32	prepared	7	10	2154439	364852	5.904966946
4096	128	dense32	prepared	7	11	2264291	362083	6.253513697
4096	128	dense32	prepared	7	12	2335814	364416	6.409746005
4096	128	dense32	prepared	7	13	2161415	358048	6.036662682
4096	128	dense32	prepared	7	14	2257377	366162	6.164967965
4096	128	dense32	prepared	7	15	2256452	359515	6.276377898
4096	128	dense32	prepared	7	16	4084804	379311	10.769010126
4096	128	dense32	prepared	7	17	2265980	359942	6.295403148
4096	128	dense32	prepared	7	18	2266507	397281	5.705047561
4096	128	dense32	prepared	7	19	2156826	357463	6.033704188
4096	128	dense32	prepared	8	0	2293595	364809	6.287111886
4096	128	dense32	prepared	8	1	2487324	378653	6.568874405
4096	128	dense32	prepared	8	2	2261924	375776	6.019341310
4096	128	dense32	prepared	8	3	2275312	374773	6.071173751
4096	128	dense32	prepared	8	4	2160596	359926	6.002889483
4096	128	dense32	prepared	8	5	2338981	385648	6.065067108
4096	128	dense32	prepared	8	6	2274773	355057	6.406782573
4096	128	dense32	prepared	8	7	2159956	360474	5.991988326
4096	128	dense32	prepared	8	8	2253052	371317	6.067731884
4096	128	dense32	prepared	8	9	2273432	357222	6.364199293
4096	128	dense32	prepared	8	10	2145063	371579	5.772831619
4096	128	dense32	prepared	8	11	2238350	349150	6.410854933
4096	128	dense32	prepared	8	12	2281697	375625	6.074401331
4096	128	dense32	prepared	8	13	2148008	367065	5.851846403
4096	128	dense32	prepared	8	14	2247062	372712	6.028949967
4096	128	dense32	prepared	8	15	2269948	351692	6.454363477
4096	128	dense32	prepared	8	16	4038556	372744	10.834664005
4096	128	dense32	prepared	8	17	2240989	365866	6.125163311
4096	128	dense32	prepared	8	18	2265103	383939	5.899642912
4096	128	dense32	prepared	8	19	2159552	346341	6.235334540
4096	128	dense32	prepared	9	0	2277384	375215	6.069544128
4096	128	dense32	prepared	9	1	2168511	371555	5.836312255
4096	128	dense32	prepared	9	2	2329035	375320	6.205464670
4096	128	dense32	prepared	9	3	2266633	377528	6.003880507
4096	128	dense32	prepared	9	4	2162965	395425	5.469975343
4096	128	dense32	prepared	9	5	2266860	368849	6.145766967
4096	128	dense32	prepared	9	6	2377689	376121	6.321606611
4096	128	dense32	prepared	9	7	2164955	368128	5.880984332
4096	128	dense32	prepared	9	8	2264032	376282	6.016849065
4096	128	dense32	prepared	9	9	2266652	368513	6.150806077
4096	128	dense32	prepared	9	10	2161220	376595	5.738844116
4096	128	dense32	prepared	9	11	2261382	371323	6.090067138
4096	128	dense32	prepared	9	12	2353737	377008	6.243201736
4096	128	dense32	prepared	9	13	2151128	367535	5.852852109
4096	128	dense32	prepared	9	14	2290746	374454	6.117563172
4096	128	dense32	prepared	9	15	2378508	370170	6.425447767
4096	128	dense32	prepared	9	16	4113398	378428	10.869697802
4096	128	dense32	prepared	9	17	2257093	370503	6.091969566
4096	128	dense32	prepared	9	18	2267994	382802	5.924718262
4096	128	dense32	prepared	9	19	2156373	370312	5.823124824
4096	128	dense32	prepared	10	0	2253747	369115	6.105812552
4096	128	dense32	prepared	10	1	2149707	360127	5.969302496
4096	128	dense32	prepared	10	2	2484264	397409	6.251151836
4096	128	dense32	prepared	10	3	2250746	353256	6.371430351
4096	128	dense32	prepared	10	4	2219282	359431	6.174431254
4096	128	dense32	prepared	10	5	2258113	355306	6.355403511
4096	128	dense32	prepared	10	6	2255738	357283	6.313588948
4096	128	dense32	prepared	10	7	2137028	349769	6.109826771
4096	128	dense32	prepared	10	8	2233333	353911	6.310436805
4096	128	dense32	prepared	10	9	2250427	347943	6.467803635
4096	128	dense32	prepared	10	10	2485904	358535	6.933504400
4096	128	dense32	prepared	10	11	2229876	356845	6.248864353
4096	128	dense32	prepared	10	12	2248400	352154	6.384706691
4096	128	dense32	prepared	10	13	2217045	348426	6.363029739
4096	128	dense32	prepared	10	14	2507147	356682	7.029081927
4096	128	dense32	prepared	10	15	2239919	353047	6.344534864
4096	128	dense32	prepared	10	16	4049979	366208	11.059231366
4096	128	dense32	prepared	10	17	2266575	347337	6.525578905
4096	128	dense32	prepared	10	18	2251680	351605	6.404004494
4096	128	dense32	prepared	10	19	2140874	348236	6.147767606
4096	128	dense32	fresh_resources	1	0	2760835	1514170	1.823332255
4096	128	dense32	fresh_resources	1	1	2718371	1483982	1.831808607
4096	128	dense32	fresh_resources	1	2	2689751	1516969	1.773108745
4096	128	dense32	fresh_resources	1	3	2803790	1535707	1.825732383
4096	128	dense32	fresh_resources	1	4	2596881	1489955	1.742925793
4096	128	dense32	fresh_resources	1	5	2828388	1489190	1.899279474
4096	128	dense32	fresh_resources	1	6	2741723	1500266	1.827491258
4096	128	dense32	fresh_resources	1	7	2733980	1528087	1.789152057
4096	128	dense32	fresh_resources	1	8	2957903	1482172	1.995654351
4096	128	dense32	fresh_resources	1	9	2749008	1523132	1.804838977
4096	128	dense32	fresh_resources	1	10	2600652	1486044	1.750050470
4096	128	dense32	fresh_resources	1	11	2755013	1521705	1.810477721
4096	128	dense32	fresh_resources	1	12	2675836	1481726	1.805891238
4096	128	dense32	fresh_resources	1	13	2641074	1492850	1.769148943
4096	128	dense32	fresh_resources	1	14	2666983	1481912	1.799690535
4096	128	dense32	fresh_resources	1	15	2752520	1508885	1.824207942
4096	128	dense32	fresh_resources	1	16	2601362	1678080	1.550201421
4096	128	dense32	fresh_resources	1	17	3016319	3126528	0.964750356
4096	128	dense32	fresh_resources	1	18	2814444	1514581	1.858232739
4096	128	dense32	fresh_resources	1	19	2664259	1521735	1.750803524
4096	128	dense32	fresh_resources	2	0	2725122	1499718	1.817089613
4096	128	dense32	fresh_resources	2	1	2775611	1512294	1.835364684
4096	128	dense32	fresh_resources	2	2	2714854	1525061	1.780160925
4096	128	dense32	fresh_resources	2	3	2727519	1499771	1.818623643
4096	128	dense32	fresh_resources	2	4	2638354	1500161	1.758713898
4096	128	dense32	fresh_resources	2	5	2744654	1496965	1.833479073
4096	128	dense32	fresh_resources	2	6	2960230	1505730	1.965976636
4096	128	dense32	fresh_resources	2	7	2600748	1510711	1.721539063
4096	128	dense32	fresh_resources	2	8	2700802	1517354	1.779941925
4096	128	dense32	fresh_resources	2	9	2718880	1499634	1.813029046
4096	128	dense32	fresh_resources	2	10	2598796	1515764	1.714512286
4096	128	dense32	fresh_resources	2	11	2724662	1494049	1.823676466
4096	128	dense32	fresh_resources	2	12	2760764	1499007	1.841728558
4096	128	dense32	fresh_resources	2	13	2597483	1510459	1.719664685
4096	128	dense32	fresh_resources	2	14	2774173	1499350	1.850250442
4096	128	dense32	fresh_resources	2	15	3747922	1506848	2.487259498
4096	128	dense32	fresh_resources	2	16	2943494	1598509	1.841399704
4096	128	dense32	fresh_resources	2	17	2766618	1572132	1.759787346
4096	128	dense32	fresh_resources	2	18	2756400	1520437	1.812899844
4096	128	dense32	fresh_resources	2	19	2625087	1509908	1.738574138
4096	128	dense32	fresh_resources	3	0	2732232	1536264	1.778491197
4096	128	dense32	fresh_resources	3	1	2697159	1511171	1.784813896
4096	128	dense32	fresh_resources	3	2	2764503	1510938	1.829660118
4096	128	dense32	fresh_resources	3	3	2767456	1536394	1.801267123
4096	128	dense32	fresh_resources	3	4	2610060	1521017	1.715996600
4096	128	dense32	fresh_resources	3	5	2724853	1507240	1.807842812
4096	128	dense32	fresh_resources	3	6	2723599	1528055	1.782395922
4096	128	dense32	fresh_resources	3	7	2610783	1509567	1.729491304
4096	128	dense32	fresh_resources	3	8	2766538	1534523	1.802865125
4096	128	dense32	fresh_resources	3	9	2713573	1527229	1.776795098
4096	128	dense32	fresh_resources	3	10	4293928	1791550	2.396767045
4096	128	dense32	fresh_resources	3	11	2780279	1565114	1.776406703
4096	128	dense32	fresh_resources	3	12	2810002	1519723	1.849022486
4096	128	dense32	fresh_resources	3	13	2628757	1539008	1.708085338
4096	128	dense32	fresh_resources	3	14	2728065	1560820	1.747840879
4096	128	dense32	fresh_resources	3	15	2734095	1549573	1.764418327
4096	128	dense32	fresh_resources	3	16	2623999	1521173	1.724983943
4096	128	dense32	fresh_resources	3	17	2810332	1520728	1.848017528
4096	128	dense32	fresh_resources	3	18	2740988	1526931	1.795096177
4096	128	dense32	fresh_resources	3	19	2636299	1536483	1.715800956
4096	128	dense32	fresh_resources	4	0	2719419	1523471	1.785015271
4096	128	dense32	fresh_resources	4	1	2616352	1522790	1.718130537
4096	128	dense32	fresh_resources	4	2	2690116	1501359	1.791787307
4096	128	dense32	fresh_resources	4	3	2716692	1498365	1.813104284
4096	128	dense32	fresh_resources	4	4	2603907	1499030	1.737061300
4096	128	dense32	fresh_resources	4	5	2684449	1509026	1.778928262
4096	128	dense32	fresh_resources	4	6	2747070	1505141	1.825124689
4096	128	dense32	fresh_resources	4	7	2607842	1503749	1.734226922
4096	128	dense32	fresh_resources	4	8	2712099	1514114	1.791211890
4096	128	dense32	fresh_resources	4	9	2728928	1495360	1.824930452
4096	128	dense32	fresh_resources	4	10	2605400	1501006	1.735769211
4096	128	dense32	fresh_resources	4	11	2772161	1497089	1.851700867
4096	128	dense32	fresh_resources	4	12	2777617	1531787	1.813318040
4096	128	dense32	fresh_resources	4	13	2909840	3124168	0.931396775
4096	128	dense32	fresh_resources	4	14	2840406	1510681	1.880215611
4096	128	dense32	fresh_resources	4	15	2814627	1534751	1.833930716
4096	128	dense32	fresh_resources	4	16	2675903	1543023	1.734195148
4096	128	dense32	fresh_resources	4	17	2851569	1514751	1.882533169
4096	128	dense32	fresh_resources	4	18	2749647	1528489	1.798931494
4096	128	dense32	fresh_resources	4	19	2621467	1504440	1.742486905
4096	128	dense32	fresh_resources	5	0	2814530	1505466	1.869540727
4096	128	dense32	fresh_resources	5	1	2652412	1498833	1.769651455
4096	128	dense32	fresh_resources	5	2	2707778	1500666	1.804384187
4096	128	dense32	fresh_resources	5	3	2753532	1509573	1.824046932
4096	128	dense32	fresh_resources	5	4	2619759	1509128	1.735942213
4096	128	dense32	fresh_resources	5	5	2727098	1553382	1.755587486
4096	128	dense32	fresh_resources	5	6	2729298	1512165	1.804894307
4096	128	dense32	fresh_resources	5	7	2616654	1494415	1.750955391
4096	128	dense32	fresh_resources	5	8	2717061	1500486	1.810787305
4096	128	dense32	fresh_resources	5	9	2726104	1500387	1.816933898
4096	128	dense32	fresh_resources	5	10	2620878	1502573	1.744260013
4096	128	dense32	fresh_resources	5	11	2828220	1550070	1.824575664
4096	128	dense32	fresh_resources	5	12	2717348	1525033	1.781828983
4096	128	dense32	fresh_resources	5	13	2655638	1503133	1.766735212
4096	128	dense32	fresh_resources	5	14	2755187	1501451	1.835016261
4096	128	dense32	fresh_resources	5	15	2737925	1497064	1.828863028
4096	128	dense32	fresh_resources	5	16	2617793	1496310	1.749499101
4096	128	dense32	fresh_resources	5	17	2757594	1512139	1.823637906
4096	128	dense32	fresh_resources	5	18	4429177	1712489	2.586397343
4096	128	dense32	fresh_resources	5	19	2683119	1568048	1.711120450
4096	128	dense32	fresh_resources	6	0	2805181	1515050	1.851543513
4096	128	dense32	fresh_resources	6	1	2788200	1519170	1.835344300
4096	128	dense32	fresh_resources	6	2	2702165	1536067	1.759145272
4096	128	dense32	fresh_resources	6	3	2901703	1515179	1.915089240
4096	128	dense32	fresh_resources	6	4	2609862	1509777	1.728640720
4096	128	dense32	fresh_resources	6	5	2860009	1512472	1.890950047
4096	128	dense32	fresh_resources	6	6	2790657	1511569	1.846198883
4096	128	dense32	fresh_resources	6	7	2608970	1561751	1.670541591
4096	128	dense32	fresh_resources	6	8	2697550	1551194	1.739015236
4096	128	dense32	fresh_resources	6	9	2786187	1533369	1.817036212
4096	128	dense32	fresh_resources	6	10	2670922	1512870	1.765466960
4096	128	dense32	fresh_resources	6	11	2757038	1553716	1.774480021
4096	128	dense32	fresh_resources	6	12	4365639	1814534	2.405928464
4096	128	dense32	fresh_resources	6	13	2744645	1555517	1.764458376
4096	128	dense32	fresh_resources	6	14	2791090	1522837	1.832822554
4096	128	dense32	fresh_resources	6	15	2802138	1578377	1.775328708
4096	128	dense32	fresh_resources	6	16	2699382	1547627	1.744207099
4096	128	dense32	fresh_resources	6	17	2786820	1570544	1.774429752
4096	128	dense32	fresh_resources	6	18	2798987	1517743	1.844177176
4096	128	dense32	fresh_resources	6	19	2686618	1533862	1.751538274
4096	128	dense32	fresh_resources	7	0	2721971	1528152	1.781217444
4096	128	dense32	fresh_resources	7	1	2677163	1512076	1.770521455
4096	128	dense32	fresh_resources	7	2	2692958	1514356	1.778285951
4096	128	dense32	fresh_resources	7	3	2726775	1517816	1.796512225
4096	128	dense32	fresh_resources	7	4	2624449	1514805	1.732532570
4096	128	dense32	fresh_resources	7	5	2700476	1530098	1.764903947
4096	128	dense32	fresh_resources	7	6	2726367	1517202	1.796970344
4096	128	dense32	fresh_resources	7	7	2612569	1517947	1.721120039
4096	128	dense32	fresh_resources	7	8	2939727	1525123	1.927534369
4096	128	dense32	fresh_resources	7	9	2725404	1512455	1.801973612
4096	128	dense32	fresh_resources	7	10	2613620	1512188	1.728369753
4096	128	dense32	fresh_resources	7	11	2697150	1534274	1.757932416
4096	128	dense32	fresh_resources	7	12	2720747	1513566	1.797574073
4096	128	dense32	fresh_resources	7	13	2687026	1523561	1.763648453
4096	128	dense32	fresh_resources	7	14	2773480	1567668	1.769175616
4096	128	dense32	fresh_resources	7	15	4171147	1511950	2.758786336
4096	128	dense32	fresh_resources	7	16	2965710	1590450	1.864698670
4096	128	dense32	fresh_resources	7	17	2749319	1551820	1.771673905
4096	128	dense32	fresh_resources	7	18	2786935	1536903	1.813344759
4096	128	dense32	fresh_resources	7	19	2659887	1516297	1.754199210
4096	128	dense32	fresh_resources	8	0	2708214	1519283	1.782560589
4096	128	dense32	fresh_resources	8	1	2677289	1518125	1.763549774
4096	128	dense32	fresh_resources	8	2	2686403	1522139	1.764886781
4096	128	dense32	fresh_resources	8	3	2699862	1491743	1.809870735
4096	128	dense32	fresh_resources	8	4	2606658	1525548	1.708669934
4096	128	dense32	fresh_resources	8	5	2953586	1499298	1.969979284
4096	128	dense32	fresh_resources	8	6	2732828	1521480	1.796164261
4096	128	dense32	fresh_resources	8	7	2748449	1491848	1.842311683
4096	128	dense32	fresh_resources	8	8	2736605	1507219	1.815665142
4096	128	dense32	fresh_resources	8	9	2724337	1523092	1.788688405
4096	128	dense32	fresh_resources	8	10	2587750	1511226	1.712351429
4096	128	dense32	fresh_resources	8	11	2670907	1468320	1.819022420
4096	128	dense32	fresh_resources	8	12	2754561	1462131	1.883935844
4096	128	dense32	fresh_resources	8	13	2568563	1464984	1.753304473
4096	128	dense32	fresh_resources	8	14	2674256	1478827	1.808362980
4096	128	dense32	fresh_resources	8	15	2977245	3126830	0.952160815
4096	128	dense32	fresh_resources	8	16	2689838	1498082	1.795521206
4096	128	dense32	fresh_resources	8	17	2712520	1522088	1.782104583
4096	128	dense32	fresh_resources	8	18	2723659	1489386	1.828712637
4096	128	dense32	fresh_resources	8	19	2615792	1507775	1.734868929
4096	128	dense32	fresh_resources	9	0	2730025	1499965	1.820059135
4096	128	dense32	fresh_resources	9	1	2626362	1488961	1.763889047
4096	128	dense32	fresh_resources	9	2	2712800	1494695	1.814952214
4096	128	dense32	fresh_resources	9	3	2823570	1506963	1.873682366
4096	128	dense32	fresh_resources	9	4	2609541	1503608	1.735519497
4096	128	dense32	fresh_resources	9	5	2712540	1493011	1.816825194
4096	128	dense32	fresh_resources	9	6	2708244	1506522	1.797679689
4096	128	dense32	fresh_resources	9	7	2620393	1489749	1.758949326
4096	128	dense32	fresh_resources	9	8	2707821	1495590	1.810536979
4096	128	dense32	fresh_resources	9	9	2769304	1490814	1.857578477
4096	128	dense32	fresh_resources	9	10	2610858	1493575	1.748059522
4096	128	dense32	fresh_resources	9	11	2693347	1508453	1.785502763
4096	128	dense32	fresh_resources	9	12	2715479	3188120	0.851749307
4096	128	dense32	fresh_resources	9	13	2672267	1762260	1.516386345
4096	128	dense32	fresh_resources	9	14	2793531	1534164	1.820881601
4096	128	dense32	fresh_resources	9	15	2842797	1521731	1.868133724
4096	128	dense32	fresh_resources	9	16	2608640	1515480	1.721329216
4096	128	dense32	fresh_resources	9	17	2778081	1510343	1.839370924
4096	128	dense32	fresh_resources	9	18	2734756	1498800	1.824630371
4096	128	dense32	fresh_resources	9	19	2653162	1498123	1.770990766
4096	128	dense32	fresh_resources	10	0	2732192	1504593	1.815901044
4096	128	dense32	fresh_resources	10	1	2593278	1496305	1.733121255
4096	128	dense32	fresh_resources	10	2	2682679	1501663	1.786472065
4096	128	dense32	fresh_resources	10	3	2768643	1491034	1.856861078
4096	128	dense32	fresh_resources	10	4	2592348	1496850	1.731868925
4096	128	dense32	fresh_resources	10	5	2696537	1486130	1.814469125
4096	128	dense32	fresh_resources	10	6	2722515	1507982	1.805402850
4096	128	dense32	fresh_resources	10	7	2594891	1514399	1.713479077
4096	128	dense32	fresh_resources	10	8	2735437	1501650	1.821620884
4096	128	dense32	fresh_resources	10	9	2827245	1488323	1.899617892
4096	128	dense32	fresh_resources	10	10	2586598	1513518	1.708997184
4096	128	dense32	fresh_resources	10	11	2697904	1487810	1.813339069
4096	128	dense32	fresh_resources	10	12	2791926	1494311	1.868370105
4096	128	dense32	fresh_resources	10	13	2584396	1492843	1.731190755
4096	128	dense32	fresh_resources	10	14	2700858	1529746	1.765559773
4096	128	dense32	fresh_resources	10	15	3652502	1513308	2.413587981
4096	128	dense32	fresh_resources	10	16	2931869	1596530	1.836400819
4096	128	dense32	fresh_resources	10	17	2746858	1541604	1.781818158
4096	128	dense32	fresh_resources	10	18	2744017	1507801	1.819880077
4096	128	dense32	fresh_resources	10	19	2682237	1536490	1.745691153
16384	2048	boundary	prepared	1	0	156072079	12389956	12.596661280
16384	2048	boundary	prepared	1	1	147913605	12014925	12.310822165
16384	2048	boundary	prepared	1	2	152597194	12350889	12.355158726
16384	2048	boundary	prepared	1	3	147876990	12123837	12.197210339
16384	2048	boundary	prepared	1	4	148255799	11987735	12.367290318
16384	2048	boundary	prepared	1	5	151665533	12222499	12.408717154
16384	2048	boundary	prepared	1	6	148358178	12689289	11.691606835
16384	2048	boundary	prepared	1	7	147621806	11874672	12.431653354
16384	2048	boundary	prepared	1	8	152206467	12090321	12.589117113
16384	2048	boundary	prepared	1	9	147903371	12020807	12.303946898
16384	2048	boundary	prepared	1	10	149032812	12098824	12.317958506
16384	2048	boundary	prepared	1	11	152418231	11967871	12.735617805
16384	2048	boundary	prepared	1	12	148420971	12824687	11.573067709
16384	2048	boundary	prepared	1	13	147699423	11939112	12.371055988
16384	2048	boundary	prepared	1	14	151821982	11913612	12.743572814
16384	2048	boundary	prepared	1	15	148446951	12122185	12.245890572
16384	2048	boundary	prepared	1	16	147983778	12144599	12.185151441
16384	2048	boundary	prepared	1	17	152444138	12062166	12.638205941
16384	2048	boundary	prepared	1	18	148275015	12921763	11.474828551
16384	2048	boundary	prepared	1	19	147656204	12119233	12.183626142
16384	2048	boundary	prepared	2	0	156319158	12750269	12.260067454
16384	2048	boundary	prepared	2	1	155789223	12089921	12.885876012
16384	2048	boundary	prepared	2	2	159511525	12479230	12.782160838
16384	2048	boundary	prepared	2	3	158149932	12519096	12.632695843
16384	2048	boundary	prepared	2	4	156138335	12596596	12.395280042
16384	2048	boundary	prepared	2	5	162063863	12302877	13.172842661
16384	2048	boundary	prepared	2	6	157810831	14978332	10.535941585
16384	2048	boundary	prepared	2	7	148003251	14455182	10.238767730
16384	2048	boundary	prepared	2	8	152362589	14330769	10.631850182
16384	2048	boundary	prepared	2	9	147928096	14010533	10.558348922
16384	2048	boundary	prepared	2	10	148542570	14313564	10.377748686
16384	2048	boundary	prepared	2	11	156624592	14462437	10.829751030
16384	2048	boundary	prepared	2	12	152277174	12380477	12.299782472
16384	2048	boundary	prepared	2	13	145854476	12050856	12.103246110
16384	2048	boundary	prepared	2	14	150238885	12578525	11.944078101
16384	2048	boundary	prepared	2	15	146341584	12430289	11.772983235
16384	2048	boundary	prepared	2	16	147885186	13126326	11.266304524
16384	2048	boundary	prepared	2	17	150313983	11960155	12.567895901
16384	2048	boundary	prepared	2	18	146302681	12548111	11.659339083
16384	2048	boundary	prepared	2	19	146207921	11824422	12.364910606
16384	2048	boundary	prepared	3	0	155842031	12683912	12.286590367
16384	2048	boundary	prepared	3	1	155961228	12297353	12.682503950
16384	2048	boundary	prepared	3	2	161641047	12688475	12.739202071
16384	2048	boundary	prepared	3	3	155361293	12479358	12.449461984
16384	2048	boundary	prepared	3	4	155761891	12453327	12.507652855
16384	2048	boundary	prepared	3	5	160294771	12434059	12.891588419
16384	2048	boundary	prepared	3	6	156130805	13157704	11.866113191
16384	2048	boundary	prepared	3	7	156034177	12691948	12.293950227
16384	2048	boundary	prepared	3	8	160571849	12418420	12.930135154
16384	2048	boundary	prepared	3	9	155718611	12302895	12.657070633
16384	2048	boundary	prepared	3	10	155949846	12381901	12.594984082
16384	2048	boundary	prepared	3	11	160095394	12310328	13.004965749
16384	2048	boundary	prepared	3	12	155716506	12676416	12.283953603
16384	2048	boundary	prepared	3	13	155619982	12456149	12.493426500
16384	2048	boundary	prepared	3	14	160598410	12681055	12.664436043
16384	2048	boundary	prepared	3	15	155639931	12377842	12.574076402
16384	2048	boundary	prepared	3	16	164316605	17449891	9.416483175
16384	2048	boundary	prepared	3	17	160876870	13608076	11.822161340
16384	2048	boundary	prepared	3	18	156096771	13423652	11.628487613
16384	2048	boundary	prepared	3	19	157179046	12261694	12.818705637
16384	2048	boundary	prepared	4	0	151325270	13505910	11.204374233
16384	2048	boundary	prepared	4	1	149390686	13344836	11.194643831
16384	2048	boundary	prepared	4	2	152386137	12667852	12.029358805
16384	2048	boundary	prepared	4	3	147586667	12348700	11.951595472
16384	2048	boundary	prepared	4	4	146491221	12181818	12.025398918
16384	2048	boundary	prepared	4	5	149646497	12102997	12.364416599
16384	2048	boundary	prepared	4	6	146088510	12174340	11.999706760
16384	2048	boundary	prepared	4	7	145652756	12190806	11.947754398
16384	2048	boundary	prepared	4	8	151686016	13857423	10.946192232
16384	2048	boundary	prepared	4	9	148740028	13638151	10.906172545
16384	2048	boundary	prepared	4	10	148396556	13944739	10.641759304
16384	2048	boundary	prepared	4	11	151489374	13665551	11.085493296
16384	2048	boundary	prepared	4	12	148053615	14938383	9.910953214
16384	2048	boundary	prepared	4	13	148848968	14377131	10.353176027
16384	2048	boundary	prepared	4	14	157833790	18152490	8.694883732
16384	2048	boundary	prepared	4	15	152257687	17365969	8.767589473
16384	2048	boundary	prepared	4	16	151939203	17569724	8.647785418
16384	2048	boundary	prepared	4	17	155532999	17497613	8.888812377
16384	2048	boundary	prepared	4	18	152074375	17756149	8.564603451
16384	2048	boundary	prepared	4	19	151404582	17494302	8.654508308
16384	2048	boundary	prepared	5	0	147378023	12856619	11.463202184
16384	2048	boundary	prepared	5	1	162454869	12148353	13.372583839
16384	2048	boundary	prepared	5	2	152070461	12164535	12.501132267
16384	2048	boundary	prepared	5	3	146104463	12124754	12.050097099
16384	2048	boundary	prepared	5	4	146247523	12187844	11.999458067
16384	2048	boundary	prepared	5	5	150770575	11799352	12.777869073
16384	2048	boundary	prepared	5	6	146242727	12310492	11.879519275
16384	2048	boundary	prepared	5	7	146009992	11827667	12.344783802
16384	2048	boundary	prepared	5	8	150034478	12307812	12.190182788
16384	2048	boundary	prepared	5	9	146128726	12228457	11.949890816
16384	2048	boundary	prepared	5	10	146311111	12074160	12.117705165
16384	2048	boundary	prepared	5	11	150511559	11926459	12.619970353
16384	2048	boundary	prepared	5	12	146453159	12295579	11.911042091
16384	2048	boundary	prepared	5	13	145886251	11890750	12.268885562
16384	2048	boundary	prepared	5	14	150500728	12254037	12.281726259
16384	2048	boundary	prepared	5	15	146299031	12416985	11.782170229
16384	2048	boundary	prepared	5	16	150134988	13216333	11.359806688
16384	2048	boundary	prepared	5	17	151982036	12111221	12.548861589
16384	2048	boundary	prepared	5	18	147728096	12316191	11.994625286
16384	2048	boundary	prepared	5	19	147375126	11884409	12.400711386
16384	2048	boundary	prepared	6	0	155435197	13486699	11.525073482
16384	2048	boundary	prepared	6	1	155583367	12977031	11.989134263
16384	2048	boundary	prepared	6	2	160598384	12471926	12.876790962
16384	2048	boundary	prepared	6	3	155351365	12261778	12.669562685
16384	2048	boundary	prepared	6	4	155479317	12477467	12.460807710
16384	2048	boundary	prepared	6	5	160584895	12153379	13.213189106
16384	2048	boundary	prepared	6	6	155491566	12544130	12.395563981
16384	2048	boundary	prepared	6	7	157446723	12361008	12.737369234
16384	2048	boundary	prepared	6	8	159864787	12286122	13.011818294
16384	2048	boundary	prepared	6	9	154989711	12415747	12.483317436
16384	2048	boundary	prepared	6	10	155158514	12386926	12.525990226
16384	2048	boundary	prepared	6	11	159554965	12114520	13.170556077
16384	2048	boundary	prepared	6	12	155711822	12630764	12.327981269
16384	2048	boundary	prepared	6	13	155625081	12245641	12.708610435
16384	2048	boundary	prepared	6	14	160490097	13036203	12.311107536
16384	2048	boundary	prepared	6	15	155010602	12286338	12.616501516
16384	2048	boundary	prepared	6	16	155398177	12257114	12.678202797
16384	2048	boundary	prepared	6	17	159592202	12293881	12.981433772
16384	2048	boundary	prepared	6	18	155453141	12669154	12.270206914
16384	2048	boundary	prepared	6	19	155281748	12131097	12.800305529
16384	2048	boundary	prepared	7	0	174522638	13712550	12.727219810
16384	2048	boundary	prepared	7	1	155472052	12648686	12.291557558
16384	2048	boundary	prepared	7	2	161437901	12675025	12.736692906
16384	2048	boundary	prepared	7	3	155521986	12348593	12.594308194
16384	2048	boundary	prepared	7	4	155657810	12480407	12.472174185
16384	2048	boundary	prepared	7	5	162293505	12234561	13.265167831
16384	2048	boundary	prepared	7	6	153263391	12724783	12.044479737
16384	2048	boundary	prepared	7	7	154377075	12153198	12.702588652
16384	2048	boundary	prepared	7	8	159242089	14414759	11.047155835
16384	2048	boundary	prepared	7	9	154401794	14045645	10.992858925
16384	2048	boundary	prepared	7	10	154909779	15161812	10.217101953
16384	2048	boundary	prepared	7	11	160016130	14398479	11.113405103
16384	2048	boundary	prepared	7	12	155815217	17459234	8.924516219
16384	2048	boundary	prepared	7	13	158526857	17953714	8.829752830
16384	2048	boundary	prepared	7	14	163900295	18479012	8.869537776
16384	2048	boundary	prepared	7	15	159847344	17935694	8.912247499
16384	2048	boundary	prepared	7	16	159502641	18692347	8.533045155
16384	2048	boundary	prepared	7	17	164160655	17929728	9.155780556
16384	2048	boundary	prepared	7	18	154596572	18553195	8.332611822
16384	2048	boundary	prepared	7	19	152832944	17639930	8.664033474
16384	2048	boundary	prepared	8	0	146281573	12376557	11.819246096
16384	2048	boundary	prepared	8	1	162414970	11914280	13.631958457
16384	2048	boundary	prepared	8	2	151589369	12445653	12.180105696
16384	2048	boundary	prepared	8	3	146086712	11948307	12.226561638
16384	2048	boundary	prepared	8	4	146277235	11938649	12.252411056
16384	2048	boundary	prepared	8	5	150294231	11709719	12.834998944
16384	2048	boundary	prepared	8	6	146263399	12502774	11.698475794
16384	2048	boundary	prepared	8	7	145759461	11900993	12.247672190
16384	2048	boundary	prepared	8	8	149981240	12041784	12.455068119
16384	2048	boundary	prepared	8	9	146288091	11832466	12.363280064
16384	2048	boundary	prepared	8	10	146213591	11989038	12.195606603
16384	2048	boundary	prepared	8	11	150742225	11785095	12.790921499
16384	2048	boundary	prepared	8	12	146634922	12344283	11.878771898
16384	2048	boundary	prepared	8	13	146091453	11937767	12.237753761
16384	2048	boundary	prepared	8	14	150557944	11938516	12.611110460
16384	2048	boundary	prepared	8	15	146287972	12060443	12.129568707
16384	2048	boundary	prepared	8	16	146227837	11965639	12.220645884
16384	2048	boundary	prepared	8	17	151136476	11768961	12.841955717
16384	2048	boundary	prepared	8	18	147240626	12421868	11.853340093
16384	2048	boundary	prepared	8	19	146417141	11994774	12.206744454
16384	2048	boundary	prepared	9	0	147337204	12001710	12.276350953
16384	2048	boundary	prepared	9	1	147094840	11908340	12.352253967
16384	2048	boundary	prepared	9	2	151494219	12023817	12.599511370
16384	2048	boundary	prepared	9	3	147228429	12110419	12.157170532
16384	2048	boundary	prepared	9	4	147127653	11952310	12.309557985
16384	2048	boundary	prepared	9	5	154018069	11758165	13.098818481
16384	2048	boundary	prepared	9	6	147593422	12280071	12.018938816
16384	2048	boundary	prepared	9	7	148313327	12094493	12.262880883
16384	2048	boundary	prepared	9	8	152530261	13755634	11.088566401
16384	2048	boundary	prepared	9	9	148938225	13727740	10.849435158
16384	2048	boundary	prepared	9	10	148674604	13756358	10.807700992
16384	2048	boundary	prepared	9	11	153359565	13746868	11.155964035
16384	2048	boundary	prepared	9	12	149838705	14612104	10.254423661
16384	2048	boundary	prepared	9	13	150020065	14071281	10.661436226
16384	2048	boundary	prepared	9	14	155539033	17497880	8.889021584
16384	2048	boundary	prepared	9	15	153046207	17599023	8.696289959
16384	2048	boundary	prepared	9	16	153479318	18138668	8.461443696
16384	2048	boundary	prepared	9	17	156131614	17208648	9.072857670
16384	2048	boundary	prepared	9	18	153375640	17639864	8.694831207
16384	2048	boundary	prepared	9	19	153106329	17472820	8.762542566
16384	2048	boundary	prepared	10	0	147109357	12472116	11.795060036
16384	2048	boundary	prepared	10	1	146109447	11950119	12.226610212
16384	2048	boundary	prepared	10	2	150953188	12369833	12.203332737
16384	2048	boundary	prepared	10	3	147741372	16829920	8.778495204
16384	2048	boundary	prepared	10	4	146504616	12073018	12.134879282
16384	2048	boundary	prepared	10	5	150997654	11948792	12.637064399
16384	2048	boundary	prepared	10	6	146560829	12202542	12.010680152
16384	2048	boundary	prepared	10	7	148650332	12046371	12.339843427
16384	2048	boundary	prepared	10	8	150577355	12638962	11.913743787
16384	2048	boundary	prepared	10	9	146081374	12139262	12.033793652
16384	2048	boundary	prepared	10	10	146523922	12070077	12.139435564
16384	2048	boundary	prepared	10	11	150954858	12025391	12.553010376
16384	2048	boundary	prepared	10	12	146615789	12323704	11.897055382
16384	2048	boundary	prepared	10	13	146686004	11904765	12.321621132
16384	2048	boundary	prepared	10	14	151370830	12127503	12.481615548
16384	2048	boundary	prepared	10	15	146883324	12069606	12.169686732
16384	2048	boundary	prepared	10	16	146654502	12130424	12.089808402
16384	2048	boundary	prepared	10	17	153250341	12028669	12.740423816
16384	2048	boundary	prepared	10	18	146196588	12694691	11.516356562
16384	2048	boundary	prepared	10	19	146139666	11847260	12.335313482
16384	2048	boundary	fresh_resources	1	0	149518491	13730366	10.889621660
16384	2048	boundary	fresh_resources	1	1	148419496	15532111	9.555655120
16384	2048	boundary	fresh_resources	1	2	153585980	14180546	10.830752215
16384	2048	boundary	fresh_resources	1	3	167430280	13785450	12.145434498
16384	2048	boundary	fresh_resources	1	4	149901220	13662155	10.972004051
16384	2048	boundary	fresh_resources	1	5	153262560	13286952	11.534817014
16384	2048	boundary	fresh_resources	1	6	149929232	14366477	10.436047195
16384	2048	boundary	fresh_resources	1	7	148529238	13326310	11.145563776
16384	2048	boundary	fresh_resources	1	8	153418826	13605659	11.276104009
16384	2048	boundary	fresh_resources	1	9	148622184	13437097	11.060587268
16384	2048	boundary	fresh_resources	1	10	148532865	13452519	11.041267810
16384	2048	boundary	fresh_resources	1	11	152727182	13375048	11.418813749
16384	2048	boundary	fresh_resources	1	12	149215116	14374256	10.380719253
16384	2048	boundary	fresh_resources	1	13	149004121	13214444	11.275852469
16384	2048	boundary	fresh_resources	1	14	153446938	14233007	10.781062498
16384	2048	boundary	fresh_resources	1	15	148613536	13536443	10.978773079
16384	2048	boundary	fresh_resources	1	16	148489776	13492219	11.005585960
16384	2048	boundary	fresh_resources	1	17	153525495	13191505	11.638209211
16384	2048	boundary	fresh_resources	1	18	148733758	14242510	10.442945661
16384	2048	boundary	fresh_resources	1	19	149187870	13872962	10.753858477
16384	2048	boundary	fresh_resources	2	0	146559349	13872959	10.564389976
16384	2048	boundary	fresh_resources	2	1	146649347	15165801	9.669739633
16384	2048	boundary	fresh_resources	2	2	167125408	14452550	11.563731521
16384	2048	boundary	fresh_resources	2	3	146671281	13499361	10.865053613
16384	2048	boundary	fresh_resources	2	4	146726563	13607884	10.782467208
16384	2048	boundary	fresh_resources	2	5	151227074	13280516	11.387138421
16384	2048	boundary	fresh_resources	2	6	146820374	14019564	10.472534952
16384	2048	boundary	fresh_resources	2	7	146666403	13400059	10.945205764
16384	2048	boundary	fresh_resources	2	8	151570792	13735273	11.035149574
16384	2048	boundary	fresh_resources	2	9	147024635	13507879	10.884361268
16384	2048	boundary	fresh_resources	2	10	161572155	14279694	11.314819141
16384	2048	boundary	fresh_resources	2	11	163257892	13716492	11.902306508
16384	2048	boundary	fresh_resources	2	12	160035774	14389759	11.121504815
16384	2048	boundary	fresh_resources	2	13	159835096	13903505	11.496028951
16384	2048	boundary	fresh_resources	2	14	163055127	14645023	11.133825259
16384	2048	boundary	fresh_resources	2	15	156638948	14076431	11.127745946
16384	2048	boundary	fresh_resources	2	16	156863999	13862669	11.315569823
16384	2048	boundary	fresh_resources	2	17	160657106	13490692	11.908737224
16384	2048	boundary	fresh_resources	2	18	156848866	14563802	10.769774678
16384	2048	boundary	fresh_resources	2	19	157368305	14767605	10.656318679
16384	2048	boundary	fresh_resources	3	0	153752372	14153546	10.863169696
16384	2048	boundary	fresh_resources	3	1	153623658	15621556	9.834081701
16384	2048	boundary	fresh_resources	3	2	158340583	13816365	11.460364792
16384	2048	boundary	fresh_resources	3	3	156515505	13773857	11.363229994
16384	2048	boundary	fresh_resources	3	4	156241482	14499409	10.775713824
16384	2048	boundary	fresh_resources	3	5	158064259	13600911	11.621593509
16384	2048	boundary	fresh_resources	3	6	153891501	14301920	10.760198701
16384	2048	boundary	fresh_resources	3	7	153467117	13774290	11.141562796
16384	2048	boundary	fresh_resources	3	8	158521826	13825957	11.465522857
16384	2048	boundary	fresh_resources	3	9	156001640	13711923	11.377079641
16384	2048	boundary	fresh_resources	3	10	153938326	13717069	11.222392043
16384	2048	boundary	fresh_resources	3	11	160801626	13502292	11.909209636
16384	2048	boundary	fresh_resources	3	12	153721852	14034138	10.953423146
16384	2048	boundary	fresh_resources	3	13	153752237	13718413	11.207727672
16384	2048	boundary	fresh_resources	3	14	158913735	14226149	11.170537789
16384	2048	boundary	fresh_resources	3	15	153852915	13734168	11.202201327
16384	2048	boundary	fresh_resources	3	16	153801402	13752530	11.183498745
16384	2048	boundary	fresh_resources	3	17	158554506	14055970	11.280225129
16384	2048	boundary	fresh_resources	3	18	153872006	13986699	11.001309601
16384	2048	boundary	fresh_resources	3	19	171211165	13522857	12.660872255
16384	2048	boundary	fresh_resources	4	0	153009280	19200338	7.969093044
16384	2048	boundary	fresh_resources	4	1	153782522	21085052	7.293438119
16384	2048	boundary	fresh_resources	4	2	157840855	19432091	8.122690193
16384	2048	boundary	fresh_resources	4	3	152454397	19313510	7.893665988
16384	2048	boundary	fresh_resources	4	4	153349797	19210716	7.982513353
16384	2048	boundary	fresh_resources	4	5	156006862	18922140	8.244673277
16384	2048	boundary	fresh_resources	4	6	152461777	19448789	7.839139856
16384	2048	boundary	fresh_resources	4	7	152530573	18770410	8.126118343
16384	2048	boundary	fresh_resources	4	8	159256900	19503144	8.165703950
16384	2048	boundary	fresh_resources	4	9	152994472	19274627	7.937609999
16384	2048	boundary	fresh_resources	4	10	153858922	19624844	7.840007391
16384	2048	boundary	fresh_resources	4	11	157598070	19155581	8.227266508
16384	2048	boundary	fresh_resources	4	12	153205880	19503443	7.855324826
16384	2048	boundary	fresh_resources	4	13	152656646	19207925	7.947586530
16384	2048	boundary	fresh_resources	4	14	152026026	13596352	11.181383506
16384	2048	boundary	fresh_resources	4	15	146646194	13525453	10.842238999
16384	2048	boundary	fresh_resources	4	16	146776475	13502848	10.870038306
16384	2048	boundary	fresh_resources	4	17	150540807	13396869	11.237014186
16384	2048	boundary	fresh_resources	4	18	147102687	13732006	10.712396062
16384	2048	boundary	fresh_resources	4	19	146676512	13378188	10.963854896
16384	2048	boundary	fresh_resources	5	0	148125959	13878132	10.673335504
16384	2048	boundary	fresh_resources	5	1	148191205	15349780	9.654288531
16384	2048	boundary	fresh_resources	5	2	152541789	13733092	11.107607012
16384	2048	boundary	fresh_resources	5	3	147795069	13303457	11.109523562
16384	2048	boundary	fresh_resources	5	4	148624980	14319856	10.378943755
16384	2048	boundary	fresh_resources	5	5	167741432	14429796	11.624657202
16384	2048	boundary	fresh_resources	5	6	152836511	16361495	9.341231409
16384	2048	boundary	fresh_resources	5	7	149836002	14993890	9.993137338
16384	2048	boundary	fresh_resources	5	8	155760222	15714781	9.911701728
16384	2048	boundary	fresh_resources	5	9	149737276	15290512	9.792822896
16384	2048	boundary	fresh_resources	5	10	150335657	15798337	9.515916580
16384	2048	boundary	fresh_resources	5	11	154841136	15589648	9.932304822
16384	2048	boundary	fresh_resources	5	12	153351297	19188078	7.992009257
16384	2048	boundary	fresh_resources	5	13	153684630	18890059	8.135741132
16384	2048	boundary	fresh_resources	5	14	158477731	19095054	8.299412560
16384	2048	boundary	fresh_resources	5	15	154039217	18813062	8.187886533
16384	2048	boundary	fresh_resources	5	16	153972991	18874755	8.157615344
16384	2048	boundary	fresh_resources	5	17	158781130	18726985	8.478734297
16384	2048	boundary	fresh_resources	5	18	154210971	19607112	7.865052793
16384	2048	boundary	fresh_resources	5	19	153891626	19024534	8.089114088
16384	2048	boundary	fresh_resources	6	0	157397572	14267774	11.031683849
16384	2048	boundary	fresh_resources	6	1	155810582	15448652	10.085707284
16384	2048	boundary	fresh_resources	6	2	160453481	13973917	11.482355377
16384	2048	boundary	fresh_resources	6	3	155934415	13763988	11.329159470
16384	2048	boundary	fresh_resources	6	4	156072088	14460675	10.792863265
16384	2048	boundary	fresh_resources	6	5	160226222	13754918	11.648649741
16384	2048	boundary	fresh_resources	6	6	155907114	13921710	11.198847986
16384	2048	boundary	fresh_resources	6	7	155854681	13632141	11.432883580
16384	2048	boundary	fresh_resources	6	8	160625327	14261706	11.262700760
16384	2048	boundary	fresh_resources	6	9	153580431	13827397	11.106966192
16384	2048	boundary	fresh_resources	6	10	148418572	13603591	10.910249507
16384	2048	boundary	fresh_resources	6	11	150690419	13503879	11.159046893
16384	2048	boundary	fresh_resources	6	12	147640380	13625809	10.835347831
16384	2048	boundary	fresh_resources	6	13	147350377	13282830	11.093296910
16384	2048	boundary	fresh_resources	6	14	151222389	13987078	10.811578301
16384	2048	boundary	fresh_resources	6	15	147474044	13381495	11.020744991
16384	2048	boundary	fresh_resources	6	16	147611627	13659046	10.806876776
16384	2048	boundary	fresh_resources	6	17	150988394	13429948	11.242664082
16384	2048	boundary	fresh_resources	6	18	147515247	13590664	10.854160400
16384	2048	boundary	fresh_resources	6	19	147369978	13185358	11.176790042
16384	2048	boundary	fresh_resources	7	0	152500612	19121466	7.975361931
16384	2048	boundary	fresh_resources	7	1	152637822	20664121	7.386610928
16384	2048	boundary	fresh_resources	7	2	174951768	20430500	8.563264139
16384	2048	boundary	fresh_resources	7	3	153092975	19380999	7.899127130
16384	2048	boundary	fresh_resources	7	4	155389681	19470438	7.980800483
16384	2048	boundary	fresh_resources	7	5	157638605	19213399	8.204618298
16384	2048	boundary	fresh_resources	7	6	152972070	19559953	7.820676767
16384	2048	boundary	fresh_resources	7	7	153296359	19068716	8.039154760
16384	2048	boundary	fresh_resources	7	8	157089252	19111292	8.219708641
16384	2048	boundary	fresh_resources	7	9	152619837	19240468	7.932231014
16384	2048	boundary	fresh_resources	7	10	153092565	19417552	7.884236128
16384	2048	boundary	fresh_resources	7	11	157401473	19071936	8.253041170
16384	2048	boundary	fresh_resources	7	12	153266882	19374351	7.910813735
16384	2048	boundary	fresh_resources	7	13	154443599	18975840	8.138959804
16384	2048	boundary	fresh_resources	7	14	158227099	19426265	8.145008781
16384	2048	boundary	fresh_resources	7	15	153607053	19128045	8.030462758
16384	2048	boundary	fresh_resources	7	16	155352116	19930711	7.794609836
16384	2048	boundary	fresh_resources	7	17	157169892	19343936	8.125021299
16384	2048	boundary	fresh_resources	7	18	153537272	19473733	7.884326647
16384	2048	boundary	fresh_resources	7	19	152179885	19189912	7.930202338
16384	2048	boundary	fresh_resources	8	0	146590585	13835467	10.595275534
16384	2048	boundary	fresh_resources	8	1	146434315	15219082	9.621757410
16384	2048	boundary	fresh_resources	8	2	150500555	13562557	11.096768478
16384	2048	boundary	fresh_resources	8	3	147951197	13529682	10.935304836
16384	2048	boundary	fresh_resources	8	4	147738967	14027772	10.531891094
16384	2048	boundary	fresh_resources	8	5	179207761	13385698	13.388002703
16384	2048	boundary	fresh_resources	8	6	156398807	14165494	11.040829709
16384	2048	boundary	fresh_resources	8	7	153330846	13397886	11.444405931
16384	2048	boundary	fresh_resources	8	8	157908935	13789702	11.451221716
16384	2048	boundary	fresh_resources	8	9	153405244	13794174	11.121017032
16384	2048	boundary	fresh_resources	8	10	154457629	13917742	11.097894256
16384	2048	boundary	fresh_resources	8	11	158603367	13479842	11.765966322
16384	2048	boundary	fresh_resources	8	12	155358752	15482216	10.034658604
16384	2048	boundary	fresh_resources	8	13	155227695	15219293	10.199402495
16384	2048	boundary	fresh_resources	8	14	160005777	15303316	10.455627852
16384	2048	boundary	fresh_resources	8	15	156320693	15219208	10.271276469
16384	2048	boundary	fresh_resources	8	16	157893956	17010231	9.282293462
16384	2048	boundary	fresh_resources	8	17	162965514	16373295	9.953128799
16384	2048	boundary	fresh_resources	8	18	160700217	19655716	8.175749843
16384	2048	boundary	fresh_resources	8	19	160180155	19917981	8.041987539
16384	2048	boundary	fresh_resources	9	0	156673523	19117376	8.195346631
16384	2048	boundary	fresh_resources	9	1	154080655	20753718	7.424243454
16384	2048	boundary	fresh_resources	9	2	158327893	19165195	8.261220040
16384	2048	boundary	fresh_resources	9	3	154329444	19345741	7.977437721
16384	2048	boundary	fresh_resources	9	4	154461099	19157349	8.062759571
16384	2048	boundary	fresh_resources	9	5	158539720	19053701	8.320678487
16384	2048	boundary	fresh_resources	9	6	154717963	19388169	7.980019310
16384	2048	boundary	fresh_resources	9	7	154233693	19132089	8.061518687
16384	2048	boundary	fresh_resources	9	8	158339161	19280220	8.212518374
16384	2048	boundary	fresh_resources	9	9	154295626	19229004	8.024109101
16384	2048	boundary	fresh_resources	9	10	154108541	20256092	7.608009531
16384	2048	boundary	fresh_resources	9	11	158883100	19238145	8.258753638
16384	2048	boundary	fresh_resources	9	12	156843440	19321354	8.117621570
16384	2048	boundary	fresh_resources	9	13	155621825	19092181	8.151076349
16384	2048	boundary	fresh_resources	9	14	159429168	19385397	8.224188960
16384	2048	boundary	fresh_resources	9	15	154101339	19366219	7.957223813
16384	2048	boundary	fresh_resources	9	16	153922267	19466585	7.906998942
16384	2048	boundary	fresh_resources	9	17	157766440	19133593	8.245520849
16384	2048	boundary	fresh_resources	9	18	154399811	19485131	7.923981163
16384	2048	boundary	fresh_resources	9	19	153954198	19055193	8.079382770
16384	2048	boundary	fresh_resources	10	0	165198615	14779292	11.177708310
16384	2048	boundary	fresh_resources	10	1	147137908	15793687	9.316248195
16384	2048	boundary	fresh_resources	10	2	152199633	13574395	11.212259036
16384	2048	boundary	fresh_resources	10	3	146941940	13663312	10.754489102
16384	2048	boundary	fresh_resources	10	4	147246448	13807345	10.664356399
16384	2048	boundary	fresh_resources	10	5	151559200	13461037	11.259102846
16384	2048	boundary	fresh_resources	10	6	148855944	14489778	10.273169403
16384	2048	boundary	fresh_resources	10	7	151701106	13248069	11.450808869
16384	2048	boundary	fresh_resources	10	8	152484278	14776146	10.319624481
16384	2048	boundary	fresh_resources	10	9	148362299	13814069	10.739941939
16384	2048	boundary	fresh_resources	10	10	149034721	14074965	10.588638835
16384	2048	boundary	fresh_resources	10	11	151111376	13412918	11.266107494
16384	2048	boundary	fresh_resources	10	12	147534743	13860849	10.643990350
16384	2048	boundary	fresh_resources	10	13	147142700	13481241	10.914625738
16384	2048	boundary	fresh_resources	10	14	151990336	13629432	11.151626568
16384	2048	boundary	fresh_resources	10	15	147044377	13490260	10.900040251
16384	2048	boundary	fresh_resources	10	16	146881068	13530736	10.855364261
16384	2048	boundary	fresh_resources	10	17	151014445	13321086	11.336496514
16384	2048	boundary	fresh_resources	10	18	148623171	13885454	10.703515420
16384	2048	boundary	fresh_resources	10	19	146546686	13261497	11.050538714
16384	2048	sparse4	prepared	1	0	147781968	10238546	14.433882311
16384	2048	sparse4	prepared	1	1	140978136	11927617	11.819472071
16384	2048	sparse4	prepared	1	2	149002792	12181038	12.232355896
16384	2048	sparse4	prepared	1	3	148684182	11946328	12.446015378
16384	2048	sparse4	prepared	1	4	141479956	12292900	11.509078899
16384	2048	sparse4	prepared	1	5	153910055	12036463	12.786983601
16384	2048	sparse4	prepared	1	6	162471901	13297216	12.218490021
16384	2048	sparse4	prepared	1	7	144581513	12939989	11.173233068
16384	2048	sparse4	prepared	1	8	153133569	15975718	9.585395098
16384	2048	sparse4	prepared	1	9	153705360	15955661	9.633280627
16384	2048	sparse4	prepared	1	10	145517748	16093465	9.042039610
16384	2048	sparse4	prepared	1	11	153300473	15820555	9.689955441
16384	2048	sparse4	prepared	1	12	152573705	15619103	9.768403794
16384	2048	sparse4	prepared	1	13	144868466	15923546	9.097751594
16384	2048	sparse4	prepared	1	14	153689194	15937062	9.643508571
16384	2048	sparse4	prepared	1	15	153780400	16130882	9.533291484
16384	2048	sparse4	prepared	1	16	145428337	16924401	8.592820331
16384	2048	sparse4	prepared	1	17	151828061	16216579	9.362520973
16384	2048	sparse4	prepared	1	18	151970719	16368591	9.284288367
16384	2048	sparse4	prepared	1	19	143952518	16046636	8.970884489
16384	2048	sparse4	prepared	2	0	155145197	10562239	14.688665632
16384	2048	sparse4	prepared	2	1	146251701	10659174	13.720734927
16384	2048	sparse4	prepared	2	2	154908952	10692141	14.488113466
16384	2048	sparse4	prepared	2	3	171635533	10686490	16.060982886
16384	2048	sparse4	prepared	2	4	146953473	10586185	13.881627140
16384	2048	sparse4	prepared	2	5	155046060	10556618	14.687095810
16384	2048	sparse4	prepared	2	6	155168742	10794807	14.374387796
16384	2048	sparse4	prepared	2	7	146195695	10499554	13.923990962
16384	2048	sparse4	prepared	2	8	155457557	10912464	14.245871235
16384	2048	sparse4	prepared	2	9	155337430	10530924	14.750598333
16384	2048	sparse4	prepared	2	10	147832399	10895161	13.568629137
16384	2048	sparse4	prepared	2	11	155897109	10712406	14.552950010
16384	2048	sparse4	prepared	2	12	150726118	10681645	14.110758970
16384	2048	sparse4	prepared	2	13	138596533	10315163	13.436194174
16384	2048	sparse4	prepared	2	14	146702387	10375882	14.138787141
16384	2048	sparse4	prepared	2	15	145958612	10506883	13.891713841
16384	2048	sparse4	prepared	2	16	137958200	10709440	12.881924732
16384	2048	sparse4	prepared	2	17	145597477	10423423	13.968297842
16384	2048	sparse4	prepared	2	18	146396225	10417032	14.053544714
16384	2048	sparse4	prepared	2	19	137931859	10160030	13.575930288
16384	2048	sparse4	prepared	3	0	151794485	10589790	14.334041091
16384	2048	sparse4	prepared	3	1	143204160	10520006	13.612554974
16384	2048	sparse4	prepared	3	2	151900621	10682945	14.218983717
16384	2048	sparse4	prepared	3	3	151924098	10504456	14.462823967
16384	2048	sparse4	prepared	3	4	143113429	10460011	13.681957791
16384	2048	sparse4	prepared	3	5	151712613	10504974	14.441978914
16384	2048	sparse4	prepared	3	6	153261795	11890669	12.889249125
16384	2048	sparse4	prepared	3	7	143340280	12141727	11.805592400
16384	2048	sparse4	prepared	3	8	152716434	10646894	14.343754526
16384	2048	sparse4	prepared	3	9	152009910	10598891	14.342058051
16384	2048	sparse4	prepared	3	10	143290723	10643226	13.463091266
16384	2048	sparse4	prepared	3	11	151891222	10564493	14.377521193
16384	2048	sparse4	prepared	3	12	152054555	10651486	14.275431146
16384	2048	sparse4	prepared	3	13	143160782	11523975	12.422864680
16384	2048	sparse4	prepared	3	14	152202404	10651024	14.289931560
16384	2048	sparse4	prepared	3	15	152126188	10371881	14.667174450
16384	2048	sparse4	prepared	3	16	142816779	10437626	13.682879517
16384	2048	sparse4	prepared	3	17	150015197	10591375	14.163901949
16384	2048	sparse4	prepared	3	18	147424940	10339617	14.258259276
16384	2048	sparse4	prepared	3	19	137702401	10472802	13.148572942
16384	2048	sparse4	prepared	4	0	146056245	10368438	14.086619894
16384	2048	sparse4	prepared	4	1	138245134	10220415	13.526371874
16384	2048	sparse4	prepared	4	2	145944575	10252233	14.235393889
16384	2048	sparse4	prepared	4	3	145945018	10207542	14.297763164
16384	2048	sparse4	prepared	4	4	138771681	10710313	12.956827779
16384	2048	sparse4	prepared	4	5	145268919	10402251	13.965142641
16384	2048	sparse4	prepared	4	6	145898079	10360855	14.081664013
16384	2048	sparse4	prepared	4	7	138074014	10160102	13.589825575
16384	2048	sparse4	prepared	4	8	145995563	10327741	14.136253320
16384	2048	sparse4	prepared	4	9	145437197	10211547	14.242425462
16384	2048	sparse4	prepared	4	10	138216565	10482684	13.185226703
16384	2048	sparse4	prepared	4	11	145911413	10212384	14.287693549
16384	2048	sparse4	prepared	4	12	146113628	10319401	14.159119119
16384	2048	sparse4	prepared	4	13	138332281	10243033	13.505011748
16384	2048	sparse4	prepared	4	14	145609044	10394099	14.008818273
16384	2048	sparse4	prepared	4	15	145874347	10210012	14.287382522
16384	2048	sparse4	prepared	4	16	138417102	10207045	13.560937764
16384	2048	sparse4	prepared	4	17	145939384	10282329	14.193222567
16384	2048	sparse4	prepared	4	18	146246384	11399705	12.828962153
16384	2048	sparse4	prepared	4	19	140992997	11392105	12.376377939
16384	2048	sparse4	prepared	5	0	153810669	18394927	8.361580831
16384	2048	sparse4	prepared	5	1	145293757	16416570	8.850433251
16384	2048	sparse4	prepared	5	2	153116620	16757324	9.137295430
16384	2048	sparse4	prepared	5	3	153312951	16018927	9.570737853
16384	2048	sparse4	prepared	5	4	145941443	17114670	8.527271808
16384	2048	sparse4	prepared	5	5	168822448	16621350	10.156963664
16384	2048	sparse4	prepared	5	6	153664065	16332593	9.408430431
16384	2048	sparse4	prepared	5	7	144872168	16219320	8.932074094
16384	2048	sparse4	prepared	5	8	152458700	16262298	9.374978862
16384	2048	sparse4	prepared	5	9	152867497	16045968	9.526847928
16384	2048	sparse4	prepared	5	10	144479018	16466440	8.774150211
16384	2048	sparse4	prepared	5	11	152445399	16150576	9.439006943
16384	2048	sparse4	prepared	5	12	152348689	16284291	9.355561688
16384	2048	sparse4	prepared	5	13	144565018	16301149	8.868394369
16384	2048	sparse4	prepared	5	14	152578781	16100934	9.476393171
16384	2048	sparse4	prepared	5	15	152638559	16068682	9.499133719
16384	2048	sparse4	prepared	5	16	144825178	16004868	9.048820521
16384	2048	sparse4	prepared	5	17	152800013	15944356	9.583329236
16384	2048	sparse4	prepared	5	18	152712934	16302094	9.367688225
16384	2048	sparse4	prepared	5	19	145013708	16144103	8.982456814
16384	2048	sparse4	prepared	6	0	147373827	10315623	14.286468883
16384	2048	sparse4	prepared	6	1	153609584	10407704	14.759219132
16384	2048	sparse4	prepared	6	2	147358900	10549650	13.968131644
16384	2048	sparse4	prepared	6	3	146236334	10361259	14.113761079
16384	2048	sparse4	prepared	6	4	138892087	10441970	13.301329826
16384	2048	sparse4	prepared	6	5	146091498	10350377	14.114606453
16384	2048	sparse4	prepared	6	6	145922645	10642710	13.711042112
16384	2048	sparse4	prepared	6	7	139306653	10889597	12.792636220
16384	2048	sparse4	prepared	6	8	146917058	10409271	14.114058324
16384	2048	sparse4	prepared	6	9	146255855	10253601	14.263852767
16384	2048	sparse4	prepared	6	10	138059952	10346720	13.343354416
16384	2048	sparse4	prepared	6	11	145903518	10268615	14.208685202
16384	2048	sparse4	prepared	6	12	145991299	10287650	14.190927860
16384	2048	sparse4	prepared	6	13	138923208	10816712	12.843386049
16384	2048	sparse4	prepared	6	14	146973672	11079237	13.265685354
16384	2048	sparse4	prepared	6	15	150152430	11224915	13.376709757
16384	2048	sparse4	prepared	6	16	140977810	11030913	12.780248561
16384	2048	sparse4	prepared	6	17	152593051	11218593	13.601799352
16384	2048	sparse4	prepared	6	18	152873159	10680616	14.313140647
16384	2048	sparse4	prepared	6	19	143952689	10634017	13.537000082
16384	2048	sparse4	prepared	7	0	146268036	10257282	14.259921488
16384	2048	sparse4	prepared	7	1	138931364	10342094	13.433581633
16384	2048	sparse4	prepared	7	2	146507600	11225828	13.050939316
16384	2048	sparse4	prepared	7	3	156271605	13969048	11.186990337
16384	2048	sparse4	prepared	7	4	138663933	10511591	13.191526668
16384	2048	sparse4	prepared	7	5	146096332	10386326	14.066218603
16384	2048	sparse4	prepared	7	6	146510612	10454405	14.014246817
16384	2048	sparse4	prepared	7	7	138256135	10282094	13.446301405
16384	2048	sparse4	prepared	7	8	145586916	10357659	14.055967280
16384	2048	sparse4	prepared	7	9	146186091	10417058	14.033337532
16384	2048	sparse4	prepared	7	10	138010321	10471127	13.180082812
16384	2048	sparse4	prepared	7	11	146219793	10476024	13.957565676
16384	2048	sparse4	prepared	7	12	146760902	11008698	13.331358713
16384	2048	sparse4	prepared	7	13	138477328	10328347	13.407501510
16384	2048	sparse4	prepared	7	14	148234914	10576393	14.015639737
16384	2048	sparse4	prepared	7	15	146316194	10336644	14.155096567
16384	2048	sparse4	prepared	7	16	138274868	10354758	13.353751773
16384	2048	sparse4	prepared	7	17	146293056	10352913	14.130617730
16384	2048	sparse4	prepared	7	18	146325129	10493588	13.944241855
16384	2048	sparse4	prepared	7	19	138388241	10332163	13.393927390
16384	2048	sparse4	prepared	8	0	157727515	16360853	9.640543497
16384	2048	sparse4	prepared	8	1	149303789	16358836	9.126797836
16384	2048	sparse4	prepared	8	2	158075894	16469325	9.598201141
16384	2048	sparse4	prepared	8	3	160425019	16361755	9.804878450
16384	2048	sparse4	prepared	8	4	149054920	16469580	9.050317009
16384	2048	sparse4	prepared	8	5	176766767	17130653	10.318740739
16384	2048	sparse4	prepared	8	6	161492757	16965454	9.518917501
16384	2048	sparse4	prepared	8	7	152092247	16552777	9.188322117
16384	2048	sparse4	prepared	8	8	161442088	17886647	9.025844139
16384	2048	sparse4	prepared	8	9	160885603	17289454	9.305418378
16384	2048	sparse4	prepared	8	10	149167904	17003544	8.772753727
16384	2048	sparse4	prepared	8	11	153150302	16500565	9.281518663
16384	2048	sparse4	prepared	8	12	153807019	16848664	9.128736795
16384	2048	sparse4	prepared	8	13	144466133	16092674	8.977136615
16384	2048	sparse4	prepared	8	14	152320341	16200768	9.402044459
16384	2048	sparse4	prepared	8	15	152380522	16263701	9.369363222
16384	2048	sparse4	prepared	8	16	144193044	16197944	8.901934962
16384	2048	sparse4	prepared	8	17	151631083	16116957	9.408170724
16384	2048	sparse4	prepared	8	18	152234517	16993222	8.958543412
16384	2048	sparse4	prepared	8	19	144224991	16262979	8.868300881
16384	2048	sparse4	prepared	9	0	154091919	17679316	8.715943479
16384	2048	sparse4	prepared	9	1	145760514	16374435	8.901712578
16384	2048	sparse4	prepared	9	2	159175216	16701947	9.530338948
16384	2048	sparse4	prepared	9	3	153102600	16486474	9.286558181
16384	2048	sparse4	prepared	9	4	145880141	16232805	8.986748809
16384	2048	sparse4	prepared	9	5	152712765	16178110	9.439468825
16384	2048	sparse4	prepared	9	6	153233806	16173476	9.474389179
16384	2048	sparse4	prepared	9	7	145059724	16115640	9.001176745
16384	2048	sparse4	prepared	9	8	153091104	16233773	9.430408076
16384	2048	sparse4	prepared	9	9	153090187	15992653	9.572532275
16384	2048	sparse4	prepared	9	10	145023171	16263775	8.916944006
16384	2048	sparse4	prepared	9	11	153044004	15976035	9.579598693
16384	2048	sparse4	prepared	9	12	153405567	16345656	9.385096995
16384	2048	sparse4	prepared	9	13	144875206	15726181	9.212357787
16384	2048	sparse4	prepared	9	14	153341112	15973974	9.599434180
16384	2048	sparse4	prepared	9	15	153440466	16283308	9.423175315
16384	2048	sparse4	prepared	9	16	145437677	16275802	8.935822456
16384	2048	sparse4	prepared	9	17	153029509	17749695	8.621528933
16384	2048	sparse4	prepared	9	18	153545272	16119092	9.525677501
16384	2048	sparse4	prepared	9	19	145278453	16029686	9.063087886
16384	2048	sparse4	prepared	10	0	153514135	11004180	13.950529253
16384	2048	sparse4	prepared	10	1	144828065	10633951	13.619403080
16384	2048	sparse4	prepared	10	2	161575869	15268779	10.582108039
16384	2048	sparse4	prepared	10	3	155870923	12037400	12.948886221
16384	2048	sparse4	prepared	10	4	145468184	11516925	12.630818035
16384	2048	sparse4	prepared	10	5	154270983	10579530	14.582026139
16384	2048	sparse4	prepared	10	6	154199439	10961803	14.066977759
16384	2048	sparse4	prepared	10	7	145861649	10618409	13.736676464
16384	2048	sparse4	prepared	10	8	154733283	11082311	13.962185595
16384	2048	sparse4	prepared	10	9	156130025	10633101	14.683395277
16384	2048	sparse4	prepared	10	10	146602996	12669772	11.571083994
16384	2048	sparse4	prepared	10	11	154211042	12120719	12.722928566
16384	2048	sparse4	prepared	10	12	154051903	12379183	12.444432157
16384	2048	sparse4	prepared	10	13	145868983	13059575	11.169504597
16384	2048	sparse4	prepared	10	14	154887489	13039255	11.878553568
16384	2048	sparse4	prepared	10	15	157068388	12667043	12.399767491
16384	2048	sparse4	prepared	10	16	148275372	16322647	9.084027364
16384	2048	sparse4	prepared	10	17	157538815	16317359	9.654676042
16384	2048	sparse4	prepared	10	18	157594047	15776977	9.988862061
16384	2048	sparse4	prepared	10	19	149192697	15730604	9.484231947
16384	2048	sparse4	fresh_resources	1	0	154666232	18124992	8.533313118
16384	2048	sparse4	fresh_resources	1	1	148709697	17688665	8.407061641
16384	2048	sparse4	fresh_resources	1	2	152942769	17253792	8.864298874
16384	2048	sparse4	fresh_resources	1	3	156484473	17513109	8.935276598
16384	2048	sparse4	fresh_resources	1	4	144619583	17472157	8.277145346
16384	2048	sparse4	fresh_resources	1	5	156293110	17585016	8.887857139
16384	2048	sparse4	fresh_resources	1	6	152496518	17563263	8.682698540
16384	2048	sparse4	fresh_resources	1	7	149484908	17281257	8.650117755
16384	2048	sparse4	fresh_resources	1	8	169180390	17750636	9.530948074
16384	2048	sparse4	fresh_resources	1	9	152558767	17558367	8.688664897
16384	2048	sparse4	fresh_resources	1	10	144986305	19477596	7.443747421
16384	2048	sparse4	fresh_resources	1	11	156734389	17478312	8.967364183
16384	2048	sparse4	fresh_resources	1	12	152499018	17571388	8.678825941
16384	2048	sparse4	fresh_resources	1	13	149054260	17320016	8.605896207
16384	2048	sparse4	fresh_resources	1	14	152618004	17730084	8.607855665
16384	2048	sparse4	fresh_resources	1	15	157823557	17649094	8.942303611
16384	2048	sparse4	fresh_resources	1	16	145812035	17849510	8.168965703
16384	2048	sparse4	fresh_resources	1	17	156368104	17775791	8.796688935
16384	2048	sparse4	fresh_resources	1	18	153344479	17861108	8.585384457
16384	2048	sparse4	fresh_resources	1	19	149191638	17159313	8.694499483
16384	2048	sparse4	fresh_resources	2	0	147671407	11840846	12.471356101
16384	2048	sparse4	fresh_resources	2	1	140210595	12291095	11.407494206
16384	2048	sparse4	fresh_resources	2	2	147058759	11686597	12.583539845
16384	2048	sparse4	fresh_resources	2	3	146777345	11770689	12.469732655
16384	2048	sparse4	fresh_resources	2	4	139171540	11897662	11.697385587
16384	2048	sparse4	fresh_resources	2	5	146846943	12346074	11.894221839
16384	2048	sparse4	fresh_resources	2	6	146922203	11814332	12.435929767
16384	2048	sparse4	fresh_resources	2	7	145930608	11510889	12.677614040
16384	2048	sparse4	fresh_resources	2	8	155985059	12376314	12.603514988
16384	2048	sparse4	fresh_resources	2	9	146946411	11688871	12.571480257
16384	2048	sparse4	fresh_resources	2	10	139288690	13607469	10.236193814
16384	2048	sparse4	fresh_resources	2	11	146510296	11533554	12.702961810
16384	2048	sparse4	fresh_resources	2	12	146933930	11819686	12.431288784
16384	2048	sparse4	fresh_resources	2	13	146938134	12651122	11.614632599
16384	2048	sparse4	fresh_resources	2	14	156167982	12559123	12.434624774
16384	2048	sparse4	fresh_resources	2	15	156070147	12180700	12.812904595
16384	2048	sparse4	fresh_resources	2	16	147299250	12052422	12.221547669
16384	2048	sparse4	fresh_resources	2	17	155507866	11968382	12.993223813
16384	2048	sparse4	fresh_resources	2	18	155822426	12124857	12.851485671
16384	2048	sparse4	fresh_resources	2	19	146494668	11998534	12.209380579
16384	2048	sparse4	fresh_resources	3	0	149105510	14057031	10.607183693
16384	2048	sparse4	fresh_resources	3	1	141037794	13200404	10.684354358
16384	2048	sparse4	fresh_resources	3	2	148930587	13976128	10.656069192
16384	2048	sparse4	fresh_resources	3	3	148981948	13888570	10.726946547
16384	2048	sparse4	fresh_resources	3	4	144568277	17209056	8.400709313
16384	2048	sparse4	fresh_resources	3	5	151927779	17224254	8.820572374
16384	2048	sparse4	fresh_resources	3	6	152489523	17360689	8.783610086
16384	2048	sparse4	fresh_resources	3	7	144547288	17410655	8.302231478
16384	2048	sparse4	fresh_resources	3	8	152390859	16995350	8.966620811
16384	2048	sparse4	fresh_resources	3	9	153095493	17311025	8.843814448
16384	2048	sparse4	fresh_resources	3	10	145165563	19256221	7.538631957
16384	2048	sparse4	fresh_resources	3	11	152644508	17150131	8.900486416
16384	2048	sparse4	fresh_resources	3	12	155431266	18984467	8.187286269
16384	2048	sparse4	fresh_resources	3	13	145051650	17889324	8.108280112
16384	2048	sparse4	fresh_resources	3	14	153496304	17414412	8.814325973
16384	2048	sparse4	fresh_resources	3	15	153090381	17296148	8.851125754
16384	2048	sparse4	fresh_resources	3	16	145139217	17935942	8.092087775
16384	2048	sparse4	fresh_resources	3	17	163841315	17562148	9.329229830
16384	2048	sparse4	fresh_resources	3	18	162802657	18100541	8.994353097
16384	2048	sparse4	fresh_resources	3	19	145110954	18683114	7.766957585
16384	2048	sparse4	fresh_resources	4	0	146782263	11640771	12.609324846
16384	2048	sparse4	fresh_resources	4	1	138660039	11494601	12.063058039
16384	2048	sparse4	fresh_resources	4	2	146093737	11797145	12.383821425
16384	2048	sparse4	fresh_resources	4	3	146551384	11775857	12.445071641
16384	2048	sparse4	fresh_resources	4	4	155941557	12804863	12.178307335
16384	2048	sparse4	fresh_resources	4	5	146768336	11732404	12.509655822
16384	2048	sparse4	fresh_resources	4	6	146583613	11632867	12.600815689
16384	2048	sparse4	fresh_resources	4	7	139278550	11481653	12.130531205
16384	2048	sparse4	fresh_resources	4	8	146344029	11678826	12.530714046
16384	2048	sparse4	fresh_resources	4	9	146105982	11565307	12.633126125
16384	2048	sparse4	fresh_resources	4	10	138917794	13758416	10.096932234
16384	2048	sparse4	fresh_resources	4	11	147075630	11642317	12.632848771
16384	2048	sparse4	fresh_resources	4	12	146626635	11598918	12.641406293
16384	2048	sparse4	fresh_resources	4	13	139578129	12202748	11.438253826
16384	2048	sparse4	fresh_resources	4	14	147670505	11796127	12.518558422
16384	2048	sparse4	fresh_resources	4	15	146541443	12288231	11.925348978
16384	2048	sparse4	fresh_resources	4	16	139287565	12260400	11.360768409
16384	2048	sparse4	fresh_resources	4	17	149983680	11614925	12.913013214
16384	2048	sparse4	fresh_resources	4	18	147458063	12460113	11.834408163
16384	2048	sparse4	fresh_resources	4	19	138801576	11618829	11.946262054
16384	2048	sparse4	fresh_resources	5	0	153759057	17283512	8.896285489
16384	2048	sparse4	fresh_resources	5	1	145282778	17632010	8.239717310
16384	2048	sparse4	fresh_resources	5	2	153333862	17297355	8.864584325
16384	2048	sparse4	fresh_resources	5	3	154986215	17137257	9.043816931
16384	2048	sparse4	fresh_resources	5	4	147045939	17825324	8.249271598
16384	2048	sparse4	fresh_resources	5	5	154134381	17167105	8.978472550
16384	2048	sparse4	fresh_resources	5	6	153864116	17291989	8.897999877
16384	2048	sparse4	fresh_resources	5	7	160259168	17131999	9.354376451
16384	2048	sparse4	fresh_resources	5	8	154478261	17672935	8.740951121
16384	2048	sparse4	fresh_resources	5	9	154140078	17596537	8.759682544
16384	2048	sparse4	fresh_resources	5	10	146091921	19471057	7.503029805
16384	2048	sparse4	fresh_resources	5	11	153963405	17474473	8.810760988
16384	2048	sparse4	fresh_resources	5	12	156671219	18657215	8.397352928
16384	2048	sparse4	fresh_resources	5	13	146380380	18218318	8.034791137
16384	2048	sparse4	fresh_resources	5	14	154362353	17765196	8.689031801
16384	2048	sparse4	fresh_resources	5	15	153401169	17381612	8.825485749
16384	2048	sparse4	fresh_resources	5	16	145811254	17564802	8.301332062
16384	2048	sparse4	fresh_resources	5	17	153698304	17429568	8.818250917
16384	2048	sparse4	fresh_resources	5	18	154054096	17316991	8.896123813
16384	2048	sparse4	fresh_resources	5	19	146886102	17401134	8.441179868
16384	2048	sparse4	fresh_resources	6	0	152866949	11809500	12.944404844
16384	2048	sparse4	fresh_resources	6	1	148565622	12025639	12.354072994
16384	2048	sparse4	fresh_resources	6	2	153278041	11995915	12.777519764
16384	2048	sparse4	fresh_resources	6	3	152437338	11665520	13.067341876
16384	2048	sparse4	fresh_resources	6	4	144253346	11944232	12.077239123
16384	2048	sparse4	fresh_resources	6	5	162825990	11999731	13.569136675
16384	2048	sparse4	fresh_resources	6	6	159823506	14165551	11.282547781
16384	2048	sparse4	fresh_resources	6	7	145757624	13498213	10.798290411
16384	2048	sparse4	fresh_resources	6	8	155313100	13646772	11.380940489
16384	2048	sparse4	fresh_resources	6	9	158796495	13568500	11.703319822
16384	2048	sparse4	fresh_resources	6	10	146755984	17529518	8.371934927
16384	2048	sparse4	fresh_resources	6	11	159320825	14818192	10.751704729
16384	2048	sparse4	fresh_resources	6	12	163283990	17538083	9.310253008
16384	2048	sparse4	fresh_resources	6	13	153808539	17242978	8.920068158
16384	2048	sparse4	fresh_resources	6	14	158758634	17220805	9.219001899
16384	2048	sparse4	fresh_resources	6	15	159212015	17456788	9.120349918
16384	2048	sparse4	fresh_resources	6	16	147294718	17816692	8.267231538
16384	2048	sparse4	fresh_resources	6	17	154928321	17527457	8.839178496
16384	2048	sparse4	fresh_resources	6	18	154812856	18092772	8.556613437
16384	2048	sparse4	fresh_resources	6	19	147218173	17310670	8.504475737
16384	2048	sparse4	fresh_resources	7	0	146971985	11941405	12.307763199
16384	2048	sparse4	fresh_resources	7	1	138545946	11508594	12.038477159
16384	2048	sparse4	fresh_resources	7	2	147043413	11856437	12.401989991
16384	2048	sparse4	fresh_resources	7	3	147107684	11726248	12.545162272
16384	2048	sparse4	fresh_resources	7	4	138619868	11697651	11.850231128
16384	2048	sparse4	fresh_resources	7	5	147060053	11753769	12.511735853
16384	2048	sparse4	fresh_resources	7	6	146856980	11783363	12.463078664
16384	2048	sparse4	fresh_resources	7	7	150578301	11602666	12.977905337
16384	2048	sparse4	fresh_resources	7	8	150029971	12146992	12.351203574
16384	2048	sparse4	fresh_resources	7	9	146934202	11499387	12.777568230
16384	2048	sparse4	fresh_resources	7	10	142047314	14225896	9.985122484
16384	2048	sparse4	fresh_resources	7	11	151591883	12134347	12.492792814
16384	2048	sparse4	fresh_resources	7	12	152641263	12424429	12.285575699
16384	2048	sparse4	fresh_resources	7	13	139840001	12456633	11.226147628
16384	2048	sparse4	fresh_resources	7	14	148004228	12292357	12.040345721
16384	2048	sparse4	fresh_resources	7	15	146699270	11667998	12.572788408
16384	2048	sparse4	fresh_resources	7	16	139201405	11823601	11.773181876
16384	2048	sparse4	fresh_resources	7	17	146870536	11747920	12.501833176
16384	2048	sparse4	fresh_resources	7	18	147130130	11768691	12.501826244
16384	2048	sparse4	fresh_resources	7	19	138924586	11852316	11.721302908
16384	2048	sparse4	fresh_resources	8	0	154761440	17244986	8.974286207
16384	2048	sparse4	fresh_resources	8	1	150974552	18119412	8.332199301
16384	2048	sparse4	fresh_resources	8	2	159636107	17338748	9.206899310
16384	2048	sparse4	fresh_resources	8	3	159003267	17620829	9.023597414
16384	2048	sparse4	fresh_resources	8	4	150079294	17742702	8.458649308
16384	2048	sparse4	fresh_resources	8	5	158962198	17189024	9.247889700
16384	2048	sparse4	fresh_resources	8	6	159225276	18332565	8.685379051
16384	2048	sparse4	fresh_resources	8	7	164272986	19753123	8.316304515
16384	2048	sparse4	fresh_resources	8	8	160145359	17929460	8.931967778
16384	2048	sparse4	fresh_resources	8	9	160169099	17616284	9.092104725
16384	2048	sparse4	fresh_resources	8	10	151933488	20521113	7.403764503
16384	2048	sparse4	fresh_resources	8	11	158862466	17616552	9.017795650
16384	2048	sparse4	fresh_resources	8	12	158807807	19290850	8.232286654
16384	2048	sparse4	fresh_resources	8	13	152211386	17855240	8.524746013
16384	2048	sparse4	fresh_resources	8	14	159831337	17880810	8.938707866
16384	2048	sparse4	fresh_resources	8	15	158832859	17840602	8.902886741
16384	2048	sparse4	fresh_resources	8	16	151055333	17477460	8.642865325
16384	2048	sparse4	fresh_resources	8	17	158775396	17226030	9.217178653
16384	2048	sparse4	fresh_resources	8	18	158668142	17477004	9.078680877
16384	2048	sparse4	fresh_resources	8	19	150754326	17530565	8.599513250
16384	2048	sparse4	fresh_resources	9	0	164714845	12569129	13.104714336
16384	2048	sparse4	fresh_resources	9	1	139456330	11514069	12.111819896
16384	2048	sparse4	fresh_resources	9	2	148263299	11796258	12.568672116
16384	2048	sparse4	fresh_resources	9	3	148935545	11601083	12.838072532
16384	2048	sparse4	fresh_resources	9	4	139569547	11678832	11.950642581
16384	2048	sparse4	fresh_resources	9	5	147480322	11509387	12.813916328
16384	2048	sparse4	fresh_resources	9	6	147764794	11737964	12.588622184
16384	2048	sparse4	fresh_resources	9	7	138708027	11456637	12.107220208
16384	2048	sparse4	fresh_resources	9	8	147614419	11604647	12.720285158
16384	2048	sparse4	fresh_resources	9	9	147754315	11501987	12.845981742
16384	2048	sparse4	fresh_resources	9	10	139745616	14009961	9.974732692
16384	2048	sparse4	fresh_resources	9	11	148219171	11746171	12.618509555
16384	2048	sparse4	fresh_resources	9	12	151036499	11797043	12.802911628
16384	2048	sparse4	fresh_resources	9	13	139435753	12205846	11.423686076
16384	2048	sparse4	fresh_resources	9	14	148033613	11688528	12.664863617
16384	2048	sparse4	fresh_resources	9	15	147471536	11508591	12.814039182
16384	2048	sparse4	fresh_resources	9	16	139618959	11673891	11.959933410
16384	2048	sparse4	fresh_resources	9	17	147385651	11652669	12.648231148
16384	2048	sparse4	fresh_resources	9	18	149212024	12433414	12.000889217
16384	2048	sparse4	fresh_resources	9	19	139518353	11787485	11.836142570
16384	2048	sparse4	fresh_resources	10	0	159125124	17868172	8.905506618
16384	2048	sparse4	fresh_resources	10	1	149814236	17438836	8.590839205
16384	2048	sparse4	fresh_resources	10	2	159341330	17807817	8.947830607
16384	2048	sparse4	fresh_resources	10	3	158803179	17605424	9.020128058
16384	2048	sparse4	fresh_resources	10	4	150361476	22869739	6.574691386
16384	2048	sparse4	fresh_resources	10	5	161112115	21965954	7.334628626
16384	2048	sparse4	fresh_resources	10	6	159691146	17413796	9.170381116
16384	2048	sparse4	fresh_resources	10	7	154150167	17630776	8.743243462
16384	2048	sparse4	fresh_resources	10	8	160107252	17588460	9.102971608
16384	2048	sparse4	fresh_resources	10	9	159200452	18399593	8.652389865
16384	2048	sparse4	fresh_resources	10	10	151454466	20044574	7.555883502
16384	2048	sparse4	fresh_resources	10	11	159371610	17782130	8.962458941
16384	2048	sparse4	fresh_resources	10	12	160004406	18268549	8.758462755
16384	2048	sparse4	fresh_resources	10	13	150351174	17651429	8.517790486
16384	2048	sparse4	fresh_resources	10	14	159198066	18146926	8.772729111
16384	2048	sparse4	fresh_resources	10	15	159972028	18048523	8.863441513
16384	2048	sparse4	fresh_resources	10	16	150580907	17605576	8.553023599
16384	2048	sparse4	fresh_resources	10	17	160047369	17465400	9.163681851
16384	2048	sparse4	fresh_resources	10	18	159699463	17597046	9.075356341
16384	2048	sparse4	fresh_resources	10	19	150455984	17680829	8.509554840
16384	2048	dense32	prepared	1	0	167988372	16103870	10.431552912
16384	2048	dense32	prepared	1	1	160486659	16061011	9.992313622
16384	2048	dense32	prepared	1	2	167345187	16186656	10.338465647
16384	2048	dense32	prepared	1	3	167615903	15998655	10.476874650
16384	2048	dense32	prepared	1	4	160630221	16147696	9.947562860
16384	2048	dense32	prepared	1	5	166883192	15953172	10.460815692
16384	2048	dense32	prepared	1	6	186227655	18170389	10.248963575
16384	2048	dense32	prepared	1	7	166094881	16334820	10.168148838
16384	2048	dense32	prepared	1	8	174468910	16460214	10.599431453
16384	2048	dense32	prepared	1	9	174467417	16375897	10.653915141
16384	2048	dense32	prepared	1	10	166376911	16484451	10.092960390
16384	2048	dense32	prepared	1	11	173655716	16138974	10.760022044
16384	2048	dense32	prepared	1	12	174564437	16294770	10.712911996
16384	2048	dense32	prepared	1	13	166518549	16212654	10.270900064
16384	2048	dense32	prepared	1	14	173665457	16471401	10.543453893
16384	2048	dense32	prepared	1	15	174240578	15962167	10.915847328
16384	2048	dense32	prepared	1	16	167335132	16975562	9.857413380
16384	2048	dense32	prepared	1	17	175079854	17337008	10.098619900
16384	2048	dense32	prepared	1	18	169267508	12294395	13.767859907
16384	2048	dense32	prepared	1	19	160221609	10381925	15.432745758
16384	2048	dense32	prepared	2	0	171507869	10596422	16.185450995
16384	2048	dense32	prepared	2	1	162515024	10571139	15.373463919
16384	2048	dense32	prepared	2	2	170882834	10741634	15.908458061
16384	2048	dense32	prepared	2	3	172978775	10724716	16.128984208
16384	2048	dense32	prepared	2	4	165072872	12240008	13.486336937
16384	2048	dense32	prepared	2	5	172249552	12183927	14.137441237
16384	2048	dense32	prepared	2	6	173419490	12460260	13.917806691
16384	2048	dense32	prepared	2	7	181626771	12130432	14.972819682
16384	2048	dense32	prepared	2	8	173163811	16038129	10.797008242
16384	2048	dense32	prepared	2	9	177027816	15627783	11.327762614
16384	2048	dense32	prepared	2	10	168880965	15816912	10.677239969
16384	2048	dense32	prepared	2	11	176673450	15726089	11.234417534
16384	2048	dense32	prepared	2	12	176996743	16446569	10.761925056
16384	2048	dense32	prepared	2	13	169219809	15931918	10.621433590
16384	2048	dense32	prepared	2	14	176915007	16272418	10.872078569
16384	2048	dense32	prepared	2	15	177395485	16463002	10.775403234
16384	2048	dense32	prepared	2	16	168923078	16253989	10.392715167
16384	2048	dense32	prepared	2	17	176961227	16392387	10.795329991
16384	2048	dense32	prepared	2	18	178993278	17245726	10.378993497
16384	2048	dense32	prepared	2	19	166085977	16259284	10.214839534
16384	2048	dense32	prepared	3	0	168299930	16446403	10.233236410
16384	2048	dense32	prepared	3	1	160670927	15823196	10.154138709
16384	2048	dense32	prepared	3	2	167417681	15913922	10.520202437
16384	2048	dense32	prepared	3	3	168183997	15811185	10.637026700
16384	2048	dense32	prepared	3	4	161144734	16278338	9.899335792
16384	2048	dense32	prepared	3	5	166770137	16108590	10.352869928
16384	2048	dense32	prepared	3	6	168640898	17722929	9.515407865
16384	2048	dense32	prepared	3	7	159405011	16365485	9.740316954
16384	2048	dense32	prepared	3	8	167792880	16365510	10.252835384
16384	2048	dense32	prepared	3	9	168185464	16326332	10.301484988
16384	2048	dense32	prepared	3	10	160643053	16641434	9.653197735
16384	2048	dense32	prepared	3	11	167017391	15849981	10.537387458
16384	2048	dense32	prepared	3	12	169230220	16379911	10.331571399
16384	2048	dense32	prepared	3	13	162609568	15959937	10.188609642
16384	2048	dense32	prepared	3	14	168964502	16139922	10.468731014
16384	2048	dense32	prepared	3	15	167856661	16928065	9.915879990
16384	2048	dense32	prepared	3	16	161502146	16155845	9.996514946
16384	2048	dense32	prepared	3	17	166578172	16234090	10.261010750
16384	2048	dense32	prepared	3	18	168227467	16264887	10.342984061
16384	2048	dense32	prepared	3	19	160504180	16012964	10.023389798
16384	2048	dense32	prepared	4	0	162752613	10544320	15.435098043
16384	2048	dense32	prepared	4	1	154915044	10262954	15.094586218
16384	2048	dense32	prepared	4	2	160931219	10219352	15.747693102
16384	2048	dense32	prepared	4	3	161999905	10276980	15.763376498
16384	2048	dense32	prepared	4	4	155063441	13336234	11.627228571
16384	2048	dense32	prepared	4	5	169297381	14325870	11.817598582
16384	2048	dense32	prepared	4	6	162948360	10351421	15.741641655
16384	2048	dense32	prepared	4	7	154661878	10253860	15.083283563
16384	2048	dense32	prepared	4	8	161989470	10332119	15.678242769
16384	2048	dense32	prepared	4	9	162311502	10284334	15.782402827
16384	2048	dense32	prepared	4	10	154597295	10318891	14.981968024
16384	2048	dense32	prepared	4	11	161022726	10201252	15.784604282
16384	2048	dense32	prepared	4	12	162533355	10684541	15.212010979
16384	2048	dense32	prepared	4	13	155130452	10477510	14.806041894
16384	2048	dense32	prepared	4	14	161831515	10463849	15.465773159
16384	2048	dense32	prepared	4	15	162423022	10318943	15.740277081
16384	2048	dense32	prepared	4	16	154811928	10401482	14.883641389
16384	2048	dense32	prepared	4	17	161645614	10214371	15.825312591
16384	2048	dense32	prepared	4	18	162725062	10797315	15.070882159
16384	2048	dense32	prepared	4	19	156235057	10242947	15.252940096
16384	2048	dense32	prepared	5	0	162067781	10363237	15.638721859
16384	2048	dense32	prepared	5	1	153551686	10119808	15.173379376
16384	2048	dense32	prepared	5	2	162266754	11049946	14.684845881
16384	2048	dense32	prepared	5	3	164420437	10296802	15.968107088
16384	2048	dense32	prepared	5	4	154736169	10324868	14.986745496
16384	2048	dense32	prepared	5	5	161017339	10385263	15.504406484
16384	2048	dense32	prepared	5	6	163082614	14024949	11.628036152
16384	2048	dense32	prepared	5	7	155080129	15151570	10.235251462
16384	2048	dense32	prepared	5	8	160943997	10690124	15.055391032
16384	2048	dense32	prepared	5	9	164045595	10368398	15.821691548
16384	2048	dense32	prepared	5	10	153404918	10571548	14.511112091
16384	2048	dense32	prepared	5	11	161151249	10474383	15.385273672
16384	2048	dense32	prepared	5	12	161027233	10372997	15.523694165
16384	2048	dense32	prepared	5	13	155801642	10149729	15.350325314
16384	2048	dense32	prepared	5	14	161530205	10419706	15.502376459
16384	2048	dense32	prepared	5	15	161642769	10220659	15.815298113
16384	2048	dense32	prepared	5	16	154255450	10324014	14.941422009
16384	2048	dense32	prepared	5	17	161269303	10287773	15.675822454
16384	2048	dense32	prepared	5	18	161484117	10208485	15.818617258
16384	2048	dense32	prepared	5	19	154554236	10206512	15.142708498
16384	2048	dense32	prepared	6	0	173493989	16309535	10.637580348
16384	2048	dense32	prepared	6	1	164628811	16485220	9.986449134
16384	2048	dense32	prepared	6	2	172367675	16363142	10.533898380
16384	2048	dense32	prepared	6	3	173137573	16200270	10.687326384
16384	2048	dense32	prepared	6	4	183439549	17165378	10.686601192
16384	2048	dense32	prepared	6	5	173462525	16254830	10.671445041
16384	2048	dense32	prepared	6	6	174213766	16325322	10.671383143
16384	2048	dense32	prepared	6	7	166804042	16246231	10.267245492
16384	2048	dense32	prepared	6	8	174442674	16551814	10.539187668
16384	2048	dense32	prepared	6	9	174189440	16303923	10.683897366
16384	2048	dense32	prepared	6	10	167400192	16366229	10.228391158
16384	2048	dense32	prepared	6	11	173406495	16351796	10.604736935
16384	2048	dense32	prepared	6	12	174548439	16288839	10.715830576
16384	2048	dense32	prepared	6	13	166473567	16423024	10.136596464
16384	2048	dense32	prepared	6	14	173788724	16180345	10.740730436
16384	2048	dense32	prepared	6	15	173978405	16541633	10.517607603
16384	2048	dense32	prepared	6	16	169170638	16448225	10.285039146
16384	2048	dense32	prepared	6	17	173602706	17026376	10.196104327
16384	2048	dense32	prepared	6	18	174774157	16624729	10.512902616
16384	2048	dense32	prepared	6	19	165963661	16253318	10.211063427
16384	2048	dense32	prepared	7	0	168209847	10601257	15.866971907
16384	2048	dense32	prepared	7	1	160249600	13222009	12.119913093
16384	2048	dense32	prepared	7	2	167804755	10683239	15.707292049
16384	2048	dense32	prepared	7	3	168716344	10623500	15.881427402
16384	2048	dense32	prepared	7	4	160470067	10802053	14.855515614
16384	2048	dense32	prepared	7	5	167184120	10740583	15.565646669
16384	2048	dense32	prepared	7	6	168253385	10445505	16.107731029
16384	2048	dense32	prepared	7	7	166339090	10483838	15.866240016
16384	2048	dense32	prepared	7	8	177260579	11005035	16.107225375
16384	2048	dense32	prepared	7	9	167825247	10790103	15.553627894
16384	2048	dense32	prepared	7	10	160431893	10808220	14.843507349
16384	2048	dense32	prepared	7	11	167185263	10591746	15.784485674
16384	2048	dense32	prepared	7	12	167893617	10588929	15.855580579
16384	2048	dense32	prepared	7	13	160618043	10554699	15.217681054
16384	2048	dense32	prepared	7	14	167666249	10579375	15.848407775
16384	2048	dense32	prepared	7	15	167729684	10626511	15.784078518
16384	2048	dense32	prepared	7	16	160081343	10555284	15.165991081
16384	2048	dense32	prepared	7	17	167292981	10535765	15.878579391
16384	2048	dense32	prepared	7	18	168362252	10751909	15.658824121
16384	2048	dense32	prepared	7	19	159646592	10525876	15.167059920
16384	2048	dense32	prepared	8	0	168334031	10508058	16.019518640
16384	2048	dense32	prepared	8	1	160359681	10377651	15.452406426
16384	2048	dense32	prepared	8	2	167769654	10940685	15.334474395
16384	2048	dense32	prepared	8	3	169641755	10536725	16.100045792
16384	2048	dense32	prepared	8	4	161560513	10823394	14.926973277
16384	2048	dense32	prepared	8	5	184677811	10665215	17.315901367
16384	2048	dense32	prepared	8	6	170192688	10656147	15.971315711
16384	2048	dense32	prepared	8	7	160071814	11055501	14.478928997
16384	2048	dense32	prepared	8	8	169900448	10623450	15.992963491
16384	2048	dense32	prepared	8	9	168288746	10364808	16.236552187
16384	2048	dense32	prepared	8	10	160722315	10448612	15.382168943
16384	2048	dense32	prepared	8	11	167067993	10640366	15.701338939
16384	2048	dense32	prepared	8	12	168502456	10487412	16.067115128
16384	2048	dense32	prepared	8	13	159626137	10666517	14.965160324
16384	2048	dense32	prepared	8	14	168040279	10692189	15.716171777
16384	2048	dense32	prepared	8	15	172066787	10591515	16.245719994
16384	2048	dense32	prepared	8	16	160993597	10579987	15.216804803
16384	2048	dense32	prepared	8	17	167173156	10437093	16.017214372
16384	2048	dense32	prepared	8	18	168088693	10630310	15.812209898
16384	2048	dense32	prepared	8	19	159376321	10359514	15.384536475
16384	2048	dense32	prepared	9	0	163116560	10341941	15.772335193
16384	2048	dense32	prepared	9	1	169193645	10157629	16.656804949
16384	2048	dense32	prepared	9	2	163916585	10411388	15.743970449
16384	2048	dense32	prepared	9	3	163113323	10495593	15.541125023
16384	2048	dense32	prepared	9	4	155925872	10401126	14.991249217
16384	2048	dense32	prepared	9	5	162558439	10312055	15.763922807
16384	2048	dense32	prepared	9	6	163257613	10369588	15.743886160
16384	2048	dense32	prepared	9	7	155241689	10301295	15.070113903
16384	2048	dense32	prepared	9	8	162401997	10529185	15.423985522
16384	2048	dense32	prepared	9	9	162791955	10394258	15.661719673
16384	2048	dense32	prepared	9	10	155931773	10502293	14.847402658
16384	2048	dense32	prepared	9	11	162470775	10327845	15.731333594
16384	2048	dense32	prepared	9	12	162866746	10326493	15.771738382
16384	2048	dense32	prepared	9	13	155505004	10437862	14.898166310
16384	2048	dense32	prepared	9	14	162639556	10413869	15.617591886
16384	2048	dense32	prepared	9	15	162639543	10419449	15.609226841
16384	2048	dense32	prepared	9	16	156206359	10734403	14.551937262
16384	2048	dense32	prepared	9	17	165344425	10660645	15.509795608
16384	2048	dense32	prepared	9	18	167576490	11028694	15.194590583
16384	2048	dense32	prepared	9	19	154983508	10383069	14.926560538
16384	2048	dense32	prepared	10	0	174279707	16382879	10.637916999
16384	2048	dense32	prepared	10	1	166066186	16288704	10.195174889
16384	2048	dense32	prepared	10	2	188067401	17047144	11.032194073
16384	2048	dense32	prepared	10	3	175144000	16688440	10.494929424
16384	2048	dense32	prepared	10	4	167531407	16562990	10.114804573
16384	2048	dense32	prepared	10	5	173779666	17518851	9.919581256
16384	2048	dense32	prepared	10	6	174937862	16373732	10.684055535
16384	2048	dense32	prepared	10	7	168743328	16328975	10.333981649
16384	2048	dense32	prepared	10	8	179734418	16546765	10.862208897
16384	2048	dense32	prepared	10	9	174653089	16175265	10.797541122
16384	2048	dense32	prepared	10	10	162858742	16695189	9.754830688
16384	2048	dense32	prepared	10	11	166960210	16204224	10.303499260
16384	2048	dense32	prepared	10	12	167260492	16637070	10.053482494
16384	2048	dense32	prepared	10	13	159651780	16392527	9.739302549
16384	2048	dense32	prepared	10	14	167446952	16268569	10.292666306
16384	2048	dense32	prepared	10	15	167549212	16317814	10.267871174
16384	2048	dense32	prepared	10	16	159949672	15904258	10.057034538
16384	2048	dense32	prepared	10	17	166857042	16177777	10.313966004
16384	2048	dense32	prepared	10	18	167636722	16610816	10.092022090
16384	2048	dense32	prepared	10	19	159986751	15983934	10.009222448
16384	2048	dense32	fresh_resources	1	0	169041760	11789189	14.338709813
16384	2048	dense32	fresh_resources	1	1	164821926	11845187	13.914674880
16384	2048	dense32	fresh_resources	1	2	168625896	11821170	14.264738262
16384	2048	dense32	fresh_resources	1	3	172311572	11794405	14.609602774
16384	2048	dense32	fresh_resources	1	4	161135633	12019631	13.406038255
16384	2048	dense32	fresh_resources	1	5	168565299	11727263	14.373797108
16384	2048	dense32	fresh_resources	1	6	185466621	12765513	14.528724463
16384	2048	dense32	fresh_resources	1	7	164914846	12228762	13.485816962
16384	2048	dense32	fresh_resources	1	8	168358668	11932998	14.108664730
16384	2048	dense32	fresh_resources	1	9	172461641	11790950	14.626611172
16384	2048	dense32	fresh_resources	1	10	160863951	11891047	13.528157024
16384	2048	dense32	fresh_resources	1	11	173684004	12010012	14.461601204
16384	2048	dense32	fresh_resources	1	12	169249560	11917484	14.201786216
16384	2048	dense32	fresh_resources	1	13	163264610	11668767	13.991590543
16384	2048	dense32	fresh_resources	1	14	170589932	11997695	14.218558815
16384	2048	dense32	fresh_resources	1	15	172506632	11829477	14.582777582
16384	2048	dense32	fresh_resources	1	16	162072417	11831284	13.698632963
16384	2048	dense32	fresh_resources	1	17	172659340	11991624	14.398328367
16384	2048	dense32	fresh_resources	1	18	169413721	12210518	13.874409014
16384	2048	dense32	fresh_resources	1	19	162326195	11739707	13.827107866
16384	2048	dense32	fresh_resources	2	0	174901137	18296367	9.559336944
16384	2048	dense32	fresh_resources	2	1	168254835	18595409	9.048192218
16384	2048	dense32	fresh_resources	2	2	174077294	18427742	9.446479878
16384	2048	dense32	fresh_resources	2	3	174786340	17623445	9.917830481
16384	2048	dense32	fresh_resources	2	4	167106636	17850516	9.361445686
16384	2048	dense32	fresh_resources	2	5	173874452	17628237	9.863405626
16384	2048	dense32	fresh_resources	2	6	190469307	18238511	10.443248739
16384	2048	dense32	fresh_resources	2	7	167101544	17612965	9.487417025
16384	2048	dense32	fresh_resources	2	8	174490961	17784370	9.811478337
16384	2048	dense32	fresh_resources	2	9	175188236	17453564	10.037390415
16384	2048	dense32	fresh_resources	2	10	167558642	17938623	9.340663550
16384	2048	dense32	fresh_resources	2	11	174687858	17376970	10.052837635
16384	2048	dense32	fresh_resources	2	12	174684644	17723700	9.855991920
16384	2048	dense32	fresh_resources	2	13	167262271	17298095	9.669404116
16384	2048	dense32	fresh_resources	2	14	174630052	17547874	9.951635851
16384	2048	dense32	fresh_resources	2	15	175127652	17143188	10.215582539
16384	2048	dense32	fresh_resources	2	16	167508282	17419559	9.616103485
16384	2048	dense32	fresh_resources	2	17	174064708	17224966	10.105373096
16384	2048	dense32	fresh_resources	2	18	175088844	17756358	9.860628176
16384	2048	dense32	fresh_resources	2	19	166881938	17399030	9.591450673
16384	2048	dense32	fresh_resources	3	0	169191441	18057566	9.369559607
16384	2048	dense32	fresh_resources	3	1	160253548	17257697	9.285917350
16384	2048	dense32	fresh_resources	3	2	168391176	17574582	9.581518127
16384	2048	dense32	fresh_resources	3	3	169421920	16923811	10.010861029
16384	2048	dense32	fresh_resources	3	4	162821974	17815962	9.139106493
16384	2048	dense32	fresh_resources	3	5	168282419	17787864	9.460518643
16384	2048	dense32	fresh_resources	3	6	169800256	17417100	9.749054435
16384	2048	dense32	fresh_resources	3	7	160617042	17249288	9.311517206
16384	2048	dense32	fresh_resources	3	8	169566642	17563279	9.654611875
16384	2048	dense32	fresh_resources	3	9	168921675	17532220	9.634927864
16384	2048	dense32	fresh_resources	3	10	155141582	11630895	13.338748394
16384	2048	dense32	fresh_resources	3	11	162947112	11481101	14.192638145
16384	2048	dense32	fresh_resources	3	12	162100150	11846923	13.682890486
16384	2048	dense32	fresh_resources	3	13	155664273	11691716	13.314065532
16384	2048	dense32	fresh_resources	3	14	162446336	11825651	13.736777451
16384	2048	dense32	fresh_resources	3	15	162676144	11798648	13.787693641
16384	2048	dense32	fresh_resources	3	16	155220959	11607881	13.372032243
16384	2048	dense32	fresh_resources	3	17	162122343	11497246	14.100971920
16384	2048	dense32	fresh_resources	3	18	162338824	11755358	13.809772871
16384	2048	dense32	fresh_resources	3	19	154710183	11574309	13.366688500
16384	2048	dense32	fresh_resources	4	0	161977904	11950714	13.553826491
16384	2048	dense32	fresh_resources	4	1	154391294	11646592	13.256349497
16384	2048	dense32	fresh_resources	4	2	161886294	11764209	13.760916182
16384	2048	dense32	fresh_resources	4	3	162106664	11660687	13.901982276
16384	2048	dense32	fresh_resources	4	4	155901630	11861796	13.143172417
16384	2048	dense32	fresh_resources	4	5	161617348	11765518	13.736526348
16384	2048	dense32	fresh_resources	4	6	162798118	11872370	13.712352125
16384	2048	dense32	fresh_resources	4	7	174419879	11616357	15.015023987
16384	2048	dense32	fresh_resources	4	8	164572440	13349147	12.328311315
16384	2048	dense32	fresh_resources	4	9	163995329	13290923	12.338896930
16384	2048	dense32	fresh_resources	4	10	156817935	13424745	11.681259868
16384	2048	dense32	fresh_resources	4	11	163286367	13325080	12.254062790
16384	2048	dense32	fresh_resources	4	12	165821470	14219873	11.661248311
16384	2048	dense32	fresh_resources	4	13	160188946	14294198	11.206571086
16384	2048	dense32	fresh_resources	4	14	174287291	17787175	9.798480703
16384	2048	dense32	fresh_resources	4	15	173549594	17860426	9.716990737
16384	2048	dense32	fresh_resources	4	16	166226365	17605456	9.441752886
16384	2048	dense32	fresh_resources	4	17	173848438	17091269	10.171768872
16384	2048	dense32	fresh_resources	4	18	174760285	17388186	10.050518496
16384	2048	dense32	fresh_resources	4	19	166248285	17716346	9.383892423
16384	2048	dense32	fresh_resources	5	0	162543554	11631596	13.974312210
16384	2048	dense32	fresh_resources	5	1	155160155	11652809	13.315257720
16384	2048	dense32	fresh_resources	5	2	161327045	12178861	13.246480521
16384	2048	dense32	fresh_resources	5	3	162448483	11555069	14.058633748
16384	2048	dense32	fresh_resources	5	4	155301834	11646653	13.334460467
16384	2048	dense32	fresh_resources	5	5	163986073	11593129	14.145108969
16384	2048	dense32	fresh_resources	5	6	162830039	11815482	13.781074610
16384	2048	dense32	fresh_resources	5	7	155213267	11516857	13.477050813
16384	2048	dense32	fresh_resources	5	8	162132361	11736600	13.814252935
16384	2048	dense32	fresh_resources	5	9	179848380	11531169	15.596717037
16384	2048	dense32	fresh_resources	5	10	155783997	11802947	13.198737315
16384	2048	dense32	fresh_resources	5	11	161979156	11577627	13.990704313
16384	2048	dense32	fresh_resources	5	12	162540282	11869601	13.693828630
16384	2048	dense32	fresh_resources	5	13	154856633	11499116	13.466829363
16384	2048	dense32	fresh_resources	5	14	162116935	11820403	13.715009124
16384	2048	dense32	fresh_resources	5	15	162126964	11646644	13.920487653
16384	2048	dense32	fresh_resources	5	16	155412660	11736951	13.241314546
16384	2048	dense32	fresh_resources	5	17	161906392	11431865	14.162727779
16384	2048	dense32	fresh_resources	5	18	162121137	11711978	13.842336196
16384	2048	dense32	fresh_resources	5	19	155052843	11671634	13.284587488
16384	2048	dense32	fresh_resources	6	0	175484897	19257873	9.112371704
16384	2048	dense32	fresh_resources	6	1	167833732	20037330	8.376052698
16384	2048	dense32	fresh_resources	6	2	173504382	18063844	9.605064238
16384	2048	dense32	fresh_resources	6	3	184864349	17642199	10.478532126
16384	2048	dense32	fresh_resources	6	4	161109065	17642195	9.132030623
16384	2048	dense32	fresh_resources	6	5	172727466	17594810	9.816955454
16384	2048	dense32	fresh_resources	6	6	170831916	17660756	9.672967341
16384	2048	dense32	fresh_resources	6	7	162345715	18880867	8.598424797
16384	2048	dense32	fresh_resources	6	8	169930085	17514701	9.702140219
16384	2048	dense32	fresh_resources	6	9	172921812	18173799	9.514896253
16384	2048	dense32	fresh_resources	6	10	163992232	17461465	9.391665132
16384	2048	dense32	fresh_resources	6	11	168072366	17716783	9.486618761
16384	2048	dense32	fresh_resources	6	12	169590870	18542224	9.146198967
16384	2048	dense32	fresh_resources	6	13	165481485	17725856	9.335599082
16384	2048	dense32	fresh_resources	6	14	170447804	17689071	9.635769114
16384	2048	dense32	fresh_resources	6	15	169300481	17481779	9.684396594
16384	2048	dense32	fresh_resources	6	16	161473899	17864705	9.038710631
16384	2048	dense32	fresh_resources	6	17	169135314	17587151	9.616981966
16384	2048	dense32	fresh_resources	6	18	171983771	18440466	9.326433020
16384	2048	dense32	fresh_resources	6	19	162703620	17712788	9.185658407
16384	2048	dense32	fresh_resources	7	0	168699624	12059890	13.988487789
16384	2048	dense32	fresh_resources	7	1	160649705	11840255	13.568095028
16384	2048	dense32	fresh_resources	7	2	168140300	11984322	14.030021890
16384	2048	dense32	fresh_resources	7	3	171422857	11967403	14.324148439
16384	2048	dense32	fresh_resources	7	4	159527000	12258983	13.013069681
16384	2048	dense32	fresh_resources	7	5	168143121	12099648	13.896529965
16384	2048	dense32	fresh_resources	7	6	168717491	12092217	13.952568913
16384	2048	dense32	fresh_resources	7	7	160978161	11978309	13.439139114
16384	2048	dense32	fresh_resources	7	8	168344486	12230118	13.764747486
16384	2048	dense32	fresh_resources	7	9	203548744	11809553	17.235939751
16384	2048	dense32	fresh_resources	7	10	161486416	12515954	12.902445631
16384	2048	dense32	fresh_resources	7	11	167393231	12093691	13.841368280
16384	2048	dense32	fresh_resources	7	12	170646594	12132055	14.065761654
16384	2048	dense32	fresh_resources	7	13	161186669	12052832	13.373344041
16384	2048	dense32	fresh_resources	7	14	168170357	11995999	14.018870542
16384	2048	dense32	fresh_resources	7	15	170767688	11925960	14.318988828
16384	2048	dense32	fresh_resources	7	16	162986254	13930581	11.699889186
16384	2048	dense32	fresh_resources	7	17	168934022	13496923	12.516484090
16384	2048	dense32	fresh_resources	7	18	170446917	15688370	10.864539592
16384	2048	dense32	fresh_resources	7	19	161521898	15292712	10.562017908
16384	2048	dense32	fresh_resources	8	0	168656431	11907190	14.164251263
16384	2048	dense32	fresh_resources	8	1	160904586	11828857	13.602716306
16384	2048	dense32	fresh_resources	8	2	168292556	11953611	14.078804806
16384	2048	dense32	fresh_resources	8	3	168366954	11909917	14.136702548
16384	2048	dense32	fresh_resources	8	4	162802114	12740909	12.777904151
16384	2048	dense32	fresh_resources	8	5	168145487	12392873	13.567918190
16384	2048	dense32	fresh_resources	8	6	183173258	12629187	14.503962765
16384	2048	dense32	fresh_resources	8	7	162475373	11745880	13.832541538
16384	2048	dense32	fresh_resources	8	8	168585635	12248486	13.763793746
16384	2048	dense32	fresh_resources	8	9	169297243	11865971	14.267458011
16384	2048	dense32	fresh_resources	8	10	160962741	12068464	13.337467055
16384	2048	dense32	fresh_resources	8	11	168054800	11851336	14.180240945
16384	2048	dense32	fresh_resources	8	12	168595358	11935409	14.125645631
16384	2048	dense32	fresh_resources	8	13	160505527	11817404	13.582130813
16384	2048	dense32	fresh_resources	8	14	168170278	11878859	14.157107008
16384	2048	dense32	fresh_resources	8	15	167970042	11834819	14.192869532
16384	2048	dense32	fresh_resources	8	16	166409442	11977088	13.893981742
16384	2048	dense32	fresh_resources	8	17	168895187	11724267	14.405607361
16384	2048	dense32	fresh_resources	8	18	169431348	12158394	13.935339486
16384	2048	dense32	fresh_resources	8	19	161280112	11879005	13.576904126
16384	2048	dense32	fresh_resources	9	0	163515821	11603664	14.091740419
16384	2048	dense32	fresh_resources	9	1	155424297	11661071	13.328475318
16384	2048	dense32	fresh_resources	9	2	162027456	11778080	13.756695149
16384	2048	dense32	fresh_resources	9	3	176992699	11521415	15.362062646
16384	2048	dense32	fresh_resources	9	4	157086644	11848141	13.258336814
16384	2048	dense32	fresh_resources	9	5	162606182	11533436	14.098676405
16384	2048	dense32	fresh_resources	9	6	162618962	11841816	13.732603344
16384	2048	dense32	fresh_resources	9	7	154768514	11541582	13.409644709
16384	2048	dense32	fresh_resources	9	8	165394944	11732892	14.096690228
16384	2048	dense32	fresh_resources	9	9	162708961	11857657	13.721847495
16384	2048	dense32	fresh_resources	9	10	155714248	11666727	13.346866520
16384	2048	dense32	fresh_resources	9	11	161463695	11432803	14.122844153
16384	2048	dense32	fresh_resources	9	12	162787741	11998896	13.566893238
16384	2048	dense32	fresh_resources	9	13	154721608	11748710	13.169242240
16384	2048	dense32	fresh_resources	9	14	163123852	12189471	13.382356954
16384	2048	dense32	fresh_resources	9	15	164118612	11683858	14.046611316
16384	2048	dense32	fresh_resources	9	16	156055790	12037585	12.964044698
16384	2048	dense32	fresh_resources	9	17	162113228	11519508	14.072929851
16384	2048	dense32	fresh_resources	9	18	162695381	11809010	13.777224424
16384	2048	dense32	fresh_resources	9	19	155351724	11483030	13.528809382
16384	2048	dense32	fresh_resources	10	0	162840101	11821977	13.774354408
16384	2048	dense32	fresh_resources	10	1	154894628	11679926	13.261610390
16384	2048	dense32	fresh_resources	10	2	176802652	12780254	13.834048369
16384	2048	dense32	fresh_resources	10	3	162692134	12663089	12.847744654
16384	2048	dense32	fresh_resources	10	4	155346058	12157221	12.778089499
16384	2048	dense32	fresh_resources	10	5	162555842	11770018	13.811010484
16384	2048	dense32	fresh_resources	10	6	165180794	11727639	14.084744082
16384	2048	dense32	fresh_resources	10	7	154899623	11570127	13.387893063
16384	2048	dense32	fresh_resources	10	8	162019249	11844236	13.679164194
16384	2048	dense32	fresh_resources	10	9	162695802	12620191	12.891706790
16384	2048	dense32	fresh_resources	10	10	156157279	11885035	13.138983520
16384	2048	dense32	fresh_resources	10	11	162232458	11713436	13.850116908
16384	2048	dense32	fresh_resources	10	12	162495453	12445759	13.056291143
16384	2048	dense32	fresh_resources	10	13	155616341	12378460	12.571542906
16384	2048	dense32	fresh_resources	10	14	163397383	13507067	12.097177204
16384	2048	dense32	fresh_resources	10	15	170078514	13187185	12.897256996
16384	2048	dense32	fresh_resources	10	16	166213738	12978211	12.807137902
16384	2048	dense32	fresh_resources	10	17	168762948	12637851	13.353769403
16384	2048	dense32	fresh_resources	10	18	168119251	12387353	13.571846302
16384	2048	dense32	fresh_resources	10	19	162517561	11953656	13.595636431
65536	512	boundary	prepared	1	0	121131865	11912090	10.168817143
65536	512	boundary	prepared	1	1	121477648	11961249	10.155933381
65536	512	boundary	prepared	1	2	122449495	11249738	10.884653047
65536	512	boundary	prepared	1	3	120113757	10589741	11.342464089
65536	512	boundary	prepared	1	4	118957108	10742426	11.073579469
65536	512	boundary	prepared	1	5	121040849	10507605	11.519356599
65536	512	boundary	prepared	1	6	118905002	10632309	11.183365909
65536	512	boundary	prepared	1	7	118931506	10420948	11.412733851
65536	512	boundary	prepared	1	8	135886938	11285154	12.041212552
65536	512	boundary	prepared	1	9	118903509	10536201	11.285235447
65536	512	boundary	prepared	1	10	118513752	10506037	11.280538228
65536	512	boundary	prepared	1	11	120091689	10437224	11.506094820
65536	512	boundary	prepared	1	12	118840137	10707742	11.098524507
65536	512	boundary	prepared	1	13	120815358	10442693	11.569367978
65536	512	boundary	prepared	1	14	120178634	10542249	11.399714994
65536	512	boundary	prepared	1	15	118849465	10477340	11.343476970
65536	512	boundary	prepared	1	16	118959668	10544179	11.282022811
65536	512	boundary	prepared	1	17	120076055	10469677	11.468935957
65536	512	boundary	prepared	1	18	118808640	10472394	11.344936029
65536	512	boundary	prepared	1	19	118520394	10348643	11.452747380
65536	512	boundary	prepared	2	0	125369186	16671797	7.519836404
65536	512	boundary	prepared	2	1	125163876	18766086	6.669684664
65536	512	boundary	prepared	2	2	127146055	16507651	7.702250005
65536	512	boundary	prepared	2	3	125382525	16426681	7.632858092
65536	512	boundary	prepared	2	4	125213919	16541583	7.569645481
65536	512	boundary	prepared	2	5	138419618	16549181	8.364137053
65536	512	boundary	prepared	2	6	126371380	16533689	7.643265819
65536	512	boundary	prepared	2	7	125331766	16654127	7.525568047
65536	512	boundary	prepared	2	8	126607262	16626753	7.614671488
65536	512	boundary	prepared	2	9	124946934	16023030	7.797959187
65536	512	boundary	prepared	2	10	125055932	16351815	7.647831877
65536	512	boundary	prepared	2	11	127036392	16570147	7.666582077
65536	512	boundary	prepared	2	12	125194899	16783719	7.459306188
65536	512	boundary	prepared	2	13	125166729	16249779	7.702672695
65536	512	boundary	prepared	2	14	127404427	16494961	7.723839238
65536	512	boundary	prepared	2	15	125353689	16293046	7.693692696
65536	512	boundary	prepared	2	16	128184316	17143301	7.477224836
65536	512	boundary	prepared	2	17	128914257	16703331	7.717877171
65536	512	boundary	prepared	2	18	126815469	16770900	7.561637658
65536	512	boundary	prepared	2	19	126645163	16533693	7.659823066
65536	512	boundary	prepared	3	0	115968020	10690658	10.847603581
65536	512	boundary	prepared	3	1	116434529	10443107	11.149414537
65536	512	boundary	prepared	3	2	118140529	11445293	10.322193499
65536	512	boundary	prepared	3	3	118972581	11790465	10.090575817
65536	512	boundary	prepared	3	4	118076617	11539582	10.232313181
65536	512	boundary	prepared	3	5	118251003	10412427	11.356718563
65536	512	boundary	prepared	3	6	116401966	10465654	11.122283041
65536	512	boundary	prepared	3	7	116391238	10199117	11.411893598
65536	512	boundary	prepared	3	8	118478010	11282289	10.501238711
65536	512	boundary	prepared	3	9	116199431	11194514	10.380033559
65536	512	boundary	prepared	3	10	116703961	10255818	11.379293295
65536	512	boundary	prepared	3	11	118124333	10226507	11.550799603
65536	512	boundary	prepared	3	12	121328368	11075364	10.954797332
65536	512	boundary	prepared	3	13	118614589	10750505	11.033396943
65536	512	boundary	prepared	3	14	120553465	10516549	11.463215262
65536	512	boundary	prepared	3	15	121010567	10536562	11.484824652
65536	512	boundary	prepared	3	16	118406621	10652161	11.115737079
65536	512	boundary	prepared	3	17	120244785	10567165	11.379096002
65536	512	boundary	prepared	3	18	118873435	10940430	10.865517626
65536	512	boundary	prepared	3	19	118481797	10503027	11.280728594
65536	512	boundary	prepared	4	0	124874162	16223463	7.697133590
65536	512	boundary	prepared	4	1	124842384	16504147	7.564303929
65536	512	boundary	prepared	4	2	126627665	16852878	7.513711605
65536	512	boundary	prepared	4	3	125795225	16837050	7.471334052
65536	512	boundary	prepared	4	4	125028567	16390247	7.628229581
65536	512	boundary	prepared	4	5	126725802	16881153	7.506939958
65536	512	boundary	prepared	4	6	124991152	16524009	7.564214713
65536	512	boundary	prepared	4	7	139735879	16726094	8.354364085
65536	512	boundary	prepared	4	8	127854829	16866086	7.580586806
65536	512	boundary	prepared	4	9	124793014	16628485	7.504773526
65536	512	boundary	prepared	4	10	124758889	16264961	7.670408125
65536	512	boundary	prepared	4	11	126298490	16566936	7.623527368
65536	512	boundary	prepared	4	12	125463279	16407916	7.646509100
65536	512	boundary	prepared	4	13	124799119	16648611	7.496067930
65536	512	boundary	prepared	4	14	126434546	16326866	7.743956862
65536	512	boundary	prepared	4	15	125089304	16824674	7.434872379
65536	512	boundary	prepared	4	16	124775850	16441286	7.589178243
65536	512	boundary	prepared	4	17	126100845	16539138	7.624390401
65536	512	boundary	prepared	4	18	125002934	16603964	7.528499460
65536	512	boundary	prepared	4	19	124835269	16617780	7.512150781
65536	512	boundary	prepared	5	0	115792565	10234696	11.313727833
65536	512	boundary	prepared	5	1	118763228	10223447	11.616750006
65536	512	boundary	prepared	5	2	117610728	12057116	9.754465993
65536	512	boundary	prepared	5	3	115855987	10372663	11.169358052
65536	512	boundary	prepared	5	4	115470932	10477654	11.020685737
65536	512	boundary	prepared	5	5	116909860	10367472	11.276602435
65536	512	boundary	prepared	5	6	119369466	10648855	11.209605728
65536	512	boundary	prepared	5	7	115608941	10236799	11.293465956
65536	512	boundary	prepared	5	8	117202315	10874553	10.777667367
65536	512	boundary	prepared	5	9	116892664	10939348	10.685523854
65536	512	boundary	prepared	5	10	116002220	10843638	10.697721558
65536	512	boundary	prepared	5	11	117259160	10589980	11.072651695
65536	512	boundary	prepared	5	12	117072340	11318619	10.343341356
65536	512	boundary	prepared	5	13	129358559	17590385	7.353935630
65536	512	boundary	prepared	5	14	123286501	11102980	11.103910932
65536	512	boundary	prepared	5	15	122045593	11272817	10.826539010
65536	512	boundary	prepared	5	16	120842867	10603682	11.396311866
65536	512	boundary	prepared	5	17	122753709	10725208	11.445345302
65536	512	boundary	prepared	5	18	120847571	10779034	11.211354468
65536	512	boundary	prepared	5	19	120659913	10576318	11.408498969
65536	512	boundary	prepared	6	0	116097847	10273166	11.301077681
65536	512	boundary	prepared	6	1	115985484	10523501	11.021568202
65536	512	boundary	prepared	6	2	122517216	14242411	8.602280611
65536	512	boundary	prepared	6	3	117769438	12219199	9.638065310
65536	512	boundary	prepared	6	4	116976662	10531733	11.107066805
65536	512	boundary	prepared	6	5	118071436	10378048	11.377036992
65536	512	boundary	prepared	6	6	116382559	10417615	11.171708592
65536	512	boundary	prepared	6	7	115868328	10240659	11.314538254
65536	512	boundary	prepared	6	8	117854667	10388557	11.344661920
65536	512	boundary	prepared	6	9	116193093	10254674	11.330744693
65536	512	boundary	prepared	6	10	116552531	10338930	11.273171498
65536	512	boundary	prepared	6	11	117812199	10266372	11.475543551
65536	512	boundary	prepared	6	12	116239791	10620032	10.945333404
65536	512	boundary	prepared	6	13	117513720	10738264	10.943456037
65536	512	boundary	prepared	6	14	117703780	10627706	11.075182170
65536	512	boundary	prepared	6	15	116235463	10270203	11.317737634
65536	512	boundary	prepared	6	16	116419530	10380614	11.215090938
65536	512	boundary	prepared	6	17	118121222	10378582	11.381248614
65536	512	boundary	prepared	6	18	116006766	10470952	11.078912978
65536	512	boundary	prepared	6	19	116167964	10172805	11.419462380
65536	512	boundary	prepared	7	0	127229944	16727112	7.606211042
65536	512	boundary	prepared	7	1	124640374	16792699	7.422295487
65536	512	boundary	prepared	7	2	126054266	16552915	7.615230671
65536	512	boundary	prepared	7	3	124870926	16505964	7.565200433
65536	512	boundary	prepared	7	4	125175780	16560402	7.558740422
65536	512	boundary	prepared	7	5	126839880	16997727	7.462167147
65536	512	boundary	prepared	7	6	126211923	16555123	7.623738163
65536	512	boundary	prepared	7	7	125186885	17054966	7.340201382
65536	512	boundary	prepared	7	8	126504967	16154772	7.830811045
65536	512	boundary	prepared	7	9	131899892	16530621	7.979125043
65536	512	boundary	prepared	7	10	133142056	17953421	7.415971363
65536	512	boundary	prepared	7	11	126390818	16644015	7.593769772
65536	512	boundary	prepared	7	12	125086035	16592895	7.538529895
65536	512	boundary	prepared	7	13	124844366	16483015	7.574121967
65536	512	boundary	prepared	7	14	127035590	17042798	7.453916311
65536	512	boundary	prepared	7	15	125850362	17167047	7.330926629
65536	512	boundary	prepared	7	16	124905996	17190792	7.265866285
65536	512	boundary	prepared	7	17	126918473	16633323	7.630373859
65536	512	boundary	prepared	7	18	125010838	16668743	7.499715965
65536	512	boundary	prepared	7	19	124644312	16547380	7.532570836
65536	512	boundary	prepared	8	0	118634612	10511978	11.285660225
65536	512	boundary	prepared	8	1	118495161	10486204	11.300100685
65536	512	boundary	prepared	8	2	121028916	10699671	11.311461446
65536	512	boundary	prepared	8	3	118752020	10452740	11.360850839
65536	512	boundary	prepared	8	4	118672449	10509725	11.291679754
65536	512	boundary	prepared	8	5	120157871	10551973	11.387242083
65536	512	boundary	prepared	8	6	118778914	10437223	11.380317734
65536	512	boundary	prepared	8	7	118770752	10557355	11.250048142
65536	512	boundary	prepared	8	8	132434459	11247173	11.774910815
65536	512	boundary	prepared	8	9	118776272	10810879	10.986735861
65536	512	boundary	prepared	8	10	118640407	10844472	10.940173666
65536	512	boundary	prepared	8	11	120541038	10449616	11.535451446
65536	512	boundary	prepared	8	12	119049026	10500404	11.337566250
65536	512	boundary	prepared	8	13	118597143	10457245	11.341146067
65536	512	boundary	prepared	8	14	121067227	10639696	11.378823887
65536	512	boundary	prepared	8	15	118806772	10423064	11.398449822
65536	512	boundary	prepared	8	16	118697791	10434332	11.375696211
65536	512	boundary	prepared	8	17	120328487	10576659	11.376795546
65536	512	boundary	prepared	8	18	118754436	10542176	11.264698673
65536	512	boundary	prepared	8	19	118738633	10424897	11.389909464
65536	512	boundary	prepared	9	0	116174494	10472168	11.093643074
65536	512	boundary	prepared	9	1	116004897	10434699	11.117225039
65536	512	boundary	prepared	9	2	118237477	10544412	11.213283111
65536	512	boundary	prepared	9	3	115873015	10210827	11.348053884
65536	512	boundary	prepared	9	4	115930472	10295434	11.260377367
65536	512	boundary	prepared	9	5	120214367	10261855	11.714681897
65536	512	boundary	prepared	9	6	127644391	10659154	11.975095866
65536	512	boundary	prepared	9	7	115701530	10254044	11.283502392
65536	512	boundary	prepared	9	8	118008575	10537542	11.198871141
65536	512	boundary	prepared	9	9	116048249	10366354	11.194702496
65536	512	boundary	prepared	9	10	115888985	10353738	11.192960938
65536	512	boundary	prepared	9	11	117007617	10173322	11.501416843
65536	512	boundary	prepared	9	12	115991961	10348410	11.208674666
65536	512	boundary	prepared	9	13	115694834	10545166	10.971362044
65536	512	boundary	prepared	9	14	117493570	12444236	9.441605736
65536	512	boundary	prepared	9	15	118044053	11948132	9.879707807
65536	512	boundary	prepared	9	16	117998356	12459233	9.470756025
65536	512	boundary	prepared	9	17	119923509	12181268	9.844911794
65536	512	boundary	prepared	9	18	123814162	13254775	9.341098736
65536	512	boundary	prepared	9	19	119862207	12796266	9.366967442
65536	512	boundary	prepared	10	0	118694952	10579205	11.219647601
65536	512	boundary	prepared	10	1	118357998	10460443	11.314816973
65536	512	boundary	prepared	10	2	120052477	10641828	11.281189378
65536	512	boundary	prepared	10	3	137299849	10436026	13.156334509
65536	512	boundary	prepared	10	4	126146421	10852122	11.624124849
65536	512	boundary	prepared	10	5	120745109	10479156	11.522407816
65536	512	boundary	prepared	10	6	120217357	11475236	10.476242667
65536	512	boundary	prepared	10	7	118635594	11246724	10.548457844
65536	512	boundary	prepared	10	8	121384357	10526057	11.531797424
65536	512	boundary	prepared	10	9	118562765	10537579	11.251423595
65536	512	boundary	prepared	10	10	118805920	10456648	11.361759524
65536	512	boundary	prepared	10	11	123801354	10625520	11.651321912
65536	512	boundary	prepared	10	12	119002982	10559996	11.269226049
65536	512	boundary	prepared	10	13	118553689	10753144	11.025025704
65536	512	boundary	prepared	10	14	120161158	10535931	11.404892268
65536	512	boundary	prepared	10	15	118920232	10550778	11.271228719
65536	512	boundary	prepared	10	16	118616317	12626532	9.394211887
65536	512	boundary	prepared	10	17	120223968	10647937	11.290822626
65536	512	boundary	prepared	10	18	119059331	11032149	10.792034353
65536	512	boundary	prepared	10	19	120390981	10849896	11.096049308
65536	512	boundary	fresh_resources	1	0	123360322	12197086	10.113917537
65536	512	boundary	fresh_resources	1	1	123425964	11799110	10.460616436
65536	512	boundary	fresh_resources	1	2	125697573	11939004	10.528313166
65536	512	boundary	fresh_resources	1	3	123478432	12068127	10.231780955
65536	512	boundary	fresh_resources	1	4	120201515	12550814	9.577188778
65536	512	boundary	fresh_resources	1	5	122965552	11914609	10.320569647
65536	512	boundary	fresh_resources	1	6	119347383	11912229	10.018895960
65536	512	boundary	fresh_resources	1	7	119603625	11978699	9.984692411
65536	512	boundary	fresh_resources	1	8	120889303	11978005	10.092607492
65536	512	boundary	fresh_resources	1	9	122020956	11853361	10.294207356
65536	512	boundary	fresh_resources	1	10	119321590	12114455	9.849521914
65536	512	boundary	fresh_resources	1	11	122567764	11706517	10.470045360
65536	512	boundary	fresh_resources	1	12	119295315	12014974	9.928886654
65536	512	boundary	fresh_resources	1	13	119162442	11905566	10.008969082
65536	512	boundary	fresh_resources	1	14	121077004	14272817	8.483048861
65536	512	boundary	fresh_resources	1	15	119375625	11743643	10.165127210
65536	512	boundary	fresh_resources	1	16	119453591	12166232	9.818454144
65536	512	boundary	fresh_resources	1	17	131379986	11937421	11.005726111
65536	512	boundary	fresh_resources	1	18	120946197	12073153	10.017780525
65536	512	boundary	fresh_resources	1	19	123442994	11950909	10.329171948
65536	512	boundary	fresh_resources	2	0	127774265	18258366	6.998121573
65536	512	boundary	fresh_resources	2	1	127192157	18061274	7.042258315
65536	512	boundary	fresh_resources	2	2	128683217	17597536	7.312570180
65536	512	boundary	fresh_resources	2	3	127442292	17813125	7.154403958
65536	512	boundary	fresh_resources	2	4	127503960	17905666	7.120872242
65536	512	boundary	fresh_resources	2	5	129448542	17372732	7.451248428
65536	512	boundary	fresh_resources	2	6	128930947	18638129	6.917590655
65536	512	boundary	fresh_resources	2	7	126982949	18242045	6.961004043
65536	512	boundary	fresh_resources	2	8	128048756	18398850	6.959606497
65536	512	boundary	fresh_resources	2	9	128427572	17820849	7.206591111
65536	512	boundary	fresh_resources	2	10	126682358	17668101	7.170117377
65536	512	boundary	fresh_resources	2	11	139263125	18061926	7.710314227
65536	512	boundary	fresh_resources	2	12	126391845	17849864	7.080829579
65536	512	boundary	fresh_resources	2	13	126143794	17279075	7.300378869
65536	512	boundary	fresh_resources	2	14	128058097	17709492	7.231042934
65536	512	boundary	fresh_resources	2	15	125929333	17522742	7.186622562
65536	512	boundary	fresh_resources	2	16	125931087	17842674	7.057859545
65536	512	boundary	fresh_resources	2	17	127635806	17834454	7.156698265
65536	512	boundary	fresh_resources	2	18	126800291	18141739	6.989423175
65536	512	boundary	fresh_resources	2	19	127871433	17726798	7.213453496
65536	512	boundary	fresh_resources	3	0	119212093	11895042	10.021998493
65536	512	boundary	fresh_resources	3	1	119061389	11870701	10.029853250
65536	512	boundary	fresh_resources	3	2	121385860	12174031	9.970884746
65536	512	boundary	fresh_resources	3	3	119051353	12009154	9.913383824
65536	512	boundary	fresh_resources	3	4	144066475	12572489	11.458866657
65536	512	boundary	fresh_resources	3	5	122252397	12004740	10.183677198
65536	512	boundary	fresh_resources	3	6	119388163	12074502	9.887626256
65536	512	boundary	fresh_resources	3	7	119084691	11964200	9.953418616
65536	512	boundary	fresh_resources	3	8	121076620	11903672	10.171367289
65536	512	boundary	fresh_resources	3	9	119369694	11835943	10.085355599
65536	512	boundary	fresh_resources	3	10	119309770	11950414	9.983735292
65536	512	boundary	fresh_resources	3	11	121392133	11898768	10.202075795
65536	512	boundary	fresh_resources	3	12	120245584	12632932	9.518422485
65536	512	boundary	fresh_resources	3	13	119265070	11982672	9.953128150
65536	512	boundary	fresh_resources	3	14	120648250	12113407	9.959894025
65536	512	boundary	fresh_resources	3	15	119202200	11860137	10.050659617
65536	512	boundary	fresh_resources	3	16	119206923	11994147	9.938757879
65536	512	boundary	fresh_resources	3	17	120397850	11717502	10.275044118
65536	512	boundary	fresh_resources	3	18	119354040	11973196	9.968436164
65536	512	boundary	fresh_resources	3	19	118952573	11770609	10.105897919
65536	512	boundary	fresh_resources	4	0	125494375	18322361	6.849246939
65536	512	boundary	fresh_resources	4	1	125298027	18027254	6.950477704
65536	512	boundary	fresh_resources	4	2	127341026	17749627	7.174293071
65536	512	boundary	fresh_resources	4	3	125596195	17968247	6.989896955
65536	512	boundary	fresh_resources	4	4	125695788	18286210	6.873802062
65536	512	boundary	fresh_resources	4	5	127216883	18227857	6.979256146
65536	512	boundary	fresh_resources	4	6	125777443	17861858	7.041677467
65536	512	boundary	fresh_resources	4	7	125196502	17882273	7.001151476
65536	512	boundary	fresh_resources	4	8	127334010	17926768	7.103009868
65536	512	boundary	fresh_resources	4	9	125645816	17911362	7.014866653
65536	512	boundary	fresh_resources	4	10	125374068	18733661	6.692448849
65536	512	boundary	fresh_resources	4	11	127138541	20740333	6.130014451
65536	512	boundary	fresh_resources	4	12	126034577	18376025	6.858642008
65536	512	boundary	fresh_resources	4	13	140444153	18428234	7.621140094
65536	512	boundary	fresh_resources	4	14	129552182	18390671	7.044451070
65536	512	boundary	fresh_resources	4	15	128717588	17971779	7.162206257
65536	512	boundary	fresh_resources	4	16	128092391	18552958	6.904149247
65536	512	boundary	fresh_resources	4	17	129317099	18022011	7.175508826
65536	512	boundary	fresh_resources	4	18	128015251	17750959	7.211737180
65536	512	boundary	fresh_resources	4	19	127040507	17752212	7.156319843
65536	512	boundary	fresh_resources	5	0	121555667	12085358	10.058094018
65536	512	boundary	fresh_resources	5	1	121263586	11983664	10.119074266
65536	512	boundary	fresh_resources	5	2	123464984	12313653	10.026673969
65536	512	boundary	fresh_resources	5	3	121221517	11824639	10.251604045
65536	512	boundary	fresh_resources	5	4	121266843	12139020	9.989837977
65536	512	boundary	fresh_resources	5	5	123345373	12062147	10.225822401
65536	512	boundary	fresh_resources	5	6	121496074	11977379	10.143794732
65536	512	boundary	fresh_resources	5	7	121199419	11892923	10.190885706
65536	512	boundary	fresh_resources	5	8	123556402	12186080	10.139142530
65536	512	boundary	fresh_resources	5	9	121907723	12011923	10.148893146
65536	512	boundary	fresh_resources	5	10	121360910	11925280	10.176776562
65536	512	boundary	fresh_resources	5	11	123403619	12120574	10.181334564
65536	512	boundary	fresh_resources	5	12	121425757	11884570	10.217093004
65536	512	boundary	fresh_resources	5	13	121150853	11955129	10.133797218
65536	512	boundary	fresh_resources	5	14	123146014	12021119	10.244139002
65536	512	boundary	fresh_resources	5	15	121245933	12080810	10.036242024
65536	512	boundary	fresh_resources	5	16	122791527	12488437	9.832417540
65536	512	boundary	fresh_resources	5	17	122829484	12060369	10.184554386
65536	512	boundary	fresh_resources	5	18	121546897	12304153	9.878526137
65536	512	boundary	fresh_resources	5	19	121374206	11953945	10.153485397
65536	512	boundary	fresh_resources	6	0	124362243	12404919	10.025236199
65536	512	boundary	fresh_resources	6	1	121343496	12590812	9.637463890
65536	512	boundary	fresh_resources	6	2	118259896	12168448	9.718568547
65536	512	boundary	fresh_resources	6	3	116962584	13744845	8.509560057
65536	512	boundary	fresh_resources	6	4	116976856	11776100	9.933412250
65536	512	boundary	fresh_resources	6	5	122280478	11648458	10.497567833
65536	512	boundary	fresh_resources	6	6	119298788	11712041	10.185994738
65536	512	boundary	fresh_resources	6	7	121080834	11768665	10.288408583
65536	512	boundary	fresh_resources	6	8	118804316	11807079	10.062125950
65536	512	boundary	fresh_resources	6	9	119187011	12898092	9.240669938
65536	512	boundary	fresh_resources	6	10	116808468	11866248	9.843757521
65536	512	boundary	fresh_resources	6	11	117996163	11668087	10.112725676
65536	512	boundary	fresh_resources	6	12	117085700	15162847	7.721880990
65536	512	boundary	fresh_resources	6	13	122154752	16894680	7.230367903
65536	512	boundary	fresh_resources	6	14	118283625	11809312	10.016131761
65536	512	boundary	fresh_resources	6	15	117063473	11799925	9.920696360
65536	512	boundary	fresh_resources	6	16	116999415	12089133	9.678065003
65536	512	boundary	fresh_resources	6	17	122085256	11682560	10.450214337
65536	512	boundary	fresh_resources	6	18	116744535	11678954	9.996146487
65536	512	boundary	fresh_resources	6	19	116880392	11694116	9.994803541
65536	512	boundary	fresh_resources	7	0	127684924	17996161	7.095120120
65536	512	boundary	fresh_resources	7	1	126131533	18128954	6.957463348
65536	512	boundary	fresh_resources	7	2	128492676	18645760	6.891254419
65536	512	boundary	fresh_resources	7	3	126070131	19027141	6.625805264
65536	512	boundary	fresh_resources	7	4	126865861	18608714	6.817551229
65536	512	boundary	fresh_resources	7	5	127122083	18319160	6.939296507
65536	512	boundary	fresh_resources	7	6	126705693	18463254	6.862587332
65536	512	boundary	fresh_resources	7	7	125568928	17908114	7.011845468
65536	512	boundary	fresh_resources	7	8	126938672	18405780	6.896674414
65536	512	boundary	fresh_resources	7	9	125700529	18018568	6.976166419
65536	512	boundary	fresh_resources	7	10	125750671	18025708	6.976184847
65536	512	boundary	fresh_resources	7	11	127000762	17744431	7.157218059
65536	512	boundary	fresh_resources	7	12	125688054	18386383	6.835931461
65536	512	boundary	fresh_resources	7	13	125717316	18509387	6.792084254
65536	512	boundary	fresh_resources	7	14	126710027	17843045	7.101367900
65536	512	boundary	fresh_resources	7	15	135287044	17710081	7.638985050
65536	512	boundary	fresh_resources	7	16	127667046	18362138	6.952733173
65536	512	boundary	fresh_resources	7	17	126510597	17838344	7.092059498
65536	512	boundary	fresh_resources	7	18	125690092	18402467	6.830067512
65536	512	boundary	fresh_resources	7	19	125605188	18296965	6.864809984
65536	512	boundary	fresh_resources	8	0	123134733	12485252	9.862414711
65536	512	boundary	fresh_resources	8	1	121440254	12366155	9.820372945
65536	512	boundary	fresh_resources	8	2	120862179	12286237	9.837200682
65536	512	boundary	fresh_resources	8	3	119470891	12092508	9.879744632
65536	512	boundary	fresh_resources	8	4	119578893	11900737	10.048024169
65536	512	boundary	fresh_resources	8	5	120965966	13243430	9.134035971
65536	512	boundary	fresh_resources	8	6	119633720	11857541	10.089252063
65536	512	boundary	fresh_resources	8	7	119484043	11773909	10.148205069
65536	512	boundary	fresh_resources	8	8	120976279	11969400	10.107129764
65536	512	boundary	fresh_resources	8	9	119472592	11857536	10.075667660
65536	512	boundary	fresh_resources	8	10	121592046	11857469	10.254468808
65536	512	boundary	fresh_resources	8	11	120883569	11734852	10.301243595
65536	512	boundary	fresh_resources	8	12	121836780	12098506	10.070398775
65536	512	boundary	fresh_resources	8	13	119306371	11809091	10.102925873
65536	512	boundary	fresh_resources	8	14	121637600	12017045	10.122089083
65536	512	boundary	fresh_resources	8	15	119603493	11804930	10.131656266
65536	512	boundary	fresh_resources	8	16	119505008	12003481	9.955862637
65536	512	boundary	fresh_resources	8	17	122338331	11839575	10.333000213
65536	512	boundary	fresh_resources	8	18	134373293	12580648	10.680951649
65536	512	boundary	fresh_resources	8	19	119480711	11784930	10.138431964
65536	512	boundary	fresh_resources	9	0	122669928	17664758	6.944331080
65536	512	boundary	fresh_resources	9	1	122576749	17256284	7.103310829
65536	512	boundary	fresh_resources	9	2	124125267	17728360	7.001508713
65536	512	boundary	fresh_resources	9	3	122861207	17514014	7.015022770
65536	512	boundary	fresh_resources	9	4	123247593	17369522	7.095623760
65536	512	boundary	fresh_resources	9	5	123661567	16850686	7.338666628
65536	512	boundary	fresh_resources	9	6	122688796	17581392	6.978332319
65536	512	boundary	fresh_resources	9	7	122958099	17358393	7.083495517
65536	512	boundary	fresh_resources	9	8	123975830	17683345	7.010881143
65536	512	boundary	fresh_resources	9	9	123038341	17738073	6.936398390
65536	512	boundary	fresh_resources	9	10	123505825	17639349	7.001722399
65536	512	boundary	fresh_resources	9	11	124196184	17432368	7.124458593
65536	512	boundary	fresh_resources	9	12	122823412	17785751	6.905719753
65536	512	boundary	fresh_resources	9	13	122946179	17282668	7.113842550
65536	512	boundary	fresh_resources	9	14	139528843	18899114	7.382824560
65536	512	boundary	fresh_resources	9	15	123375932	17675962	6.979870855
65536	512	boundary	fresh_resources	9	16	123528675	17676483	6.988306158
65536	512	boundary	fresh_resources	9	17	124631899	17300926	7.203770422
65536	512	boundary	fresh_resources	9	18	123077989	17841497	6.898411551
65536	512	boundary	fresh_resources	9	19	123022996	17699023	6.950835422
65536	512	boundary	fresh_resources	10	0	120060392	12267369	9.786971599
65536	512	boundary	fresh_resources	10	1	119121874	12061578	9.876143403
65536	512	boundary	fresh_resources	10	2	121226701	12022474	10.083340667
65536	512	boundary	fresh_resources	10	3	119387897	11856737	10.069203441
65536	512	boundary	fresh_resources	10	4	119173134	12106321	9.843876930
65536	512	boundary	fresh_resources	10	5	121266224	11908689	10.183003687
65536	512	boundary	fresh_resources	10	6	119314083	11973352	9.964969125
65536	512	boundary	fresh_resources	10	7	121674132	11894698	10.229274589
65536	512	boundary	fresh_resources	10	8	121491557	11953400	10.163765707
65536	512	boundary	fresh_resources	10	9	119186341	11810034	10.091955789
65536	512	boundary	fresh_resources	10	10	121614097	12009651	10.126363955
65536	512	boundary	fresh_resources	10	11	120797521	12069477	10.008513293
65536	512	boundary	fresh_resources	10	12	119556095	11915157	10.033950455
65536	512	boundary	fresh_resources	10	13	132918795	14086368	9.435987687
65536	512	boundary	fresh_resources	10	14	121708932	11945688	10.188524261
65536	512	boundary	fresh_resources	10	15	119221337	11981489	9.950460832
65536	512	boundary	fresh_resources	10	16	120076379	12267757	9.787965233
65536	512	boundary	fresh_resources	10	17	121647642	12052038	10.093532895
65536	512	boundary	fresh_resources	10	18	119355169	11991323	9.953461265
65536	512	boundary	fresh_resources	10	19	120110284	11884115	10.106792470
65536	512	sparse4	prepared	1	0	119058378	10644248	11.185231498
65536	512	sparse4	prepared	1	1	115378889	10521661	10.965843606
65536	512	sparse4	prepared	1	2	118942307	10465874	11.364775364
65536	512	sparse4	prepared	1	3	118974900	10634316	11.187828159
65536	512	sparse4	prepared	1	4	115443058	10569910	10.921858180
65536	512	sparse4	prepared	1	5	119030397	10514369	11.320736128
65536	512	sparse4	prepared	1	6	121096287	10631365	11.390474036
65536	512	sparse4	prepared	1	7	115447256	10429086	11.069738614
65536	512	sparse4	prepared	1	8	118942527	10555940	11.267829014
65536	512	sparse4	prepared	1	9	119064385	10413921	11.433194567
65536	512	sparse4	prepared	1	10	115579818	10553589	10.951707329
65536	512	sparse4	prepared	1	11	118957845	10570584	11.253668198
65536	512	sparse4	prepared	1	12	124686366	10776764	11.569926371
65536	512	sparse4	prepared	1	13	117382088	10761649	10.907444389
65536	512	sparse4	prepared	1	14	121245348	10635096	11.400493987
65536	512	sparse4	prepared	1	15	121290969	10819641	11.210258178
65536	512	sparse4	prepared	1	16	117392861	10935378	10.735144318
65536	512	sparse4	prepared	1	17	121119964	10479094	11.558247688
65536	512	sparse4	prepared	1	18	121207283	10806024	11.216640181
65536	512	sparse4	prepared	1	19	117330193	10568611	11.101760960
65536	512	sparse4	prepared	2	0	125611442	16531037	7.598521617
65536	512	sparse4	prepared	2	1	121755417	17024864	7.151623473
65536	512	sparse4	prepared	2	2	125354609	16431644	7.628853753
65536	512	sparse4	prepared	2	3	125358441	16309821	7.686070926
65536	512	sparse4	prepared	2	4	121874474	16223212	7.512351685
65536	512	sparse4	prepared	2	5	124941633	16537323	7.555130477
65536	512	sparse4	prepared	2	6	127328068	16483733	7.724467995
65536	512	sparse4	prepared	2	7	121884664	16349098	7.455130797
65536	512	sparse4	prepared	2	8	125257794	16528996	7.578064270
65536	512	sparse4	prepared	2	9	125493162	16702379	7.513490264
65536	512	sparse4	prepared	2	10	121570676	16313342	7.452223830
65536	512	sparse4	prepared	2	11	125730453	16490608	7.624367337
65536	512	sparse4	prepared	2	12	125007570	16201408	7.715846055
65536	512	sparse4	prepared	2	13	121767502	16275886	7.481466877
65536	512	sparse4	prepared	2	14	125699787	16441117	7.645452982
65536	512	sparse4	prepared	2	15	126056606	16308563	7.729473529
65536	512	sparse4	prepared	2	16	131730112	16978164	7.758796063
65536	512	sparse4	prepared	2	17	126642449	16757368	7.557418862
65536	512	sparse4	prepared	2	18	125311274	16554169	7.569771337
65536	512	sparse4	prepared	2	19	121758641	16415557	7.417271373
65536	512	sparse4	prepared	3	0	118878256	10647346	11.165059913
65536	512	sparse4	prepared	3	1	115299569	10372721	11.115653164
65536	512	sparse4	prepared	3	2	120462028	11229199	10.727570862
65536	512	sparse4	prepared	3	3	119059717	11647138	10.222229444
65536	512	sparse4	prepared	3	4	115977303	10569915	10.972396940
65536	512	sparse4	prepared	3	5	118649365	10573116	11.221797340
65536	512	sparse4	prepared	3	6	121061172	10711362	11.302126844
65536	512	sparse4	prepared	3	7	115431636	10430956	11.066256631
65536	512	sparse4	prepared	3	8	119538849	10574022	11.304955579
65536	512	sparse4	prepared	3	9	118799892	10620729	11.185662679
65536	512	sparse4	prepared	3	10	115532417	10583255	10.916529650
65536	512	sparse4	prepared	3	11	118592851	10570127	11.219624040
65536	512	sparse4	prepared	3	12	124391948	15259478	8.151782649
65536	512	sparse4	prepared	3	13	120897080	14842283	8.145450400
65536	512	sparse4	prepared	3	14	115909884	10449959	11.091898447
65536	512	sparse4	prepared	3	15	116056819	10373659	11.187645459
65536	512	sparse4	prepared	3	16	112744657	10326133	10.918381257
65536	512	sparse4	prepared	3	17	115829791	10204595	11.350748462
65536	512	sparse4	prepared	3	18	115987502	10392567	11.160621048
65536	512	sparse4	prepared	3	19	112383624	10292439	10.919046885
65536	512	sparse4	prepared	4	0	127199161	16454096	7.730546911
65536	512	sparse4	prepared	4	1	123163998	16517404	7.456619575
65536	512	sparse4	prepared	4	2	127010875	16513092	7.691525912
65536	512	sparse4	prepared	4	3	126876350	16479004	7.699272966
65536	512	sparse4	prepared	4	4	123084599	16834752	7.311340197
65536	512	sparse4	prepared	4	5	127910049	18133591	7.053762765
65536	512	sparse4	prepared	4	6	122684969	10681763	11.485460687
65536	512	sparse4	prepared	4	7	116684757	10549461	11.060731634
65536	512	sparse4	prepared	4	8	120538161	10528432	11.448823623
65536	512	sparse4	prepared	4	9	120581307	10665609	11.305618554
65536	512	sparse4	prepared	4	10	117009973	10717164	10.917997802
65536	512	sparse4	prepared	4	11	120224313	10473261	11.479167090
65536	512	sparse4	prepared	4	12	120409211	10665469	11.289631145
65536	512	sparse4	prepared	4	13	117571564	10529617	11.165796819
65536	512	sparse4	prepared	4	14	120596557	10620036	11.355569510
65536	512	sparse4	prepared	4	15	120737784	10643121	11.344208527
65536	512	sparse4	prepared	4	16	116926962	10545380	11.087979950
65536	512	sparse4	prepared	4	17	120307960	10518290	11.437977086
65536	512	sparse4	prepared	4	18	124048106	10604664	11.697504607
65536	512	sparse4	prepared	4	19	125066664	10504580	11.905917609
65536	512	sparse4	prepared	5	0	122956171	12294637	10.000797177
65536	512	sparse4	prepared	5	1	119075710	12289087	9.689548947
65536	512	sparse4	prepared	5	2	123541816	13222672	9.343180864
65536	512	sparse4	prepared	5	3	126468206	13285209	9.519474327
65536	512	sparse4	prepared	5	4	122856272	16218950	7.574859778
65536	512	sparse4	prepared	5	5	126565940	16138998	7.842242746
65536	512	sparse4	prepared	5	6	128912942	16289511	7.913861994
65536	512	sparse4	prepared	5	7	125766595	16234502	7.746871139
65536	512	sparse4	prepared	5	8	126541731	16583443	7.630606684
65536	512	sparse4	prepared	5	9	126830759	16400286	7.733448002
65536	512	sparse4	prepared	5	10	123067065	16159460	7.615790689
65536	512	sparse4	prepared	5	11	126643901	16328134	7.756177221
65536	512	sparse4	prepared	5	12	127392527	16308586	7.811377823
65536	512	sparse4	prepared	5	13	123011139	16785439	7.328443361
65536	512	sparse4	prepared	5	14	126972581	17168537	7.395655262
65536	512	sparse4	prepared	5	15	127339833	16550966	7.693800652
65536	512	sparse4	prepared	5	16	123498898	16548051	7.463047944
65536	512	sparse4	prepared	5	17	127141332	16790084	7.572405951
65536	512	sparse4	prepared	5	18	127356285	16688743	7.631268874
65536	512	sparse4	prepared	5	19	123545249	16530938	7.473577664
65536	512	sparse4	prepared	6	0	116332114	10296939	11.297737512
65536	512	sparse4	prepared	6	1	114453080	10440018	10.962919796
65536	512	sparse4	prepared	6	2	116324004	10376168	11.210690112
65536	512	sparse4	prepared	6	3	116386415	10332407	11.264211234
65536	512	sparse4	prepared	6	4	113003244	10369149	10.898024901
65536	512	sparse4	prepared	6	5	116362440	10532699	11.047732400
65536	512	sparse4	prepared	6	6	118303729	10399411	11.376002833
65536	512	sparse4	prepared	6	7	120421823	10200930	11.804984742
65536	512	sparse4	prepared	6	8	118834252	10586370	11.225212419
65536	512	sparse4	prepared	6	9	118801500	10576491	11.232600680
65536	512	sparse4	prepared	6	10	115047660	10607121	10.846266390
65536	512	sparse4	prepared	6	11	118648968	10447172	11.357041695
65536	512	sparse4	prepared	6	12	118983308	10435064	11.402259536
65536	512	sparse4	prepared	6	13	115365006	10521570	10.964618968
65536	512	sparse4	prepared	6	14	118646822	10566607	11.228469271
65536	512	sparse4	prepared	6	15	118883177	10644379	11.168634356
65536	512	sparse4	prepared	6	16	115458943	10793833	10.696750913
65536	512	sparse4	prepared	6	17	118442441	10419428	11.367460959
65536	512	sparse4	prepared	6	18	119050753	10540286	11.294831374
65536	512	sparse4	prepared	6	19	115114139	10451267	11.014371655
65536	512	sparse4	prepared	7	0	125355244	16762102	7.478491898
65536	512	sparse4	prepared	7	1	123533262	17307525	7.137546356
65536	512	sparse4	prepared	7	2	128115536	17703017	7.236932326
65536	512	sparse4	prepared	7	3	125014611	17254088	7.245506746
65536	512	sparse4	prepared	7	4	122310893	17090089	7.156831834
65536	512	sparse4	prepared	7	5	124999974	16497334	7.576980256
65536	512	sparse4	prepared	7	6	129762584	16813375	7.717818939
65536	512	sparse4	prepared	7	7	121418300	16492737	7.361925434
65536	512	sparse4	prepared	7	8	125036168	16905078	7.396367411
65536	512	sparse4	prepared	7	9	125124751	16758870	7.466180655
65536	512	sparse4	prepared	7	10	121896171	16897099	7.214029521
65536	512	sparse4	prepared	7	11	125151165	16445330	7.610134002
65536	512	sparse4	prepared	7	12	125942268	16566602	7.602178648
65536	512	sparse4	prepared	7	13	121697437	16657917	7.305681557
65536	512	sparse4	prepared	7	14	118976543	10864077	10.951371479
65536	512	sparse4	prepared	7	15	118908746	10596205	11.221823851
65536	512	sparse4	prepared	7	16	115418533	10646144	10.841346219
65536	512	sparse4	prepared	7	17	118861697	10538168	11.279161331
65536	512	sparse4	prepared	7	18	118902074	10789227	11.020444189
65536	512	sparse4	prepared	7	19	115519471	10615069	10.882592567
65536	512	sparse4	prepared	8	0	120816259	12294321	9.826997278
65536	512	sparse4	prepared	8	1	118038640	12811974	9.213150136
65536	512	sparse4	prepared	8	2	121275293	12454525	9.737448277
65536	512	sparse4	prepared	8	3	120837153	12928645	9.346466934
65536	512	sparse4	prepared	8	4	118413177	12741790	9.293292151
65536	512	sparse4	prepared	8	5	121803783	13247313	9.194602936
65536	512	sparse4	prepared	8	6	126244892	13294555	9.495984785
65536	512	sparse4	prepared	8	7	121197944	16213139	7.475291737
65536	512	sparse4	prepared	8	8	125251940	15834680	7.909976078
65536	512	sparse4	prepared	8	9	124658132	15667771	7.956341205
65536	512	sparse4	prepared	8	10	121324196	16463474	7.369294962
65536	512	sparse4	prepared	8	11	124429007	16416056	7.579713848
65536	512	sparse4	prepared	8	12	125315389	16357437	7.661065056
65536	512	sparse4	prepared	8	13	120686428	16024985	7.531141402
65536	512	sparse4	prepared	8	14	124438095	16271349	7.647681517
65536	512	sparse4	prepared	8	15	124760860	15862574	7.865108147
65536	512	sparse4	prepared	8	16	121533514	16455091	7.385769790
65536	512	sparse4	prepared	8	17	125092219	16185868	7.728483823
65536	512	sparse4	prepared	8	18	125227701	16372527	7.648648312
65536	512	sparse4	prepared	8	19	121779187	16290998	7.475244119
65536	512	sparse4	prepared	9	0	122542370	16250898	7.540652215
65536	512	sparse4	prepared	9	1	119866120	16147616	7.423146550
65536	512	sparse4	prepared	9	2	122677220	16667013	7.360480249
65536	512	sparse4	prepared	9	3	122682413	16240254	7.554217625
65536	512	sparse4	prepared	9	4	118668779	16285743	7.286666565
65536	512	sparse4	prepared	9	5	122287173	16122007	7.585108541
65536	512	sparse4	prepared	9	6	124145026	16275529	7.627710657
65536	512	sparse4	prepared	9	7	119046221	16138766	7.376414095
65536	512	sparse4	prepared	9	8	124353780	16465209	7.552517554
65536	512	sparse4	prepared	9	9	122412373	16227569	7.543481898
65536	512	sparse4	prepared	9	10	118723548	16441429	7.220999343
65536	512	sparse4	prepared	9	11	122129141	16234612	7.522763156
65536	512	sparse4	prepared	9	12	122095414	16308153	7.486771433
65536	512	sparse4	prepared	9	13	118805967	16557618	7.175305470
65536	512	sparse4	prepared	9	14	122430190	16314742	7.504267613
65536	512	sparse4	prepared	9	15	122250886	16526364	7.397325026
65536	512	sparse4	prepared	9	16	118999834	16175151	7.356953515
65536	512	sparse4	prepared	9	17	122196635	16692087	7.320632525
65536	512	sparse4	prepared	9	18	121952303	16658024	7.320934524
65536	512	sparse4	prepared	9	19	124487959	16187062	7.690583937
65536	512	sparse4	prepared	10	0	119151897	10751910	11.081928420
65536	512	sparse4	prepared	10	1	115295551	10635924	10.840200720
65536	512	sparse4	prepared	10	2	118389899	10572703	11.197694573
65536	512	sparse4	prepared	10	3	119322704	10848934	10.998564836
65536	512	sparse4	prepared	10	4	115436922	10635227	10.854203864
65536	512	sparse4	prepared	10	5	118756852	10571500	11.233680367
65536	512	sparse4	prepared	10	6	121794981	10582846	11.508717126
65536	512	sparse4	prepared	10	7	118670480	10705712	11.084781657
65536	512	sparse4	prepared	10	8	118981281	10621688	11.201729989
65536	512	sparse4	prepared	10	9	118773736	10656478	11.145683968
65536	512	sparse4	prepared	10	10	115150067	10764500	10.697205351
65536	512	sparse4	prepared	10	11	118756628	10502935	11.306994473
65536	512	sparse4	prepared	10	12	118707696	10645452	11.151024494
65536	512	sparse4	prepared	10	13	115209089	10397325	11.080647090
65536	512	sparse4	prepared	10	14	119463479	10843067	11.017498924
65536	512	sparse4	prepared	10	15	121239450	10661603	11.371596748
65536	512	sparse4	prepared	10	16	115608941	10765153	10.739182341
65536	512	sparse4	prepared	10	17	119950007	10536933	11.383768598
65536	512	sparse4	prepared	10	18	119485709	10832271	11.030531732
65536	512	sparse4	prepared	10	19	115968184	10486630	11.058670326
65536	512	sparse4	fresh_resources	1	0	133209973	15162176	8.785676475
65536	512	sparse4	fresh_resources	1	1	123600528	14765889	8.370679747
65536	512	sparse4	fresh_resources	1	2	125462415	17078054	7.346411658
65536	512	sparse4	fresh_resources	1	3	129845551	17148932	7.571640671
65536	512	sparse4	fresh_resources	1	4	122049246	17532242	6.961416914
65536	512	sparse4	fresh_resources	1	5	129627569	17520736	7.398523041
65536	512	sparse4	fresh_resources	1	6	126173817	17605202	7.166848583
65536	512	sparse4	fresh_resources	1	7	122463120	17239284	7.103724261
65536	512	sparse4	fresh_resources	1	8	126585936	18025157	7.022736945
65536	512	sparse4	fresh_resources	1	9	128615323	17772244	7.236864574
65536	512	sparse4	fresh_resources	1	10	126446786	18446721	6.854702578
65536	512	sparse4	fresh_resources	1	11	133285112	18420949	7.235518214
65536	512	sparse4	fresh_resources	1	12	127170900	17890581	7.108259927
65536	512	sparse4	fresh_resources	1	13	125525316	18232067	6.884864782
65536	512	sparse4	fresh_resources	1	14	123904488	18234675	6.794992946
65536	512	sparse4	fresh_resources	1	15	123422104	17433152	7.079735437
65536	512	sparse4	fresh_resources	1	16	119827612	17214789	6.960736609
65536	512	sparse4	fresh_resources	1	17	124593071	17436463	7.145547294
65536	512	sparse4	fresh_resources	1	18	123465238	17820377	6.928317959
65536	512	sparse4	fresh_resources	1	19	123705148	17785196	6.955512214
65536	512	sparse4	fresh_resources	2	0	125872178	17827823	7.060434580
65536	512	sparse4	fresh_resources	2	1	122096755	17588260	6.941946219
65536	512	sparse4	fresh_resources	2	2	126421320	17852725	7.081345845
65536	512	sparse4	fresh_resources	2	3	126187054	18035747	6.996497234
65536	512	sparse4	fresh_resources	2	4	122401397	17649711	6.935036897
65536	512	sparse4	fresh_resources	2	5	126398563	17952303	7.040799334
65536	512	sparse4	fresh_resources	2	6	126853746	18038942	7.032216524
65536	512	sparse4	fresh_resources	2	7	122067608	17725240	6.886654736
65536	512	sparse4	fresh_resources	2	8	125725095	18010903	6.980499256
65536	512	sparse4	fresh_resources	2	9	126438715	17925569	7.053539835
65536	512	sparse4	fresh_resources	2	10	122747216	18026903	6.809112802
65536	512	sparse4	fresh_resources	2	11	126428244	18043204	7.006973041
65536	512	sparse4	fresh_resources	2	12	126081606	17736488	7.108600417
65536	512	sparse4	fresh_resources	2	13	122459149	17626793	6.947330067
65536	512	sparse4	fresh_resources	2	14	125965964	17772197	7.087810472
65536	512	sparse4	fresh_resources	2	15	126293288	17722535	7.126141266
65536	512	sparse4	fresh_resources	2	16	122547945	17643978	6.945596112
65536	512	sparse4	fresh_resources	2	17	125739149	17633920	7.130527359
65536	512	sparse4	fresh_resources	2	18	126258395	18366765	6.874285973
65536	512	sparse4	fresh_resources	2	19	123326374	17648302	6.988002245
65536	512	sparse4	fresh_resources	3	0	116641784	11610117	10.046564044
65536	512	sparse4	fresh_resources	3	1	113198189	11726988	9.652793113
65536	512	sparse4	fresh_resources	3	2	116276109	11594550	10.028514173
65536	512	sparse4	fresh_resources	3	3	116540948	11699200	9.961445911
65536	512	sparse4	fresh_resources	3	4	113277882	12123639	9.343554522
65536	512	sparse4	fresh_resources	3	5	116272819	11616476	10.009302219
65536	512	sparse4	fresh_resources	3	6	116628415	11823118	9.864438044
65536	512	sparse4	fresh_resources	3	7	113514545	11562030	9.817873245
65536	512	sparse4	fresh_resources	3	8	116510259	11635122	10.013668873
65536	512	sparse4	fresh_resources	3	9	116441409	11761549	9.900176329
65536	512	sparse4	fresh_resources	3	10	113906059	11913727	9.560908941
65536	512	sparse4	fresh_resources	3	11	116232663	11679767	9.951625148
65536	512	sparse4	fresh_resources	3	12	117082105	12115902	9.663507100
65536	512	sparse4	fresh_resources	3	13	113834821	11518865	9.882468542
65536	512	sparse4	fresh_resources	3	14	121657574	12378070	9.828476814
65536	512	sparse4	fresh_resources	3	15	117157329	11799330	9.929150977
65536	512	sparse4	fresh_resources	3	16	114819452	12293236	9.340051065
65536	512	sparse4	fresh_resources	3	17	116410611	11690289	9.957889920
65536	512	sparse4	fresh_resources	3	18	116782337	11924073	9.793829424
65536	512	sparse4	fresh_resources	3	19	113332074	11603135	9.767366664
65536	512	sparse4	fresh_resources	4	0	119996529	11848991	10.127151671
65536	512	sparse4	fresh_resources	4	1	115816552	11813754	9.803535100
65536	512	sparse4	fresh_resources	4	2	119580361	11950802	10.006053234
65536	512	sparse4	fresh_resources	4	3	119815122	11872607	10.091728127
65536	512	sparse4	fresh_resources	4	4	116125919	12052593	9.634932417
65536	512	sparse4	fresh_resources	4	5	119623040	11930910	10.026313165
65536	512	sparse4	fresh_resources	4	6	119862848	11845870	10.118534814
65536	512	sparse4	fresh_resources	4	7	116210515	11820172	9.831541791
65536	512	sparse4	fresh_resources	4	8	119489413	11768984	10.152908101
65536	512	sparse4	fresh_resources	4	9	120226686	11797543	10.190824140
65536	512	sparse4	fresh_resources	4	10	116255756	11872815	9.791760084
65536	512	sparse4	fresh_resources	4	11	119941749	11901175	10.078143461
65536	512	sparse4	fresh_resources	4	12	119986624	12049896	9.957482123
65536	512	sparse4	fresh_resources	4	13	116207306	11886543	9.776375352
65536	512	sparse4	fresh_resources	4	14	119787549	14446888	8.291581481
65536	512	sparse4	fresh_resources	4	15	119980260	11802646	10.165539151
65536	512	sparse4	fresh_resources	4	16	116392041	11942131	9.746337651
65536	512	sparse4	fresh_resources	4	17	119713162	11903409	10.057048531
65536	512	sparse4	fresh_resources	4	18	120441245	11868419	10.148044571
65536	512	sparse4	fresh_resources	4	19	116244830	11944413	9.732150923
65536	512	sparse4	fresh_resources	5	0	128645164	18020962	7.138640212
65536	512	sparse4	fresh_resources	5	1	122436463	17721559	6.908899099
65536	512	sparse4	fresh_resources	5	2	139763073	18908384	7.391592692
65536	512	sparse4	fresh_resources	5	3	126080547	19773620	6.376199553
65536	512	sparse4	fresh_resources	5	4	122391847	18276526	6.696669104
65536	512	sparse4	fresh_resources	5	5	125966935	18120780	6.951518367
65536	512	sparse4	fresh_resources	5	6	125818804	18066695	6.964129521
65536	512	sparse4	fresh_resources	5	7	121902410	18268678	6.672754865
65536	512	sparse4	fresh_resources	5	8	125800595	17722841	7.098218339
65536	512	sparse4	fresh_resources	5	9	125701564	18058383	6.960842729
65536	512	sparse4	fresh_resources	5	10	122060599	18159375	6.721629957
65536	512	sparse4	fresh_resources	5	11	125876671	17973997	7.003265384
65536	512	sparse4	fresh_resources	5	12	125943937	18097271	6.959277838
65536	512	sparse4	fresh_resources	5	13	122206396	17906594	6.824658894
65536	512	sparse4	fresh_resources	5	14	125912627	17992514	6.998056358
65536	512	sparse4	fresh_resources	5	15	125910290	17968360	7.007333446
65536	512	sparse4	fresh_resources	5	16	122584205	17998742	6.810709604
65536	512	sparse4	fresh_resources	5	17	126194273	18419018	6.851302985
65536	512	sparse4	fresh_resources	5	18	128658275	18135856	7.094138540
65536	512	sparse4	fresh_resources	5	19	124433875	19848625	6.269143329
65536	512	sparse4	fresh_resources	6	0	122963017	12135792	10.132261413
65536	512	sparse4	fresh_resources	6	1	119854880	11931429	10.045308068
65536	512	sparse4	fresh_resources	6	2	119325933	12033724	9.915960595
65536	512	sparse4	fresh_resources	6	3	124047184	12020472	10.319659993
65536	512	sparse4	fresh_resources	6	4	116042046	12018823	9.655025787
65536	512	sparse4	fresh_resources	6	5	119671773	12067467	9.916892501
65536	512	sparse4	fresh_resources	6	6	119861257	12024652	9.967960570
65536	512	sparse4	fresh_resources	6	7	120258038	11910713	10.096627968
65536	512	sparse4	fresh_resources	6	8	120393116	12708791	9.473215509
65536	512	sparse4	fresh_resources	6	9	120083572	12022824	9.987967220
65536	512	sparse4	fresh_resources	6	10	116029144	12119906	9.573435966
65536	512	sparse4	fresh_resources	6	11	119502933	11898321	10.043680365
65536	512	sparse4	fresh_resources	6	12	119719410	11908242	10.053491523
65536	512	sparse4	fresh_resources	6	13	118823203	11945383	9.947207469
65536	512	sparse4	fresh_resources	6	14	119301584	11973959	9.963420119
65536	512	sparse4	fresh_resources	6	15	120335751	12046029	9.989661406
65536	512	sparse4	fresh_resources	6	16	116126675	12094528	9.601588007
65536	512	sparse4	fresh_resources	6	17	119517835	11966879	9.987385600
65536	512	sparse4	fresh_resources	6	18	120131758	12415943	9.675604825
65536	512	sparse4	fresh_resources	6	19	117054456	12050948	9.713298572
65536	512	sparse4	fresh_resources	7	0	119711637	12622800	9.483762477
65536	512	sparse4	fresh_resources	7	1	119233657	12840451	9.285784199
65536	512	sparse4	fresh_resources	7	2	120921256	12568313	9.621120671
65536	512	sparse4	fresh_resources	7	3	121947856	12027059	10.139457701
65536	512	sparse4	fresh_resources	7	4	116289450	12153337	9.568520152
65536	512	sparse4	fresh_resources	7	5	119403234	11981064	9.965995841
65536	512	sparse4	fresh_resources	7	6	119643521	11928585	10.029984361
65536	512	sparse4	fresh_resources	7	7	115988713	12085937	9.596997982
65536	512	sparse4	fresh_resources	7	8	119630538	11998092	9.970796857
65536	512	sparse4	fresh_resources	7	9	119914134	11865306	10.106282468
65536	512	sparse4	fresh_resources	7	10	115858988	12258051	9.451664706
65536	512	sparse4	fresh_resources	7	11	119025288	11864451	10.032094026
65536	512	sparse4	fresh_resources	7	12	119250207	12063779	9.884979408
65536	512	sparse4	fresh_resources	7	13	116663224	11983497	9.735323837
65536	512	sparse4	fresh_resources	7	14	120779069	12146180	9.943790476
65536	512	sparse4	fresh_resources	7	15	119655804	12817736	9.335174636
65536	512	sparse4	fresh_resources	7	16	116730055	12132378	9.621366479
65536	512	sparse4	fresh_resources	7	17	122019054	12079703	10.101163414
65536	512	sparse4	fresh_resources	7	18	119553052	12208087	9.792939058
65536	512	sparse4	fresh_resources	7	19	115953801	11971840	9.685545497
65536	512	sparse4	fresh_resources	8	0	125699473	18088948	6.948965357
65536	512	sparse4	fresh_resources	8	1	122490627	18032781	6.792664260
65536	512	sparse4	fresh_resources	8	2	125966513	18556484	6.788274815
65536	512	sparse4	fresh_resources	8	3	127287098	18317435	6.948958629
65536	512	sparse4	fresh_resources	8	4	123117199	18932380	6.502996401
65536	512	sparse4	fresh_resources	8	5	131085260	19098403	6.863676507
65536	512	sparse4	fresh_resources	8	6	126684913	18017697	7.031137942
65536	512	sparse4	fresh_resources	8	7	122563273	18709193	6.550965239
65536	512	sparse4	fresh_resources	8	8	125899184	17850517	7.052971295
65536	512	sparse4	fresh_resources	8	9	126132626	17593036	7.169463304
65536	512	sparse4	fresh_resources	8	10	122374504	18178615	6.731783692
65536	512	sparse4	fresh_resources	8	11	125797257	17248969	7.293030499
65536	512	sparse4	fresh_resources	8	12	125794934	17404175	7.227859637
65536	512	sparse4	fresh_resources	8	13	122092956	17624847	6.927320050
65536	512	sparse4	fresh_resources	8	14	125351747	18109193	6.921995199
65536	512	sparse4	fresh_resources	8	15	126088545	17476474	7.214758824
65536	512	sparse4	fresh_resources	8	16	122557209	18216936	6.727652169
65536	512	sparse4	fresh_resources	8	17	125379987	17639284	7.107997524
65536	512	sparse4	fresh_resources	8	18	126450100	18496830	6.836311952
65536	512	sparse4	fresh_resources	8	19	122498423	17361881	7.055596280
65536	512	sparse4	fresh_resources	9	0	122939063	17912023	6.863494034
65536	512	sparse4	fresh_resources	9	1	119834936	17854511	6.711745620
65536	512	sparse4	fresh_resources	9	2	122953687	17846864	6.889372105
65536	512	sparse4	fresh_resources	9	3	123131439	17348652	7.097464345
65536	512	sparse4	fresh_resources	9	4	119845093	17660752	6.785956396
65536	512	sparse4	fresh_resources	9	5	122557614	17507025	7.000482035
65536	512	sparse4	fresh_resources	9	6	123280183	17794706	6.927913448
65536	512	sparse4	fresh_resources	9	7	119673470	17458904	6.854580906
65536	512	sparse4	fresh_resources	9	8	122874013	17576614	6.990766993
65536	512	sparse4	fresh_resources	9	9	122933344	17800408	6.906209341
65536	512	sparse4	fresh_resources	9	10	119285227	17453247	6.834557891
65536	512	sparse4	fresh_resources	9	11	122494607	17245190	7.103117275
65536	512	sparse4	fresh_resources	9	12	122742967	17978007	6.827395662
65536	512	sparse4	fresh_resources	9	13	119616661	17820125	6.712447921
65536	512	sparse4	fresh_resources	9	14	123216498	17966556	6.858103356
65536	512	sparse4	fresh_resources	9	15	123288521	17489343	7.049351196
65536	512	sparse4	fresh_resources	9	16	119454663	17522914	6.817054686
65536	512	sparse4	fresh_resources	9	17	123014317	17387830	7.074736583
65536	512	sparse4	fresh_resources	9	18	124242473	17824658	6.970258448
65536	512	sparse4	fresh_resources	9	19	120003408	17467318	6.870167933
65536	512	sparse4	fresh_resources	10	0	119827096	12004112	9.982170776
65536	512	sparse4	fresh_resources	10	1	115776217	11830894	9.785922940
65536	512	sparse4	fresh_resources	10	2	119264154	12003284	9.935960359
65536	512	sparse4	fresh_resources	10	3	119506100	11827624	10.103982000
65536	512	sparse4	fresh_resources	10	4	116077355	11956252	9.708506897
65536	512	sparse4	fresh_resources	10	5	121094034	11770722	10.287732052
65536	512	sparse4	fresh_resources	10	6	121362311	13685192	8.868148215
65536	512	sparse4	fresh_resources	10	7	117696150	14288250	8.237268385
65536	512	sparse4	fresh_resources	10	8	121342496	14443326	8.401284856
65536	512	sparse4	fresh_resources	10	9	122424579	14502886	8.441394285
65536	512	sparse4	fresh_resources	10	10	118745863	14623300	8.120319148
65536	512	sparse4	fresh_resources	10	11	121854786	14475114	8.418226344
65536	512	sparse4	fresh_resources	10	12	122359634	14784900	8.275986581
65536	512	sparse4	fresh_resources	10	13	121498589	14635080	8.301873922
65536	512	sparse4	fresh_resources	10	14	125352707	17997079	6.965169570
65536	512	sparse4	fresh_resources	10	15	126025419	17594275	7.162865137
65536	512	sparse4	fresh_resources	10	16	122898067	18495980	6.644582607
65536	512	sparse4	fresh_resources	10	17	125914101	18282486	6.887143302
65536	512	sparse4	fresh_resources	10	18	126377012	17862217	7.075102268
65536	512	sparse4	fresh_resources	10	19	121517660	17836448	6.812884494
65536	512	dense32	prepared	1	0	128022796	16292285	7.857878499
65536	512	dense32	prepared	1	1	124387037	16195901	7.680155429
65536	512	dense32	prepared	1	2	127156714	16232951	7.833246956
65536	512	dense32	prepared	1	3	127986459	16198012	7.901368328
65536	512	dense32	prepared	1	4	133147107	17291977	7.699935467
65536	512	dense32	prepared	1	5	129097585	16540098	7.805128180
65536	512	dense32	prepared	1	6	127616051	16556753	7.707794578
65536	512	dense32	prepared	1	7	124381591	16257497	7.650722064
65536	512	dense32	prepared	1	8	127761677	16604471	7.694414173
65536	512	dense32	prepared	1	9	128007584	16125257	7.938328301
65536	512	dense32	prepared	1	10	124303677	16424003	7.568415386
65536	512	dense32	prepared	1	11	127544904	16100183	7.921953682
65536	512	dense32	prepared	1	12	127477616	16171341	7.882934136
65536	512	dense32	prepared	1	13	123821664	16106238	7.687807916
65536	512	dense32	prepared	1	14	127408949	16232480	7.849013151
65536	512	dense32	prepared	1	15	127618004	15888957	8.031867919
65536	512	dense32	prepared	1	16	124331150	18394077	6.759303552
65536	512	dense32	prepared	1	17	127540615	16086521	7.928415038
65536	512	dense32	prepared	1	18	128372735	16302308	7.874512922
65536	512	dense32	prepared	1	19	124231169	16246808	7.646497023
65536	512	dense32	prepared	2	0	131328386	16562136	7.929435310
65536	512	dense32	prepared	2	1	127456654	16790850	7.590839892
65536	512	dense32	prepared	2	2	131058522	16798085	7.801991834
65536	512	dense32	prepared	2	3	131289806	16359789	8.025152769
65536	512	dense32	prepared	2	4	127296875	17706568	7.189246103
65536	512	dense32	prepared	2	5	130130885	16470012	7.901080157
65536	512	dense32	prepared	2	6	131202570	16767238	7.824936343
65536	512	dense32	prepared	2	7	127307393	16778056	7.587732035
65536	512	dense32	prepared	2	8	130735912	16552016	7.898488740
65536	512	dense32	prepared	2	9	132291551	16905586	7.825315904
65536	512	dense32	prepared	2	10	127776469	16399972	7.791261412
65536	512	dense32	prepared	2	11	124754616	10491086	11.891487306
65536	512	dense32	prepared	2	12	124346094	10644877	11.681308671
65536	512	dense32	prepared	2	13	120740432	10454847	11.548751694
65536	512	dense32	prepared	2	14	124930884	10593612	11.793039428
65536	512	dense32	prepared	2	15	124869400	10506664	11.884780935
65536	512	dense32	prepared	2	16	121414026	12356417	9.825989686
65536	512	dense32	prepared	2	17	124640321	10437566	11.941512130
65536	512	dense32	prepared	2	18	127361445	10753195	11.844056115
65536	512	dense32	prepared	2	19	123395494	10508162	11.742823721
65536	512	dense32	prepared	3	0	123617296	12248893	10.092119835
65536	512	dense32	prepared	3	1	119824458	12230698	9.797025321
65536	512	dense32	prepared	3	2	123885067	13038993	9.501122288
65536	512	dense32	prepared	3	3	124649492	12914852	9.651639214
65536	512	dense32	prepared	3	4	123945700	16256133	7.624550070
65536	512	dense32	prepared	3	5	128099040	15955486	8.028526364
65536	512	dense32	prepared	3	6	127798525	16429000	7.778837726
65536	512	dense32	prepared	3	7	123640659	16057513	7.699863547
65536	512	dense32	prepared	3	8	126934766	15903610	7.981506463
65536	512	dense32	prepared	3	9	129232849	15732498	8.214388395
65536	512	dense32	prepared	3	10	124083263	15677239	7.914867089
65536	512	dense32	prepared	3	11	127647263	15801993	8.077921753
65536	512	dense32	prepared	3	12	127998839	16558983	7.729873205
65536	512	dense32	prepared	3	13	124187949	15882356	7.819239727
65536	512	dense32	prepared	3	14	127435482	16058552	7.935677015
65536	512	dense32	prepared	3	15	128208192	16336101	7.848151282
65536	512	dense32	prepared	3	16	123991814	18755262	6.611041424
65536	512	dense32	prepared	3	17	127900691	16551963	7.727221901
65536	512	dense32	prepared	3	18	128191391	16460313	7.787907253
65536	512	dense32	prepared	3	19	124586718	16084354	7.745832876
65536	512	dense32	prepared	4	0	124451027	10459435	11.898446427
65536	512	dense32	prepared	4	1	134920636	10451073	12.909740081
65536	512	dense32	prepared	4	2	125431437	10558139	11.880070626
65536	512	dense32	prepared	4	3	124862444	10523602	11.864991093
65536	512	dense32	prepared	4	4	120617110	10607188	11.371261639
65536	512	dense32	prepared	4	5	124568526	10705546	11.635887231
65536	512	dense32	prepared	4	6	124009871	10582756	11.718107363
65536	512	dense32	prepared	4	7	120364809	10506312	11.456428193
65536	512	dense32	prepared	4	8	124434631	10645972	11.688423659
65536	512	dense32	prepared	4	9	124451152	10443569	11.916534664
65536	512	dense32	prepared	4	10	120323477	10701412	11.243701018
65536	512	dense32	prepared	4	11	123545008	10482432	11.785910750
65536	512	dense32	prepared	4	12	124004994	10542086	11.762851679
65536	512	dense32	prepared	4	13	120380519	10635210	11.319054255
65536	512	dense32	prepared	4	14	124040984	10483123	11.832445732
65536	512	dense32	prepared	4	15	124120288	10515357	11.803716032
65536	512	dense32	prepared	4	16	120429246	12612232	9.548606940
65536	512	dense32	prepared	4	17	123653960	10465012	11.815940584
65536	512	dense32	prepared	4	18	125283350	10805451	11.594458204
65536	512	dense32	prepared	4	19	121869215	10828467	11.254521531
65536	512	dense32	prepared	5	0	130839851	16706207	7.831810716
65536	512	dense32	prepared	5	1	127267060	16838133	7.558264328
65536	512	dense32	prepared	5	2	130668923	16422253	7.956820724
65536	512	dense32	prepared	5	3	131433236	16500608	7.965357155
65536	512	dense32	prepared	5	4	128511223	16938103	7.587108367
65536	512	dense32	prepared	5	5	142918862	17753589	8.050139158
65536	512	dense32	prepared	5	6	133322256	16801872	7.934964390
65536	512	dense32	prepared	5	7	129063306	16493452	7.825123934
65536	512	dense32	prepared	5	8	135472496	16698287	8.112957694
65536	512	dense32	prepared	5	9	130895327	16809185	7.787131083
65536	512	dense32	prepared	5	10	127089864	16623292	7.645288551
65536	512	dense32	prepared	5	11	130640655	16591790	7.873813193
65536	512	dense32	prepared	5	12	130402646	17526287	7.440403435
65536	512	dense32	prepared	5	13	127086922	16709503	7.605667386
65536	512	dense32	prepared	5	14	130620451	16535297	7.899492280
65536	512	dense32	prepared	5	15	131565990	16946088	7.763797167
65536	512	dense32	prepared	5	16	128079982	19468929	6.578686583
65536	512	dense32	prepared	5	17	130708521	16597019	7.875421544
65536	512	dense32	prepared	5	18	131889043	17849842	7.388807307
65536	512	dense32	prepared	5	19	127024605	17497112	7.259746923
65536	512	dense32	prepared	6	0	125255004	10692088	11.714737477
65536	512	dense32	prepared	6	1	121910893	10479576	11.633189453
65536	512	dense32	prepared	6	2	124257921	10653588	11.663480979
65536	512	dense32	prepared	6	3	134640575	10623496	12.673848138
65536	512	dense32	prepared	6	4	124599580	11214026	11.111047897
65536	512	dense32	prepared	6	5	127359574	12043140	10.575279703
65536	512	dense32	prepared	6	6	127948256	12614275	10.143131968
65536	512	dense32	prepared	6	7	126029129	12575700	10.021639273
65536	512	dense32	prepared	6	8	129960931	12949312	10.036126321
65536	512	dense32	prepared	6	9	129904516	13913196	9.336784733
65536	512	dense32	prepared	6	10	125106116	13700008	9.131827952
65536	512	dense32	prepared	6	11	127537686	13350262	9.553197233
65536	512	dense32	prepared	6	12	130466453	16550552	7.882906443
65536	512	dense32	prepared	6	13	126995900	15709258	8.084143758
65536	512	dense32	prepared	6	14	129957112	16210710	8.016743992
65536	512	dense32	prepared	6	15	131335512	16393602	8.011388345
65536	512	dense32	prepared	6	16	127778162	18827681	6.786718024
65536	512	dense32	prepared	6	17	130859819	15897926	8.231250982
65536	512	dense32	prepared	6	18	130657922	16947782	7.709440799
65536	512	dense32	prepared	6	19	130117671	17062851	7.625787215
65536	512	dense32	prepared	7	0	124729984	10590510	11.777523840
65536	512	dense32	prepared	7	1	120614735	10658223	11.316589548
65536	512	dense32	prepared	7	2	124352802	10681724	11.641641555
65536	512	dense32	prepared	7	3	141310750	10580569	13.355685313
65536	512	dense32	prepared	7	4	120610526	10680614	11.292471201
65536	512	dense32	prepared	7	5	123398378	10791543	11.434729769
65536	512	dense32	prepared	7	6	124118952	10543026	11.772611772
65536	512	dense32	prepared	7	7	119910675	10545926	11.370331538
65536	512	dense32	prepared	7	8	123701356	10621906	11.645871843
65536	512	dense32	prepared	7	9	124631369	10629178	11.725400497
65536	512	dense32	prepared	7	10	121121509	10770891	11.245263646
65536	512	dense32	prepared	7	11	124235948	10564711	11.759521676
65536	512	dense32	prepared	7	12	124678143	10576944	11.787728384
65536	512	dense32	prepared	7	13	121105581	10567771	11.459898308
65536	512	dense32	prepared	7	14	124177589	10691429	11.614685839
65536	512	dense32	prepared	7	15	127195324	10512145	12.099844894
65536	512	dense32	prepared	7	16	120644503	12650696	9.536590161
65536	512	dense32	prepared	7	17	124227891	10606429	11.712508612
65536	512	dense32	prepared	7	18	124890578	10716742	11.653782278
65536	512	dense32	prepared	7	19	120841355	10655539	11.340707870
65536	512	dense32	prepared	8	0	131038177	16251001	8.063391110
65536	512	dense32	prepared	8	1	127098126	16435011	7.733376388
65536	512	dense32	prepared	8	2	137862572	18696856	7.373569760
65536	512	dense32	prepared	8	3	130587274	17013454	7.675529848
65536	512	dense32	prepared	8	4	127129610	16518646	7.696127758
65536	512	dense32	prepared	8	5	130120154	16473669	7.898674788
65536	512	dense32	prepared	8	6	131905200	17092554	7.717114716
65536	512	dense32	prepared	8	7	127664639	17013502	7.503724924
65536	512	dense32	prepared	8	8	130909577	16932035	7.731473329
65536	512	dense32	prepared	8	9	131131266	16536091	7.930003893
65536	512	dense32	prepared	8	10	127718235	16440805	7.768368702
65536	512	dense32	prepared	8	11	130425539	16135713	8.083035376
65536	512	dense32	prepared	8	12	131256426	16545165	7.933219524
65536	512	dense32	prepared	8	13	127135481	16520633	7.695557489
65536	512	dense32	prepared	8	14	131073012	16897720	7.756846012
65536	512	dense32	prepared	8	15	131277766	16323407	8.042301831
65536	512	dense32	prepared	8	16	127502971	19178984	6.648056592
65536	512	dense32	prepared	8	17	131628112	16794244	7.837692009
65536	512	dense32	prepared	8	18	131443893	16514743	7.959184893
65536	512	dense32	prepared	8	19	127522503	16494124	7.731389857
65536	512	dense32	prepared	9	0	122111091	10338126	11.811724001
65536	512	dense32	prepared	9	1	117810981	10335245	11.398953871
65536	512	dense32	prepared	9	2	121803352	10544705	11.551138889
65536	512	dense32	prepared	9	3	121997001	10240195	11.913542760
65536	512	dense32	prepared	9	4	118112193	10286943	11.481758283
65536	512	dense32	prepared	9	5	121617657	10402701	11.690969201
65536	512	dense32	prepared	9	6	122187995	10342339	11.814348282
65536	512	dense32	prepared	9	7	118395936	10402056	11.381974487
65536	512	dense32	prepared	9	8	122900910	10477219	11.730298851
65536	512	dense32	prepared	9	9	121824526	10255295	11.879182998
65536	512	dense32	prepared	9	10	118496288	10246484	11.564580397
65536	512	dense32	prepared	9	11	121537370	10286668	11.815037678
65536	512	dense32	prepared	9	12	121863734	10506015	11.599425091
65536	512	dense32	prepared	9	13	118348987	10401713	11.377836228
65536	512	dense32	prepared	9	14	121748917	10259981	11.866388154
65536	512	dense32	prepared	9	15	122015316	10302168	11.843654268
65536	512	dense32	prepared	9	16	118853799	12716080	9.346732562
65536	512	dense32	prepared	9	17	121476625	10434679	11.641625487
65536	512	dense32	prepared	9	18	122203393	10429140	11.717494731
65536	512	dense32	prepared	9	19	118294655	10228571	11.565120387
65536	512	dense32	prepared	10	0	130550192	17002665	7.678219385
65536	512	dense32	prepared	10	1	136375026	16686710	8.172673103
65536	512	dense32	prepared	10	2	132163583	16822990	7.856129202
65536	512	dense32	prepared	10	3	131020616	16789467	7.803738856
65536	512	dense32	prepared	10	4	127242318	16511443	7.706311193
65536	512	dense32	prepared	10	5	130723800	16725730	7.815730614
65536	512	dense32	prepared	10	6	130855939	16486586	7.937115604
65536	512	dense32	prepared	10	7	129438902	16383346	7.900638978
65536	512	dense32	prepared	10	8	130257962	17122562	7.607387376
65536	512	dense32	prepared	10	9	130727438	16773123	7.793863910
65536	512	dense32	prepared	10	10	129673598	16736367	7.748013532
65536	512	dense32	prepared	10	11	130606721	16522308	7.904871462
65536	512	dense32	prepared	10	12	130580163	16513996	7.907242015
65536	512	dense32	prepared	10	13	127329577	16785936	7.585491628
65536	512	dense32	prepared	10	14	130735177	16600786	7.875240184
65536	512	dense32	prepared	10	15	130803321	16395339	7.978079685
65536	512	dense32	prepared	10	16	126471158	19123245	6.613477890
65536	512	dense32	prepared	10	17	130869529	16723087	7.825680091
65536	512	dense32	prepared	10	18	130705089	16476355	7.932888615
65536	512	dense32	prepared	10	19	127246549	18237715	6.977110290
65536	512	dense32	fresh_resources	1	0	132659212	17394727	7.626403795
65536	512	dense32	fresh_resources	1	1	124529830	17507886	7.112785062
65536	512	dense32	fresh_resources	1	2	128353711	17455677	7.353121337
65536	512	dense32	fresh_resources	1	3	129035512	17425073	7.405163353
65536	512	dense32	fresh_resources	1	4	124764199	17765365	7.022889707
65536	512	dense32	fresh_resources	1	5	131929652	17307545	7.622666993
65536	512	dense32	fresh_resources	1	6	128262672	17923973	7.155928655
65536	512	dense32	fresh_resources	1	7	128829825	17742405	7.261125253
65536	512	dense32	fresh_resources	1	8	128332423	17363425	7.390962497
65536	512	dense32	fresh_resources	1	9	132616041	18011562	7.362828443
65536	512	dense32	fresh_resources	1	10	134390019	18664523	7.200292180
65536	512	dense32	fresh_resources	1	11	129901230	17481519	7.430774751
65536	512	dense32	fresh_resources	1	12	128598055	17865434	7.198148951
65536	512	dense32	fresh_resources	1	13	128552593	17621069	7.295391273
65536	512	dense32	fresh_resources	1	14	128563363	17579249	7.313359234
65536	512	dense32	fresh_resources	1	15	132580820	18069186	7.337398597
65536	512	dense32	fresh_resources	1	16	125292342	17491619	7.162992860
65536	512	dense32	fresh_resources	1	17	132307528	17661348	7.491360682
65536	512	dense32	fresh_resources	1	18	128188008	17618728	7.275667574
65536	512	dense32	fresh_resources	1	19	129005522	17923860	7.197418525
65536	512	dense32	fresh_resources	2	0	128813421	12302273	10.470700902
65536	512	dense32	fresh_resources	2	1	125150660	12152753	10.298132448
65536	512	dense32	fresh_resources	2	2	145025952	12692139	11.426438995
65536	512	dense32	fresh_resources	2	3	128914968	12038640	10.708432846
65536	512	dense32	fresh_resources	2	4	124694230	12530493	9.951262891
65536	512	dense32	fresh_resources	2	5	128204179	12235971	10.477646523
65536	512	dense32	fresh_resources	2	6	128315012	12058266	10.641249082
65536	512	dense32	fresh_resources	2	7	124808668	12051925	10.355911442
65536	512	dense32	fresh_resources	2	8	128392110	11971583	10.724739577
65536	512	dense32	fresh_resources	2	9	128573531	11957471	10.752568917
65536	512	dense32	fresh_resources	2	10	124509075	12302559	10.120583449
65536	512	dense32	fresh_resources	2	11	128055945	11950036	10.715946379
65536	512	dense32	fresh_resources	2	12	128465851	12016559	10.690735260
65536	512	dense32	fresh_resources	2	13	125458773	12213890	10.271811274
65536	512	dense32	fresh_resources	2	14	129001699	12250854	10.530016846
65536	512	dense32	fresh_resources	2	15	129255982	12157200	10.632051953
65536	512	dense32	fresh_resources	2	16	124712464	12249874	10.180714022
65536	512	dense32	fresh_resources	2	17	129083206	12379366	10.427287310
65536	512	dense32	fresh_resources	2	18	128664677	12052739	10.675140066
65536	512	dense32	fresh_resources	2	19	122967320	12195732	10.082815857
65536	512	dense32	fresh_resources	3	0	128422088	17675778	7.265427751
65536	512	dense32	fresh_resources	3	1	125469121	17367913	7.224191012
65536	512	dense32	fresh_resources	3	2	139645007	18122797	7.705488673
65536	512	dense32	fresh_resources	3	3	129952230	17520995	7.416943501
65536	512	dense32	fresh_resources	3	4	125826306	17562448	7.164508387
65536	512	dense32	fresh_resources	3	5	128501598	17480768	7.351027026
65536	512	dense32	fresh_resources	3	6	128458389	17641720	7.281511610
65536	512	dense32	fresh_resources	3	7	124892243	17434331	7.163581040
65536	512	dense32	fresh_resources	3	8	128569952	17358835	7.406600270
65536	512	dense32	fresh_resources	3	9	128671624	17745342	7.251008405
65536	512	dense32	fresh_resources	3	10	125455874	17576501	7.137704712
65536	512	dense32	fresh_resources	3	11	128667229	17525166	7.341855079
65536	512	dense32	fresh_resources	3	12	128852794	17435894	7.390088171
65536	512	dense32	fresh_resources	3	13	125208811	17393179	7.198730663
65536	512	dense32	fresh_resources	3	14	128389407	17312828	7.415854129
65536	512	dense32	fresh_resources	3	15	127552103	17576914	7.256797354
65536	512	dense32	fresh_resources	3	16	124927226	17680316	7.065893279
65536	512	dense32	fresh_resources	3	17	129293007	17178545	7.526423629
65536	512	dense32	fresh_resources	3	18	129181381	17582556	7.347133204
65536	512	dense32	fresh_resources	3	19	125242633	17868880	7.008980585
65536	512	dense32	fresh_resources	4	0	124674225	11892417	10.483506002
65536	512	dense32	fresh_resources	4	1	120766774	11817263	10.219521559
65536	512	dense32	fresh_resources	4	2	124597679	12101616	10.295953780
65536	512	dense32	fresh_resources	4	3	125134360	13119576	9.537988118
65536	512	dense32	fresh_resources	4	4	121524960	12059874	10.076801797
65536	512	dense32	fresh_resources	4	5	124914137	11851709	10.539757346
65536	512	dense32	fresh_resources	4	6	125289982	11971888	10.465348657
65536	512	dense32	fresh_resources	4	7	121162335	12391937	9.777513798
65536	512	dense32	fresh_resources	4	8	124310333	12037532	10.326895330
65536	512	dense32	fresh_resources	4	9	124812828	11711395	10.657383514
65536	512	dense32	fresh_resources	4	10	136491489	12412613	10.996193066
65536	512	dense32	fresh_resources	4	11	124313029	11980289	10.376463289
65536	512	dense32	fresh_resources	4	12	125534129	11998282	10.462675323
65536	512	dense32	fresh_resources	4	13	121173955	11801313	10.267836723
65536	512	dense32	fresh_resources	4	14	124664184	11814782	10.551543312
65536	512	dense32	fresh_resources	4	15	124715444	11996560	10.395933834
65536	512	dense32	fresh_resources	4	16	121782458	11880424	10.250682804
65536	512	dense32	fresh_resources	4	17	125196164	11705595	10.695412237
65536	512	dense32	fresh_resources	4	18	125922804	12102502	10.404691856
65536	512	dense32	fresh_resources	4	19	121492950	11837754	10.263175768
65536	512	dense32	fresh_resources	5	0	131673637	18205586	7.232595369
65536	512	dense32	fresh_resources	5	1	121761965	12771343	9.533998500
65536	512	dense32	fresh_resources	5	2	125010567	12037727	10.384897996
65536	512	dense32	fresh_resources	5	3	125109816	11891312	10.521111211
65536	512	dense32	fresh_resources	5	4	121926239	11972387	10.183954044
65536	512	dense32	fresh_resources	5	5	124382188	11853789	10.493032059
65536	512	dense32	fresh_resources	5	6	125471831	11923948	10.522675124
65536	512	dense32	fresh_resources	5	7	120822657	11861287	10.186302464
65536	512	dense32	fresh_resources	5	8	125232361	12187503	10.275473245
65536	512	dense32	fresh_resources	5	9	125332961	11816166	10.606905912
65536	512	dense32	fresh_resources	5	10	121497327	12007093	10.118796198
65536	512	dense32	fresh_resources	5	11	126591425	11745255	10.778090812
65536	512	dense32	fresh_resources	5	12	141733676	13723526	10.327788646
65536	512	dense32	fresh_resources	5	13	121079787	12814342	9.448771306
65536	512	dense32	fresh_resources	5	14	125937387	12171024	10.347312354
65536	512	dense32	fresh_resources	5	15	125247577	11952923	10.478405742
65536	512	dense32	fresh_resources	5	16	121500790	11921966	10.191338408
65536	512	dense32	fresh_resources	5	17	125041395	12010718	10.410817655
65536	512	dense32	fresh_resources	5	18	125240386	11923864	10.503339018
65536	512	dense32	fresh_resources	5	19	121731923	11765603	10.346424488
65536	512	dense32	fresh_resources	6	0	135380815	17766174	7.620144607
65536	512	dense32	fresh_resources	6	1	132045756	17701081	7.459756610
65536	512	dense32	fresh_resources	6	2	131277637	18232181	7.200325457
65536	512	dense32	fresh_resources	6	3	135629411	18327116	7.400477577
65536	512	dense32	fresh_resources	6	4	129612539	18187961	7.126281995
65536	512	dense32	fresh_resources	6	5	134722012	17919691	7.518099057
65536	512	dense32	fresh_resources	6	6	132007019	18080473	7.301082167
65536	512	dense32	fresh_resources	6	7	129209496	17566786	7.355329313
65536	512	dense32	fresh_resources	6	8	131261314	17962909	7.307352835
65536	512	dense32	fresh_resources	6	9	146851744	17472312	8.404826104
65536	512	dense32	fresh_resources	6	10	128186173	17717873	7.234851102
65536	512	dense32	fresh_resources	6	11	135214784	17689001	7.644003412
65536	512	dense32	fresh_resources	6	12	132027620	17868389	7.388893313
65536	512	dense32	fresh_resources	6	13	128180865	19376683	6.615211953
65536	512	dense32	fresh_resources	6	14	130584549	18039197	7.238933584
65536	512	dense32	fresh_resources	6	15	133630363	18251390	7.321654022
65536	512	dense32	fresh_resources	6	16	128107499	18232686	7.026254881
65536	512	dense32	fresh_resources	6	17	131247414	17852967	7.351574335
65536	512	dense32	fresh_resources	6	18	131962498	17853697	7.391326177
65536	512	dense32	fresh_resources	6	19	131598965	17846958	7.373747672
65536	512	dense32	fresh_resources	7	0	127557660	12287682	10.380937593
65536	512	dense32	fresh_resources	7	1	123299489	12063185	10.221138862
65536	512	dense32	fresh_resources	7	2	125853421	12330011	10.207080999
65536	512	dense32	fresh_resources	7	3	127097311	12067895	10.531854230
65536	512	dense32	fresh_resources	7	4	123186747	12571022	9.799262701
65536	512	dense32	fresh_resources	7	5	127029101	12123479	10.477941274
65536	512	dense32	fresh_resources	7	6	127593539	12083706	10.559139638
65536	512	dense32	fresh_resources	7	7	123604804	12160381	10.164550272
65536	512	dense32	fresh_resources	7	8	128356885	12263815	10.466309627
65536	512	dense32	fresh_resources	7	9	127257087	12866520	9.890559918
65536	512	dense32	fresh_resources	7	10	123731042	12120597	10.208329012
65536	512	dense32	fresh_resources	7	11	134598969	11982481	11.232979965
65536	512	dense32	fresh_resources	7	12	146453928	12337487	11.870644970
65536	512	dense32	fresh_resources	7	13	123336777	12232087	10.083052630
65536	512	dense32	fresh_resources	7	14	127395660	12148036	10.486934678
65536	512	dense32	fresh_resources	7	15	127333741	12069963	10.549638056
65536	512	dense32	fresh_resources	7	16	123522207	12063628	10.239225464
65536	512	dense32	fresh_resources	7	17	127096197	12141559	10.467864712
65536	512	dense32	fresh_resources	7	18	126995657	11977257	10.603066879
65536	512	dense32	fresh_resources	7	19	123005564	11959980	10.284763352
65536	512	dense32	fresh_resources	8	0	131846208	18471137	7.137958427
65536	512	dense32	fresh_resources	8	1	127976550	17685810	7.236114716
65536	512	dense32	fresh_resources	8	2	131817912	12072423	10.918927543
65536	512	dense32	fresh_resources	8	3	125558773	11720373	10.712864940
65536	512	dense32	fresh_resources	8	4	121941834	12244203	9.959148341
65536	512	dense32	fresh_resources	8	5	125390718	11658910	10.754926318
65536	512	dense32	fresh_resources	8	6	125563845	11819182	10.623733944
65536	512	dense32	fresh_resources	8	7	121672570	11784503	10.324794351
65536	512	dense32	fresh_resources	8	8	134570151	12879907	10.448068530
65536	512	dense32	fresh_resources	8	9	125787374	13110364	9.594498978
65536	512	dense32	fresh_resources	8	10	122229576	12270281	9.961432505
65536	512	dense32	fresh_resources	8	11	124655049	11730418	10.626650218
65536	512	dense32	fresh_resources	8	12	125655359	11889505	10.568594656
65536	512	dense32	fresh_resources	8	13	121518014	11745690	10.345753549
65536	512	dense32	fresh_resources	8	14	125081507	12230354	10.227137089
65536	512	dense32	fresh_resources	8	15	125265037	11921730	10.507286862
65536	512	dense32	fresh_resources	8	16	121454124	11889916	10.214884950
65536	512	dense32	fresh_resources	8	17	125271492	11748764	10.662525181
65536	512	dense32	fresh_resources	8	18	128071724	11987562	10.683717340
65536	512	dense32	fresh_resources	8	19	122049315	11914710	10.243582513
65536	512	dense32	fresh_resources	9	0	123697421	11833783	10.452905973
65536	512	dense32	fresh_resources	9	1	120049391	11775415	10.194918056
65536	512	dense32	fresh_resources	9	2	123417343	11948884	10.328775725
65536	512	dense32	fresh_resources	9	3	123937407	12183111	10.172886630
65536	512	dense32	fresh_resources	9	4	120739151	12264029	9.844982509
65536	512	dense32	fresh_resources	9	5	127363600	11892458	10.709611083
65536	512	dense32	fresh_resources	9	6	125565148	12054444	10.416502661
65536	512	dense32	fresh_resources	9	7	121673509	11823202	10.291079269
65536	512	dense32	fresh_resources	9	8	126842907	16764385	7.566212957
65536	512	dense32	fresh_resources	9	9	127009214	14650095	8.669514703
65536	512	dense32	fresh_resources	9	10	121665206	12019811	10.122056495
65536	512	dense32	fresh_resources	9	11	124982822	11872834	10.526789307
65536	512	dense32	fresh_resources	9	12	125181079	12232280	10.233666904
65536	512	dense32	fresh_resources	9	13	121492132	11728479	10.358728698
65536	512	dense32	fresh_resources	9	14	124983402	11971133	10.440398749
65536	512	dense32	fresh_resources	9	15	125143857	11819080	10.588290882
65536	512	dense32	fresh_resources	9	16	121286319	11871912	10.216241411
65536	512	dense32	fresh_resources	9	17	125026552	11845818	10.554488681
65536	512	dense32	fresh_resources	9	18	125456599	11964944	10.485347779
65536	512	dense32	fresh_resources	9	19	121271626	11806030	10.272007271
65536	512	dense32	fresh_resources	10	0	131977117	18091757	7.294875617
65536	512	dense32	fresh_resources	10	1	128361402	17457466	7.352808363
65536	512	dense32	fresh_resources	10	2	132543489	18344727	7.225154618
65536	512	dense32	fresh_resources	10	3	132620501	18061209	7.342836296
65536	512	dense32	fresh_resources	10	4	129113035	18286533	7.060552976
65536	512	dense32	fresh_resources	10	5	131144021	18602299	7.049882437
65536	512	dense32	fresh_resources	10	6	132570782	22825737	5.807951875
65536	512	dense32	fresh_resources	10	7	129537643	22374591	5.789497694
65536	512	dense32	fresh_resources	10	8	131765399	17704072	7.442660592
65536	512	dense32	fresh_resources	10	9	131641279	17524369	7.511898374
65536	512	dense32	fresh_resources	10	10	128026215	17943849	7.134824585
65536	512	dense32	fresh_resources	10	11	131265614	17740060	7.399389517
65536	512	dense32	fresh_resources	10	12	131842850	18206308	7.241602746
65536	512	dense32	fresh_resources	10	13	128197747	18130657	7.070772284
65536	512	dense32	fresh_resources	10	14	131699212	17658320	7.458196023
65536	512	dense32	fresh_resources	10	15	131933685	17858798	7.387601618
65536	512	dense32	fresh_resources	10	16	127998966	18412435	6.951767433
65536	512	dense32	fresh_resources	10	17	131684508	18103298	7.274061776
65536	512	dense32	fresh_resources	10	18	132654234	18785239	7.061620776
65536	512	dense32	fresh_resources	10	19	128616377	17932242	7.172353407
262144	128	boundary	prepared	1	0	87846994	10413494	8.435880791
262144	128	boundary	prepared	1	1	88415046	11694444	7.560431774
262144	128	boundary	prepared	1	2	96051625	11020771	8.715508652
262144	128	boundary	prepared	1	3	88400674	11453976	7.717902849
262144	128	boundary	prepared	1	4	88216398	10548051	8.363288915
262144	128	boundary	prepared	1	5	92199810	10389213	8.874571154
262144	128	boundary	prepared	1	6	88044417	10361012	8.497665769
262144	128	boundary	prepared	1	7	88011842	10319407	8.528769337
262144	128	boundary	prepared	1	8	92230574	10954240	8.419623269
262144	128	boundary	prepared	1	9	88516901	10988400	8.055485876
262144	128	boundary	prepared	1	10	88525492	10620669	8.335208639
262144	128	boundary	prepared	1	11	93940180	10702954	8.777032957
262144	128	boundary	prepared	1	12	90966382	10993289	8.274719422
262144	128	boundary	prepared	1	13	88065792	10636759	8.279382094
262144	128	boundary	prepared	1	14	94621691	10836250	8.731959026
262144	128	boundary	prepared	1	15	88075347	10646461	8.272734667
262144	128	boundary	prepared	1	16	88221653	10483324	8.415427492
262144	128	boundary	prepared	1	17	92355509	10288085	8.976938760
262144	128	boundary	prepared	1	18	87966322	10370788	8.482125177
262144	128	boundary	prepared	1	19	87994112	10555240	8.336533513
262144	128	boundary	prepared	2	0	88006992	10367942	8.488376189
262144	128	boundary	prepared	2	1	88162159	10291773	8.566275121
262144	128	boundary	prepared	2	2	92249812	10281193	8.972675836
262144	128	boundary	prepared	2	3	87847999	10314279	8.517124561
262144	128	boundary	prepared	2	4	88177964	10317609	8.546356428
262144	128	boundary	prepared	2	5	93013024	10376180	8.964091217
262144	128	boundary	prepared	2	6	87977426	10316291	8.528009340
262144	128	boundary	prepared	2	7	88058773	10462343	8.416735429
262144	128	boundary	prepared	2	8	92821837	10882042	8.529817933
262144	128	boundary	prepared	2	9	87981309	10363650	8.489413382
262144	128	boundary	prepared	2	10	88522682	10444047	8.475898471
262144	128	boundary	prepared	2	11	109640286	10315943	10.628236895
262144	128	boundary	prepared	2	12	88564829	10323641	8.578836575
262144	128	boundary	prepared	2	13	88173434	10312043	8.550530094
262144	128	boundary	prepared	2	14	92190052	10481713	8.795323055
262144	128	boundary	prepared	2	15	87743342	10504854	8.352647452
262144	128	boundary	prepared	2	16	87950155	10722010	8.202767485
262144	128	boundary	prepared	2	17	92662316	10267172	9.025106037
262144	128	boundary	prepared	2	18	88616792	10446237	8.483130528
262144	128	boundary	prepared	2	19	88213699	10512642	8.391201660
262144	128	boundary	prepared	3	0	94738620	16904312	5.604405550
262144	128	boundary	prepared	3	1	95579517	16875176	5.663912305
262144	128	boundary	prepared	3	2	99154292	16901361	5.866645414
262144	128	boundary	prepared	3	3	94715560	16498572	5.740833813
262144	128	boundary	prepared	3	4	94913517	16852415	5.632042470
262144	128	boundary	prepared	3	5	100466839	16649419	6.034254949
262144	128	boundary	prepared	3	6	96780115	16863163	5.739143659
262144	128	boundary	prepared	3	7	103462630	16975684	6.094754709
262144	128	boundary	prepared	3	8	107207820	16529671	6.485780630
262144	128	boundary	prepared	3	9	94631959	16535513	5.722952714
262144	128	boundary	prepared	3	10	94663397	17050155	5.552054923
262144	128	boundary	prepared	3	11	98921532	16685980	5.928422065
262144	128	boundary	prepared	3	12	95235373	16972070	5.611299800
262144	128	boundary	prepared	3	13	94392822	16729584	5.642269527
262144	128	boundary	prepared	3	14	99418891	17126462	5.804987101
262144	128	boundary	prepared	3	15	95556710	16659708	5.735797410
262144	128	boundary	prepared	3	16	95452660	16845811	5.666254952
262144	128	boundary	prepared	3	17	102932326	16601666	6.200120277
262144	128	boundary	prepared	3	18	95105565	17040182	5.581252888
262144	128	boundary	prepared	3	19	95813247	16761825	5.716158414
262144	128	boundary	prepared	4	0	88575393	10510399	8.427405373
262144	128	boundary	prepared	4	1	88894320	10659579	8.339383760
262144	128	boundary	prepared	4	2	92889746	10626174	8.741598434
262144	128	boundary	prepared	4	3	88313677	10619210	8.316407435
262144	128	boundary	prepared	4	4	88653117	10560088	8.395111575
262144	128	boundary	prepared	4	5	92550035	10494255	8.819114363
262144	128	boundary	prepared	4	6	88362269	10554200	8.372237498
262144	128	boundary	prepared	4	7	88425320	10595208	8.345784245
262144	128	boundary	prepared	4	8	92808288	10540901	8.804587767
262144	128	boundary	prepared	4	9	88291245	10639859	8.298159308
262144	128	boundary	prepared	4	10	88509188	10615815	8.337484027
262144	128	boundary	prepared	4	11	92751564	10479655	8.850631438
262144	128	boundary	prepared	4	12	88667836	10690179	8.294326596
262144	128	boundary	prepared	4	13	88569255	10630743	8.331426599
262144	128	boundary	prepared	4	14	92609838	10645866	8.699136172
262144	128	boundary	prepared	4	15	88321594	11858873	7.447722393
262144	128	boundary	prepared	4	16	88421650	10549989	8.381207791
262144	128	boundary	prepared	4	17	92701526	10641553	8.711277950
262144	128	boundary	prepared	4	18	88485656	10598760	8.348680034
262144	128	boundary	prepared	4	19	90859661	10660055	8.523376380
262144	128	boundary	prepared	5	0	88511277	10698769	8.273033748
262144	128	boundary	prepared	5	1	89200532	10476914	8.514008228
262144	128	boundary	prepared	5	2	93096815	10908652	8.534218068
262144	128	boundary	prepared	5	3	88872974	10516028	8.451192218
262144	128	boundary	prepared	5	4	88572155	10744593	8.243416479
262144	128	boundary	prepared	5	5	92600363	10590685	8.743566918
262144	128	boundary	prepared	5	6	88381530	10857003	8.140508942
262144	128	boundary	prepared	5	7	88676025	10717913	8.273627991
262144	128	boundary	prepared	5	8	93968787	10603520	8.862037041
262144	128	boundary	prepared	5	9	88290166	10588005	8.338697044
262144	128	boundary	prepared	5	10	88606798	10527744	8.416503859
262144	128	boundary	prepared	5	11	92732738	10743325	8.631660868
262144	128	boundary	prepared	5	12	88432718	10505231	8.417969867
262144	128	boundary	prepared	5	13	88300745	10651579	8.289920677
262144	128	boundary	prepared	5	14	94400939	11370558	8.302225713
262144	128	boundary	prepared	5	15	88366919	11363580	7.776327443
262144	128	boundary	prepared	5	16	89163471	10723270	8.314951596
262144	128	boundary	prepared	5	17	92789699	10535018	8.807739958
262144	128	boundary	prepared	5	18	88395358	10547223	8.380912966
262144	128	boundary	prepared	5	19	88937580	10632988	8.364307380
262144	128	boundary	prepared	6	0	95099123	16971387	5.603497404
262144	128	boundary	prepared	6	1	94856496	16916809	5.607233374
262144	128	boundary	prepared	6	2	99433395	16840358	5.904470380
262144	128	boundary	prepared	6	3	94639835	16455576	5.751231984
262144	128	boundary	prepared	6	4	94796151	16639267	5.697135036
262144	128	boundary	prepared	6	5	99262220	16776157	5.916862843
262144	128	boundary	prepared	6	6	94705467	16797483	5.638074883
262144	128	boundary	prepared	6	7	94611186	16170444	5.850871256
262144	128	boundary	prepared	6	8	99127553	16457873	6.023108393
262144	128	boundary	prepared	6	9	94711852	16595464	5.707092733
262144	128	boundary	prepared	6	10	95039145	16577907	5.732879609
262144	128	boundary	prepared	6	11	99186990	16867959	5.880201037
262144	128	boundary	prepared	6	12	95056683	17173324	5.535135947
262144	128	boundary	prepared	6	13	94962383	17112221	5.549389702
262144	128	boundary	prepared	6	14	99132160	16537569	5.994361082
262144	128	boundary	prepared	6	15	94794321	16587977	5.714640248
262144	128	boundary	prepared	6	16	109993572	18324295	6.002608668
262144	128	boundary	prepared	6	17	99223722	16855618	5.886685496
262144	128	boundary	prepared	6	18	94853379	16491060	5.751806069
262144	128	boundary	prepared	6	19	95396747	16967870	5.622199310
262144	128	boundary	prepared	7	0	88503075	10585422	8.360845227
262144	128	boundary	prepared	7	1	88495569	10609107	8.341472001
262144	128	boundary	prepared	7	2	94302535	10717305	8.799090350
262144	128	boundary	prepared	7	3	88358670	10579764	8.351667391
262144	128	boundary	prepared	7	4	89447872	10919310	8.191714678
262144	128	boundary	prepared	7	5	93167744	10606014	8.784425893
262144	128	boundary	prepared	7	6	88960320	10670432	8.337087008
262144	128	boundary	prepared	7	7	89481825	11043858	8.102406333
262144	128	boundary	prepared	7	8	94462645	12719771	7.426442268
262144	128	boundary	prepared	7	9	88904643	10870206	8.178745003
262144	128	boundary	prepared	7	10	88750608	11078665	8.010947889
262144	128	boundary	prepared	7	11	93167746	10800275	8.626423494
262144	128	boundary	prepared	7	12	89379561	10842178	8.243690613
262144	128	boundary	prepared	7	13	88632936	10727929	8.261886894
262144	128	boundary	prepared	7	14	93932272	11442246	8.209251226
262144	128	boundary	prepared	7	15	88634818	11097615	7.986834829
262144	128	boundary	prepared	7	16	88701664	10895025	8.141483292
262144	128	boundary	prepared	7	17	92754587	10629440	8.726196959
262144	128	boundary	prepared	7	18	88268728	10655581	8.283802451
262144	128	boundary	prepared	7	19	88420940	10606298	8.336644888
262144	128	boundary	prepared	8	0	88348793	10764180	8.207665888
262144	128	boundary	prepared	8	1	89115366	10753029	8.287466350
262144	128	boundary	prepared	8	2	93514744	10815560	8.646315494
262144	128	boundary	prepared	8	3	91420655	10578805	8.641869758
262144	128	boundary	prepared	8	4	96175170	11492847	8.368263321
262144	128	boundary	prepared	8	5	93080915	11991199	7.762436017
262144	128	boundary	prepared	8	6	88734331	10847904	8.179859538
262144	128	boundary	prepared	8	7	88934145	10926730	8.139136320
262144	128	boundary	prepared	8	8	93068439	10712546	8.687798307
262144	128	boundary	prepared	8	9	88597776	10443930	8.483183629
262144	128	boundary	prepared	8	10	88831725	10737448	8.273076154
262144	128	boundary	prepared	8	11	92730573	10615378	8.735494205
262144	128	boundary	prepared	8	12	88598211	10573092	8.379593311
262144	128	boundary	prepared	8	13	88552514	10527237	8.411752675
262144	128	boundary	prepared	8	14	92871159	10484400	8.858032792
262144	128	boundary	prepared	8	15	88292582	10495506	8.412417848
262144	128	boundary	prepared	8	16	88520861	10578613	8.367908061
262144	128	boundary	prepared	8	17	95158653	10501510	9.061425738
262144	128	boundary	prepared	8	18	88310494	10686451	8.263781306
262144	128	boundary	prepared	8	19	88641763	10575177	8.382059515
262144	128	boundary	prepared	9	0	90944661	11226282	8.101049038
262144	128	boundary	prepared	9	1	88989663	10717646	8.303097807
262144	128	boundary	prepared	9	2	93752195	11832405	7.923342296
262144	128	boundary	prepared	9	3	88081357	10768377	8.179631620
262144	128	boundary	prepared	9	4	88237516	10495656	8.407051070
262144	128	boundary	prepared	9	5	92590913	10349566	8.946357074
262144	128	boundary	prepared	9	6	88087773	10498705	8.390346524
262144	128	boundary	prepared	9	7	88087332	10434623	8.441831775
262144	128	boundary	prepared	9	8	92339280	10403500	8.875789878
262144	128	boundary	prepared	9	9	88125422	10481406	8.407786322
262144	128	boundary	prepared	9	10	88158961	10528402	8.373441763
262144	128	boundary	prepared	9	11	92241812	10373503	8.892060088
262144	128	boundary	prepared	9	12	90478337	10589178	8.544415534
262144	128	boundary	prepared	9	13	87960983	10435197	8.429259457
262144	128	boundary	prepared	9	14	92228624	10338640	8.920769463
262144	128	boundary	prepared	9	15	89071921	10487743	8.492954204
262144	128	boundary	prepared	9	16	88375073	10874900	8.126518221
262144	128	boundary	prepared	9	17	92349688	10523090	8.775909738
262144	128	boundary	prepared	9	18	87960512	10545911	8.340722011
262144	128	boundary	prepared	9	19	92110831	10342109	8.906387566
262144	128	boundary	prepared	10	0	96728491	17164382	5.635419382
262144	128	boundary	prepared	10	1	96706686	16657481	5.805600859
262144	128	boundary	prepared	10	2	100998611	17324393	5.829849912
262144	128	boundary	prepared	10	3	96470747	16766862	5.753655454
262144	128	boundary	prepared	10	4	97050120	16858388	5.756785287
262144	128	boundary	prepared	10	5	100405850	16508002	6.082253322
262144	128	boundary	prepared	10	6	96999215	16751636	5.790432349
262144	128	boundary	prepared	10	7	95114867	16770618	5.671518307
262144	128	boundary	prepared	10	8	99366891	16595451	5.987598107
262144	128	boundary	prepared	10	9	97180938	16991272	5.719462204
262144	128	boundary	prepared	10	10	94872279	10628923	8.925860033
262144	128	boundary	prepared	10	11	92640233	10418468	8.891924705
262144	128	boundary	prepared	10	12	88533954	10611262	8.343395347
262144	128	boundary	prepared	10	13	116749532	10544070	11.072530057
262144	128	boundary	prepared	10	14	96648609	10583455	9.132047049
262144	128	boundary	prepared	10	15	88555138	10439901	8.482373348
262144	128	boundary	prepared	10	16	88630051	10694310	8.287589475
262144	128	boundary	prepared	10	17	92825453	10498827	8.841507056
262144	128	boundary	prepared	10	18	88653829	10596006	8.366721291
262144	128	boundary	prepared	10	19	88238180	10617634	8.310531329
262144	128	boundary	fresh_resources	1	0	92775785	11740712	7.902057814
262144	128	boundary	fresh_resources	1	1	94321608	11834511	7.970046925
262144	128	boundary	fresh_resources	1	2	93093672	11835832	7.865410053
262144	128	boundary	fresh_resources	1	3	88966228	11868836	7.495783748
262144	128	boundary	fresh_resources	1	4	88750720	11797500	7.522841280
262144	128	boundary	fresh_resources	1	5	97076863	11656161	8.328373553
262144	128	boundary	fresh_resources	1	6	88702624	11778202	7.531083607
262144	128	boundary	fresh_resources	1	7	92894348	11826714	7.854620311
262144	128	boundary	fresh_resources	1	8	93090171	11830678	7.868540670
262144	128	boundary	fresh_resources	1	9	88566321	11861667	7.466599846
262144	128	boundary	fresh_resources	1	10	88935782	11717475	7.590012524
262144	128	boundary	fresh_resources	1	11	92945506	11857648	7.838443678
262144	128	boundary	fresh_resources	1	12	88768796	11771466	7.541014518
262144	128	boundary	fresh_resources	1	13	92828812	11685455	7.943962131
262144	128	boundary	fresh_resources	1	14	92875619	11733425	7.915473871
262144	128	boundary	fresh_resources	1	15	91485729	12042287	7.597039416
262144	128	boundary	fresh_resources	1	16	88623479	11848211	7.479903844
262144	128	boundary	fresh_resources	1	17	93645225	11848758	7.903378987
262144	128	boundary	fresh_resources	1	18	88830095	11798218	7.529111176
262144	128	boundary	fresh_resources	1	19	92928166	11753913	7.906147170
262144	128	boundary	fresh_resources	2	0	88561768	11805795	7.501550552
262144	128	boundary	fresh_resources	2	1	90466806	11735760	7.708644860
262144	128	boundary	fresh_resources	2	2	93233028	11887020	7.843263324
262144	128	boundary	fresh_resources	2	3	88721105	13080787	6.782551004
262144	128	boundary	fresh_resources	2	4	88828543	11746588	7.562071897
262144	128	boundary	fresh_resources	2	5	92957805	11986977	7.754899755
262144	128	boundary	fresh_resources	2	6	89219309	11934962	7.475458154
262144	128	boundary	fresh_resources	2	7	88632165	11788380	7.518604337
262144	128	boundary	fresh_resources	2	8	92920596	11808195	7.869161714
262144	128	boundary	fresh_resources	2	9	88818860	12406875	7.158842174
262144	128	boundary	fresh_resources	2	10	88826082	11893667	7.468351182
262144	128	boundary	fresh_resources	2	11	93129273	11678943	7.974118291
262144	128	boundary	fresh_resources	2	12	88741091	11864645	7.479456065
262144	128	boundary	fresh_resources	2	13	88802818	11591620	7.660949721
262144	128	boundary	fresh_resources	2	14	93013874	11900812	7.815758622
262144	128	boundary	fresh_resources	2	15	88728924	11717870	7.572103462
262144	128	boundary	fresh_resources	2	16	88756676	11725514	7.569533924
262144	128	boundary	fresh_resources	2	17	93284347	11848104	7.873356530
262144	128	boundary	fresh_resources	2	18	94261895	12037102	7.830945937
262144	128	boundary	fresh_resources	2	19	89407219	11931885	7.493134488
262144	128	boundary	fresh_resources	3	0	94817344	17321484	5.473973477
262144	128	boundary	fresh_resources	3	1	97739483	17615997	5.548336719
262144	128	boundary	fresh_resources	3	2	99725633	17644188	5.652038677
262144	128	boundary	fresh_resources	3	3	95150132	17862727	5.326741656
262144	128	boundary	fresh_resources	3	4	95336190	11835115	8.055366593
262144	128	boundary	fresh_resources	3	5	92818022	11718842	7.920409030
262144	128	boundary	fresh_resources	3	6	88684554	11919870	7.440060504
262144	128	boundary	fresh_resources	3	7	88539093	11626022	7.615596547
262144	128	boundary	fresh_resources	3	8	92863498	11877263	7.818594065
262144	128	boundary	fresh_resources	3	9	88520640	11826575	7.484892287
262144	128	boundary	fresh_resources	3	10	88594909	11964957	7.404532168
262144	128	boundary	fresh_resources	3	11	93328616	11695276	7.980026807
262144	128	boundary	fresh_resources	3	12	88778002	11693215	7.592266284
262144	128	boundary	fresh_resources	3	13	88537616	11614489	7.623031543
262144	128	boundary	fresh_resources	3	14	94500738	11735799	8.052348034
262144	128	boundary	fresh_resources	3	15	88532007	11786843	7.511087320
262144	128	boundary	fresh_resources	3	16	88694426	11649721	7.613437781
262144	128	boundary	fresh_resources	3	17	92803692	11809439	7.858433580
262144	128	boundary	fresh_resources	3	18	89165926	12031819	7.410843365
262144	128	boundary	fresh_resources	3	19	90931312	16099273	5.648162622
262144	128	boundary	fresh_resources	4	0	90996647	13544380	6.718406232
262144	128	boundary	fresh_resources	4	1	92682077	13489707	6.870577471
262144	128	boundary	fresh_resources	4	2	95447918	13532297	7.053341942
262144	128	boundary	fresh_resources	4	3	90813772	13688133	6.634489305
262144	128	boundary	fresh_resources	4	4	91030196	13786668	6.602769864
262144	128	boundary	fresh_resources	4	5	96205595	14581694	6.597696742
262144	128	boundary	fresh_resources	4	6	91786082	14536618	6.314129050
262144	128	boundary	fresh_resources	4	7	91768811	14727429	6.231149442
262144	128	boundary	fresh_resources	4	8	95981276	17740880	5.410175594
262144	128	boundary	fresh_resources	4	9	95085031	17419596	5.458509543
262144	128	boundary	fresh_resources	4	10	94895245	17533081	5.412354223
262144	128	boundary	fresh_resources	4	11	99311287	17581012	5.648781026
262144	128	boundary	fresh_resources	4	12	94993417	17293407	5.493042348
262144	128	boundary	fresh_resources	4	13	94891631	17750985	5.345710731
262144	128	boundary	fresh_resources	4	14	99050719	17805097	5.563054164
262144	128	boundary	fresh_resources	4	15	95174596	17622912	5.400616879
262144	128	boundary	fresh_resources	4	16	94780992	18009841	5.262733413
262144	128	boundary	fresh_resources	4	17	99568687	17747582	5.610267754
262144	128	boundary	fresh_resources	4	18	95256058	17805555	5.349794376
262144	128	boundary	fresh_resources	4	19	95297004	18047570	5.280323279
262144	128	boundary	fresh_resources	5	0	89253693	12306766	7.252408391
262144	128	boundary	fresh_resources	5	1	91368846	11878175	7.692161969
262144	128	boundary	fresh_resources	5	2	93713396	12120844	7.731589978
262144	128	boundary	fresh_resources	5	3	89299277	12349726	7.230871114
262144	128	boundary	fresh_resources	5	4	89453109	11967144	7.474892004
262144	128	boundary	fresh_resources	5	5	93460558	11965033	7.811140847
262144	128	boundary	fresh_resources	5	6	89217923	11981321	7.446417887
262144	128	boundary	fresh_resources	5	7	89041104	11959130	7.445449962
262144	128	boundary	fresh_resources	5	8	93285246	11985970	7.782869972
262144	128	boundary	fresh_resources	5	9	88953956	11835664	7.515755432
262144	128	boundary	fresh_resources	5	10	89158737	12091213	7.373845536
262144	128	boundary	fresh_resources	5	11	93459719	11946145	7.823420777
262144	128	boundary	fresh_resources	5	12	89153065	11954980	7.457399761
262144	128	boundary	fresh_resources	5	13	89238563	11948801	7.468411517
262144	128	boundary	fresh_resources	5	14	93492706	11971142	7.809840197
262144	128	boundary	fresh_resources	5	15	89225936	12162652	7.336059274
262144	128	boundary	fresh_resources	5	16	89290527	12022839	7.426742303
262144	128	boundary	fresh_resources	5	17	93367715	11919365	7.833279290
262144	128	boundary	fresh_resources	5	18	89171611	12113603	7.361278969
262144	128	boundary	fresh_resources	5	19	88970262	11912553	7.468614159
262144	128	boundary	fresh_resources	6	0	95702604	18291514	5.232076689
262144	128	boundary	fresh_resources	6	1	97631028	17728573	5.506987393
262144	128	boundary	fresh_resources	6	2	100212737	17926742	5.590125467
262144	128	boundary	fresh_resources	6	3	95417933	17900801	5.330372255
262144	128	boundary	fresh_resources	6	4	95995237	18180717	5.280057822
262144	128	boundary	fresh_resources	6	5	99999175	18139697	5.512725764
262144	128	boundary	fresh_resources	6	6	95668770	18150178	5.270954918
262144	128	boundary	fresh_resources	6	7	96127049	18139963	5.299186608
262144	128	boundary	fresh_resources	6	8	100017340	17853828	5.602010952
262144	128	boundary	fresh_resources	6	9	95541243	17902500	5.336754252
262144	128	boundary	fresh_resources	6	10	95417002	17523294	5.445152150
262144	128	boundary	fresh_resources	6	11	100380013	18594359	5.398412121
262144	128	boundary	fresh_resources	6	12	95792775	18597068	5.150961162
262144	128	boundary	fresh_resources	6	13	96960865	18063908	5.367657154
262144	128	boundary	fresh_resources	6	14	100181757	18370498	5.453404529
262144	128	boundary	fresh_resources	6	15	102451508	19224849	5.329118996
262144	128	boundary	fresh_resources	6	16	99005065	18551368	5.336806698
262144	128	boundary	fresh_resources	6	17	100556777	18031938	5.576592876
262144	128	boundary	fresh_resources	6	18	96510670	12070666	7.995471832
262144	128	boundary	fresh_resources	6	19	88975532	12169069	7.311613732
262144	128	boundary	fresh_resources	7	0	89333005	12118198	7.371806023
262144	128	boundary	fresh_resources	7	1	91156612	12270191	7.429111087
262144	128	boundary	fresh_resources	7	2	95845312	12100406	7.920834392
262144	128	boundary	fresh_resources	7	3	88981445	11990485	7.421004655
262144	128	boundary	fresh_resources	7	4	89217887	12215642	7.303577413
262144	128	boundary	fresh_resources	7	5	93560170	12081431	7.744129814
262144	128	boundary	fresh_resources	7	6	89205412	12112265	7.364882786
262144	128	boundary	fresh_resources	7	7	89173553	12121981	7.356351491
262144	128	boundary	fresh_resources	7	8	94559607	12152062	7.781363114
262144	128	boundary	fresh_resources	7	9	93313691	12029371	7.757154634
262144	128	boundary	fresh_resources	7	10	90841966	13877814	6.545841153
262144	128	boundary	fresh_resources	7	11	95187296	13694097	6.950972817
262144	128	boundary	fresh_resources	7	12	91287047	13820443	6.605218588
262144	128	boundary	fresh_resources	7	13	91614943	14185825	6.458203383
262144	128	boundary	fresh_resources	7	14	95312359	14908681	6.393077899
262144	128	boundary	fresh_resources	7	15	91918272	14642666	6.277427348
262144	128	boundary	fresh_resources	7	16	92004206	15645565	5.880529466
262144	128	boundary	fresh_resources	7	17	96102913	14799274	6.493758613
262144	128	boundary	fresh_resources	7	18	91902050	14987482	6.131920625
262144	128	boundary	fresh_resources	7	19	91766969	14851276	6.179062930
262144	128	boundary	fresh_resources	8	0	89281175	12023161	7.425765570
262144	128	boundary	fresh_resources	8	1	91239177	11958541	7.629624467
262144	128	boundary	fresh_resources	8	2	93488161	12303931	7.598235149
262144	128	boundary	fresh_resources	8	3	91697414	13149761	6.973314116
262144	128	boundary	fresh_resources	8	4	89283310	12046528	7.411538827
262144	128	boundary	fresh_resources	8	5	93519622	11837445	7.900321564
262144	128	boundary	fresh_resources	8	6	89018185	11945896	7.451779674
262144	128	boundary	fresh_resources	8	7	89121640	11701954	7.615962257
262144	128	boundary	fresh_resources	8	8	93251450	11921455	7.822153420
262144	128	boundary	fresh_resources	8	9	89152832	11764029	7.578426745
262144	128	boundary	fresh_resources	8	10	89010066	12052758	7.385037184
262144	128	boundary	fresh_resources	8	11	95489421	11936480	7.999797344
262144	128	boundary	fresh_resources	8	12	88975447	11840384	7.514574443
262144	128	boundary	fresh_resources	8	13	90601393	11643531	7.781264378
262144	128	boundary	fresh_resources	8	14	93484826	11954432	7.820097684
262144	128	boundary	fresh_resources	8	15	88610054	11633264	7.616955482
262144	128	boundary	fresh_resources	8	16	88837537	11685738	7.602218790
262144	128	boundary	fresh_resources	8	17	93154134	11672760	7.980471971
262144	128	boundary	fresh_resources	8	18	90226782	12248762	7.366196029
262144	128	boundary	fresh_resources	8	19	89512343	11922467	7.507870896
262144	128	boundary	fresh_resources	9	0	89833851	12672199	7.089049896
262144	128	boundary	fresh_resources	9	1	91325005	11947938	7.643578750
262144	128	boundary	fresh_resources	9	2	93479736	12118973	7.713503116
262144	128	boundary	fresh_resources	9	3	89184569	11975414	7.447305705
262144	128	boundary	fresh_resources	9	4	90194951	13128883	6.869963804
262144	128	boundary	fresh_resources	9	5	95407822	14108101	6.762626806
262144	128	boundary	fresh_resources	9	6	93309043	13638962	6.841359555
262144	128	boundary	fresh_resources	9	7	89306229	11889804	7.511160739
262144	128	boundary	fresh_resources	9	8	95185782	12023713	7.916504827
262144	128	boundary	fresh_resources	9	9	89137317	12121690	7.353538739
262144	128	boundary	fresh_resources	9	10	89052691	11996657	7.423125542
262144	128	boundary	fresh_resources	9	11	93236958	11909925	7.828509248
262144	128	boundary	fresh_resources	9	12	89122943	12305927	7.242277888
262144	128	boundary	fresh_resources	9	13	88977798	12133266	7.333375696
262144	128	boundary	fresh_resources	9	14	93629133	12146710	7.708188719
262144	128	boundary	fresh_resources	9	15	88992395	11972002	7.433376222
262144	128	boundary	fresh_resources	9	16	89212528	11930284	7.477820981
262144	128	boundary	fresh_resources	9	17	93760436	11937356	7.854372107
262144	128	boundary	fresh_resources	9	18	89925856	12926901	6.956489881
262144	128	boundary	fresh_resources	9	19	89254015	11865159	7.522361479
262144	128	boundary	fresh_resources	10	0	89158413	11925001	7.476595851
262144	128	boundary	fresh_resources	10	1	90965772	11907187	7.639568607
262144	128	boundary	fresh_resources	10	2	93226801	11910112	7.827533528
262144	128	boundary	fresh_resources	10	3	89023093	12723172	6.996926002
262144	128	boundary	fresh_resources	10	4	89507481	11938544	7.497353195
262144	128	boundary	fresh_resources	10	5	93426437	11969270	7.805525065
262144	128	boundary	fresh_resources	10	6	89149216	11967901	7.449026859
262144	128	boundary	fresh_resources	10	7	88911383	11934679	7.449834470
262144	128	boundary	fresh_resources	10	8	94313806	11986430	7.868381662
262144	128	boundary	fresh_resources	10	9	89362531	11949457	7.478375879
262144	128	boundary	fresh_resources	10	10	89913897	12022203	7.478986755
262144	128	boundary	fresh_resources	10	11	93489815	11974245	7.807574924
262144	128	boundary	fresh_resources	10	12	89093140	12256645	7.268966344
262144	128	boundary	fresh_resources	10	13	89173332	11833272	7.535813594
262144	128	boundary	fresh_resources	10	14	94993384	12411535	7.653637040
262144	128	boundary	fresh_resources	10	15	89208496	12098976	7.373226957
262144	128	boundary	fresh_resources	10	16	89175574	12123635	7.355514580
262144	128	boundary	fresh_resources	10	17	93497097	11800231	7.923327687
262144	128	boundary	fresh_resources	10	18	90013298	11977713	7.515065522
262144	128	boundary	fresh_resources	10	19	89338933	11864993	7.529623743
262144	128	sparse4	prepared	1	0	86061359	10385845	8.286408954
262144	128	sparse4	prepared	1	1	75382426	10358029	7.277680532
262144	128	sparse4	prepared	1	2	85069368	10451893	8.139134987
262144	128	sparse4	prepared	1	3	85877998	10280714	8.353310675
262144	128	sparse4	prepared	1	4	75179340	10456360	7.189819402
262144	128	sparse4	prepared	1	5	85598429	10430587	8.206482435
262144	128	sparse4	prepared	1	6	85826837	10468585	8.198513648
262144	128	sparse4	prepared	1	7	75113943	10270715	7.313409339
262144	128	sparse4	prepared	1	8	85403693	10466952	8.159366070
262144	128	sparse4	prepared	1	9	86008365	10490617	8.198599282
262144	128	sparse4	prepared	1	10	74660618	10277142	7.264725738
262144	128	sparse4	prepared	1	11	84935003	10221779	8.309219266
262144	128	sparse4	prepared	1	12	85499549	10363031	8.250438409
262144	128	sparse4	prepared	1	13	75046145	10362348	7.242195012
262144	128	sparse4	prepared	1	14	100978716	10927929	9.240425702
262144	128	sparse4	prepared	1	15	85883854	10379122	8.274674293
262144	128	sparse4	prepared	1	16	75172344	10637032	7.067041257
262144	128	sparse4	prepared	1	17	85317266	10352030	8.241597638
262144	128	sparse4	prepared	1	18	86159702	10349397	8.325093916
262144	128	sparse4	prepared	1	19	74991504	10473438	7.160161162
262144	128	sparse4	prepared	2	0	86548386	10492451	8.248633803
262144	128	sparse4	prepared	2	1	75806487	10547542	7.187123502
262144	128	sparse4	prepared	2	2	86210467	10454173	8.246512374
262144	128	sparse4	prepared	2	3	101891819	10492239	9.711160697
262144	128	sparse4	prepared	2	4	76918885	10949934	7.024598048
262144	128	sparse4	prepared	2	5	85614035	10637068	8.048649778
262144	128	sparse4	prepared	2	6	86272323	10599324	8.139417476
262144	128	sparse4	prepared	2	7	75980229	10635888	7.143759788
262144	128	sparse4	prepared	2	8	85568730	10576205	8.090683757
262144	128	sparse4	prepared	2	9	85882365	10422984	8.239709953
262144	128	sparse4	prepared	2	10	75278844	10603385	7.099510581
262144	128	sparse4	prepared	2	11	85993402	10612649	8.102915870
262144	128	sparse4	prepared	2	12	87712627	11202608	7.829661361
262144	128	sparse4	prepared	2	13	76083217	10557597	7.206489981
262144	128	sparse4	prepared	2	14	87774944	10933024	8.028423243
262144	128	sparse4	prepared	2	15	88784976	11062558	8.025718464
262144	128	sparse4	prepared	2	16	76392011	10578858	7.221196371
262144	128	sparse4	prepared	2	17	87345938	10679515	8.178830031
262144	128	sparse4	prepared	2	18	87481942	10810085	8.092622953
262144	128	sparse4	prepared	2	19	75917885	10526630	7.211983797
262144	128	sparse4	prepared	3	0	86519457	12096103	7.152671980
262144	128	sparse4	prepared	3	1	75680082	10706975	7.068297255
262144	128	sparse4	prepared	3	2	86541987	10813620	8.003054204
262144	128	sparse4	prepared	3	3	86277531	10707151	8.057935393
262144	128	sparse4	prepared	3	4	75556306	10506753	7.191213689
262144	128	sparse4	prepared	3	5	85767225	10555193	8.125595145
262144	128	sparse4	prepared	3	6	86678539	10616884	8.164216450
262144	128	sparse4	prepared	3	7	75756019	10597307	7.148610397
262144	128	sparse4	prepared	3	8	85732340	10549908	8.126359017
262144	128	sparse4	prepared	3	9	86074802	10510658	8.189287674
262144	128	sparse4	prepared	3	10	75608612	10544187	7.170644071
262144	128	sparse4	prepared	3	11	85761947	10510106	8.159950718
262144	128	sparse4	prepared	3	12	86011468	10524082	8.172823815
262144	128	sparse4	prepared	3	13	75724970	10440685	7.252873734
262144	128	sparse4	prepared	3	14	86090332	10506143	8.194285191
262144	128	sparse4	prepared	3	15	86426767	10467783	8.256453826
262144	128	sparse4	prepared	3	16	75939029	10534982	7.208273256
262144	128	sparse4	prepared	3	17	85562190	10462310	8.178135612
262144	128	sparse4	prepared	3	18	86776364	10489204	8.272921758
262144	128	sparse4	prepared	3	19	76365662	10709432	7.130692085
262144	128	sparse4	prepared	4	0	92405175	16473194	5.609426745
262144	128	sparse4	prepared	4	1	81991661	16379020	5.005895408
262144	128	sparse4	prepared	4	2	92812367	16431316	5.648504782
262144	128	sparse4	prepared	4	3	92281137	16983073	5.433712556
262144	128	sparse4	prepared	4	4	82279100	16643608	4.943585549
262144	128	sparse4	prepared	4	5	92714151	16909238	5.483047255
262144	128	sparse4	prepared	4	6	93107083	17801309	5.230350364
262144	128	sparse4	prepared	4	7	82625732	17471288	4.729229579
262144	128	sparse4	prepared	4	8	93019208	17154844	5.422328993
262144	128	sparse4	prepared	4	9	93537292	16957225	5.516073060
262144	128	sparse4	prepared	4	10	88263364	22539015	3.916025789
262144	128	sparse4	prepared	4	11	96366957	19034351	5.062791844
262144	128	sparse4	prepared	4	12	93291122	17436171	5.350436286
262144	128	sparse4	prepared	4	13	83134152	17434242	4.768440865
262144	128	sparse4	prepared	4	14	92272658	17091401	5.398776730
262144	128	sparse4	prepared	4	15	92809631	16550292	5.607733749
262144	128	sparse4	prepared	4	16	82811825	16853429	4.913648433
262144	128	sparse4	prepared	4	17	92656973	16960947	5.462959881
262144	128	sparse4	prepared	4	18	93251040	17089511	5.456624242
262144	128	sparse4	prepared	4	19	82378757	16875508	4.881557166
262144	128	sparse4	prepared	5	0	86984257	10674284	8.148954721
262144	128	sparse4	prepared	5	1	75750701	10659263	7.106560838
262144	128	sparse4	prepared	5	2	85542671	10568922	8.093793388
262144	128	sparse4	prepared	5	3	87013534	10609604	8.201393191
262144	128	sparse4	prepared	5	4	75953921	10668772	7.119274927
262144	128	sparse4	prepared	5	5	86427251	10627944	8.132076251
262144	128	sparse4	prepared	5	6	87649403	10706111	8.186857300
262144	128	sparse4	prepared	5	7	76020710	11300773	6.727036283
262144	128	sparse4	prepared	5	8	86323837	10466289	8.247797954
262144	128	sparse4	prepared	5	9	86668543	10544382	8.219404703
262144	128	sparse4	prepared	5	10	75811900	10749436	7.052639785
262144	128	sparse4	prepared	5	11	85499390	10675841	8.008679597
262144	128	sparse4	prepared	5	12	86704269	10646752	8.143729562
262144	128	sparse4	prepared	5	13	75651785	10685023	7.080170534
262144	128	sparse4	prepared	5	14	86037806	10522868	8.176269625
262144	128	sparse4	prepared	5	15	86357069	10478945	8.241007945
262144	128	sparse4	prepared	5	16	75860060	10809763	7.017735726
262144	128	sparse4	prepared	5	17	92921856	10495296	8.853667014
262144	128	sparse4	prepared	5	18	94746282	11049057	8.575055953
262144	128	sparse4	prepared	5	19	77039402	11880283	6.484643674
262144	128	sparse4	prepared	6	0	86533737	12831515	6.743844121
262144	128	sparse4	prepared	6	1	75686653	10510029	7.201374325
262144	128	sparse4	prepared	6	2	85694465	10734877	7.982808280
262144	128	sparse4	prepared	6	3	87235394	10556342	8.263790052
262144	128	sparse4	prepared	6	4	92096023	11104346	8.293691767
262144	128	sparse4	prepared	6	5	85676784	10563299	8.110797962
262144	128	sparse4	prepared	6	6	86101970	10502750	8.198040513
262144	128	sparse4	prepared	6	7	75793330	10571491	7.169596985
262144	128	sparse4	prepared	6	8	85615353	11051008	7.747289026
262144	128	sparse4	prepared	6	9	85749796	10414465	8.233720695
262144	128	sparse4	prepared	6	10	75455108	10672066	7.070337459
262144	128	sparse4	prepared	6	11	86109214	10381979	8.294104043
262144	128	sparse4	prepared	6	12	86871587	10641049	8.163817966
262144	128	sparse4	prepared	6	13	75748536	10575487	7.162652273
262144	128	sparse4	prepared	6	14	86334422	10458309	8.255103382
262144	128	sparse4	prepared	6	15	86462873	10529051	8.211839130
262144	128	sparse4	prepared	6	16	75933814	10642779	7.134773164
262144	128	sparse4	prepared	6	17	85506808	10444351	8.186895289
262144	128	sparse4	prepared	6	18	86602100	10558143	8.202398850
262144	128	sparse4	prepared	6	19	75796519	10525514	7.201217822
262144	128	sparse4	prepared	7	0	92658684	16662898	5.560778443
262144	128	sparse4	prepared	7	1	81353388	16838324	4.831442132
262144	128	sparse4	prepared	7	2	92246040	16208606	5.691176650
262144	128	sparse4	prepared	7	3	92046322	16634528	5.533449581
262144	128	sparse4	prepared	7	4	81787937	16679163	4.903599599
262144	128	sparse4	prepared	7	5	91924477	16491697	5.573985321
262144	128	sparse4	prepared	7	6	92588639	17050158	5.430368387
262144	128	sparse4	prepared	7	7	82116128	16794804	4.889376976
262144	128	sparse4	prepared	7	8	92288596	17024262	5.421004212
262144	128	sparse4	prepared	7	9	92242846	16918421	5.452213655
262144	128	sparse4	prepared	7	10	82155090	17018611	4.827367521
262144	128	sparse4	prepared	7	11	92058858	17018835	5.409233828
262144	128	sparse4	prepared	7	12	93088537	16688006	5.578170154
262144	128	sparse4	prepared	7	13	97138724	16923933	5.739725157
262144	128	sparse4	prepared	7	14	93866912	16894519	5.556057086
262144	128	sparse4	prepared	7	15	92506154	16871448	5.483000274
262144	128	sparse4	prepared	7	16	82484287	17123999	4.816882260
262144	128	sparse4	prepared	7	17	92680983	16614407	5.578350344
262144	128	sparse4	prepared	7	18	92872998	16949787	5.479301775
262144	128	sparse4	prepared	7	19	82103498	16701372	4.915973251
262144	128	sparse4	prepared	8	0	86122391	10729340	8.026811621
262144	128	sparse4	prepared	8	1	75775123	10417398	7.273901122
262144	128	sparse4	prepared	8	2	85715881	10515714	8.151218358
262144	128	sparse4	prepared	8	3	88609645	10687552	8.290920596
262144	128	sparse4	prepared	8	4	77428465	10613849	7.295041130
262144	128	sparse4	prepared	8	5	85754026	10535442	8.139575539
262144	128	sparse4	prepared	8	6	86851170	10401223	8.350092100
262144	128	sparse4	prepared	8	7	76154484	10697996	7.118574731
262144	128	sparse4	prepared	8	8	85905718	10483365	8.194479349
262144	128	sparse4	prepared	8	9	86648277	10680998	8.112376484
262144	128	sparse4	prepared	8	10	75953568	10384858	7.313876415
262144	128	sparse4	prepared	8	11	86215329	10506870	8.205614898
262144	128	sparse4	prepared	8	12	86559080	13323354	6.496793525
262144	128	sparse4	prepared	8	13	82690290	14264828	5.796795447
262144	128	sparse4	prepared	8	14	86513846	10659484	8.116138267
262144	128	sparse4	prepared	8	15	86970140	10383443	8.375847973
262144	128	sparse4	prepared	8	16	75411520	10459209	7.210059575
262144	128	sparse4	prepared	8	17	86049693	10425536	8.253742829
262144	128	sparse4	prepared	8	18	85829471	10785422	7.957914952
262144	128	sparse4	prepared	8	19	75357724	10524990	7.159885568
262144	128	sparse4	prepared	9	0	86068304	10364234	8.304357466
262144	128	sparse4	prepared	9	1	77577297	10285048	7.542725809
262144	128	sparse4	prepared	9	2	85438006	10485220	8.148422828
262144	128	sparse4	prepared	9	3	85844980	10641735	8.066821811
262144	128	sparse4	prepared	9	4	75308105	10495409	7.175337807
262144	128	sparse4	prepared	9	5	85146264	10366360	8.213708959
262144	128	sparse4	prepared	9	6	85474377	10429258	8.195633572
262144	128	sparse4	prepared	9	7	75220255	10396800	7.234942963
262144	128	sparse4	prepared	9	8	85379628	10406816	8.204202707
262144	128	sparse4	prepared	9	9	85911601	10360769	8.292010081
262144	128	sparse4	prepared	9	10	74779042	10420001	7.176490866
262144	128	sparse4	prepared	9	11	85553328	10297825	8.307902688
262144	128	sparse4	prepared	9	12	85953367	10372989	8.286268018
262144	128	sparse4	prepared	9	13	94731575	10321237	9.178316029
262144	128	sparse4	prepared	9	14	85747753	10562815	8.117888366
262144	128	sparse4	prepared	9	15	88946845	10580816	8.406425837
262144	128	sparse4	prepared	9	16	76406811	10458313	7.305844738
262144	128	sparse4	prepared	9	17	85088263	11270478	7.549658763
262144	128	sparse4	prepared	9	18	86844218	10506803	8.265522633
262144	128	sparse4	prepared	9	19	75128291	10498443	7.156136486
262144	128	sparse4	prepared	10	0	87587674	11101966	7.889384096
262144	128	sparse4	prepared	10	1	75370137	10661754	7.069206155
262144	128	sparse4	prepared	10	2	85941101	10514634	8.173475273
262144	128	sparse4	prepared	10	3	86143049	10718610	8.036774265
262144	128	sparse4	prepared	10	4	76077558	10539996	7.217987369
262144	128	sparse4	prepared	10	5	103541157	10442934	9.914948902
262144	128	sparse4	prepared	10	6	88214537	10573564	8.342933092
262144	128	sparse4	prepared	10	7	76140532	10514986	7.241144401
262144	128	sparse4	prepared	10	8	86215454	10472054	8.232907699
262144	128	sparse4	prepared	10	9	86102842	10463608	8.228790872
262144	128	sparse4	prepared	10	10	75666762	10580974	7.151209520
262144	128	sparse4	prepared	10	11	86240118	10573004	8.156633441
262144	128	sparse4	prepared	10	12	85963984	10499622	8.187340840
262144	128	sparse4	prepared	10	13	76238875	10591421	7.198172464
262144	128	sparse4	prepared	10	14	85645346	10557198	8.112507315
262144	128	sparse4	prepared	10	15	86462977	10513041	8.224354590
262144	128	sparse4	prepared	10	16	75360317	10491438	7.183030296
262144	128	sparse4	prepared	10	17	85808601	10515941	8.159859493
262144	128	sparse4	prepared	10	18	86407477	10738618	8.046424316
262144	128	sparse4	prepared	10	19	75830708	10547735	7.189288316
262144	128	sparse4	fresh_resources	1	0	87167772	12017183	7.253594457
262144	128	sparse4	fresh_resources	1	1	76544016	11879905	6.443150513
262144	128	sparse4	fresh_resources	1	2	86416310	12063773	7.163290456
262144	128	sparse4	fresh_resources	1	3	86731304	12064384	7.189037086
262144	128	sparse4	fresh_resources	1	4	76490433	11940053	6.406205483
262144	128	sparse4	fresh_resources	1	5	91061094	11893310	7.656497140
262144	128	sparse4	fresh_resources	1	6	86760353	12112675	7.162773954
262144	128	sparse4	fresh_resources	1	7	76512269	11938322	6.408963420
262144	128	sparse4	fresh_resources	1	8	86428032	11911941	7.255579254
262144	128	sparse4	fresh_resources	1	9	86996245	11963929	7.271544741
262144	128	sparse4	fresh_resources	1	10	76916204	12081670	6.366355313
262144	128	sparse4	fresh_resources	1	11	90612366	13712484	6.608019816
262144	128	sparse4	fresh_resources	1	12	89775887	12254652	7.325861803
262144	128	sparse4	fresh_resources	1	13	80646499	12046410	6.694650024
262144	128	sparse4	fresh_resources	1	14	86407344	12062352	7.163391020
262144	128	sparse4	fresh_resources	1	15	89289882	12178493	7.331767732
262144	128	sparse4	fresh_resources	1	16	76212840	12130707	6.282637937
262144	128	sparse4	fresh_resources	1	17	90447985	12028498	7.519474584
262144	128	sparse4	fresh_resources	1	18	88814227	12607842	7.044363897
262144	128	sparse4	fresh_resources	1	19	80714410	11954287	6.751921716
262144	128	sparse4	fresh_resources	2	0	87521261	12124659	7.218451340
262144	128	sparse4	fresh_resources	2	1	76009724	12100651	6.281457419
262144	128	sparse4	fresh_resources	2	2	87002874	12001036	7.249613617
262144	128	sparse4	fresh_resources	2	3	86980619	11885250	7.318366799
262144	128	sparse4	fresh_resources	2	4	76548296	12196311	6.276348315
262144	128	sparse4	fresh_resources	2	5	86313849	11953603	7.220739136
262144	128	sparse4	fresh_resources	2	6	87259883	12169335	7.170472585
262144	128	sparse4	fresh_resources	2	7	76068751	11990859	6.343895045
262144	128	sparse4	fresh_resources	2	8	86407723	11996519	7.202732976
262144	128	sparse4	fresh_resources	2	9	87282473	12013125	7.265592675
262144	128	sparse4	fresh_resources	2	10	76452610	12039068	6.350376125
262144	128	sparse4	fresh_resources	2	11	86295264	13747097	6.277344519
262144	128	sparse4	fresh_resources	2	12	86974842	12098732	7.188756805
262144	128	sparse4	fresh_resources	2	13	78402062	11881752	6.598527052
262144	128	sparse4	fresh_resources	2	14	87963398	12017371	7.319687309
262144	128	sparse4	fresh_resources	2	15	87109796	12846504	6.780817256
262144	128	sparse4	fresh_resources	2	16	76744375	11861131	6.470240907
262144	128	sparse4	fresh_resources	2	17	88710863	11880890	7.466684987
262144	128	sparse4	fresh_resources	2	18	89079121	13656848	6.522670605
262144	128	sparse4	fresh_resources	2	19	78226998	13629468	5.739548895
262144	128	sparse4	fresh_resources	3	0	87840425	12287715	7.148637888
262144	128	sparse4	fresh_resources	3	1	76428747	11979591	6.379912887
262144	128	sparse4	fresh_resources	3	2	86389561	11998636	7.199948477
262144	128	sparse4	fresh_resources	3	3	87245152	11973626	7.286443722
262144	128	sparse4	fresh_resources	3	4	76201982	11826266	6.443452397
262144	128	sparse4	fresh_resources	3	5	86324177	11995223	7.196546242
262144	128	sparse4	fresh_resources	3	6	87132704	11925206	7.306599483
262144	128	sparse4	fresh_resources	3	7	75962411	11986003	6.337593191
262144	128	sparse4	fresh_resources	3	8	86752043	12027026	7.213091832
262144	128	sparse4	fresh_resources	3	9	87032006	11970984	7.270246623
262144	128	sparse4	fresh_resources	3	10	76637693	12039337	6.365607425
262144	128	sparse4	fresh_resources	3	11	86315072	13464805	6.410421243
262144	128	sparse4	fresh_resources	3	12	86786108	11939560	7.268786119
262144	128	sparse4	fresh_resources	3	13	76002206	11733547	6.477342785
262144	128	sparse4	fresh_resources	3	14	86946004	11991273	7.250773458
262144	128	sparse4	fresh_resources	3	15	87389628	12203632	7.160952412
262144	128	sparse4	fresh_resources	3	16	76134525	11888704	6.403938142
262144	128	sparse4	fresh_resources	3	17	86335529	11830990	7.297405289
262144	128	sparse4	fresh_resources	3	18	90415829	13015036	6.947028729
262144	128	sparse4	fresh_resources	3	19	79768547	12745337	6.258645574
262144	128	sparse4	fresh_resources	4	0	93907874	18223057	5.153244815
262144	128	sparse4	fresh_resources	4	1	83288194	18160494	4.586229538
262144	128	sparse4	fresh_resources	4	2	93331126	18361895	5.082870041
262144	128	sparse4	fresh_resources	4	3	93545924	18162368	5.150535657
262144	128	sparse4	fresh_resources	4	4	82867980	17970890	4.611234057
262144	128	sparse4	fresh_resources	4	5	92797447	18347226	5.057846183
262144	128	sparse4	fresh_resources	4	6	93336768	18055908	5.169320092
262144	128	sparse4	fresh_resources	4	7	82537369	18039638	4.575333995
262144	128	sparse4	fresh_resources	4	8	92446722	17956075	5.148492752
262144	128	sparse4	fresh_resources	4	9	93705867	18179414	5.154504265
262144	128	sparse4	fresh_resources	4	10	83011093	18396273	4.512386449
262144	128	sparse4	fresh_resources	4	11	92723134	19336601	4.795213699
262144	128	sparse4	fresh_resources	4	12	93390191	18375514	5.082317208
262144	128	sparse4	fresh_resources	4	13	82810982	17913219	4.622897872
262144	128	sparse4	fresh_resources	4	14	92952587	17851858	5.206885860
262144	128	sparse4	fresh_resources	4	15	93533284	18281074	5.116399835
262144	128	sparse4	fresh_resources	4	16	82692203	18333117	4.510537024
262144	128	sparse4	fresh_resources	4	17	93367937	18119458	5.152910037
262144	128	sparse4	fresh_resources	4	18	93326324	19400537	4.810502101
262144	128	sparse4	fresh_resources	4	19	82361895	18468250	4.459648045
262144	128	sparse4	fresh_resources	5	0	87257983	12211738	7.145418858
262144	128	sparse4	fresh_resources	5	1	76631806	11892131	6.443908665
262144	128	sparse4	fresh_resources	5	2	86825449	12035391	7.214177670
262144	128	sparse4	fresh_resources	5	3	87155788	12039038	7.239431257
262144	128	sparse4	fresh_resources	5	4	77560286	12005870	6.460197054
262144	128	sparse4	fresh_resources	5	5	86379045	11821342	7.307042212
262144	128	sparse4	fresh_resources	5	6	87633300	11896169	7.366514380
262144	128	sparse4	fresh_resources	5	7	76598588	11785319	6.499492122
262144	128	sparse4	fresh_resources	5	8	86676661	12134977	7.142713249
262144	128	sparse4	fresh_resources	5	9	87343502	11918559	7.328360920
262144	128	sparse4	fresh_resources	5	10	76760129	11954479	6.421035078
262144	128	sparse4	fresh_resources	5	11	86343369	13897023	6.213083838
262144	128	sparse4	fresh_resources	5	12	87151622	12050079	7.232452335
262144	128	sparse4	fresh_resources	5	13	76114731	11837094	6.430187257
262144	128	sparse4	fresh_resources	5	14	86979012	11891711	7.314255451
262144	128	sparse4	fresh_resources	5	15	87920238	11831186	7.431227774
262144	128	sparse4	fresh_resources	5	16	77077629	12210398	6.312458365
262144	128	sparse4	fresh_resources	5	17	86866516	11965193	7.259934378
262144	128	sparse4	fresh_resources	5	18	89644827	12201307	7.347149531
262144	128	sparse4	fresh_resources	5	19	76654910	11941155	6.419388242
262144	128	sparse4	fresh_resources	6	0	91463730	11969207	7.641586448
262144	128	sparse4	fresh_resources	6	1	80149266	12092392	6.628073751
262144	128	sparse4	fresh_resources	6	2	86432076	12328588	7.010703578
262144	128	sparse4	fresh_resources	6	3	91810117	11888996	7.722276717
262144	128	sparse4	fresh_resources	6	4	76543427	12026198	6.364723664
262144	128	sparse4	fresh_resources	6	5	91096461	11849829	7.687575998
262144	128	sparse4	fresh_resources	6	6	92322322	12202162	7.566062637
262144	128	sparse4	fresh_resources	6	7	80911731	12088376	6.693349959
262144	128	sparse4	fresh_resources	6	8	87229051	12101861	7.207903892
262144	128	sparse4	fresh_resources	6	9	91015982	11925854	7.631820916
262144	128	sparse4	fresh_resources	6	10	76241724	11957255	6.376189518
262144	128	sparse4	fresh_resources	6	11	90471267	13643788	6.630949338
262144	128	sparse4	fresh_resources	6	12	87035678	13100278	6.643803895
262144	128	sparse4	fresh_resources	6	13	76034588	12196021	6.234376605
262144	128	sparse4	fresh_resources	6	14	87069640	12107599	7.191321748
262144	128	sparse4	fresh_resources	6	15	91362802	12225166	7.473338358
262144	128	sparse4	fresh_resources	6	16	76314159	12179214	6.265934649
262144	128	sparse4	fresh_resources	6	17	91051801	11935031	7.628953875
262144	128	sparse4	fresh_resources	6	18	86623204	12050926	7.188095255
262144	128	sparse4	fresh_resources	6	19	80742547	11841275	6.818737594
262144	128	sparse4	fresh_resources	7	0	93829194	17948130	5.227797771
262144	128	sparse4	fresh_resources	7	1	83622880	18200142	4.594627888
262144	128	sparse4	fresh_resources	7	2	93287715	18353244	5.082900603
262144	128	sparse4	fresh_resources	7	3	94724163	18498666	5.120594263
262144	128	sparse4	fresh_resources	7	4	85996295	19181076	4.483392642
262144	128	sparse4	fresh_resources	7	5	92962160	18129524	5.127666893
262144	128	sparse4	fresh_resources	7	6	93631317	18746781	4.994527701
262144	128	sparse4	fresh_resources	7	7	82869920	18528623	4.472535277
262144	128	sparse4	fresh_resources	7	8	93169947	18148444	5.133770532
262144	128	sparse4	fresh_resources	7	9	93716456	18006496	5.204591499
262144	128	sparse4	fresh_resources	7	10	82927033	18758075	4.420871171
262144	128	sparse4	fresh_resources	7	11	93108823	19386570	4.802748655
262144	128	sparse4	fresh_resources	7	12	93247047	18129232	5.143463716
262144	128	sparse4	fresh_resources	7	13	82591628	18046631	4.576567671
262144	128	sparse4	fresh_resources	7	14	92976533	18227135	5.100995466
262144	128	sparse4	fresh_resources	7	15	93603573	18119163	5.165998727
262144	128	sparse4	fresh_resources	7	16	82836319	18418493	4.497453673
262144	128	sparse4	fresh_resources	7	17	93398599	17837495	5.236082701
262144	128	sparse4	fresh_resources	7	18	93333848	18433208	5.063353487
262144	128	sparse4	fresh_resources	7	19	83636547	19163147	4.364447395
262144	128	sparse4	fresh_resources	8	0	86644885	11952305	7.249219711
262144	128	sparse4	fresh_resources	8	1	76285549	11722060	6.507862014
262144	128	sparse4	fresh_resources	8	2	86831629	11846447	7.329761320
262144	128	sparse4	fresh_resources	8	3	86851322	11907196	7.294019684
262144	128	sparse4	fresh_resources	8	4	76433259	11892331	6.427104913
262144	128	sparse4	fresh_resources	8	5	86881848	11756273	7.390254377
262144	128	sparse4	fresh_resources	8	6	86919919	11849025	7.335617825
262144	128	sparse4	fresh_resources	8	7	76204060	11857889	6.426444032
262144	128	sparse4	fresh_resources	8	8	89151131	12059440	7.392642693
262144	128	sparse4	fresh_resources	8	9	87129272	12095951	7.203176666
262144	128	sparse4	fresh_resources	8	10	76010228	11866719	6.405328044
262144	128	sparse4	fresh_resources	8	11	86347394	13676545	6.313538544
262144	128	sparse4	fresh_resources	8	12	86752177	11954812	7.256674300
262144	128	sparse4	fresh_resources	8	13	76660406	11824884	6.482973194
262144	128	sparse4	fresh_resources	8	14	89362169	14439612	6.188682147
262144	128	sparse4	fresh_resources	8	15	87084313	11728920	7.424751213
262144	128	sparse4	fresh_resources	8	16	76693624	12061242	6.358683791
262144	128	sparse4	fresh_resources	8	17	87579384	11900339	7.359402451
262144	128	sparse4	fresh_resources	8	18	87431486	12037813	7.263070626
262144	128	sparse4	fresh_resources	8	19	76501698	11891534	6.433290945
262144	128	sparse4	fresh_resources	9	0	88465971	13448530	6.578114560
262144	128	sparse4	fresh_resources	9	1	77486976	13434894	5.767591170
262144	128	sparse4	fresh_resources	9	2	87635849	13484673	6.498922814
262144	128	sparse4	fresh_resources	9	3	88392771	13339509	6.626388647
262144	128	sparse4	fresh_resources	9	4	79968769	13527059	5.911763156
262144	128	sparse4	fresh_resources	9	5	88298056	14450975	6.110179832
262144	128	sparse4	fresh_resources	9	6	89839647	14246992	6.305867723
262144	128	sparse4	fresh_resources	9	7	78736978	14311147	5.501793672
262144	128	sparse4	fresh_resources	9	8	88915107	14272236	6.229935309
262144	128	sparse4	fresh_resources	9	9	89400326	14341534	6.233665520
262144	128	sparse4	fresh_resources	9	10	78391522	17194079	4.559216112
262144	128	sparse4	fresh_resources	9	11	91432890	18593448	4.917478996
262144	128	sparse4	fresh_resources	9	12	91757720	17556099	5.226543778
262144	128	sparse4	fresh_resources	9	13	81672790	16895262	4.834064722
262144	128	sparse4	fresh_resources	9	14	92155529	17475382	5.273448615
262144	128	sparse4	fresh_resources	9	15	92065930	17650930	5.215925167
262144	128	sparse4	fresh_resources	9	16	82674747	17971405	4.600349667
262144	128	sparse4	fresh_resources	9	17	94572863	17457573	5.417297296
262144	128	sparse4	fresh_resources	9	18	92726548	17143897	5.408720549
262144	128	sparse4	fresh_resources	9	19	81833996	17394519	4.704585163
262144	128	sparse4	fresh_resources	10	0	87395247	11945290	7.316293451
262144	128	sparse4	fresh_resources	10	1	75828057	12017259	6.309929494
262144	128	sparse4	fresh_resources	10	2	86633096	12068847	7.178241302
262144	128	sparse4	fresh_resources	10	3	87222826	11945142	7.301949696
262144	128	sparse4	fresh_resources	10	4	76453849	12066612	6.335983041
262144	128	sparse4	fresh_resources	10	5	86666382	11968057	7.241474702
262144	128	sparse4	fresh_resources	10	6	87178961	11916339	7.315918169
262144	128	sparse4	fresh_resources	10	7	75893796	11851600	6.403675116
262144	128	sparse4	fresh_resources	10	8	86411930	12266012	7.044826795
262144	128	sparse4	fresh_resources	10	9	87362178	12239982	7.137443339
262144	128	sparse4	fresh_resources	10	10	78771543	12014430	6.556411166
262144	128	sparse4	fresh_resources	10	11	86533788	13694204	6.319008246
262144	128	sparse4	fresh_resources	10	12	87170487	11830026	7.368579494
262144	128	sparse4	fresh_resources	10	13	76115330	12015056	6.334995859
262144	128	sparse4	fresh_resources	10	14	86561444	12407803	6.976371562
262144	128	sparse4	fresh_resources	10	15	88783689	11907918	7.455853240
262144	128	sparse4	fresh_resources	10	16	75433313	11810794	6.386811335
262144	128	sparse4	fresh_resources	10	17	85771538	11900652	7.207297382
262144	128	sparse4	fresh_resources	10	18	86649138	11664598	7.428386130
262144	128	sparse4	fresh_resources	10	19	77680492	11913665	6.520285068
262144	128	dense32	prepared	1	0	92850175	10690600	8.685216452
262144	128	dense32	prepared	1	1	83014626	10534806	7.880033671
262144	128	dense32	prepared	1	2	90727088	10520556	8.623792127
262144	128	dense32	prepared	1	3	91333201	10623235	8.597494172
262144	128	dense32	prepared	1	4	82679316	10503039	7.871942206
262144	128	dense32	prepared	1	5	94502026	10497264	9.002538757
262144	128	dense32	prepared	1	6	108645505	11581433	9.381007083
262144	128	dense32	prepared	1	7	81717228	10662282	7.664140566
262144	128	dense32	prepared	1	8	91582005	10525552	8.700921814
262144	128	dense32	prepared	1	9	92530416	10620826	8.712167585
262144	128	dense32	prepared	1	10	81974637	11728137	6.989570211
262144	128	dense32	prepared	1	11	91553210	11575983	7.908892921
262144	128	dense32	prepared	1	12	92763942	10627236	8.728886984
262144	128	dense32	prepared	1	13	82528499	10618434	7.772191172
262144	128	dense32	prepared	1	14	89426869	10642291	8.402971597
262144	128	dense32	prepared	1	15	91064021	10487765	8.682881529
262144	128	dense32	prepared	1	16	81003379	10560673	7.670285691
262144	128	dense32	prepared	1	17	90795211	10639859	8.533497577
262144	128	dense32	prepared	1	18	91158360	10775063	8.460123157
262144	128	dense32	prepared	1	19	82831699	10815139	7.658865873
262144	128	dense32	prepared	2	0	97229134	16217217	5.995426589
262144	128	dense32	prepared	2	1	85912855	16176076	5.311106043
262144	128	dense32	prepared	2	2	97212207	16474046	5.900930895
262144	128	dense32	prepared	2	3	97264713	16477874	5.902746495
262144	128	dense32	prepared	2	4	87880869	16018847	5.486092039
262144	128	dense32	prepared	2	5	96963584	16196833	5.986576759
262144	128	dense32	prepared	2	6	98112035	16546111	5.929613007
262144	128	dense32	prepared	2	7	89073204	16150007	5.515366278
262144	128	dense32	prepared	2	8	97485152	17208130	5.665063665
262144	128	dense32	prepared	2	9	96907602	16825287	5.759640356
262144	128	dense32	prepared	2	10	86661073	16816919	5.153207493
262144	128	dense32	prepared	2	11	97843425	16388634	5.970200140
262144	128	dense32	prepared	2	12	97378854	16434074	5.925423848
262144	128	dense32	prepared	2	13	86453833	16311253	5.300257007
262144	128	dense32	prepared	2	14	97440818	17049892	5.715040189
262144	128	dense32	prepared	2	15	98620011	16608704	5.937851081
262144	128	dense32	prepared	2	16	89006320	16794822	5.299628659
262144	128	dense32	prepared	2	17	97166843	16707789	5.815661366
262144	128	dense32	prepared	2	18	97040634	16605971	5.843719346
262144	128	dense32	prepared	2	19	89586941	16579295	5.403543456
262144	128	dense32	prepared	3	0	92267161	10721956	8.605441115
262144	128	dense32	prepared	3	1	80814531	10605350	7.620166331
262144	128	dense32	prepared	3	2	90683004	10506500	8.631133489
262144	128	dense32	prepared	3	3	90172518	10595876	8.510152252
262144	128	dense32	prepared	3	4	81458099	10924606	7.456387809
262144	128	dense32	prepared	3	5	92387703	10746284	8.597176754
262144	128	dense32	prepared	3	6	92546839	10779859	8.585162292
262144	128	dense32	prepared	3	7	82957422	10751296	7.716039257
262144	128	dense32	prepared	3	8	91143345	10828790	8.416761707
262144	128	dense32	prepared	3	9	91962027	10697575	8.596530242
262144	128	dense32	prepared	3	10	81843726	10735281	7.623808450
262144	128	dense32	prepared	3	11	91630753	10793731	8.489256681
262144	128	dense32	prepared	3	12	92430691	10562655	8.750706238
262144	128	dense32	prepared	3	13	82912704	10923162	7.590540541
262144	128	dense32	prepared	3	14	92282353	10786501	8.555355717
262144	128	dense32	prepared	3	15	92548740	10699826	8.649555610
262144	128	dense32	prepared	3	16	82708257	10674578	7.748152386
262144	128	dense32	prepared	3	17	96972479	10690414	9.070975081
262144	128	dense32	prepared	3	18	90846874	10716215	8.477515055
262144	128	dense32	prepared	3	19	83031179	10496205	7.910590447
262144	128	dense32	prepared	4	0	98134491	16589451	5.915475503
262144	128	dense32	prepared	4	1	87774520	16464394	5.331172225
262144	128	dense32	prepared	4	2	95783095	16615914	5.764539646
262144	128	dense32	prepared	4	3	97789723	16467615	5.938305152
262144	128	dense32	prepared	4	4	85810725	16713841	5.134111602
262144	128	dense32	prepared	4	5	97316853	16713368	5.822695521
262144	128	dense32	prepared	4	6	97521810	16737614	5.826506096
262144	128	dense32	prepared	4	7	88392525	16942775	5.217122048
262144	128	dense32	prepared	4	8	97565443	16566781	5.889221509
262144	128	dense32	prepared	4	9	97137242	16855004	5.763109994
262144	128	dense32	prepared	4	10	88420507	16791816	5.265690560
262144	128	dense32	prepared	4	11	96579413	16950754	5.697647019
262144	128	dense32	prepared	4	12	98259656	16687999	5.888043018
262144	128	dense32	prepared	4	13	87076415	16618678	5.239671591
262144	128	dense32	prepared	4	14	96420477	16437329	5.865945556
262144	128	dense32	prepared	4	15	99407137	16557234	6.003849254
262144	128	dense32	prepared	4	16	87560104	16769423	5.221414237
262144	128	dense32	prepared	4	17	95690117	17888542	5.349240704
262144	128	dense32	prepared	4	18	99024516	16841661	5.879735734
262144	128	dense32	prepared	4	19	87899727	16336903	5.380440038
262144	128	dense32	prepared	5	0	90627168	10823307	8.373334324
262144	128	dense32	prepared	5	1	82319492	10552186	7.801179016
262144	128	dense32	prepared	5	2	89558964	10488058	8.539136988
262144	128	dense32	prepared	5	3	91532586	10542302	8.682409781
262144	128	dense32	prepared	5	4	80543965	10636283	7.572566939
262144	128	dense32	prepared	5	5	90494678	10485513	8.630448315
262144	128	dense32	prepared	5	6	90589639	10616069	8.533256425
262144	128	dense32	prepared	5	7	80864992	10536788	7.674539148
262144	128	dense32	prepared	5	8	91087471	10738348	8.482447300
262144	128	dense32	prepared	5	9	92847229	10557930	8.794075070
262144	128	dense32	prepared	5	10	109995851	12409432	8.863890869
262144	128	dense32	prepared	5	11	93004730	11518605	8.074305005
262144	128	dense32	prepared	5	12	94651438	12200029	7.758296148
262144	128	dense32	prepared	5	13	86517234	12342192	7.009875879
262144	128	dense32	prepared	5	14	93189513	12251148	7.606594337
262144	128	dense32	prepared	5	15	92833365	12311812	7.540187017
262144	128	dense32	prepared	5	16	84447621	12378356	6.822200056
262144	128	dense32	prepared	5	17	95786686	12390309	7.730774592
262144	128	dense32	prepared	5	18	93494281	12928026	7.231906944
262144	128	dense32	prepared	5	19	83481319	12796910	6.523552873
262144	128	dense32	prepared	6	0	92230449	10692563	8.625663370
262144	128	dense32	prepared	6	1	82982476	10413701	7.968586384
262144	128	dense32	prepared	6	2	90065979	10594567	8.501147711
262144	128	dense32	prepared	6	3	92461647	10587028	8.733484695
262144	128	dense32	prepared	6	4	81403609	10852123	7.501169034
262144	128	dense32	prepared	6	5	90630213	10637903	8.519556251
262144	128	dense32	prepared	6	6	90302870	10561159	8.550469698
262144	128	dense32	prepared	6	7	82220610	10696416	7.686743859
262144	128	dense32	prepared	6	8	91367291	10468306	8.727991998
262144	128	dense32	prepared	6	9	91111620	10477277	8.696116367
262144	128	dense32	prepared	6	10	81569546	10503509	7.765932890
262144	128	dense32	prepared	6	11	91511327	10560281	8.665614769
262144	128	dense32	prepared	6	12	90951981	10449100	8.704288503
262144	128	dense32	prepared	6	13	83255042	11619961	7.164829727
262144	128	dense32	prepared	6	14	92219859	11355536	8.121136598
262144	128	dense32	prepared	6	15	92089594	10504123	8.766995017
262144	128	dense32	prepared	6	16	83120402	10426960	7.971681295
262144	128	dense32	prepared	6	17	90267318	10473781	8.618408004
262144	128	dense32	prepared	6	18	94596848	10653133	8.879720923
262144	128	dense32	prepared	6	19	82894823	10425696	7.951010944
262144	128	dense32	prepared	7	0	111860863	17770953	6.294589998
262144	128	dense32	prepared	7	1	90034873	16988129	5.299869868
262144	128	dense32	prepared	7	2	98828440	16802471	5.881780126
262144	128	dense32	prepared	7	3	99274154	16737169	5.931358762
262144	128	dense32	prepared	7	4	87647728	16637857	5.267969787
262144	128	dense32	prepared	7	5	100846153	16528698	6.101276277
262144	128	dense32	prepared	7	6	99289188	16708351	5.942488759
262144	128	dense32	prepared	7	7	89608504	16703842	5.364544516
262144	128	dense32	prepared	7	8	96653860	21020038	4.598177225
262144	128	dense32	prepared	7	9	99170526	17483814	5.672133437
262144	128	dense32	prepared	7	10	90254138	16918348	5.334689770
262144	128	dense32	prepared	7	11	97727484	17228157	5.672544312
262144	128	dense32	prepared	7	12	97661359	16870773	5.788789820
262144	128	dense32	prepared	7	13	89062568	17067258	5.218329037
262144	128	dense32	prepared	7	14	96825464	16742025	5.783378295
262144	128	dense32	prepared	7	15	97974065	16606831	5.899624377
262144	128	dense32	prepared	7	16	86733447	16667721	5.203677635
262144	128	dense32	prepared	7	17	95508099	16757687	5.699360479
262144	128	dense32	prepared	7	18	98239837	16976116	5.786944257
262144	128	dense32	prepared	7	19	89260138	16934633	5.270863443
262144	128	dense32	prepared	8	0	92115227	10742426	8.574899841
262144	128	dense32	prepared	8	1	80088821	10639705	7.527353531
262144	128	dense32	prepared	8	2	91575867	10542156	8.686635542
262144	128	dense32	prepared	8	3	89921512	10582179	8.497447643
262144	128	dense32	prepared	8	4	80554177	10595433	7.602726288
262144	128	dense32	prepared	8	5	107073387	10440722	10.255362321
262144	128	dense32	prepared	8	6	93692253	10844221	8.639832497
262144	128	dense32	prepared	8	7	82158627	10568801	7.773694197
262144	128	dense32	prepared	8	8	91405258	10953303	8.344994930
262144	128	dense32	prepared	8	9	91705082	10605393	8.647023453
262144	128	dense32	prepared	8	10	81536247	10483962	7.777236030
262144	128	dense32	prepared	8	11	92357418	10881845	8.487294020
262144	128	dense32	prepared	8	12	94771067	11113334	8.527689980
262144	128	dense32	prepared	8	13	84673745	10440345	8.110243962
262144	128	dense32	prepared	8	14	91294709	11127684	8.204286624
262144	128	dense32	prepared	8	15	93728197	10950596	8.559186824
262144	128	dense32	prepared	8	16	83111372	12330094	6.740530283
262144	128	dense32	prepared	8	17	93994736	12215709	7.694578841
262144	128	dense32	prepared	8	18	94734267	12428619	7.622268170
262144	128	dense32	prepared	8	19	82898049	12111145	6.844773884
262144	128	dense32	prepared	9	0	96475734	16968513	5.685573863
262144	128	dense32	prepared	9	1	86422804	16641667	5.193157873
262144	128	dense32	prepared	9	2	96998062	20410241	4.752421199
262144	128	dense32	prepared	9	3	103942469	22754506	4.567994972
262144	128	dense32	prepared	9	4	90982524	18235514	4.989304058
262144	128	dense32	prepared	9	5	99319947	17534458	5.664272429
262144	128	dense32	prepared	9	6	100517244	17035957	5.900299232
262144	128	dense32	prepared	9	7	90214880	16808343	5.367267910
262144	128	dense32	prepared	9	8	98943760	17054787	5.801524229
262144	128	dense32	prepared	9	9	100142903	16654403	6.012998665
262144	128	dense32	prepared	9	10	90558845	16946236	5.343891410
262144	128	dense32	prepared	9	11	98126921	16776188	5.849178669
262144	128	dense32	prepared	9	12	97366424	16931377	5.750650050
262144	128	dense32	prepared	9	13	90672130	16794925	5.398781477
262144	128	dense32	prepared	9	14	98826277	16990306	5.816627258
262144	128	dense32	prepared	9	15	99382351	16873440	5.889868989
262144	128	dense32	prepared	9	16	88741590	17123998	5.182293878
262144	128	dense32	prepared	9	17	97882834	16755642	5.841783562
262144	128	dense32	prepared	9	18	99482521	17385245	5.722238657
262144	128	dense32	prepared	9	19	90471614	16669711	5.427305488
262144	128	dense32	prepared	10	0	91762387	10352402	8.863874007
262144	128	dense32	prepared	10	1	80382993	10348598	7.767524934
262144	128	dense32	prepared	10	2	89990524	10282727	8.751620460
262144	128	dense32	prepared	10	3	91860107	10557082	8.701278156
262144	128	dense32	prepared	10	4	80834568	10510913	7.690537254
262144	128	dense32	prepared	10	5	90523683	10277970	8.807544972
262144	128	dense32	prepared	10	6	91052829	10514986	8.659339061
262144	128	dense32	prepared	10	7	81657707	10300176	7.927797253
262144	128	dense32	prepared	10	8	90981975	10455282	8.702010620
262144	128	dense32	prepared	10	9	90583780	10360559	8.743136350
262144	128	dense32	prepared	10	10	79502776	10255958	7.751862478
262144	128	dense32	prepared	10	11	90953529	10285592	8.842809340
262144	128	dense32	prepared	10	12	92267948	10363039	8.903560818
262144	128	dense32	prepared	10	13	81657120	10406692	7.846597170
262144	128	dense32	prepared	10	14	90972800	10539859	8.631310912
262144	128	dense32	prepared	10	15	90710203	10229162	8.867803932
262144	128	dense32	prepared	10	16	79443657	10488069	7.574669560
262144	128	dense32	prepared	10	17	90506096	10395033	8.706667502
262144	128	dense32	prepared	10	18	89688049	10353428	8.662642846
262144	128	dense32	prepared	10	19	79620937	10306328	7.725441787
262144	128	dense32	fresh_resources	1	0	96662027	11865606	8.146404575
262144	128	dense32	fresh_resources	1	1	85322485	12075520	7.065740026
262144	128	dense32	fresh_resources	1	2	91262511	11824753	7.717921127
262144	128	dense32	fresh_resources	1	3	95343191	11860691	8.038586538
262144	128	dense32	fresh_resources	1	4	82892784	11742524	7.059196473
262144	128	dense32	fresh_resources	1	5	90468818	11880398	7.614965256
262144	128	dense32	fresh_resources	1	6	92904708	11994939	7.745325591
262144	128	dense32	fresh_resources	1	7	86549876	11730258	7.378343767
262144	128	dense32	fresh_resources	1	8	91302983	11733098	7.781660308
262144	128	dense32	fresh_resources	1	9	95265811	11671356	8.162360141
262144	128	dense32	fresh_resources	1	10	81398692	11826508	6.882732587
262144	128	dense32	fresh_resources	1	11	100353742	11610923	8.643046035
262144	128	dense32	fresh_resources	1	12	93204183	12089695	7.709390766
262144	128	dense32	fresh_resources	1	13	82262588	12286887	6.695152971
262144	128	dense32	fresh_resources	1	14	92947883	12271540	7.574263947
262144	128	dense32	fresh_resources	1	15	91964689	12152275	7.567693210
262144	128	dense32	fresh_resources	1	16	83086649	11997513	6.925322690
262144	128	dense32	fresh_resources	1	17	94315623	11933342	7.903538087
262144	128	dense32	fresh_resources	1	18	95272526	13737094	6.935420694
262144	128	dense32	fresh_resources	1	19	83877357	13928488	6.022000163
262144	128	dense32	fresh_resources	2	0	100221119	19475363	5.146046264
262144	128	dense32	fresh_resources	2	1	89944206	19021699	4.728505377
262144	128	dense32	fresh_resources	2	2	98772175	17875253	5.525637875
262144	128	dense32	fresh_resources	2	3	99554119	17901795	5.561124960
262144	128	dense32	fresh_resources	2	4	90459639	17991159	5.028005088
262144	128	dense32	fresh_resources	2	5	96545920	18008695	5.361072526
262144	128	dense32	fresh_resources	2	6	100236096	18458684	5.430294814
262144	128	dense32	fresh_resources	2	7	89514944	18141497	4.934264466
262144	128	dense32	fresh_resources	2	8	97313494	18022950	5.399420960
262144	128	dense32	fresh_resources	2	9	99478547	17744747	5.606084268
262144	128	dense32	fresh_resources	2	10	106753328	18593677	5.741377996
262144	128	dense32	fresh_resources	2	11	99278429	18129388	5.476104819
262144	128	dense32	fresh_resources	2	12	98368993	18467092	5.326718089
262144	128	dense32	fresh_resources	2	13	89555130	18122936	4.941535411
262144	128	dense32	fresh_resources	2	14	98596427	18202047	5.416776860
262144	128	dense32	fresh_resources	2	15	99222059	17784914	5.579001338
262144	128	dense32	fresh_resources	2	16	88482380	18216911	4.857156079
262144	128	dense32	fresh_resources	2	17	99104280	17722175	5.592105935
262144	128	dense32	fresh_resources	2	18	99264559	18384172	5.399457697
262144	128	dense32	fresh_resources	2	19	87272396	18299342	4.769154869
262144	128	dense32	fresh_resources	3	0	93277487	12285711	7.592355624
262144	128	dense32	fresh_resources	3	1	81209792	11980976	6.778228418
262144	128	dense32	fresh_resources	3	2	90111007	11939190	7.547497527
262144	128	dense32	fresh_resources	3	3	91074975	11990211	7.595777506
262144	128	dense32	fresh_resources	3	4	82969174	12048212	6.886430451
262144	128	dense32	fresh_resources	3	5	90925089	11985347	7.586354321
262144	128	dense32	fresh_resources	3	6	91483158	12077388	7.574746957
262144	128	dense32	fresh_resources	3	7	80839980	11804358	6.848316529
262144	128	dense32	fresh_resources	3	8	92882620	12166844	7.634076676
262144	128	dense32	fresh_resources	3	9	107924534	12080906	8.933480155
262144	128	dense32	fresh_resources	3	10	82904529	12206220	6.791990395
262144	128	dense32	fresh_resources	3	11	90896776	11843691	7.674700058
262144	128	dense32	fresh_resources	3	12	93145497	12163056	7.658066936
262144	128	dense32	fresh_resources	3	13	83167165	12044672	6.904892470
262144	128	dense32	fresh_resources	3	14	92795830	11916633	7.787084657
262144	128	dense32	fresh_resources	3	15	93267718	11859153	7.864618831
262144	128	dense32	fresh_resources	3	16	84917851	12214623	6.952146702
262144	128	dense32	fresh_resources	3	17	91130753	12002135	7.592878517
262144	128	dense32	fresh_resources	3	18	92793034	12161645	7.629973906
262144	128	dense32	fresh_resources	3	19	81057969	11930242	6.794327307
262144	128	dense32	fresh_resources	4	0	90327138	11837228	7.630767778
262144	128	dense32	fresh_resources	4	1	81290639	11592433	7.012388081
262144	128	dense32	fresh_resources	4	2	89575365	11968088	7.484517577
262144	128	dense32	fresh_resources	4	3	91749425	11732135	7.820351965
262144	128	dense32	fresh_resources	4	4	82952696	11763123	7.051927962
262144	128	dense32	fresh_resources	4	5	89727539	11687932	7.676938829
262144	128	dense32	fresh_resources	4	6	90295170	11749333	7.685131573
262144	128	dense32	fresh_resources	4	7	81048006	11659079	6.951492995
262144	128	dense32	fresh_resources	4	8	90810502	11676691	7.777075029
262144	128	dense32	fresh_resources	4	9	91125151	11910804	7.650629714
262144	128	dense32	fresh_resources	4	10	81798137	11774764	6.946902460
262144	128	dense32	fresh_resources	4	11	91256530	11819228	7.721022896
262144	128	dense32	fresh_resources	4	12	90324360	11838540	7.629687445
262144	128	dense32	fresh_resources	4	13	99933396	11578975	8.630590877
262144	128	dense32	fresh_resources	4	14	93782600	12022560	7.800551630
262144	128	dense32	fresh_resources	4	15	91757925	11865935	7.732886199
262144	128	dense32	fresh_resources	4	16	81871525	12063263	6.786847389
262144	128	dense32	fresh_resources	4	17	91226789	11873320	7.683342907
262144	128	dense32	fresh_resources	4	18	92696658	11944539	7.760589002
262144	128	dense32	fresh_resources	4	19	80586747	11888543	6.778521725
262144	128	dense32	fresh_resources	5	0	99806964	18298779	5.454296377
262144	128	dense32	fresh_resources	5	1	91305987	17868299	5.109942866
262144	128	dense32	fresh_resources	5	2	99007579	17712331	5.589754336
262144	128	dense32	fresh_resources	5	3	99660959	17550198	5.678623056
262144	128	dense32	fresh_resources	5	4	89157669	17960729	4.964033977
262144	128	dense32	fresh_resources	5	5	97155748	17786988	5.462181006
262144	128	dense32	fresh_resources	5	6	98499137	18271699	5.390803395
262144	128	dense32	fresh_resources	5	7	89956744	18004201	4.996430777
262144	128	dense32	fresh_resources	5	8	97253460	18215021	5.339190111
262144	128	dense32	fresh_resources	5	9	98343345	18133495	5.423297881
262144	128	dense32	fresh_resources	5	10	88717155	18338479	4.837759718
262144	128	dense32	fresh_resources	5	11	97503406	18010459	5.413710222
262144	128	dense32	fresh_resources	5	12	99396749	18583774	5.348577151
262144	128	dense32	fresh_resources	5	13	90225971	17757696	5.080950310
262144	128	dense32	fresh_resources	5	14	99494132	17846708	5.574929113
262144	128	dense32	fresh_resources	5	15	99726617	17994263	5.542134012
262144	128	dense32	fresh_resources	5	16	88308319	18276868	4.831698681
262144	128	dense32	fresh_resources	5	17	98189277	18219621	5.389205242
262144	128	dense32	fresh_resources	5	18	98751084	18665890	5.290456764
262144	128	dense32	fresh_resources	5	19	90183056	18058379	4.993972936
262144	128	dense32	fresh_resources	6	0	92081668	11945321	7.708597199
262144	128	dense32	fresh_resources	6	1	85847243	11852192	7.243153250
262144	128	dense32	fresh_resources	6	2	91256271	11880719	7.681039422
262144	128	dense32	fresh_resources	6	3	98019006	11921067	8.222334964
262144	128	dense32	fresh_resources	6	4	83004460	12034343	6.897298839
262144	128	dense32	fresh_resources	6	5	92658632	11986111	7.730500076
262144	128	dense32	fresh_resources	6	6	93546137	11936581	7.836928933
262144	128	dense32	fresh_resources	6	7	85466549	11925350	7.166795859
262144	128	dense32	fresh_resources	6	8	92390414	12576096	7.346509918
262144	128	dense32	fresh_resources	6	9	96867100	12004490	8.069239093
262144	128	dense32	fresh_resources	6	10	81633673	12056212	6.771088050
262144	128	dense32	fresh_resources	6	11	93513018	11943137	7.829853915
262144	128	dense32	fresh_resources	6	12	90921577	12083494	7.524444254
262144	128	dense32	fresh_resources	6	13	87889810	11893013	7.390037327
262144	128	dense32	fresh_resources	6	14	90856147	12157119	7.473493268
262144	128	dense32	fresh_resources	6	15	103265564	11872745	8.697699142
262144	128	dense32	fresh_resources	6	16	91349641	12529178	7.290952447
262144	128	dense32	fresh_resources	6	17	96926368	11819851	8.200303709
262144	128	dense32	fresh_resources	6	18	90854172	12110928	7.501834046
262144	128	dense32	fresh_resources	6	19	87615259	12030211	7.282936185
262144	128	dense32	fresh_resources	7	0	99907546	18196487	5.490485389
262144	128	dense32	fresh_resources	7	1	90234200	18248652	4.944704957
262144	128	dense32	fresh_resources	7	2	96775346	17968904	5.385712228
262144	128	dense32	fresh_resources	7	3	99501935	18212029	5.463528254
262144	128	dense32	fresh_resources	7	4	89890322	18379601	4.890765692
262144	128	dense32	fresh_resources	7	5	97680409	18271412	5.346078836
262144	128	dense32	fresh_resources	7	6	91644288	12114922	7.564579285
262144	128	dense32	fresh_resources	7	7	82076726	12021550	6.827466175
262144	128	dense32	fresh_resources	7	8	91662332	12253259	7.480649189
262144	128	dense32	fresh_resources	7	9	92128015	11877321	7.756632577
262144	128	dense32	fresh_resources	7	10	83386629	12127192	6.876004684
262144	128	dense32	fresh_resources	7	11	92841907	12004199	7.734119286
262144	128	dense32	fresh_resources	7	12	91409380	12212646	7.484813692
262144	128	dense32	fresh_resources	7	13	81605409	12047798	6.773470887
262144	128	dense32	fresh_resources	7	14	92778836	16999748	5.457659490
262144	128	dense32	fresh_resources	7	15	94736392	16836541	5.626832257
262144	128	dense32	fresh_resources	7	16	83519022	12272081	6.805612023
262144	128	dense32	fresh_resources	7	17	92312894	12202311	7.565197609
262144	128	dense32	fresh_resources	7	18	91747314	12280283	7.471107466
262144	128	dense32	fresh_resources	7	19	81983742	12069683	6.792534816
262144	128	dense32	fresh_resources	8	0	96376383	14650345	6.578437777
262144	128	dense32	fresh_resources	8	1	85882774	14777819	5.811600074
262144	128	dense32	fresh_resources	8	2	95877750	17696229	5.417976338
262144	128	dense32	fresh_resources	8	3	98741708	17256879	5.721875201
262144	128	dense32	fresh_resources	8	4	89928010	18009147	4.993463044
262144	128	dense32	fresh_resources	8	5	98152457	17801337	5.513768825
262144	128	dense32	fresh_resources	8	6	99119517	17682635	5.605472092
262144	128	dense32	fresh_resources	8	7	88836452	17276312	5.142095836
262144	128	dense32	fresh_resources	8	8	98400200	17123171	5.746610835
262144	128	dense32	fresh_resources	8	9	97445953	17593008	5.538902330
262144	128	dense32	fresh_resources	8	10	89224366	18762666	4.755420472
262144	128	dense32	fresh_resources	8	11	96502388	17897640	5.391905748
262144	128	dense32	fresh_resources	8	12	98070562	17758603	5.522425497
262144	128	dense32	fresh_resources	8	13	89879779	17906771	5.019318056
262144	128	dense32	fresh_resources	8	14	97920380	18769182	5.217082982
262144	128	dense32	fresh_resources	8	15	99470625	18058677	5.508190052
262144	128	dense32	fresh_resources	8	16	89909114	17968880	5.003601449
262144	128	dense32	fresh_resources	8	17	98683708	18330223	5.383661072
262144	128	dense32	fresh_resources	8	18	99351146	17886424	5.554556126
262144	128	dense32	fresh_resources	8	19	88568275	17793284	4.977623861
262144	128	dense32	fresh_resources	9	0	98959575	18729552	5.283606089
262144	128	dense32	fresh_resources	9	1	86825284	17848397	4.864598429
262144	128	dense32	fresh_resources	9	2	99192446	18043537	5.497394774
262144	128	dense32	fresh_resources	9	3	98725952	17970953	5.493640321
262144	128	dense32	fresh_resources	9	4	90295350	18616876	4.850188077
262144	128	dense32	fresh_resources	9	5	98042241	18206072	5.385139694
262144	128	dense32	fresh_resources	9	6	97709867	18297652	5.340022151
262144	128	dense32	fresh_resources	9	7	86957417	18081182	4.809277236
262144	128	dense32	fresh_resources	9	8	99313281	17847801	5.564454747
262144	128	dense32	fresh_resources	9	9	101381929	18197021	5.571347585
262144	128	dense32	fresh_resources	9	10	88338254	18449833	4.788024585
262144	128	dense32	fresh_resources	9	11	97305761	18417781	5.283251060
262144	128	dense32	fresh_resources	9	12	99603923	18108969	5.500253659
262144	128	dense32	fresh_resources	9	13	89881069	18009801	4.990675300
262144	128	dense32	fresh_resources	9	14	97601903	18405152	5.302966419
262144	128	dense32	fresh_resources	9	15	97011172	18191636	5.332734890
262144	128	dense32	fresh_resources	9	16	108152951	18518322	5.840321331
262144	128	dense32	fresh_resources	9	17	99226830	18125908	5.474309480
262144	128	dense32	fresh_resources	9	18	99905255	17902711	5.580453988
262144	128	dense32	fresh_resources	9	19	90128917	18267607	4.933810816
262144	128	dense32	fresh_resources	10	0	90336764	12002195	7.526686910
262144	128	dense32	fresh_resources	10	1	82613895	12056799	6.852058743
262144	128	dense32	fresh_resources	10	2	91981758	11918387	7.717634777
262144	128	dense32	fresh_resources	10	3	91727803	11654314	7.870716629
262144	128	dense32	fresh_resources	10	4	81644572	11728296	6.961332831
262144	128	dense32	fresh_resources	10	5	92208813	11862674	7.773020906
262144	128	dense32	fresh_resources	10	6	92414376	11738504	7.872755847
262144	128	dense32	fresh_resources	10	7	82386793	11614959	7.093162619
262144	128	dense32	fresh_resources	10	8	92415120	12076830	7.652266365
262144	128	dense32	fresh_resources	10	9	92315622	11780908	7.836036238
262144	128	dense32	fresh_resources	10	10	81325282	11704047	6.948475344
262144	128	dense32	fresh_resources	10	11	90502978	11482676	7.881697437
262144	128	dense32	fresh_resources	10	12	91092960	11718767	7.773254644
262144	128	dense32	fresh_resources	10	13	82719353	11765419	7.030718838
262144	128	dense32	fresh_resources	10	14	90870323	12123570	7.495343616
262144	128	dense32	fresh_resources	10	15	92286866	11802880	7.819012478
262144	128	dense32	fresh_resources	10	16	82253593	11914578	6.903609427
262144	128	dense32	fresh_resources	10	17	90664880	11981798	7.566884369
262144	128	dense32	fresh_resources	10	18	106013989	12567303	8.435699290
262144	128	dense32	fresh_resources	10	19	83668090	12844363	6.513992948
16384	129	boundary	prepared	1	0	6947404	886355	7.838173192
16384	129	boundary	prepared	1	1	6746370	873656	7.721998132
16384	129	boundary	prepared	1	2	6912035	859890	8.038278152
16384	129	boundary	prepared	1	3	6948250	853375	8.142082906
16384	129	boundary	prepared	1	4	6848001	859731	7.965283327
16384	129	boundary	prepared	1	5	6886573	891225	7.727086875
16384	129	boundary	prepared	1	6	6703613	891891	7.516179668
16384	129	boundary	prepared	1	7	6716203	885435	7.585201624
16384	129	boundary	prepared	1	8	6907003	1034573	6.676187181
16384	129	boundary	prepared	1	9	6805503	875386	7.774288143
16384	129	boundary	prepared	1	10	6714853	985786	6.811674136
16384	129	boundary	prepared	1	11	6900518	990997	6.963207759
16384	129	boundary	prepared	1	12	6742082	869830	7.751034110
16384	129	boundary	prepared	1	13	6618906	836264	7.914852248
16384	129	boundary	prepared	1	14	6783722	952561	7.121561769
16384	129	boundary	prepared	1	15	6578062	845872	7.776663609
16384	129	boundary	prepared	1	16	6602932	814395	8.107775711
16384	129	boundary	prepared	1	17	6796419	812336	8.366512133
16384	129	boundary	prepared	1	18	6602931	815498	8.096808331
16384	129	boundary	prepared	1	19	6568114	906681	7.244128861
16384	129	boundary	prepared	2	0	8620819	2130198	4.046956668
16384	129	boundary	prepared	2	1	8903879	2015641	4.417393276
16384	129	boundary	prepared	2	2	8707750	1820106	4.784199382
16384	129	boundary	prepared	2	3	8477470	2284422	3.710991227
16384	129	boundary	prepared	2	4	7862684	1891064	4.157809572
16384	129	boundary	prepared	2	5	8296516	1882321	4.407598916
16384	129	boundary	prepared	2	6	8572690	1892000	4.531020085
16384	129	boundary	prepared	2	7	8096996	1693294	4.781801625
16384	129	boundary	prepared	2	8	8843717	1815005	4.872557927
16384	129	boundary	prepared	2	9	8292897	2259662	3.669972323
16384	129	boundary	prepared	2	10	8226745	1765640	4.659355814
16384	129	boundary	prepared	2	11	8720120	1444432	6.037058165
16384	129	boundary	prepared	2	12	7844779	1671351	4.693675356
16384	129	boundary	prepared	2	13	7947855	1789482	4.441427743
16384	129	boundary	prepared	2	14	8725068	1877841	4.646329482
16384	129	boundary	prepared	2	15	8443360	1778301	4.747992606
16384	129	boundary	prepared	2	16	8129651	1800850	4.514341006
16384	129	boundary	prepared	2	17	8770227	2280664	3.845470880
16384	129	boundary	prepared	2	18	8760364	1778714	4.925111063
16384	129	boundary	prepared	2	19	7985664	1730921	4.613534644
16384	129	boundary	prepared	3	0	6677097	708062	9.430102166
16384	129	boundary	prepared	3	1	6408335	702336	9.124315143
16384	129	boundary	prepared	3	2	6616853	731195	9.049368500
16384	129	boundary	prepared	3	3	6449210	723832	8.909816090
16384	129	boundary	prepared	3	4	6422796	727991	8.822631049
16384	129	boundary	prepared	3	5	6619691	716681	9.236593408
16384	129	boundary	prepared	3	6	6410086	700850	9.146159663
16384	129	boundary	prepared	3	7	6448356	692966	9.305443557
16384	129	boundary	prepared	3	8	6852251	728857	9.401365426
16384	129	boundary	prepared	3	9	6415896	697513	9.198245767
16384	129	boundary	prepared	3	10	6651922	699022	9.516040983
16384	129	boundary	prepared	3	11	6677361	725960	9.197973718
16384	129	boundary	prepared	3	12	6435914	726999	8.852713690
16384	129	boundary	prepared	3	13	6419845	691324	9.286304251
16384	129	boundary	prepared	3	14	6631928	732708	9.051256435
16384	129	boundary	prepared	3	15	6683737	695318	9.612489537
16384	129	boundary	prepared	3	16	6427323	717361	8.959677206
16384	129	boundary	prepared	3	17	6607488	724869	9.115423614
16384	129	boundary	prepared	3	18	6439883	753710	8.544245134
16384	129	boundary	prepared	3	19	6449250	700655	9.204601409
16384	129	boundary	prepared	4	0	6378583	670061	9.519406442
16384	129	boundary	prepared	4	1	6566720	788224	8.331032803
16384	129	boundary	prepared	4	2	6607109	691341	9.556946572
16384	129	boundary	prepared	4	3	6608153	656549	10.064980679
16384	129	boundary	prepared	4	4	6574078	661343	9.940496837
16384	129	boundary	prepared	4	5	6628563	662997	9.997877818
16384	129	boundary	prepared	4	6	6390640	686058	9.315014182
16384	129	boundary	prepared	4	7	6444834	653580	9.860818875
16384	129	boundary	prepared	4	8	6841512	663544	10.310562676
16384	129	boundary	prepared	4	9	6380031	652114	9.783612988
16384	129	boundary	prepared	4	10	6416549	660513	9.714493129
16384	129	boundary	prepared	4	11	6604790	656577	10.059429435
16384	129	boundary	prepared	4	12	6479373	697636	9.287612738
16384	129	boundary	prepared	4	13	6312575	653290	9.662745488
16384	129	boundary	prepared	4	14	6503018	677010	9.605497703
16384	129	boundary	prepared	4	15	6561383	640774	10.239777207
16384	129	boundary	prepared	4	16	6303588	654480	9.631444811
16384	129	boundary	prepared	4	17	6731601	646078	10.419176941
16384	129	boundary	prepared	4	18	6349208	647278	9.809089757
16384	129	boundary	prepared	4	19	6325911	654189	9.669852290
16384	129	boundary	prepared	5	0	8831860	2167599	4.074489793
16384	129	boundary	prepared	5	1	8717997	2089703	4.171883277
16384	129	boundary	prepared	5	2	8327197	2021532	4.119250648
16384	129	boundary	prepared	5	3	8743934	2054105	4.256809657
16384	129	boundary	prepared	5	4	8505222	2055597	4.137592145
16384	129	boundary	prepared	5	5	8846348	1854528	4.770134503
16384	129	boundary	prepared	5	6	8658667	1997312	4.335159955
16384	129	boundary	prepared	5	7	8145601	2074846	3.925882210
16384	129	boundary	prepared	5	8	8527738	2081925	4.096083192
16384	129	boundary	prepared	5	9	8568384	2102329	4.075662753
16384	129	boundary	prepared	5	10	8585980	2093366	4.101518798
16384	129	boundary	prepared	5	11	8575568	1994332	4.299970115
16384	129	boundary	prepared	5	12	8142533	2018902	4.033149207
16384	129	boundary	prepared	5	13	8655615	2209086	3.918188337
16384	129	boundary	prepared	5	14	8318662	2062913	4.032483192
16384	129	boundary	prepared	5	15	8088071	2122895	3.809925126
16384	129	boundary	prepared	5	16	8727185	2170795	4.020271375
16384	129	boundary	prepared	5	17	8943567	2019486	4.428635306
16384	129	boundary	prepared	5	18	8477284	2080865	4.073923104
16384	129	boundary	prepared	5	19	8659124	2087692	4.147701864
16384	129	boundary	prepared	6	0	6426436	672957	9.549549228
16384	129	boundary	prepared	6	1	6404761	666527	9.609154618
16384	129	boundary	prepared	6	2	6646242	688382	9.654874764
16384	129	boundary	prepared	6	3	6426678	663410	9.687339654
16384	129	boundary	prepared	6	4	6400324	668290	9.577165602
16384	129	boundary	prepared	6	5	6607211	663553	9.957322173
16384	129	boundary	prepared	6	6	6441046	684808	9.405623182
16384	129	boundary	prepared	6	7	6426256	673160	9.546402044
16384	129	boundary	prepared	6	8	6586341	670538	9.822472403
16384	129	boundary	prepared	6	9	6442771	661863	9.734296977
16384	129	boundary	prepared	6	10	6382283	709333	8.997583645
16384	129	boundary	prepared	6	11	6610689	670953	9.852685658
16384	129	boundary	prepared	6	12	6378400	672503	9.484567355
16384	129	boundary	prepared	6	13	6395465	696889	9.177164513
16384	129	boundary	prepared	6	14	6591199	699477	9.423038928
16384	129	boundary	prepared	6	15	6395783	658158	9.717701525
16384	129	boundary	prepared	6	16	6383647	659978	9.672514841
16384	129	boundary	prepared	6	17	6632252	644660	10.287984364
16384	129	boundary	prepared	6	18	6431521	676692	9.504355009
16384	129	boundary	prepared	6	19	6427126	661115	9.721646007
16384	129	boundary	prepared	7	0	6467687	700167	9.237349090
16384	129	boundary	prepared	7	1	6699744	695115	9.638324594
16384	129	boundary	prepared	7	2	6639210	703004	9.444057217
16384	129	boundary	prepared	7	3	6444136	690777	9.328822471
16384	129	boundary	prepared	7	4	6473957	825337	7.844016444
16384	129	boundary	prepared	7	5	6642313	730769	9.089483818
16384	129	boundary	prepared	7	6	6597797	697495	9.459274977
16384	129	boundary	prepared	7	7	6436559	690075	9.327332536
16384	129	boundary	prepared	7	8	6684240	700072	9.547932213
16384	129	boundary	prepared	7	9	6434720	689508	9.332335520
16384	129	boundary	prepared	7	10	6448354	855963	7.533449460
16384	129	boundary	prepared	7	11	6660092	689792	9.655217805
16384	129	boundary	prepared	7	12	6485898	696706	9.309375834
16384	129	boundary	prepared	7	13	6465446	690667	9.361162470
16384	129	boundary	prepared	7	14	6878161	727240	9.457896980
16384	129	boundary	prepared	7	15	6433102	689618	9.328500706
16384	129	boundary	prepared	7	16	6491944	702178	9.245439191
16384	129	boundary	prepared	7	17	6629256	698217	9.494549689
16384	129	boundary	prepared	7	18	6436216	815616	7.891233129
16384	129	boundary	prepared	7	19	6459005	696298	9.276207888
16384	129	boundary	prepared	8	0	8086283	1670523	4.840569690
16384	129	boundary	prepared	8	1	8179472	2165516	3.777146879
16384	129	boundary	prepared	8	2	8555187	2012321	4.251402733
16384	129	boundary	prepared	8	3	9460999	1608784	5.880838571
16384	129	boundary	prepared	8	4	10757700	2602499	4.133603894
16384	129	boundary	prepared	8	5	11890918	2172011	5.474612237
16384	129	boundary	prepared	8	6	11202758	2144677	5.223517574
16384	129	boundary	prepared	8	7	7980123	1632512	4.888247682
16384	129	boundary	prepared	8	8	8218250	1608264	5.110013033
16384	129	boundary	prepared	8	9	8082693	1593511	5.072254286
16384	129	boundary	prepared	8	10	7981266	1604379	4.974676183
16384	129	boundary	prepared	8	11	8201991	1630924	5.029045498
16384	129	boundary	prepared	8	12	7948805	1593165	4.989316863
16384	129	boundary	prepared	8	13	7972894	1580553	5.044369914
16384	129	boundary	prepared	8	14	8160045	1598396	5.105146034
16384	129	boundary	prepared	8	15	8004971	1588578	5.039079605
16384	129	boundary	prepared	8	16	7962485	1610659	4.943619351
16384	129	boundary	prepared	8	17	8187437	1583965	5.168950703
16384	129	boundary	prepared	8	18	7956506	1592319	4.996804032
16384	129	boundary	prepared	8	19	7960328	1606290	4.955722815
16384	129	boundary	prepared	9	0	8548495	2117577	4.036922860
16384	129	boundary	prepared	9	1	8211127	2317689	3.542807944
16384	129	boundary	prepared	9	2	8505645	1663422	5.113341654
16384	129	boundary	prepared	9	3	8261866	2101029	3.932295080
16384	129	boundary	prepared	9	4	8728690	1685493	5.178716257
16384	129	boundary	prepared	9	5	8359886	2092814	3.994567123
16384	129	boundary	prepared	9	6	8133330	2078853	3.912412277
16384	129	boundary	prepared	9	7	8300807	2104605	3.944116354
16384	129	boundary	prepared	9	8	8454842	2116261	3.995179234
16384	129	boundary	prepared	9	9	8429131	2101735	4.010558420
16384	129	boundary	prepared	9	10	8167480	2099869	3.889518822
16384	129	boundary	prepared	9	11	8313545	1683241	4.939010516
16384	129	boundary	prepared	9	12	8732092	2167021	4.029537323
16384	129	boundary	prepared	9	13	8019178	2119827	3.782939834
16384	129	boundary	prepared	9	14	8229682	1544899	5.327003254
16384	129	boundary	prepared	9	15	7941514	1299680	6.110361012
16384	129	boundary	prepared	9	16	7935372	1416974	5.600224140
16384	129	boundary	prepared	9	17	8224565	1478677	5.562110589
16384	129	boundary	prepared	9	18	8119051	1529760	5.307401815
16384	129	boundary	prepared	9	19	8146095	1607825	5.066530872
16384	129	boundary	prepared	10	0	6375887	688533	9.260103728
16384	129	boundary	prepared	10	1	6366994	656147	9.703609100
16384	129	boundary	prepared	10	2	6570882	692937	9.482654267
16384	129	boundary	prepared	10	3	6360034	780923	8.144252378
16384	129	boundary	prepared	10	4	6391510	655141	9.755930403
16384	129	boundary	prepared	10	5	6562427	660764	9.931574662
16384	129	boundary	prepared	10	6	6398861	661295	9.676257948
16384	129	boundary	prepared	10	7	6408342	695074	9.219654310
16384	129	boundary	prepared	10	8	6611737	684341	9.661465556
16384	129	boundary	prepared	10	9	6398638	700904	9.129121820
16384	129	boundary	prepared	10	10	6416505	657378	9.760754087
16384	129	boundary	prepared	10	11	6584297	660450	9.969410251
16384	129	boundary	prepared	10	12	6369436	657174	9.692160676
16384	129	boundary	prepared	10	13	6644584	647916	10.255317047
16384	129	boundary	prepared	10	14	6588892	659419	9.991965655
16384	129	boundary	prepared	10	15	6362580	652326	9.753681441
16384	129	boundary	prepared	10	16	6407024	651993	9.826829429
16384	129	boundary	prepared	10	17	6596379	652260	10.113112869
16384	129	boundary	prepared	10	18	6377714	681816	9.354010466
16384	129	boundary	prepared	10	19	6390844	654504	9.764407857
16384	129	boundary	fresh_resources	1	0	7347682	2165947	3.392364633
16384	129	boundary	fresh_resources	1	1	7585264	2171253	3.493496152
16384	129	boundary	fresh_resources	1	2	7260878	2021428	3.591954796
16384	129	boundary	fresh_resources	1	3	7306295	2113203	3.457450609
16384	129	boundary	fresh_resources	1	4	7047170	2106912	3.344786114
16384	129	boundary	fresh_resources	1	5	7517093	2037643	3.689111881
16384	129	boundary	fresh_resources	1	6	7058407	2165349	3.259708712
16384	129	boundary	fresh_resources	1	7	7667252	2207498	3.473276986
16384	129	boundary	fresh_resources	1	8	7472456	2063599	3.621079483
16384	129	boundary	fresh_resources	1	9	7705624	2127369	3.622137955
16384	129	boundary	fresh_resources	1	10	7235059	2071068	3.493395195
16384	129	boundary	fresh_resources	1	11	7697758	2130375	3.613334742
16384	129	boundary	fresh_resources	1	12	7431847	2092825	3.551107713
16384	129	boundary	fresh_resources	1	13	7761788	2184404	3.553274944
16384	129	boundary	fresh_resources	1	14	7453725	2201959	3.385042592
16384	129	boundary	fresh_resources	1	15	7513254	2044004	3.675753081
16384	129	boundary	fresh_resources	1	16	7399795	2106843	3.512266932
16384	129	boundary	fresh_resources	1	17	7679618	2281718	3.365717411
16384	129	boundary	fresh_resources	1	18	7254966	2052002	3.535555034
16384	129	boundary	fresh_resources	1	19	7502307	2286743	3.280782755
16384	129	boundary	fresh_resources	2	0	8819897	2851948	3.092586891
16384	129	boundary	fresh_resources	2	1	8982772	3481550	2.580107136
16384	129	boundary	fresh_resources	2	2	8795360	2943422	2.988141014
16384	129	boundary	fresh_resources	2	3	8928626	3303755	2.702569046
16384	129	boundary	fresh_resources	2	4	8985580	3399253	2.643398417
16384	129	boundary	fresh_resources	2	5	9397430	3465424	2.711769180
16384	129	boundary	fresh_resources	2	6	8763709	2839409	3.086455315
16384	129	boundary	fresh_resources	2	7	9053499	3398299	2.664126670
16384	129	boundary	fresh_resources	2	8	8606351	3426283	2.511862272
16384	129	boundary	fresh_resources	2	9	8340221	2927768	2.848661848
16384	129	boundary	fresh_resources	2	10	8298215	2921639	2.840260210
16384	129	boundary	fresh_resources	2	11	9274159	2953427	3.140134833
16384	129	boundary	fresh_resources	2	12	8740729	3334429	2.621357060
16384	129	boundary	fresh_resources	2	13	8413128	3353907	2.508455959
16384	129	boundary	fresh_resources	2	14	9060442	2871103	3.155735618
16384	129	boundary	fresh_resources	2	15	8386287	2981306	2.812957476
16384	129	boundary	fresh_resources	2	16	8616191	3074027	2.802900235
16384	129	boundary	fresh_resources	2	17	8595126	3107164	2.766228625
16384	129	boundary	fresh_resources	2	18	8528620	2976168	2.865637961
16384	129	boundary	fresh_resources	2	19	8796395	3014355	2.918168232
16384	129	boundary	fresh_resources	3	0	6941941	1898779	3.656002621
16384	129	boundary	fresh_resources	3	1	6921143	1878767	3.683875116
16384	129	boundary	fresh_resources	3	2	7131580	1893307	3.766731967
16384	129	boundary	fresh_resources	3	3	6918709	1907846	3.626450458
16384	129	boundary	fresh_resources	3	4	7090093	1880978	3.769365192
16384	129	boundary	fresh_resources	3	5	7119086	1884263	3.778180647
16384	129	boundary	fresh_resources	3	6	7140282	1903280	3.751566769
16384	129	boundary	fresh_resources	3	7	7002621	1912397	3.661698382
16384	129	boundary	fresh_resources	3	8	7329957	1879998	3.898917446
16384	129	boundary	fresh_resources	3	9	6924912	1876336	3.690656684
16384	129	boundary	fresh_resources	3	10	6946949	1875549	3.703954949
16384	129	boundary	fresh_resources	3	11	7291512	1927188	3.783498029
16384	129	boundary	fresh_resources	3	12	6916723	1913180	3.615301749
16384	129	boundary	fresh_resources	3	13	6963875	1909034	3.647852788
16384	129	boundary	fresh_resources	3	14	7112128	1882793	3.777434907
16384	129	boundary	fresh_resources	3	15	6890363	1891141	3.643495117
16384	129	boundary	fresh_resources	3	16	6906895	1894459	3.645840316
16384	129	boundary	fresh_resources	3	17	7101203	1917173	3.703996979
16384	129	boundary	fresh_resources	3	18	6916219	1894086	3.651480978
16384	129	boundary	fresh_resources	3	19	6907855	1874174	3.685813057
16384	129	boundary	fresh_resources	4	0	6774424	1813143	3.736287761
16384	129	boundary	fresh_resources	4	1	6787934	1793544	3.784648718
16384	129	boundary	fresh_resources	4	2	6965590	1835491	3.794946420
16384	129	boundary	fresh_resources	4	3	6758752	1788916	3.778127089
16384	129	boundary	fresh_resources	4	4	6792049	1787607	3.799520252
16384	129	boundary	fresh_resources	4	5	6993815	1796499	3.893024711
16384	129	boundary	fresh_resources	4	6	7001120	1810787	3.866340989
16384	129	boundary	fresh_resources	4	7	6748447	1807289	3.734016530
16384	129	boundary	fresh_resources	4	8	6947335	1801890	3.855582194
16384	129	boundary	fresh_resources	4	9	6742742	1782327	3.783111629
16384	129	boundary	fresh_resources	4	10	6784662	1798522	3.772354189
16384	129	boundary	fresh_resources	4	11	6967258	1820051	3.828056467
16384	129	boundary	fresh_resources	4	12	6782901	1975876	3.432857629
16384	129	boundary	fresh_resources	4	13	6755351	1816938	3.717986525
16384	129	boundary	fresh_resources	4	14	6960818	1916031	3.632936002
16384	129	boundary	fresh_resources	4	15	6766742	1800488	3.758282199
16384	129	boundary	fresh_resources	4	16	6745676	1798845	3.750004030
16384	129	boundary	fresh_resources	4	17	7221954	1786786	4.041868472
16384	129	boundary	fresh_resources	4	18	6757367	1801254	3.751479247
16384	129	boundary	fresh_resources	4	19	6797065	1785706	3.806374062
16384	129	boundary	fresh_resources	5	0	8461557	2999349	2.821131185
16384	129	boundary	fresh_resources	5	1	8502223	3142367	2.705674735
16384	129	boundary	fresh_resources	5	2	8615280	2942431	2.927946314
16384	129	boundary	fresh_resources	5	3	8397092	2931972	2.863974144
16384	129	boundary	fresh_resources	5	4	8717894	2873886	3.033486367
16384	129	boundary	fresh_resources	5	5	10288970	2839197	3.623901406
16384	129	boundary	fresh_resources	5	6	11145728	3795732	2.936384339
16384	129	boundary	fresh_resources	5	7	11333672	3887377	2.915506266
16384	129	boundary	fresh_resources	5	8	11593557	2936717	3.947795106
16384	129	boundary	fresh_resources	5	9	8327171	2845290	2.926651062
16384	129	boundary	fresh_resources	5	10	8361159	2853163	2.930487673
16384	129	boundary	fresh_resources	5	11	8580601	2837106	3.024420307
16384	129	boundary	fresh_resources	5	12	8439640	2912750	2.897481761
16384	129	boundary	fresh_resources	5	13	8859227	3050291	2.904387483
16384	129	boundary	fresh_resources	5	14	8763571	3133272	2.796939110
16384	129	boundary	fresh_resources	5	15	8275745	2964301	2.791803194
16384	129	boundary	fresh_resources	5	16	8405328	2980350	2.820248629
16384	129	boundary	fresh_resources	5	17	8641599	2984623	2.895373721
16384	129	boundary	fresh_resources	5	18	8557610	2986852	2.865093416
16384	129	boundary	fresh_resources	5	19	8444126	3014217	2.801432677
16384	129	boundary	fresh_resources	6	0	7084705	1806649	3.921461778
16384	129	boundary	fresh_resources	6	1	7234092	1832561	3.947531351
16384	129	boundary	fresh_resources	6	2	7297805	1809737	4.032522405
16384	129	boundary	fresh_resources	6	3	6855576	1807786	3.792249746
16384	129	boundary	fresh_resources	6	4	6864268	1805741	3.801358002
16384	129	boundary	fresh_resources	6	5	7319242	1883140	3.886722177
16384	129	boundary	fresh_resources	6	6	6899975	1816197	3.799133574
16384	129	boundary	fresh_resources	6	7	7101795	1927584	3.684298583
16384	129	boundary	fresh_resources	6	8	7029105	1888713	3.721637432
16384	129	boundary	fresh_resources	6	9	7176883	1858700	3.861237962
16384	129	boundary	fresh_resources	6	10	6882070	1835415	3.749598865
16384	129	boundary	fresh_resources	6	11	7320075	1800886	4.064707594
16384	129	boundary	fresh_resources	6	12	6893387	1869533	3.687224029
16384	129	boundary	fresh_resources	6	13	6922425	1882362	3.677520583
16384	129	boundary	fresh_resources	6	14	7093122	1814587	3.908945672
16384	129	boundary	fresh_resources	6	15	6875662	1852260	3.712039347
16384	129	boundary	fresh_resources	6	16	7199129	1804522	3.989493617
16384	129	boundary	fresh_resources	6	17	7270940	1879032	3.869513664
16384	129	boundary	fresh_resources	6	18	6850182	1804733	3.795676147
16384	129	boundary	fresh_resources	6	19	7112006	1856095	3.831703657
16384	129	boundary	fresh_resources	7	0	6906577	1886846	3.660381928
16384	129	boundary	fresh_resources	7	1	6919166	1891835	3.657383440
16384	129	boundary	fresh_resources	7	2	7136459	1896481	3.763000526
16384	129	boundary	fresh_resources	7	3	6929601	1881054	3.683892647
16384	129	boundary	fresh_resources	7	4	6938619	1886751	3.677548866
16384	129	boundary	fresh_resources	7	5	7128099	1899016	3.753575009
16384	129	boundary	fresh_resources	7	6	7177539	1891232	3.795165797
16384	129	boundary	fresh_resources	7	7	6937966	1877228	3.695856870
16384	129	boundary	fresh_resources	7	8	7140329	1887801	3.782352589
16384	129	boundary	fresh_resources	7	9	6955372	1873966	3.711578545
16384	129	boundary	fresh_resources	7	10	6961533	1910588	3.643659962
16384	129	boundary	fresh_resources	7	11	7162977	1888006	3.793937625
16384	129	boundary	fresh_resources	7	12	6927422	1880428	3.683960247
16384	129	boundary	fresh_resources	7	13	6964947	1913348	3.640188298
16384	129	boundary	fresh_resources	7	14	7369563	1890463	3.898284706
16384	129	boundary	fresh_resources	7	15	6956308	1910814	3.640494575
16384	129	boundary	fresh_resources	7	16	6950395	1866660	3.723439191
16384	129	boundary	fresh_resources	7	17	7342668	1888242	3.888626564
16384	129	boundary	fresh_resources	7	18	6935517	1908641	3.633746210
16384	129	boundary	fresh_resources	7	19	6922687	1923247	3.599478902
16384	129	boundary	fresh_resources	8	0	8578833	3279822	2.615639812
16384	129	boundary	fresh_resources	8	1	9141006	3336055	2.740064537
16384	129	boundary	fresh_resources	8	2	8782224	3142576	2.794593989
16384	129	boundary	fresh_resources	8	3	8648883	2964690	2.917297593
16384	129	boundary	fresh_resources	8	4	8414162	2957783	2.844752979
16384	129	boundary	fresh_resources	8	5	8830193	2931664	3.012007174
16384	129	boundary	fresh_resources	8	6	8588059	2976908	2.884892311
16384	129	boundary	fresh_resources	8	7	8422899	2936942	2.867914654
16384	129	boundary	fresh_resources	8	8	8674900	3118812	2.781475767
16384	129	boundary	fresh_resources	8	9	8753437	2849526	3.071892308
16384	129	boundary	fresh_resources	8	10	8384830	2990142	2.804157796
16384	129	boundary	fresh_resources	8	11	8571187	3086486	2.777004982
16384	129	boundary	fresh_resources	8	12	8591038	2872239	2.991059588
16384	129	boundary	fresh_resources	8	13	8366276	2993068	2.795217483
16384	129	boundary	fresh_resources	8	14	8733949	2971353	2.939384516
16384	129	boundary	fresh_resources	8	15	8565279	3004951	2.850388908
16384	129	boundary	fresh_resources	8	16	8513854	3069359	2.773821505
16384	129	boundary	fresh_resources	8	17	8764711	3073471	2.851730503
16384	129	boundary	fresh_resources	8	18	8393346	2965167	2.830648662
16384	129	boundary	fresh_resources	8	19	8469926	3018216	2.806269001
16384	129	boundary	fresh_resources	9	0	8548862	2999798	2.849812554
16384	129	boundary	fresh_resources	9	1	8430658	3057980	2.756936932
16384	129	boundary	fresh_resources	9	2	8836865	2979956	2.965434725
16384	129	boundary	fresh_resources	9	3	8386228	2955924	2.837091887
16384	129	boundary	fresh_resources	9	4	8427182	3071256	2.743887843
16384	129	boundary	fresh_resources	9	5	8904531	3072150	2.898468825
16384	129	boundary	fresh_resources	9	6	8582861	3055670	2.808831124
16384	129	boundary	fresh_resources	9	7	8503643	2972031	2.861222847
16384	129	boundary	fresh_resources	9	8	8815992	2976938	2.961429496
16384	129	boundary	fresh_resources	9	9	8452172	3079212	2.744913959
16384	129	boundary	fresh_resources	9	10	8612990	2919411	2.950249211
16384	129	boundary	fresh_resources	9	11	8562020	2980627	2.872556680
16384	129	boundary	fresh_resources	9	12	8431906	2983727	2.825964306
16384	129	boundary	fresh_resources	9	13	8567534	3115233	2.750206485
16384	129	boundary	fresh_resources	9	14	8510400	3001808	2.835091385
16384	129	boundary	fresh_resources	9	15	8586201	2980830	2.880473224
16384	129	boundary	fresh_resources	9	16	8516744	2992033	2.846473953
16384	129	boundary	fresh_resources	9	17	8629395	3024138	2.853505693
16384	129	boundary	fresh_resources	9	18	8572912	2985813	2.871215311
16384	129	boundary	fresh_resources	9	19	8583953	2973320	2.886992655
16384	129	boundary	fresh_resources	10	0	6853922	1818543	3.768908406
16384	129	boundary	fresh_resources	10	1	6856683	1823773	3.759614272
16384	129	boundary	fresh_resources	10	2	7080806	1825981	3.877809243
16384	129	boundary	fresh_resources	10	3	6871621	1834870	3.745017903
16384	129	boundary	fresh_resources	10	4	6842250	1820660	3.758115189
16384	129	boundary	fresh_resources	10	5	7042646	1816178	3.877728945
16384	129	boundary	fresh_resources	10	6	7121937	1859930	3.829142495
16384	129	boundary	fresh_resources	10	7	6884509	1814054	3.795095956
16384	129	boundary	fresh_resources	10	8	7304036	1830673	3.989809212
16384	129	boundary	fresh_resources	10	9	6895668	1991221	3.463034992
16384	129	boundary	fresh_resources	10	10	6877940	1822016	3.774906477
16384	129	boundary	fresh_resources	10	11	7061324	1848642	3.819735784
16384	129	boundary	fresh_resources	10	12	6905044	1999018	3.454218021
16384	129	boundary	fresh_resources	10	13	6912642	1816468	3.805540202
16384	129	boundary	fresh_resources	10	14	7041979	1820504	3.868148051
16384	129	boundary	fresh_resources	10	15	6863623	1827712	3.755308823
16384	129	boundary	fresh_resources	10	16	6860854	1816930	3.776069524
16384	129	boundary	fresh_resources	10	17	7028894	1824480	3.852546479
16384	129	boundary	fresh_resources	10	18	6840871	2007585	3.407512509
16384	129	boundary	fresh_resources	10	19	6873951	1940494	3.542371685
16384	129	sparse4	prepared	1	0	7331505	1421298	5.158316553
16384	129	sparse4	prepared	1	1	6896303	869216	7.933934718
16384	129	sparse4	prepared	1	2	7324807	1045073	7.008895072
16384	129	sparse4	prepared	1	3	7317213	911989	8.023356641
16384	129	sparse4	prepared	1	4	6701461	1426217	4.698766737
16384	129	sparse4	prepared	1	5	7364189	910469	8.088346775
16384	129	sparse4	prepared	1	6	7557904	3416303	2.212304939
16384	129	sparse4	prepared	1	7	6729867	913154	7.369914604
16384	129	sparse4	prepared	1	8	7256361	1330809	5.452593873
16384	129	sparse4	prepared	1	9	7315541	897846	8.147879480
16384	129	sparse4	prepared	1	10	6905043	1184282	5.830573293
16384	129	sparse4	prepared	1	11	7376071	1040408	7.089594659
16384	129	sparse4	prepared	1	12	7259536	1407029	5.159478589
16384	129	sparse4	prepared	1	13	6724473	1024623	6.562875321
16384	129	sparse4	prepared	1	14	7313733	1060467	6.896709657
16384	129	sparse4	prepared	1	15	7180896	896278	8.011907020
16384	129	sparse4	prepared	1	16	6685374	1102636	6.063083375
16384	129	sparse4	prepared	1	17	7319188	893249	8.193894424
16384	129	sparse4	prepared	1	18	7224824	997194	7.245153902
16384	129	sparse4	prepared	1	19	6673116	1038781	6.423987347
16384	129	sparse4	prepared	2	0	8011158	1228368	6.521789887
16384	129	sparse4	prepared	2	1	7728231	1281720	6.029578223
16384	129	sparse4	prepared	2	2	8214860	1197574	6.859584460
16384	129	sparse4	prepared	2	3	8443649	1348734	6.260425703
16384	129	sparse4	prepared	2	4	7604795	1242038	6.122836016
16384	129	sparse4	prepared	2	5	7932850	1152900	6.880778905
16384	129	sparse4	prepared	2	6	8430365	3779337	2.230646539
16384	129	sparse4	prepared	2	7	7518657	1160381	6.479472690
16384	129	sparse4	prepared	2	8	8366181	1155320	7.241440467
16384	129	sparse4	prepared	2	9	8244676	1329173	6.202861479
16384	129	sparse4	prepared	2	10	7551128	1183056	6.382730826
16384	129	sparse4	prepared	2	11	8160853	1323161	6.167694634
16384	129	sparse4	prepared	2	12	8392033	1284490	6.533357986
16384	129	sparse4	prepared	2	13	7594322	1132979	6.702968016
16384	129	sparse4	prepared	2	14	8179345	1237671	6.608658521
16384	129	sparse4	prepared	2	15	8117694	1262210	6.431333930
16384	129	sparse4	prepared	2	16	7675325	1206351	6.362431001
16384	129	sparse4	prepared	2	17	8145499	1157645	7.036266731
16384	129	sparse4	prepared	2	18	7749447	1249795	6.200574494
16384	129	sparse4	prepared	2	19	7410667	1244504	5.954715292
16384	129	sparse4	prepared	3	0	6404001	690302	9.277100457
16384	129	sparse4	prepared	3	1	6048577	682817	8.858269492
16384	129	sparse4	prepared	3	2	6403494	699445	9.155107264
16384	129	sparse4	prepared	3	3	6456693	682318	9.462879478
16384	129	sparse4	prepared	3	4	6053576	689952	8.773908910
16384	129	sparse4	prepared	3	5	6391055	720328	8.872423396
16384	129	sparse4	prepared	3	6	6467378	2598311	2.489070015
16384	129	sparse4	prepared	3	7	6131305	712282	8.607974089
16384	129	sparse4	prepared	3	8	6646897	875528	7.591872561
16384	129	sparse4	prepared	3	9	6675522	684207	9.756582438
16384	129	sparse4	prepared	3	10	5941462	694952	8.549456653
16384	129	sparse4	prepared	3	11	6683258	683179	9.782586994
16384	129	sparse4	prepared	3	12	6430397	695967	9.239514230
16384	129	sparse4	prepared	3	13	6090954	680348	8.952703616
16384	129	sparse4	prepared	3	14	6418031	687980	9.328804616
16384	129	sparse4	prepared	3	15	6403953	694450	9.221618547
16384	129	sparse4	prepared	3	16	5994071	685825	8.739942405
16384	129	sparse4	prepared	3	17	6410853	681601	9.405580391
16384	129	sparse4	prepared	3	18	6512752	685663	9.498473740
16384	129	sparse4	prepared	3	19	6204212	679500	9.130554820
16384	129	sparse4	prepared	4	0	6317342	653432	9.667940964
16384	129	sparse4	prepared	4	1	6033232	640760	9.415743804
16384	129	sparse4	prepared	4	2	6529765	662796	9.851847326
16384	129	sparse4	prepared	4	3	6363206	647603	9.825782154
16384	129	sparse4	prepared	4	4	6067310	651315	9.315477150
16384	129	sparse4	prepared	4	5	6276171	646218	9.712157507
16384	129	sparse4	prepared	4	6	6338746	2548653	2.487096517
16384	129	sparse4	prepared	4	7	5899854	649292	9.086595861
16384	129	sparse4	prepared	4	8	6539535	650790	10.048610151
16384	129	sparse4	prepared	4	9	6376655	677571	9.411050650
16384	129	sparse4	prepared	4	10	5890368	653849	9.008758903
16384	129	sparse4	prepared	4	11	6302308	644917	9.772277673
16384	129	sparse4	prepared	4	12	6350799	652907	9.726958051
16384	129	sparse4	prepared	4	13	5853573	642962	9.104073025
16384	129	sparse4	prepared	4	14	6324431	682334	9.268819962
16384	129	sparse4	prepared	4	15	6528141	652020	10.012179074
16384	129	sparse4	prepared	4	16	5843228	833518	7.010320113
16384	129	sparse4	prepared	4	17	6500868	688829	9.437564330
16384	129	sparse4	prepared	4	18	6482997	701149	9.246247231
16384	129	sparse4	prepared	4	19	5915313	663053	8.921327556
16384	129	sparse4	prepared	5	0	7873947	1929180	4.081499394
16384	129	sparse4	prepared	5	1	7406410	1340807	5.523844968
16384	129	sparse4	prepared	5	2	7847537	1751407	4.480704371
16384	129	sparse4	prepared	5	3	8198090	1275913	6.425273510
16384	129	sparse4	prepared	5	4	7552112	1544060	4.891074181
16384	129	sparse4	prepared	5	5	8126428	1497914	5.425163260
16384	129	sparse4	prepared	5	6	8279564	4196789	1.972833040
16384	129	sparse4	prepared	5	7	7389627	1187354	6.223608966
16384	129	sparse4	prepared	5	8	7938185	1421435	5.584627507
16384	129	sparse4	prepared	5	9	7886562	1174166	6.716735112
16384	129	sparse4	prepared	5	10	7974424	1545012	5.161399394
16384	129	sparse4	prepared	5	11	7978776	1197465	6.663055705
16384	129	sparse4	prepared	5	12	8020950	1729757	4.637038613
16384	129	sparse4	prepared	5	13	7448621	1282895	5.806103383
16384	129	sparse4	prepared	5	14	7821868	1507881	5.187324464
16384	129	sparse4	prepared	5	15	7826354	1187958	6.588072979
16384	129	sparse4	prepared	5	16	7367343	1420874	5.185078339
16384	129	sparse4	prepared	5	17	7988045	1170581	6.824000219
16384	129	sparse4	prepared	5	18	8312552	1420178	5.853176151
16384	129	sparse4	prepared	5	19	7880664	1290839	6.105071198
16384	129	sparse4	prepared	6	0	6401055	683819	9.360744583
16384	129	sparse4	prepared	6	1	6087050	641475	9.489146109
16384	129	sparse4	prepared	6	2	6385823	693309	9.210644893
16384	129	sparse4	prepared	6	3	6517357	651096	10.009824972
16384	129	sparse4	prepared	6	4	5903453	659992	8.944734179
16384	129	sparse4	prepared	6	5	6353937	658398	9.650601916
16384	129	sparse4	prepared	6	6	6386704	2565519	2.489439369
16384	129	sparse4	prepared	6	7	5922509	656118	9.026591253
16384	129	sparse4	prepared	6	8	6387904	668163	9.560397687
16384	129	sparse4	prepared	6	9	6625911	682290	9.711282592
16384	129	sparse4	prepared	6	10	6047162	660859	9.150457208
16384	129	sparse4	prepared	6	11	6564780	671895	9.770544505
16384	129	sparse4	prepared	6	12	6460902	692038	9.336050910
16384	129	sparse4	prepared	6	13	5899728	651704	9.052772424
16384	129	sparse4	prepared	6	14	6404098	686952	9.322482502
16384	129	sparse4	prepared	6	15	6617511	680270	9.727771326
16384	129	sparse4	prepared	6	16	5906387	656524	8.996452529
16384	129	sparse4	prepared	6	17	6626691	648313	10.221437793
16384	129	sparse4	prepared	6	18	6416969	674481	9.513935900
16384	129	sparse4	prepared	6	19	5947823	685886	8.671736994
16384	129	sparse4	prepared	7	0	6407677	715522	8.955248057
16384	129	sparse4	prepared	7	1	6059627	699909	8.657735506
16384	129	sparse4	prepared	7	2	6459536	684820	9.432458164
16384	129	sparse4	prepared	7	3	6473841	676069	9.575710467
16384	129	sparse4	prepared	7	4	5989488	698451	8.575387536
16384	129	sparse4	prepared	7	5	6393923	677534	9.437051130
16384	129	sparse4	prepared	7	6	6419931	2610821	2.458970186
16384	129	sparse4	prepared	7	7	6003253	683054	8.788840999
16384	129	sparse4	prepared	7	8	6438812	684547	9.405945830
16384	129	sparse4	prepared	7	9	6557624	686016	9.558995709
16384	129	sparse4	prepared	7	10	5968033	718593	8.305164398
16384	129	sparse4	prepared	7	11	6435833	677241	9.503017390
16384	129	sparse4	prepared	7	12	6462064	686058	9.419121998
16384	129	sparse4	prepared	7	13	6109094	676300	9.033112524
16384	129	sparse4	prepared	7	14	6662124	683563	9.746174091
16384	129	sparse4	prepared	7	15	6755464	677623	9.969354641
16384	129	sparse4	prepared	7	16	6023557	681569	8.837780181
16384	129	sparse4	prepared	7	17	6630305	677948	9.779961000
16384	129	sparse4	prepared	7	18	6527637	684241	9.539967643
16384	129	sparse4	prepared	7	19	5984634	675941	8.853781617
16384	129	sparse4	prepared	8	0	8119101	1780816	4.559202635
16384	129	sparse4	prepared	8	1	7348172	1161958	6.323956632
16384	129	sparse4	prepared	8	2	7860398	1726844	4.551886563
16384	129	sparse4	prepared	8	3	8082521	1273104	6.348673007
16384	129	sparse4	prepared	8	4	7737126	1792847	4.315552861
16384	129	sparse4	prepared	8	5	8082899	1728768	4.675525577
16384	129	sparse4	prepared	8	6	8023230	4126838	1.944159184
16384	129	sparse4	prepared	8	7	7387404	1258228	5.871276112
16384	129	sparse4	prepared	8	8	8056246	1889027	4.264759583
16384	129	sparse4	prepared	8	9	7919100	1520569	5.207984643
16384	129	sparse4	prepared	8	10	7598422	1624342	4.677846168
16384	129	sparse4	prepared	8	11	8021740	1196225	6.705878911
16384	129	sparse4	prepared	8	12	8239893	1729246	4.765020708
16384	129	sparse4	prepared	8	13	7485504	1303867	5.741002725
16384	129	sparse4	prepared	8	14	8146253	1766999	4.610219361
16384	129	sparse4	prepared	8	15	8106332	1251888	6.475285329
16384	129	sparse4	prepared	8	16	7471825	1482706	5.039316628
16384	129	sparse4	prepared	8	17	8029931	1163528	6.901364643
16384	129	sparse4	prepared	8	18	7936259	1839378	4.314642776
16384	129	sparse4	prepared	8	19	7345805	1157283	6.347457796
16384	129	sparse4	prepared	9	0	8012806	1545035	5.186164715
16384	129	sparse4	prepared	9	1	7821278	1907115	4.101104548
16384	129	sparse4	prepared	9	2	7969364	1515922	5.257106896
16384	129	sparse4	prepared	9	3	8013325	1312936	6.103362997
16384	129	sparse4	prepared	9	4	7698968	1663445	4.628327357
16384	129	sparse4	prepared	9	5	8163086	1190587	6.856354051
16384	129	sparse4	prepared	9	6	7939230	4070165	1.950591684
16384	129	sparse4	prepared	9	7	7738411	1275031	6.069194396
16384	129	sparse4	prepared	9	8	7994263	1794351	4.455239248
16384	129	sparse4	prepared	9	9	7895914	1171078	6.742432186
16384	129	sparse4	prepared	9	10	7356246	1411679	5.210990601
16384	129	sparse4	prepared	9	11	7950242	1182186	6.725034808
16384	129	sparse4	prepared	9	12	8143294	1776112	4.584898925
16384	129	sparse4	prepared	9	13	7637219	2007938	3.803513355
16384	129	sparse4	prepared	9	14	8135361	1416770	5.742188923
16384	129	sparse4	prepared	9	15	7884684	1176130	6.703922185
16384	129	sparse4	prepared	9	16	7725491	1533929	5.036407161
16384	129	sparse4	prepared	9	17	8046191	1305803	6.161872043
16384	129	sparse4	prepared	9	18	8011546	1758551	4.555765514
16384	129	sparse4	prepared	9	19	7681722	1288594	5.961320633
16384	129	sparse4	prepared	10	0	6382031	655597	9.734686095
16384	129	sparse4	prepared	10	1	6142212	650861	9.437056453
16384	129	sparse4	prepared	10	2	6419825	660705	9.716628450
16384	129	sparse4	prepared	10	3	6493145	650103	9.987871153
16384	129	sparse4	prepared	10	4	6012727	690446	8.708468150
16384	129	sparse4	prepared	10	5	6415765	684885	9.367652964
16384	129	sparse4	prepared	10	6	6446844	2566812	2.511615186
16384	129	sparse4	prepared	10	7	5984362	706156	8.474560862
16384	129	sparse4	prepared	10	8	6400279	659696	9.701861160
16384	129	sparse4	prepared	10	9	6411786	652039	9.833439411
16384	129	sparse4	prepared	10	10	5960468	661535	9.010056913
16384	129	sparse4	prepared	10	11	6394790	659122	9.701982334
16384	129	sparse4	prepared	10	12	6418455	661695	9.700020402
16384	129	sparse4	prepared	10	13	5944995	652960	9.104684820
16384	129	sparse4	prepared	10	14	6374162	670227	9.510452429
16384	129	sparse4	prepared	10	15	6388822	654357	9.763511355
16384	129	sparse4	prepared	10	16	5948868	666890	8.920313695
16384	129	sparse4	prepared	10	17	6409266	664547	9.644563891
16384	129	sparse4	prepared	10	18	6395859	656928	9.736012166
16384	129	sparse4	prepared	10	19	5893979	651952	9.040510651
16384	129	sparse4	fresh_resources	1	0	8162641	2595151	3.145343373
16384	129	sparse4	fresh_resources	1	1	7660956	2509883	3.052315984
16384	129	sparse4	fresh_resources	1	2	7835481	2616974	2.994099674
16384	129	sparse4	fresh_resources	1	3	8076107	2604270	3.101102036
16384	129	sparse4	fresh_resources	1	4	7498138	2626351	2.854964169
16384	129	sparse4	fresh_resources	1	5	8606455	2846869	3.023129972
16384	129	sparse4	fresh_resources	1	6	8365906	2757827	3.033513705
16384	129	sparse4	fresh_resources	1	7	7932672	2879848	2.754545379
16384	129	sparse4	fresh_resources	1	8	8372710	2769724	3.022940192
16384	129	sparse4	fresh_resources	1	9	8534065	2710352	3.148692495
16384	129	sparse4	fresh_resources	1	10	8085513	2792116	2.895837064
16384	129	sparse4	fresh_resources	1	11	8113975	2858465	2.838577698
16384	129	sparse4	fresh_resources	1	12	8159566	2656326	3.071748724
16384	129	sparse4	fresh_resources	1	13	8103716	2857293	2.836151560
16384	129	sparse4	fresh_resources	1	14	8274511	2720679	3.041340415
16384	129	sparse4	fresh_resources	1	15	8665795	2792219	3.103551333
16384	129	sparse4	fresh_resources	1	16	7652507	2804720	2.728438846
16384	129	sparse4	fresh_resources	1	17	8477430	2709686	3.128565450
16384	129	sparse4	fresh_resources	1	18	8430689	2794345	3.017053728
16384	129	sparse4	fresh_resources	1	19	7999475	2808743	2.848062283
16384	129	sparse4	fresh_resources	2	0	8429411	2824400	2.984496176
16384	129	sparse4	fresh_resources	2	1	8157562	2912366	2.801008527
16384	129	sparse4	fresh_resources	2	2	8805953	2954342	2.980681654
16384	129	sparse4	fresh_resources	2	3	8286519	3105944	2.667955056
16384	129	sparse4	fresh_resources	2	4	8143541	3046409	2.673160761
16384	129	sparse4	fresh_resources	2	5	8606883	2979837	2.888373760
16384	129	sparse4	fresh_resources	2	6	8576358	2937490	2.919621173
16384	129	sparse4	fresh_resources	2	7	8347922	2959967	2.820275361
16384	129	sparse4	fresh_resources	2	8	8561808	3065427	2.793022962
16384	129	sparse4	fresh_resources	2	9	8849853	2963993	2.985787416
16384	129	sparse4	fresh_resources	2	10	7921894	2990088	2.649384901
16384	129	sparse4	fresh_resources	2	11	8934519	2962042	3.016337716
16384	129	sparse4	fresh_resources	2	12	8919151	2990233	2.982761210
16384	129	sparse4	fresh_resources	2	13	8204068	3127407	2.623281204
16384	129	sparse4	fresh_resources	2	14	8491106	2973539	2.855555619
16384	129	sparse4	fresh_resources	2	15	8923706	3065316	2.911186318
16384	129	sparse4	fresh_resources	2	16	8304590	3001321	2.766978274
16384	129	sparse4	fresh_resources	2	17	8810876	2976010	2.960633869
16384	129	sparse4	fresh_resources	2	18	8492352	3061021	2.774352740
16384	129	sparse4	fresh_resources	2	19	8192172	3007314	2.724082686
16384	129	sparse4	fresh_resources	3	0	6965398	1878961	3.707047672
16384	129	sparse4	fresh_resources	3	1	6420323	1860945	3.450033719
16384	129	sparse4	fresh_resources	3	2	6900125	1869632	3.690632702
16384	129	sparse4	fresh_resources	3	3	7115868	1874571	3.795998124
16384	129	sparse4	fresh_resources	3	4	6416269	1865982	3.438548175
16384	129	sparse4	fresh_resources	3	5	8122401	1873780	4.334767689
16384	129	sparse4	fresh_resources	3	6	7036142	1890120	3.722590100
16384	129	sparse4	fresh_resources	3	7	6484475	1871732	3.464424928
16384	129	sparse4	fresh_resources	3	8	6911787	1869438	3.697253934
16384	129	sparse4	fresh_resources	3	9	6999055	1821139	3.843229429
16384	129	sparse4	fresh_resources	3	10	6519805	1824124	3.574211512
16384	129	sparse4	fresh_resources	3	11	6953974	1809514	3.843006465
16384	129	sparse4	fresh_resources	3	12	6891409	1816046	3.794732622
16384	129	sparse4	fresh_resources	3	13	6380991	1832479	3.482163234
16384	129	sparse4	fresh_resources	3	14	6989718	1812605	3.856172746
16384	129	sparse4	fresh_resources	3	15	6876358	1827411	3.762896250
16384	129	sparse4	fresh_resources	3	16	6461477	1825980	3.538635144
16384	129	sparse4	fresh_resources	3	17	7073453	1937312	3.651168733
16384	129	sparse4	fresh_resources	3	18	6864483	1857479	3.695591175
16384	129	sparse4	fresh_resources	3	19	6702791	1855447	3.612493917
16384	129	sparse4	fresh_resources	4	0	6865530	1828077	3.755602198
16384	129	sparse4	fresh_resources	4	1	6429984	1808955	3.554529549
16384	129	sparse4	fresh_resources	4	2	6967933	1814917	3.839257112
16384	129	sparse4	fresh_resources	4	3	6882345	1831960	3.756820564
16384	129	sparse4	fresh_resources	4	4	6419420	1827920	3.511871417
16384	129	sparse4	fresh_resources	4	5	6868930	1838172	3.736826586
16384	129	sparse4	fresh_resources	4	6	7100268	1826413	3.887547888
16384	129	sparse4	fresh_resources	4	7	6475043	1807731	3.581862014
16384	129	sparse4	fresh_resources	4	8	6905935	1838178	3.756945736
16384	129	sparse4	fresh_resources	4	9	6897154	1820893	3.787786542
16384	129	sparse4	fresh_resources	4	10	6635027	1814641	3.656385478
16384	129	sparse4	fresh_resources	4	11	7064029	1822277	3.876484750
16384	129	sparse4	fresh_resources	4	12	6983095	1833159	3.809323141
16384	129	sparse4	fresh_resources	4	13	6403204	1810221	3.537249872
16384	129	sparse4	fresh_resources	4	14	6933253	1812532	3.825175500
16384	129	sparse4	fresh_resources	4	15	6887703	1814484	3.795956867
16384	129	sparse4	fresh_resources	4	16	6423951	1837007	3.496965989
16384	129	sparse4	fresh_resources	4	17	7103352	1855711	3.827833105
16384	129	sparse4	fresh_resources	4	18	6919671	1849463	3.741448734
16384	129	sparse4	fresh_resources	4	19	6388391	1841079	3.469916826
16384	129	sparse4	fresh_resources	5	0	8441259	2917473	2.893346057
16384	129	sparse4	fresh_resources	5	1	7947927	3011891	2.638849480
16384	129	sparse4	fresh_resources	5	2	8460164	3042124	2.781005639
16384	129	sparse4	fresh_resources	5	3	8676235	3144876	2.758848044
16384	129	sparse4	fresh_resources	5	4	8287300	3157430	2.624697935
16384	129	sparse4	fresh_resources	5	5	8503947	3035623	2.801384428
16384	129	sparse4	fresh_resources	5	6	8386775	3113624	2.693573469
16384	129	sparse4	fresh_resources	5	7	8241599	2999940	2.747254612
16384	129	sparse4	fresh_resources	5	8	8496865	3009182	2.823646094
16384	129	sparse4	fresh_resources	5	9	8389019	2979881	2.815219467
16384	129	sparse4	fresh_resources	5	10	8077914	2978132	2.712409658
16384	129	sparse4	fresh_resources	5	11	8662730	3013832	2.874324116
16384	129	sparse4	fresh_resources	5	12	8811664	3010351	2.927121787
16384	129	sparse4	fresh_resources	5	13	7935607	3002941	2.642611693
16384	129	sparse4	fresh_resources	5	14	8702801	2964766	2.935409068
16384	129	sparse4	fresh_resources	5	15	8668043	3004841	2.884692734
16384	129	sparse4	fresh_resources	5	16	7969899	3075603	2.591328920
16384	129	sparse4	fresh_resources	5	17	8442130	3032858	2.783555973
16384	129	sparse4	fresh_resources	5	18	8656450	2955714	2.928717054
16384	129	sparse4	fresh_resources	5	19	7863212	3106050	2.531579337
16384	129	sparse4	fresh_resources	6	0	7124056	1831343	3.890071931
16384	129	sparse4	fresh_resources	6	1	6876978	1867828	3.681804749
16384	129	sparse4	fresh_resources	6	2	6844239	1845729	3.708149463
16384	129	sparse4	fresh_resources	6	3	7208732	1846365	3.904283281
16384	129	sparse4	fresh_resources	6	4	6618410	1853725	3.570330011
16384	129	sparse4	fresh_resources	6	5	7287725	1866097	3.905330216
16384	129	sparse4	fresh_resources	6	6	6873513	1819686	3.777307184
16384	129	sparse4	fresh_resources	6	7	6664025	1852473	3.597366871
16384	129	sparse4	fresh_resources	6	8	6874172	1843774	3.728315943
16384	129	sparse4	fresh_resources	6	9	7122041	1843838	3.862617540
16384	129	sparse4	fresh_resources	6	10	6373717	1839309	3.465277993
16384	129	sparse4	fresh_resources	6	11	6876887	1814384	3.790204830
16384	129	sparse4	fresh_resources	6	12	6871512	1827568	3.759921382
16384	129	sparse4	fresh_resources	6	13	6373368	1826147	3.490062958
16384	129	sparse4	fresh_resources	6	14	6852406	1840651	3.722816547
16384	129	sparse4	fresh_resources	6	15	7125565	1807883	3.941386141
16384	129	sparse4	fresh_resources	6	16	6447675	1811042	3.560201806
16384	129	sparse4	fresh_resources	6	17	6873004	1852955	3.709212582
16384	129	sparse4	fresh_resources	6	18	6977918	1814652	3.845320205
16384	129	sparse4	fresh_resources	6	19	6471384	1855145	3.488344038
16384	129	sparse4	fresh_resources	7	0	7055776	1865788	3.781660081
16384	129	sparse4	fresh_resources	7	1	6457873	1882566	3.430356758
16384	129	sparse4	fresh_resources	7	2	6985263	2082212	3.354731891
16384	129	sparse4	fresh_resources	7	3	6950027	1876800	3.703126066
16384	129	sparse4	fresh_resources	7	4	6547341	1906287	3.434604023
16384	129	sparse4	fresh_resources	7	5	6954879	1864216	3.730725946
16384	129	sparse4	fresh_resources	7	6	6983627	1885525	3.703810345
16384	129	sparse4	fresh_resources	7	7	6490149	1926681	3.368564386
16384	129	sparse4	fresh_resources	7	8	6972306	1869899	3.728707272
16384	129	sparse4	fresh_resources	7	9	7000822	1884525	3.714900041
16384	129	sparse4	fresh_resources	7	10	6545252	1896474	3.451274312
16384	129	sparse4	fresh_resources	7	11	6906840	1879990	3.673870606
16384	129	sparse4	fresh_resources	7	12	7020746	2068931	3.393417180
16384	129	sparse4	fresh_resources	7	13	6473786	1862332	3.476171810
16384	129	sparse4	fresh_resources	7	14	7163327	1877723	3.814900813
16384	129	sparse4	fresh_resources	7	15	6947500	1903850	3.649184547
16384	129	sparse4	fresh_resources	7	16	6446054	1874989	3.437915636
16384	129	sparse4	fresh_resources	7	17	6946886	1878240	3.698614661
16384	129	sparse4	fresh_resources	7	18	6944498	1873569	3.706561114
16384	129	sparse4	fresh_resources	7	19	6442305	1896798	3.396410688
16384	129	sparse4	fresh_resources	8	0	8553547	3002601	2.848712500
16384	129	sparse4	fresh_resources	8	1	8127650	3001749	2.707638114
16384	129	sparse4	fresh_resources	8	2	8269563	3053806	2.707952961
16384	129	sparse4	fresh_resources	8	3	8621468	2872027	3.001875679
16384	129	sparse4	fresh_resources	8	4	7861239	3048012	2.579136499
16384	129	sparse4	fresh_resources	8	5	8790704	3104846	2.831285030
16384	129	sparse4	fresh_resources	8	6	8753501	2961143	2.956122349
16384	129	sparse4	fresh_resources	8	7	8020911	2964137	2.705985250
16384	129	sparse4	fresh_resources	8	8	8405271	3097021	2.713985795
16384	129	sparse4	fresh_resources	8	9	8429657	3133411	2.690249380
16384	129	sparse4	fresh_resources	8	10	7893363	2840126	2.779229865
16384	129	sparse4	fresh_resources	8	11	8731069	2997895	2.912399867
16384	129	sparse4	fresh_resources	8	12	8452597	2915330	2.899361993
16384	129	sparse4	fresh_resources	8	13	8171524	2938337	2.781002996
16384	129	sparse4	fresh_resources	8	14	8285088	2917204	2.840078376
16384	129	sparse4	fresh_resources	8	15	8343213	3099359	2.691915651
16384	129	sparse4	fresh_resources	8	16	8078914	3088335	2.615944838
16384	129	sparse4	fresh_resources	8	17	8585463	2937619	2.922592412
16384	129	sparse4	fresh_resources	8	18	8749133	2961876	2.953916032
16384	129	sparse4	fresh_resources	8	19	7813369	2937136	2.660199936
16384	129	sparse4	fresh_resources	9	0	8454894	2987156	2.830415954
16384	129	sparse4	fresh_resources	9	1	7990075	2942526	2.715379575
16384	129	sparse4	fresh_resources	9	2	8776280	3059703	2.868343758
16384	129	sparse4	fresh_resources	9	3	8449305	3125902	2.702997407
16384	129	sparse4	fresh_resources	9	4	8204355	2999333	2.735393169
16384	129	sparse4	fresh_resources	9	5	8668824	2984169	2.904937354
16384	129	sparse4	fresh_resources	9	6	8550962	2998775	2.851485023
16384	129	sparse4	fresh_resources	9	7	8441354	2988572	2.824544297
16384	129	sparse4	fresh_resources	9	8	8530601	3028835	2.816462765
16384	129	sparse4	fresh_resources	9	9	8586248	2928526	2.931935042
16384	129	sparse4	fresh_resources	9	10	8071566	2918580	2.765579837
16384	129	sparse4	fresh_resources	9	11	8417616	2840399	2.963532940
16384	129	sparse4	fresh_resources	9	12	8466776	2965851	2.854754335
16384	129	sparse4	fresh_resources	9	13	7974899	3016552	2.643713418
16384	129	sparse4	fresh_resources	9	14	8585570	2985690	2.875573151
16384	129	sparse4	fresh_resources	9	15	8378589	2957239	2.833247161
16384	129	sparse4	fresh_resources	9	16	8237116	3082203	2.672476797
16384	129	sparse4	fresh_resources	9	17	8662544	3101048	2.793424674
16384	129	sparse4	fresh_resources	9	18	8763327	3012226	2.909252825
16384	129	sparse4	fresh_resources	9	19	8239583	3059381	2.693218988
16384	129	sparse4	fresh_resources	10	0	6897866	1826914	3.775692780
16384	129	sparse4	fresh_resources	10	1	6406716	1829068	3.502721605
16384	129	sparse4	fresh_resources	10	2	6885073	1820240	3.782508351
16384	129	sparse4	fresh_resources	10	3	6848616	1823206	3.756358854
16384	129	sparse4	fresh_resources	10	4	6415425	1831027	3.503730420
16384	129	sparse4	fresh_resources	10	5	6941886	1845726	3.761059876
16384	129	sparse4	fresh_resources	10	6	7213514	1823623	3.955594989
16384	129	sparse4	fresh_resources	10	7	6419612	1818636	3.529904830
16384	129	sparse4	fresh_resources	10	8	6854841	1818339	3.769836648
16384	129	sparse4	fresh_resources	10	9	6959784	2005979	3.469519870
16384	129	sparse4	fresh_resources	10	10	6377098	1834111	3.476942235
16384	129	sparse4	fresh_resources	10	11	6867394	1847357	3.717415746
16384	129	sparse4	fresh_resources	10	12	6861239	1906684	3.598519209
16384	129	sparse4	fresh_resources	10	13	6390385	1821441	3.508422727
16384	129	sparse4	fresh_resources	10	14	7099127	1812780	3.916154746
16384	129	sparse4	fresh_resources	10	15	6863862	1826138	3.758676507
16384	129	sparse4	fresh_resources	10	16	6508266	1830127	3.556182713
16384	129	sparse4	fresh_resources	10	17	6871509	1813641	3.788792269
16384	129	sparse4	fresh_resources	10	18	6889238	1960609	3.513825551
16384	129	sparse4	fresh_resources	10	19	6426962	1984831	3.238039914
16384	129	dense32	prepared	1	0	8897684	1700726	5.231697522
16384	129	dense32	prepared	1	1	8249193	1088205	7.580550540
16384	129	dense32	prepared	1	2	8794408	1676708	5.245044456
16384	129	dense32	prepared	1	3	8755226	1214625	7.208172070
16384	129	dense32	prepared	1	4	8341855	1545543	5.397361963
16384	129	dense32	prepared	1	5	8754719	1087103	8.053256223
16384	129	dense32	prepared	1	6	8734389	1391987	6.274763342
16384	129	dense32	prepared	1	7	8115168	1097602	7.393543379
16384	129	dense32	prepared	1	8	8907798	1775915	5.015892089
16384	129	dense32	prepared	1	9	8682212	1241773	6.991786744
16384	129	dense32	prepared	1	10	8319735	1357765	6.127522068
16384	129	dense32	prepared	1	11	8468702	1215291	6.968456115
16384	129	dense32	prepared	1	12	8892105	1704732	5.216130747
16384	129	dense32	prepared	1	13	8923103	1842511	4.842903516
16384	129	dense32	prepared	1	14	8644281	1258722	6.867506090
16384	129	dense32	prepared	1	15	8978378	1741363	5.155948530
16384	129	dense32	prepared	1	16	8622197	1671991	5.156844146
16384	129	dense32	prepared	1	17	9043187	1112399	8.129445460
16384	129	dense32	prepared	1	18	8749972	1764471	4.958977507
16384	129	dense32	prepared	1	19	8360684	1733818	4.822123199
16384	129	dense32	prepared	2	0	9080123	1549440	5.860261127
16384	129	dense32	prepared	2	1	8621753	1553875	5.548549916
16384	129	dense32	prepared	2	2	9172569	1528112	6.002550206
16384	129	dense32	prepared	2	3	9458127	1912817	4.944606306
16384	129	dense32	prepared	2	4	8476231	1494839	5.670330383
16384	129	dense32	prepared	2	5	9575341	1250455	7.657485475
16384	129	dense32	prepared	2	6	8905458	1769948	5.031480021
16384	129	dense32	prepared	2	7	8605814	1203506	7.150619939
16384	129	dense32	prepared	2	8	9030438	1747629	5.167251173
16384	129	dense32	prepared	2	9	9013730	1261086	7.147593423
16384	129	dense32	prepared	2	10	9230053	1766978	5.223637759
16384	129	dense32	prepared	2	11	9121894	1144066	7.973223573
16384	129	dense32	prepared	2	12	9263321	1728698	5.358553663
16384	129	dense32	prepared	2	13	8456527	1142913	7.399099494
16384	129	dense32	prepared	2	14	9306085	1606206	5.793830306
16384	129	dense32	prepared	2	15	8997007	1274394	7.059831575
16384	129	dense32	prepared	2	16	8744800	1821620	4.800562137
16384	129	dense32	prepared	2	17	9159787	1334782	6.862384269
16384	129	dense32	prepared	2	18	9184185	2085197	4.404468738
16384	129	dense32	prepared	2	19	8742463	1524095	5.736166709
16384	129	dense32	prepared	3	0	7530603	661485	11.384389669
16384	129	dense32	prepared	3	1	6864689	672057	10.214444608
16384	129	dense32	prepared	3	2	7297355	694959	10.500410816
16384	129	dense32	prepared	3	3	7787486	715620	10.882152539
16384	129	dense32	prepared	3	4	7461754	676142	11.035779466
16384	129	dense32	prepared	3	5	7331520	662092	11.073264743
16384	129	dense32	prepared	3	6	7868375	697603	11.279158777
16384	129	dense32	prepared	3	7	6879512	700582	9.819709898
16384	129	dense32	prepared	3	8	7649769	674554	11.340484231
16384	129	dense32	prepared	3	9	7541093	660227	11.421970019
16384	129	dense32	prepared	3	10	6922396	672937	10.286841116
16384	129	dense32	prepared	3	11	7374963	662251	11.136205155
16384	129	dense32	prepared	3	12	7698352	676152	11.385534614
16384	129	dense32	prepared	3	13	6889231	664735	10.363875830
16384	129	dense32	prepared	3	14	7298284	674028	10.827864718
16384	129	dense32	prepared	3	15	7309245	694417	10.525728777
16384	129	dense32	prepared	3	16	7506571	669549	11.211384081
16384	129	dense32	prepared	3	17	7285464	667621	10.912574649
16384	129	dense32	prepared	3	18	7568095	671627	11.268300709
16384	129	dense32	prepared	3	19	7081088	660715	10.717310792
16384	129	dense32	prepared	4	0	7377963	662029	11.144471013
16384	129	dense32	prepared	4	1	6976716	662788	10.526316107
16384	129	dense32	prepared	4	2	7514215	686221	10.950138512
16384	129	dense32	prepared	4	3	7452333	656401	11.353323654
16384	129	dense32	prepared	4	4	7212099	700695	10.292779312
16384	129	dense32	prepared	4	5	7485365	657927	11.377196862
16384	129	dense32	prepared	4	6	7579256	663070	11.430551827
16384	129	dense32	prepared	4	7	7493043	660361	11.346889050
16384	129	dense32	prepared	4	8	7265702	665491	10.917806552
16384	129	dense32	prepared	4	9	7534105	687945	10.951609504
16384	129	dense32	prepared	4	10	7259676	662318	10.961012686
16384	129	dense32	prepared	4	11	7434123	696022	10.680873593
16384	129	dense32	prepared	4	12	7758063	696720	11.135123148
16384	129	dense32	prepared	4	13	6881361	658958	10.442791498
16384	129	dense32	prepared	4	14	7355620	664254	11.073505015
16384	129	dense32	prepared	4	15	7508536	658187	11.407906871
16384	129	dense32	prepared	4	16	7161881	664537	10.777249423
16384	129	dense32	prepared	4	17	7490927	688933	10.873230053
16384	129	dense32	prepared	4	18	7629472	803359	9.496964620
16384	129	dense32	prepared	4	19	7083254	682381	10.380204021
16384	129	dense32	prepared	5	0	9115022	1723092	5.289921838
16384	129	dense32	prepared	5	1	8507371	1215917	6.996670825
16384	129	dense32	prepared	5	2	9695123	1738982	5.575171566
16384	129	dense32	prepared	5	3	8840285	1274815	6.934563054
16384	129	dense32	prepared	5	4	9032395	1581010	5.713053681
16384	129	dense32	prepared	5	5	9109393	1975518	4.611141483
16384	129	dense32	prepared	5	6	9250969	1598584	5.786977100
16384	129	dense32	prepared	5	7	8662668	1222977	7.083263218
16384	129	dense32	prepared	5	8	9130124	1531123	5.963024525
16384	129	dense32	prepared	5	9	10153033	1654912	6.135089358
16384	129	dense32	prepared	5	10	8677226	1785964	4.858567138
16384	129	dense32	prepared	5	11	8986259	1245447	7.215288166
16384	129	dense32	prepared	5	12	8857220	1500725	5.901960719
16384	129	dense32	prepared	5	13	8360327	1849877	4.519396154
16384	129	dense32	prepared	5	14	9043409	1705238	5.303311913
16384	129	dense32	prepared	5	15	9150204	1122117	8.154411706
16384	129	dense32	prepared	5	16	8544266	1579866	5.408221963
16384	129	dense32	prepared	5	17	8792537	1145504	7.675692970
16384	129	dense32	prepared	5	18	9042835	1791699	5.047072639
16384	129	dense32	prepared	5	19	8361803	1135066	7.366798935
16384	129	dense32	prepared	6	0	7761167	656664	11.819084037
16384	129	dense32	prepared	6	1	7365689	648206	11.363191640
16384	129	dense32	prepared	6	2	7597468	822179	9.240649542
16384	129	dense32	prepared	6	3	7522408	656806	11.453013523
16384	129	dense32	prepared	6	4	7072922	694019	10.191251248
16384	129	dense32	prepared	6	5	7339347	656231	11.184090663
16384	129	dense32	prepared	6	6	7286369	683716	10.657011098
16384	129	dense32	prepared	6	7	7031528	650031	10.817219486
16384	129	dense32	prepared	6	8	7748578	659275	11.753180388
16384	129	dense32	prepared	6	9	7254010	666325	10.886594380
16384	129	dense32	prepared	6	10	6925577	678256	10.210859911
16384	129	dense32	prepared	6	11	7764594	813231	9.547833272
16384	129	dense32	prepared	6	12	7271235	658023	11.050122868
16384	129	dense32	prepared	6	13	7139962	812938	8.782910874
16384	129	dense32	prepared	6	14	7250201	660171	10.982307614
16384	129	dense32	prepared	6	15	7546252	651477	11.583297645
16384	129	dense32	prepared	6	16	6973569	689270	10.117325576
16384	129	dense32	prepared	6	17	7474453	651858	11.466382249
16384	129	dense32	prepared	6	18	7261441	670408	10.831375819
16384	129	dense32	prepared	6	19	6960800	652176	10.673192512
16384	129	dense32	prepared	7	0	7412676	703349	10.539115005
16384	129	dense32	prepared	7	1	6931118	693854	9.989303225
16384	129	dense32	prepared	7	2	7497138	703738	10.653308476
16384	129	dense32	prepared	7	3	7538046	711430	10.595625712
16384	129	dense32	prepared	7	4	6980244	730956	9.549472198
16384	129	dense32	prepared	7	5	7327088	739951	9.902125952
16384	129	dense32	prepared	7	6	7823895	709437	11.028315411
16384	129	dense32	prepared	7	7	7326263	695876	10.528115641
16384	129	dense32	prepared	7	8	7485007	725465	10.317530136
16384	129	dense32	prepared	7	9	7828412	709947	11.026755518
16384	129	dense32	prepared	7	10	7082165	712356	9.941890010
16384	129	dense32	prepared	7	11	7343424	691218	10.623890003
16384	129	dense32	prepared	7	12	7436168	707284	10.513694640
16384	129	dense32	prepared	7	13	7326562	696712	10.515911883
16384	129	dense32	prepared	7	14	7317962	719370	10.172737256
16384	129	dense32	prepared	7	15	7364450	712440	10.336940655
16384	129	dense32	prepared	7	16	6924434	730334	9.481188059
16384	129	dense32	prepared	7	17	7542574	689604	10.937543866
16384	129	dense32	prepared	7	18	7585235	697820	10.869901980
16384	129	dense32	prepared	7	19	6904907	723128	9.548664967
16384	129	dense32	prepared	8	0	8793781	1400614	6.278518564
16384	129	dense32	prepared	8	1	8381456	1287160	6.511588303
16384	129	dense32	prepared	8	2	8979123	1731087	5.186985403
16384	129	dense32	prepared	8	3	8794374	1171257	7.508492158
16384	129	dense32	prepared	8	4	8563992	1498304	5.715790654
16384	129	dense32	prepared	8	5	8816254	1184791	7.441189206
16384	129	dense32	prepared	8	6	9118610	1722251	5.294588303
16384	129	dense32	prepared	8	7	8912450	1300195	6.854702564
16384	129	dense32	prepared	8	8	8898595	1793228	4.962333289
16384	129	dense32	prepared	8	9	8980036	1252905	7.167371828
16384	129	dense32	prepared	8	10	8699194	1750876	4.968480920
16384	129	dense32	prepared	8	11	8710739	1258385	6.922157368
16384	129	dense32	prepared	8	12	8665518	1430460	6.057854117
16384	129	dense32	prepared	8	13	8291639	1157488	7.163477289
16384	129	dense32	prepared	8	14	8703717	1424717	6.109084822
16384	129	dense32	prepared	8	15	8739883	1158977	7.541032307
16384	129	dense32	prepared	8	16	8691592	1419807	6.121671467
16384	129	dense32	prepared	8	17	8718399	1154397	7.552340313
16384	129	dense32	prepared	8	18	8687736	1402916	6.192627356
16384	129	dense32	prepared	8	19	8714901	1153983	7.552018531
16384	129	dense32	prepared	9	0	9426098	1554292	6.064560584
16384	129	dense32	prepared	9	1	8915702	1287727	6.923596383
16384	129	dense32	prepared	9	2	8816520	1615892	5.456131969
16384	129	dense32	prepared	9	3	8830372	1294273	6.822650245
16384	129	dense32	prepared	9	4	8711217	1789375	4.868301502
16384	129	dense32	prepared	9	5	9324030	1174690	7.937438814
16384	129	dense32	prepared	9	6	9111862	1749370	5.208653401
16384	129	dense32	prepared	9	7	8973384	1935052	4.637283132
16384	129	dense32	prepared	9	8	8877934	1578466	5.624406227
16384	129	dense32	prepared	9	9	9298062	1637598	5.677865996
16384	129	dense32	prepared	9	10	8806495	1751063	5.029227960
16384	129	dense32	prepared	9	11	9148133	1188130	7.699606104
16384	129	dense32	prepared	9	12	9128655	1721348	5.303201328
16384	129	dense32	prepared	9	13	8737079	1271098	6.873647036
16384	129	dense32	prepared	9	14	9097141	1410509	6.449544810
16384	129	dense32	prepared	9	15	9054668	1164708	7.774195764
16384	129	dense32	prepared	9	16	8431313	1632785	5.163761916
16384	129	dense32	prepared	9	17	9224692	1167458	7.901519369
16384	129	dense32	prepared	9	18	9186754	1566888	5.863057219
16384	129	dense32	prepared	9	19	8638037	1175266	7.349856969
16384	129	dense32	prepared	10	0	7544851	825671	9.137841828
16384	129	dense32	prepared	10	1	7317036	822968	8.891033430
16384	129	dense32	prepared	10	2	7990600	929887	8.593087117
16384	129	dense32	prepared	10	3	7639048	793663	9.625052447
16384	129	dense32	prepared	10	4	7218018	813798	8.869545022
16384	129	dense32	prepared	10	5	7526820	799181	9.418166848
16384	129	dense32	prepared	10	6	7791977	830319	9.384317353
16384	129	dense32	prepared	10	7	7102796	818280	8.680153493
16384	129	dense32	prepared	10	8	7514617	814052	9.231126513
16384	129	dense32	prepared	10	9	7920165	908519	8.717665784
16384	129	dense32	prepared	10	10	7119694	804368	8.851289460
16384	129	dense32	prepared	10	11	7930748	921888	8.602723975
16384	129	dense32	prepared	10	12	7550475	805591	9.372591054
16384	129	dense32	prepared	10	13	7401837	827988	8.939546225
16384	129	dense32	prepared	10	14	7915529	808626	9.788862836
16384	129	dense32	prepared	10	15	7618461	798107	9.545663677
16384	129	dense32	prepared	10	16	7136247	830234	8.595464652
16384	129	dense32	prepared	10	17	7872713	832105	9.461201411
16384	129	dense32	prepared	10	18	7855419	809943	9.698730651
16384	129	dense32	prepared	10	19	7310182	816204	8.956317293
16384	129	dense32	fresh_resources	1	0	9509826	2866015	3.318135460
16384	129	dense32	fresh_resources	1	1	9074587	2887106	3.143142995
16384	129	dense32	fresh_resources	1	2	9464736	2856207	3.313743017
16384	129	dense32	fresh_resources	1	3	9802964	2898707	3.381840248
16384	129	dense32	fresh_resources	1	4	9255155	2798485	3.307201932
16384	129	dense32	fresh_resources	1	5	10198607	2953941	3.452542552
16384	129	dense32	fresh_resources	1	6	9514882	2731879	3.482907552
16384	129	dense32	fresh_resources	1	7	8768493	2728990	3.213090924
16384	129	dense32	fresh_resources	1	8	9001172	2774014	3.244818519
16384	129	dense32	fresh_resources	1	9	9352629	2713832	3.446281494
16384	129	dense32	fresh_resources	1	10	8815896	3306666	2.666098118
16384	129	dense32	fresh_resources	1	11	9321265	3075545	3.030768530
16384	129	dense32	fresh_resources	1	12	9441448	2835321	3.329939714
16384	129	dense32	fresh_resources	1	13	8993381	2889205	3.112752816
16384	129	dense32	fresh_resources	1	14	9393250	3004016	3.126897460
16384	129	dense32	fresh_resources	1	15	9786368	2835844	3.450954284
16384	129	dense32	fresh_resources	1	16	8818557	2802533	3.146638059
16384	129	dense32	fresh_resources	1	17	9681736	2758795	3.509407549
16384	129	dense32	fresh_resources	1	18	9389249	2827246	3.320987632
16384	129	dense32	fresh_resources	1	19	8803226	2878187	3.058601126
16384	129	dense32	fresh_resources	2	0	10380147	3030082	3.425698380
16384	129	dense32	fresh_resources	2	1	9273988	2977196	3.115007544
16384	129	dense32	fresh_resources	2	2	9928726	2979107	3.332785966
16384	129	dense32	fresh_resources	2	3	9496583	3005956	3.159255491
16384	129	dense32	fresh_resources	2	4	9232071	3016741	3.060279620
16384	129	dense32	fresh_resources	2	5	9674959	3082200	3.138978327
16384	129	dense32	fresh_resources	2	6	9749335	3092877	3.152189693
16384	129	dense32	fresh_resources	2	7	9360474	2980148	3.140942665
16384	129	dense32	fresh_resources	2	8	9606831	3031405	3.169101786
16384	129	dense32	fresh_resources	2	9	9975837	3010081	3.314142377
16384	129	dense32	fresh_resources	2	10	9354231	2944687	3.176646958
16384	129	dense32	fresh_resources	2	11	9593482	2996187	3.201896944
16384	129	dense32	fresh_resources	2	12	9582926	3003660	3.190416359
16384	129	dense32	fresh_resources	2	13	8961539	2939741	3.048411068
16384	129	dense32	fresh_resources	2	14	9798805	2828373	3.464467028
16384	129	dense32	fresh_resources	2	15	9778901	2968473	3.294252971
16384	129	dense32	fresh_resources	2	16	9257971	3008917	3.076844925
16384	129	dense32	fresh_resources	2	17	9755886	2974979	3.279312560
16384	129	dense32	fresh_resources	2	18	9839884	2848032	3.454976629
16384	129	dense32	fresh_resources	2	19	9100309	3012248	3.021102180
16384	129	dense32	fresh_resources	3	0	8114860	1828469	4.438062663
16384	129	dense32	fresh_resources	3	1	7361158	1849253	3.980611631
16384	129	dense32	fresh_resources	3	2	8168403	1823322	4.479956365
16384	129	dense32	fresh_resources	3	3	7857777	1824541	4.306714401
16384	129	dense32	fresh_resources	3	4	7631310	1869475	4.082060472
16384	129	dense32	fresh_resources	3	5	7881489	1832088	4.301916174
16384	129	dense32	fresh_resources	3	6	7977852	1842317	4.330336202
16384	129	dense32	fresh_resources	3	7	7836717	1826950	4.289508197
16384	129	dense32	fresh_resources	3	8	8277427	1855430	4.461190667
16384	129	dense32	fresh_resources	3	9	7799998	1835588	4.249318475
16384	129	dense32	fresh_resources	3	10	7628962	1826241	4.177412510
16384	129	dense32	fresh_resources	3	11	7947439	1964749	4.045014910
16384	129	dense32	fresh_resources	3	12	8132799	1866071	4.358247355
16384	129	dense32	fresh_resources	3	13	7759745	1847619	4.199862093
16384	129	dense32	fresh_resources	3	14	8112180	1825218	4.444499232
16384	129	dense32	fresh_resources	3	15	7988696	1832223	4.360111187
16384	129	dense32	fresh_resources	3	16	7377258	1855325	3.976261841
16384	129	dense32	fresh_resources	3	17	7974282	1917742	4.158162047
16384	129	dense32	fresh_resources	3	18	8256248	1830348	4.510753146
16384	129	dense32	fresh_resources	3	19	7903675	1819273	4.344413950
16384	129	dense32	fresh_resources	4	0	7887257	1829483	4.311194474
16384	129	dense32	fresh_resources	4	1	7436618	1842102	4.037028351
16384	129	dense32	fresh_resources	4	2	8025304	1855341	4.325514286
16384	129	dense32	fresh_resources	4	3	7825280	1835299	4.263763016
16384	129	dense32	fresh_resources	4	4	7734984	1836639	4.211488485
16384	129	dense32	fresh_resources	4	5	7930566	1932200	4.104422938
16384	129	dense32	fresh_resources	4	6	8016248	1808646	4.432181864
16384	129	dense32	fresh_resources	4	7	7649469	1802206	4.244503126
16384	129	dense32	fresh_resources	4	8	7863551	1819715	4.321309106
16384	129	dense32	fresh_resources	4	9	7766487	1881884	4.126974351
16384	129	dense32	fresh_resources	4	10	7575658	1812703	4.179205308
16384	129	dense32	fresh_resources	4	11	7777973	1877735	4.142210163
16384	129	dense32	fresh_resources	4	12	7999402	1817403	4.401556507
16384	129	dense32	fresh_resources	4	13	7438064	1844519	4.032522300
16384	129	dense32	fresh_resources	4	14	8086654	1857984	4.352380860
16384	129	dense32	fresh_resources	4	15	8146594	1847230	4.410167656
16384	129	dense32	fresh_resources	4	16	7568397	1843560	4.105316344
16384	129	dense32	fresh_resources	4	17	7991248	1849780	4.320107256
16384	129	dense32	fresh_resources	4	18	8175841	1830411	4.466669508
16384	129	dense32	fresh_resources	4	19	7830854	1810241	4.325862689
16384	129	dense32	fresh_resources	5	0	9461140	2873962	3.292019867
16384	129	dense32	fresh_resources	5	1	8676229	2786237	3.113959437
16384	129	dense32	fresh_resources	5	2	9572787	3016134	3.173859981
16384	129	dense32	fresh_resources	5	3	9617342	2923463	3.289708815
16384	129	dense32	fresh_resources	5	4	8717064	2892923	3.013237476
16384	129	dense32	fresh_resources	5	5	9255525	2881592	3.211948465
16384	129	dense32	fresh_resources	5	6	9504197	2858132	3.325317725
16384	129	dense32	fresh_resources	5	7	8731491	2779664	3.141203757
16384	129	dense32	fresh_resources	5	8	9952443	2858034	3.482268930
16384	129	dense32	fresh_resources	5	9	9198573	3002952	3.063176834
16384	129	dense32	fresh_resources	5	10	8677533	2915260	2.976589738
16384	129	dense32	fresh_resources	5	11	9391573	3095868	3.033583150
16384	129	dense32	fresh_resources	5	12	9132255	2881818	3.168921493
16384	129	dense32	fresh_resources	5	13	8749851	2863274	3.055890215
16384	129	dense32	fresh_resources	5	14	9079804	2924262	3.104989909
16384	129	dense32	fresh_resources	5	15	9380096	2980560	3.147091822
16384	129	dense32	fresh_resources	5	16	9167754	2868793	3.195683341
16384	129	dense32	fresh_resources	5	17	9411108	2887533	3.259220934
16384	129	dense32	fresh_resources	5	18	9312132	2815811	3.307087017
16384	129	dense32	fresh_resources	5	19	8695432	2841123	3.060561616
16384	129	dense32	fresh_resources	6	0	7987538	1844594	4.330241777
16384	129	dense32	fresh_resources	6	1	7653537	1891197	4.046927422
16384	129	dense32	fresh_resources	6	2	7873470	1854881	4.244730524
16384	129	dense32	fresh_resources	6	3	8308947	1845629	4.501959495
16384	129	dense32	fresh_resources	6	4	7354264	1819962	4.040888766
16384	129	dense32	fresh_resources	6	5	7721547	1867160	4.135450095
16384	129	dense32	fresh_resources	6	6	8130410	1818618	4.470652990
16384	129	dense32	fresh_resources	6	7	7945193	1853631	4.286286213
16384	129	dense32	fresh_resources	6	8	7743739	1807529	4.284157543
16384	129	dense32	fresh_resources	6	9	8228412	1857612	4.429564408
16384	129	dense32	fresh_resources	6	10	7331014	1860299	3.940771887
16384	129	dense32	fresh_resources	6	11	7757992	1857937	4.175594759
16384	129	dense32	fresh_resources	6	12	7738700	1832008	4.224162777
16384	129	dense32	fresh_resources	6	13	7560737	1835837	4.118414108
16384	129	dense32	fresh_resources	6	14	7700827	1812504	4.248722761
16384	129	dense32	fresh_resources	6	15	7758083	1851486	4.190192634
16384	129	dense32	fresh_resources	6	16	7308732	1807105	4.044442354
16384	129	dense32	fresh_resources	6	17	8241116	1898121	4.341723209
16384	129	dense32	fresh_resources	6	18	7957396	1809498	4.397571039
16384	129	dense32	fresh_resources	6	19	8114861	1828570	4.437818076
16384	129	dense32	fresh_resources	7	0	7869121	1902483	4.136237223
16384	129	dense32	fresh_resources	7	1	7645043	1901933	4.019617410
16384	129	dense32	fresh_resources	7	2	8213526	1895559	4.333036323
16384	129	dense32	fresh_resources	7	3	8205868	1874303	4.378090415
16384	129	dense32	fresh_resources	7	4	7514637	1903085	3.948660727
16384	129	dense32	fresh_resources	7	5	7813073	1878882	4.158362792
16384	129	dense32	fresh_resources	7	6	7956494	1896187	4.196049229
16384	129	dense32	fresh_resources	7	7	7910612	1887668	4.190679717
16384	129	dense32	fresh_resources	7	8	7988106	1892693	4.220497460
16384	129	dense32	fresh_resources	7	9	8237752	1883459	4.373735770
16384	129	dense32	fresh_resources	7	10	7847469	1922847	4.081171825
16384	129	dense32	fresh_resources	7	11	8127118	1879531	4.324013810
16384	129	dense32	fresh_resources	7	12	7873331	1883189	4.180850143
16384	129	dense32	fresh_resources	7	13	7549363	1925940	3.919832913
16384	129	dense32	fresh_resources	7	14	8309359	1898131	4.377653070
16384	129	dense32	fresh_resources	7	15	8324585	2086804	3.989155187
16384	129	dense32	fresh_resources	7	16	7914893	1882119	4.205309547
16384	129	dense32	fresh_resources	7	17	7796442	1885255	4.135484059
16384	129	dense32	fresh_resources	7	18	7841007	1918641	4.086750466
16384	129	dense32	fresh_resources	7	19	7779249	1904239	4.085227222
16384	129	dense32	fresh_resources	8	0	9404329	2957128	3.180223852
16384	129	dense32	fresh_resources	8	1	9147951	2858285	3.200503449
16384	129	dense32	fresh_resources	8	2	9521138	2962265	3.214141206
16384	129	dense32	fresh_resources	8	3	9358687	2949862	3.172584684
16384	129	dense32	fresh_resources	8	4	8753889	2981151	2.936412480
16384	129	dense32	fresh_resources	8	5	9194946	3057823	3.007023624
16384	129	dense32	fresh_resources	8	6	9844237	3023376	3.256041260
16384	129	dense32	fresh_resources	8	7	9199868	2972136	3.095372486
16384	129	dense32	fresh_resources	8	8	9861529	2860841	3.447073431
16384	129	dense32	fresh_resources	8	9	9685267	2958056	3.274200015
16384	129	dense32	fresh_resources	8	10	8809880	2867851	3.071944812
16384	129	dense32	fresh_resources	8	11	9576845	2978189	3.215660591
16384	129	dense32	fresh_resources	8	12	9292571	2975273	3.123266672
16384	129	dense32	fresh_resources	8	13	8856711	2994382	2.957775928
16384	129	dense32	fresh_resources	8	14	9378342	3015924	3.109608200
16384	129	dense32	fresh_resources	8	15	9394990	2948018	3.186883526
16384	129	dense32	fresh_resources	8	16	9094850	2968169	3.064128087
16384	129	dense32	fresh_resources	8	17	9422945	3043794	3.095789334
16384	129	dense32	fresh_resources	8	18	9605551	2967369	3.237059833
16384	129	dense32	fresh_resources	8	19	9406791	2995623	3.140178520
16384	129	dense32	fresh_resources	9	0	9408435	3080735	3.053957903
16384	129	dense32	fresh_resources	9	1	8951751	2963205	3.020969187
16384	129	dense32	fresh_resources	9	2	9631507	3028400	3.180394598
16384	129	dense32	fresh_resources	9	3	9332222	2979900	3.131723212
16384	129	dense32	fresh_resources	9	4	9123929	2916284	3.128614703
16384	129	dense32	fresh_resources	9	5	9984380	2929284	3.408471149
16384	129	dense32	fresh_resources	9	6	9677037	2881377	3.358476520
16384	129	dense32	fresh_resources	9	7	9570481	2912407	3.286106990
16384	129	dense32	fresh_resources	9	8	9622422	2982854	3.225911158
16384	129	dense32	fresh_resources	9	9	9338270	2850044	3.276535380
16384	129	dense32	fresh_resources	9	10	8867656	3089291	2.870450210
16384	129	dense32	fresh_resources	9	11	9510552	2860695	3.324559941
16384	129	dense32	fresh_resources	9	12	9798322	2984815	3.282723385
16384	129	dense32	fresh_resources	9	13	9102281	2922888	3.114139509
16384	129	dense32	fresh_resources	9	14	9753061	2973258	3.280260576
16384	129	dense32	fresh_resources	9	15	9576646	2977935	3.215868043
16384	129	dense32	fresh_resources	9	16	8904931	3002713	2.965628417
16384	129	dense32	fresh_resources	9	17	9364998	3033985	3.086698847
16384	129	dense32	fresh_resources	9	18	9564199	2911567	3.284897445
16384	129	dense32	fresh_resources	9	19	8810534	2842004	3.100113160
16384	129	dense32	fresh_resources	10	0	8502338	1987158	4.278642161
16384	129	dense32	fresh_resources	10	1	7589536	1969267	3.853990343
16384	129	dense32	fresh_resources	10	2	8385078	2092694	4.006834253
16384	129	dense32	fresh_resources	10	3	8233372	1986392	4.144887817
16384	129	dense32	fresh_resources	10	4	7735121	2113267	3.660266781
16384	129	dense32	fresh_resources	10	5	8619670	1989115	4.333419636
16384	129	dense32	fresh_resources	10	6	8531289	1996663	4.272773623
16384	129	dense32	fresh_resources	10	7	8130419	2144521	3.791251753
16384	129	dense32	fresh_resources	10	8	8298736	2000419	4.148498889
16384	129	dense32	fresh_resources	10	9	8504736	1988580	4.276788462
16384	129	dense32	fresh_resources	10	10	8247912	2169090	3.802475693
16384	129	dense32	fresh_resources	10	11	8382992	2061541	4.066371709
16384	129	dense32	fresh_resources	10	12	8033545	1990949	4.035033042
16384	129	dense32	fresh_resources	10	13	7634005	2141662	3.564523720
16384	129	dense32	fresh_resources	10	14	8009788	2036528	3.933060582
16384	129	dense32	fresh_resources	10	15	8427730	1992037	4.230709570
16384	129	dense32	fresh_resources	10	16	7960529	2014448	3.951717294
16384	129	dense32	fresh_resources	10	17	8662463	2351724	3.683452225
16384	129	dense32	fresh_resources	10	18	8387379	2494199	3.362754536
16384	129	dense32	fresh_resources	10	19	8133570	2495263	3.259604298
65536	129	boundary	prepared	1	0	27556932	3609973	7.633556262
65536	129	boundary	prepared	1	1	27596965	3823659	7.217423154
65536	129	boundary	prepared	1	2	29280686	3600311	8.132821303
65536	129	boundary	prepared	1	3	27408638	3818527	7.177803902
65536	129	boundary	prepared	1	4	27688196	3671212	7.541976873
65536	129	boundary	prepared	1	5	28460348	3596111	7.914201759
65536	129	boundary	prepared	1	6	27485874	3713849	7.400913177
65536	129	boundary	prepared	1	7	27690685	3714992	7.453767061
65536	129	boundary	prepared	1	8	28406579	3634690	7.815406266
65536	129	boundary	prepared	1	9	27959516	3568197	7.835754584
65536	129	boundary	prepared	1	10	28110528	4077655	6.893797538
65536	129	boundary	prepared	1	11	29137214	4005238	7.274777179
65536	129	boundary	prepared	1	12	27981582	4007310	6.982634735
65536	129	boundary	prepared	1	13	27566853	4110811	6.705940263
65536	129	boundary	prepared	1	14	28639150	3581258	7.996952468
65536	129	boundary	prepared	1	15	28441570	3873959	7.341732321
65536	129	boundary	prepared	1	16	28082047	4123685	6.809939896
65536	129	boundary	prepared	1	17	29238171	3716167	7.867830213
65536	129	boundary	prepared	1	18	27580236	3667216	7.520755799
65536	129	boundary	prepared	1	19	27979258	3593883	7.785244539
65536	129	boundary	prepared	2	0	27963850	3773115	7.411343148
65536	129	boundary	prepared	2	1	28173231	3846509	7.324363728
65536	129	boundary	prepared	2	2	28761544	3806184	7.556530110
65536	129	boundary	prepared	2	3	28076442	3756163	7.474766670
65536	129	boundary	prepared	2	4	28206838	3912674	7.209094854
65536	129	boundary	prepared	2	5	29959803	4206702	7.121921876
65536	129	boundary	prepared	2	6	28437914	4054944	7.013145928
65536	129	boundary	prepared	2	7	31378662	3628383	8.648111845
65536	129	boundary	prepared	2	8	29299350	4124526	7.103689006
65536	129	boundary	prepared	2	9	28087003	3775313	7.439648845
65536	129	boundary	prepared	2	10	28164996	3797422	7.416872815
65536	129	boundary	prepared	2	11	29318416	3735639	7.848300117
65536	129	boundary	prepared	2	12	28045772	3896478	7.197723688
65536	129	boundary	prepared	2	13	28570410	3883813	7.356278482
65536	129	boundary	prepared	2	14	29338906	3887089	7.547783444
65536	129	boundary	prepared	2	15	28523721	3652742	7.808851816
65536	129	boundary	prepared	2	16	28682026	4121333	6.959405125
65536	129	boundary	prepared	2	17	29078976	4048274	7.183055297
65536	129	boundary	prepared	2	18	28508901	4174221	6.829753623
65536	129	boundary	prepared	2	19	28830288	4191148	6.878852286
65536	129	boundary	prepared	3	0	24433394	1696262	14.404257125
65536	129	boundary	prepared	3	1	24418722	1695505	14.402034792
65536	129	boundary	prepared	3	2	25508385	1809613	14.096044292
65536	129	boundary	prepared	3	3	24544721	1762232	13.928200714
65536	129	boundary	prepared	3	4	24593025	1691897	14.535769612
65536	129	boundary	prepared	3	5	25200601	1906541	13.217969611
65536	129	boundary	prepared	3	6	24453533	1850480	13.214697268
65536	129	boundary	prepared	3	7	24443649	1885974	12.960756087
65536	129	boundary	prepared	3	8	25159842	1721715	14.613244352
65536	129	boundary	prepared	3	9	24475812	1962477	12.471897505
65536	129	boundary	prepared	3	10	24400915	1695581	14.390887253
65536	129	boundary	prepared	3	11	25284899	1891675	13.366407549
65536	129	boundary	prepared	3	12	24357701	1700579	14.323181105
65536	129	boundary	prepared	3	13	24462666	1887170	12.962619160
65536	129	boundary	prepared	3	14	25105174	1872803	13.405133375
65536	129	boundary	prepared	3	15	24330285	1711653	14.214496162
65536	129	boundary	prepared	3	16	24556072	1692229	14.511080947
65536	129	boundary	prepared	3	17	25270031	1709591	14.781331324
65536	129	boundary	prepared	3	18	24374824	1910141	12.760745934
65536	129	boundary	prepared	3	19	24413437	1682444	14.510698127
65536	129	boundary	prepared	4	0	24100885	1660605	14.513315930
65536	129	boundary	prepared	4	1	24084365	1666343	14.453425855
65536	129	boundary	prepared	4	2	25018636	1781823	14.041033256
65536	129	boundary	prepared	4	3	24142436	1694621	14.246510577
65536	129	boundary	prepared	4	4	24042380	1662132	14.464783784
65536	129	boundary	prepared	4	5	24887933	1669739	14.905283401
65536	129	boundary	prepared	4	6	24033149	1849873	12.991783220
65536	129	boundary	prepared	4	7	24008939	1659674	14.466057190
65536	129	boundary	prepared	4	8	24861577	1659848	14.978225115
65536	129	boundary	prepared	4	9	24070893	1738629	13.844755264
65536	129	boundary	prepared	4	10	24223182	1678316	14.433028107
65536	129	boundary	prepared	4	11	24983488	1719112	14.532786695
65536	129	boundary	prepared	4	12	24208238	1889533	12.811757191
65536	129	boundary	prepared	4	13	24171736	1795103	13.465375524
65536	129	boundary	prepared	4	14	25016055	1886006	13.264037866
65536	129	boundary	prepared	4	15	24132955	1828075	13.201293711
65536	129	boundary	prepared	4	16	24058437	1661344	14.481309711
65536	129	boundary	prepared	4	17	24805123	1688287	14.692480011
65536	129	boundary	prepared	4	18	24028012	1680002	14.302371069
65536	129	boundary	prepared	4	19	24182024	1789287	13.514893921
65536	129	boundary	prepared	5	0	27869120	3824732	7.286554980
65536	129	boundary	prepared	5	1	27836345	3837263	7.254218697
65536	129	boundary	prepared	5	2	28658567	3837680	7.467680213
65536	129	boundary	prepared	5	3	27845629	3898889	7.141939409
65536	129	boundary	prepared	5	4	28057396	3712094	7.558374330
65536	129	boundary	prepared	5	5	28623604	3734684	7.664263965
65536	129	boundary	prepared	5	6	27874151	3870895	7.200957660
65536	129	boundary	prepared	5	7	27799014	3946438	7.044077216
65536	129	boundary	prepared	5	8	28546812	3955680	7.216663633
65536	129	boundary	prepared	5	9	27358781	3816857	7.167882108
65536	129	boundary	prepared	5	10	27528200	3694764	7.450597657
65536	129	boundary	prepared	5	11	28494015	3656565	7.792563512
65536	129	boundary	prepared	5	12	27849291	4139573	6.727575767
65536	129	boundary	prepared	5	13	27801732	3752125	7.409596429
65536	129	boundary	prepared	5	14	28751824	4153645	6.922070615
65536	129	boundary	prepared	5	15	27852499	4261044	6.536543392
65536	129	boundary	prepared	5	16	27401453	4285674	6.393732468
65536	129	boundary	prepared	5	17	28175705	3857362	7.304397409
65536	129	boundary	prepared	5	18	28250553	4173546	6.768956901
65536	129	boundary	prepared	5	19	27913472	4210465	6.629546143
65536	129	boundary	prepared	6	0	24528007	1740573	14.091915134
65536	129	boundary	prepared	6	1	24443451	1719829	14.212721730
65536	129	boundary	prepared	6	2	25302215	2076433	12.185423272
65536	129	boundary	prepared	6	3	24446413	1921906	12.719879640
65536	129	boundary	prepared	6	4	24527656	1803105	13.603010363
65536	129	boundary	prepared	6	5	25093831	1688107	14.865071349
65536	129	boundary	prepared	6	6	24427858	1697977	14.386448109
65536	129	boundary	prepared	6	7	26154941	1712407	15.273787715
65536	129	boundary	prepared	6	8	25104237	1779929	14.104066511
65536	129	boundary	prepared	6	9	24434801	1909951	12.793417737
65536	129	boundary	prepared	6	10	24291628	1714162	14.171139017
65536	129	boundary	prepared	6	11	24889917	1829639	13.603731119
65536	129	boundary	prepared	6	12	24184217	1699481	14.230354444
65536	129	boundary	prepared	6	13	23984909	1830939	13.099785957
65536	129	boundary	prepared	6	14	24904500	1682133	14.805309687
65536	129	boundary	prepared	6	15	24046388	1877199	12.809717031
65536	129	boundary	prepared	6	16	24058010	1726509	13.934482821
65536	129	boundary	prepared	6	17	24900325	1697049	14.672720116
65536	129	boundary	prepared	6	18	24071772	1691779	14.228674076
65536	129	boundary	prepared	6	19	24004173	1827616	13.134144700
65536	129	boundary	prepared	7	0	24500491	1782630	13.744013620
65536	129	boundary	prepared	7	1	24382728	1942189	12.554250899
65536	129	boundary	prepared	7	2	25179150	1728678	14.565552405
65536	129	boundary	prepared	7	3	24524791	1767647	13.874258265
65536	129	boundary	prepared	7	4	24528430	1739188	14.103380428
65536	129	boundary	prepared	7	5	25296284	1830621	13.818416810
65536	129	boundary	prepared	7	6	24473346	1759376	13.910242040
65536	129	boundary	prepared	7	7	24437923	1899436	12.865883873
65536	129	boundary	prepared	7	8	25289518	1755963	14.402079087
65536	129	boundary	prepared	7	9	24907489	1746651	14.260140692
65536	129	boundary	prepared	7	10	24957932	1943338	12.842815815
65536	129	boundary	prepared	7	11	26000542	1787426	14.546359961
65536	129	boundary	prepared	7	12	24749973	1749270	14.148743762
65536	129	boundary	prepared	7	13	24874803	1953011	12.736642548
65536	129	boundary	prepared	7	14	25653202	1758579	14.587460671
65536	129	boundary	prepared	7	15	24798303	1922706	12.897605250
65536	129	boundary	prepared	7	16	25078554	1790003	14.010341882
65536	129	boundary	prepared	7	17	25751367	1990891	12.934594109
65536	129	boundary	prepared	7	18	24964518	1749477	14.269703460
65536	129	boundary	prepared	7	19	25066894	1725928	14.523719414
65536	129	boundary	prepared	8	0	27711561	3817524	7.259040415
65536	129	boundary	prepared	8	1	27888856	3689689	7.558592608
65536	129	boundary	prepared	8	2	28662969	3933048	7.287724177
65536	129	boundary	prepared	8	3	27995147	3902633	7.173399856
65536	129	boundary	prepared	8	4	27910030	3905969	7.145481697
65536	129	boundary	prepared	8	5	28677052	3779826	7.586870930
65536	129	boundary	prepared	8	6	27615307	3813366	7.241714276
65536	129	boundary	prepared	8	7	27872166	3949667	7.056839475
65536	129	boundary	prepared	8	8	28672868	3750553	7.644970755
65536	129	boundary	prepared	8	9	27788423	3762391	7.385841344
65536	129	boundary	prepared	8	10	27898684	3767982	7.404144712
65536	129	boundary	prepared	8	11	28672041	3718681	7.710271733
65536	129	boundary	prepared	8	12	27656682	3921304	7.052929842
65536	129	boundary	prepared	8	13	27991877	3918871	7.142842160
65536	129	boundary	prepared	8	14	29348060	4083376	7.187204901
65536	129	boundary	prepared	8	15	27869343	3664834	7.604530792
65536	129	boundary	prepared	8	16	27995616	3698446	7.569561919
65536	129	boundary	prepared	8	17	28510586	3850916	7.403585537
65536	129	boundary	prepared	8	18	27867685	3873621	7.194220860
65536	129	boundary	prepared	8	19	27832717	3917875	7.104033947
65536	129	boundary	prepared	9	0	27812408	3881713	7.164983089
65536	129	boundary	prepared	9	1	27981557	4006528	6.983991376
65536	129	boundary	prepared	9	2	28844390	3717149	7.759815385
65536	129	boundary	prepared	9	3	27821981	3819923	7.283387911
65536	129	boundary	prepared	9	4	27958239	3905108	7.159402250
65536	129	boundary	prepared	9	5	28627004	3825078	7.484031437
65536	129	boundary	prepared	9	6	27994603	3774963	7.415861559
65536	129	boundary	prepared	9	7	27807770	3673694	7.569430116
65536	129	boundary	prepared	9	8	29316263	4054150	7.231173736
65536	129	boundary	prepared	9	9	28206919	4092175	6.892891677
65536	129	boundary	prepared	9	10	28634983	4070131	7.035395912
65536	129	boundary	prepared	9	11	29266946	4226814	6.924114948
65536	129	boundary	prepared	9	12	28635770	4107844	6.970997438
65536	129	boundary	prepared	9	13	28317819	4110805	6.888631059
65536	129	boundary	prepared	9	14	28799370	4077806	7.062466925
65536	129	boundary	prepared	9	15	28033036	4175125	6.714298614
65536	129	boundary	prepared	9	16	28436262	4015378	7.081839369
65536	129	boundary	prepared	9	17	28933567	4125474	7.013392158
65536	129	boundary	prepared	9	18	28071782	4130927	6.795516357
65536	129	boundary	prepared	9	19	28239845	4222865	6.687366279
65536	129	boundary	prepared	10	0	26026765	2700058	9.639335525
65536	129	boundary	prepared	10	1	25768305	2540442	10.143236886
65536	129	boundary	prepared	10	2	26754038	2859585	9.355916331
65536	129	boundary	prepared	10	3	25833255	2923381	8.836773243
65536	129	boundary	prepared	10	4	25912143	2691576	9.627126635
65536	129	boundary	prepared	10	5	27208592	2804037	9.703364114
65536	129	boundary	prepared	10	6	25898105	2749873	9.417927664
65536	129	boundary	prepared	10	7	25902568	2884656	8.979430476
65536	129	boundary	prepared	10	8	26724197	2741279	9.748805941
65536	129	boundary	prepared	10	9	26284611	2821517	9.315772685
65536	129	boundary	prepared	10	10	25944382	3009449	8.620974138
65536	129	boundary	prepared	10	11	26800844	2779234	9.643248463
65536	129	boundary	prepared	10	12	26405828	2737736	9.645133059
65536	129	boundary	prepared	10	13	25933422	2734491	9.483820572
65536	129	boundary	prepared	10	14	27143314	2894138	9.378721402
65536	129	boundary	prepared	10	15	25804524	2710873	9.518898156
65536	129	boundary	prepared	10	16	26439826	2730542	9.682995537
65536	129	boundary	prepared	10	17	27092516	2981194	9.087807100
65536	129	boundary	prepared	10	18	26108809	2996383	8.713441840
65536	129	boundary	prepared	10	19	26046714	2784109	9.355493625
65536	129	boundary	fresh_resources	1	0	29173794	5207881	5.601854958
65536	129	boundary	fresh_resources	1	1	29642360	5252712	5.643248668
65536	129	boundary	fresh_resources	1	2	30856964	5262177	5.863916018
65536	129	boundary	fresh_resources	1	3	29414506	5286969	5.563585866
65536	129	boundary	fresh_resources	1	4	28555095	5186808	5.505331024
65536	129	boundary	fresh_resources	1	5	29331188	5314270	5.519325890
65536	129	boundary	fresh_resources	1	6	28548297	5246609	5.441285409
65536	129	boundary	fresh_resources	1	7	30034563	5427237	5.534043013
65536	129	boundary	fresh_resources	1	8	32281759	5793268	5.572288215
65536	129	boundary	fresh_resources	1	9	29696197	5333997	5.567344151
65536	129	boundary	fresh_resources	1	10	28939508	5204157	5.560844533
65536	129	boundary	fresh_resources	1	11	29725254	5288581	5.620648336
65536	129	boundary	fresh_resources	1	12	29179245	5264002	5.543167537
65536	129	boundary	fresh_resources	1	13	30028700	5441455	5.518505620
65536	129	boundary	fresh_resources	1	14	30053245	5621571	5.346058068
65536	129	boundary	fresh_resources	1	15	29845274	5353848	5.574546382
65536	129	boundary	fresh_resources	1	16	28954942	5268928	5.495414247
65536	129	boundary	fresh_resources	1	17	30779255	5727925	5.373543648
65536	129	boundary	fresh_resources	1	18	29040603	5597873	5.187792399
65536	129	boundary	fresh_resources	1	19	30106631	5299147	5.681410801
65536	129	boundary	fresh_resources	2	0	28791451	5205433	5.531038628
65536	129	boundary	fresh_resources	2	1	28943773	5371556	5.388340548
65536	129	boundary	fresh_resources	2	2	31124925	5304357	5.867803581
65536	129	boundary	fresh_resources	2	3	28897445	5442779	5.309318089
65536	129	boundary	fresh_resources	2	4	34943231	7263578	4.810746302
65536	129	boundary	fresh_resources	2	5	32248519	6506683	4.956214864
65536	129	boundary	fresh_resources	2	6	29297996	5469324	5.356785592
65536	129	boundary	fresh_resources	2	7	28826777	5318104	5.420498922
65536	129	boundary	fresh_resources	2	8	29736857	5407387	5.499302528
65536	129	boundary	fresh_resources	2	9	28776960	5239447	5.492365893
65536	129	boundary	fresh_resources	2	10	28919592	5445472	5.310759471
65536	129	boundary	fresh_resources	2	11	29591585	5134545	5.763234133
65536	129	boundary	fresh_resources	2	12	28843216	5314880	5.426880005
65536	129	boundary	fresh_resources	2	13	28948529	5137065	5.635227314
65536	129	boundary	fresh_resources	2	14	30158364	5334742	5.653200099
65536	129	boundary	fresh_resources	2	15	29238206	5306262	5.510132368
65536	129	boundary	fresh_resources	2	16	28952028	5226510	5.539457114
65536	129	boundary	fresh_resources	2	17	29591671	5164423	5.729908453
65536	129	boundary	fresh_resources	2	18	28784267	5286674	5.444683557
65536	129	boundary	fresh_resources	2	19	28840674	5153175	5.596680493
65536	129	boundary	fresh_resources	3	0	25066084	2868987	8.736910972
65536	129	boundary	fresh_resources	3	1	25047591	2881289	8.693189402
65536	129	boundary	fresh_resources	3	2	27527206	2899156	9.494903344
65536	129	boundary	fresh_resources	3	3	24880415	3078364	8.082349911
65536	129	boundary	fresh_resources	3	4	25039401	2910439	8.603307267
65536	129	boundary	fresh_resources	3	5	25730486	2874885	8.950092265
65536	129	boundary	fresh_resources	3	6	25036380	2892514	8.655577812
65536	129	boundary	fresh_resources	3	7	25051121	2930605	8.548105596
65536	129	boundary	fresh_resources	3	8	25746421	3027630	8.503820150
65536	129	boundary	fresh_resources	3	9	24923641	3073343	8.109619070
65536	129	boundary	fresh_resources	3	10	24875591	3042539	8.175931681
65536	129	boundary	fresh_resources	3	11	25721736	2878812	8.934843956
65536	129	boundary	fresh_resources	3	12	24899965	2910185	8.556145056
65536	129	boundary	fresh_resources	3	13	25002381	2866615	8.721918011
65536	129	boundary	fresh_resources	3	14	25609793	2861020	8.951280662
65536	129	boundary	fresh_resources	3	15	24974388	3072794	8.127582910
65536	129	boundary	fresh_resources	3	16	24932190	3043914	8.190832593
65536	129	boundary	fresh_resources	3	17	25685540	3071686	8.362033098
65536	129	boundary	fresh_resources	3	18	24967784	2945189	8.477481072
65536	129	boundary	fresh_resources	3	19	24897938	3036854	8.198595652
65536	129	boundary	fresh_resources	4	0	24527628	2866950	8.555303720
65536	129	boundary	fresh_resources	4	1	24493754	3039672	8.058025340
65536	129	boundary	fresh_resources	4	2	27048562	2838157	9.530326194
65536	129	boundary	fresh_resources	4	3	24459213	2847067	8.591021216
65536	129	boundary	fresh_resources	4	4	24505097	2828887	8.662451699
65536	129	boundary	fresh_resources	4	5	25477516	2854865	8.924245455
65536	129	boundary	fresh_resources	4	6	24656768	2991081	8.243430385
65536	129	boundary	fresh_resources	4	7	24659162	2947654	8.365690817
65536	129	boundary	fresh_resources	4	8	25573618	3064089	8.346238637
65536	129	boundary	fresh_resources	4	9	24553430	2843954	8.633553848
65536	129	boundary	fresh_resources	4	10	24709716	3041292	8.124743037
65536	129	boundary	fresh_resources	4	11	25395407	3043995	8.342788671
65536	129	boundary	fresh_resources	4	12	24662359	2869936	8.593348075
65536	129	boundary	fresh_resources	4	13	24671491	2863178	8.616820540
65536	129	boundary	fresh_resources	4	14	25437252	2855967	8.906703754
65536	129	boundary	fresh_resources	4	15	24620497	3078194	7.998357803
65536	129	boundary	fresh_resources	4	16	24601501	2870018	8.571897807
65536	129	boundary	fresh_resources	4	17	25285054	2830169	8.934114535
65536	129	boundary	fresh_resources	4	18	24482425	2831717	8.645788050
65536	129	boundary	fresh_resources	4	19	24508884	3056365	8.018965012
65536	129	boundary	fresh_resources	5	0	28676855	5203148	5.511443265
65536	129	boundary	fresh_resources	5	1	28555299	5298399	5.389420276
65536	129	boundary	fresh_resources	5	2	30465887	5693876	5.350641110
65536	129	boundary	fresh_resources	5	3	28231526	5215522	5.412981865
65536	129	boundary	fresh_resources	5	4	28660334	5570496	5.145023711
65536	129	boundary	fresh_resources	5	5	28937810	5118750	5.653296215
65536	129	boundary	fresh_resources	5	6	28610278	5338601	5.359133975
65536	129	boundary	fresh_resources	5	7	29575479	5208921	5.677851325
65536	129	boundary	fresh_resources	5	8	30335052	5825024	5.207712792
65536	129	boundary	fresh_resources	5	9	28951225	5810661	4.982432291
65536	129	boundary	fresh_resources	5	10	28979201	5575054	5.198012611
65536	129	boundary	fresh_resources	5	11	29727714	5785228	5.138555300
65536	129	boundary	fresh_resources	5	12	28927531	5616883	5.150103892
65536	129	boundary	fresh_resources	5	13	28735348	5598517	5.132671384
65536	129	boundary	fresh_resources	5	14	29804818	5251493	5.675494188
65536	129	boundary	fresh_resources	5	15	28974348	5741890	5.046134287
65536	129	boundary	fresh_resources	5	16	29311221	5671286	5.168355290
65536	129	boundary	fresh_resources	5	17	29358599	5348770	5.488850521
65536	129	boundary	fresh_resources	5	18	28919163	5706893	5.067409359
65536	129	boundary	fresh_resources	5	19	28686178	5692814	5.039015503
65536	129	boundary	fresh_resources	6	0	24496370	3069509	7.980549984
65536	129	boundary	fresh_resources	6	1	24483423	3001650	8.156654840
65536	129	boundary	fresh_resources	6	2	27049547	2958090	9.144260993
65536	129	boundary	fresh_resources	6	3	24906325	2819147	8.834702483
65536	129	boundary	fresh_resources	6	4	24715917	3009387	8.212940709
65536	129	boundary	fresh_resources	6	5	26492592	3042510	8.707479022
65536	129	boundary	fresh_resources	6	6	24633380	3060079	8.049916358
65536	129	boundary	fresh_resources	6	7	24512553	2912549	8.416185616
65536	129	boundary	fresh_resources	6	8	25466774	2992184	8.511098916
65536	129	boundary	fresh_resources	6	9	24568969	3084151	7.966201720
65536	129	boundary	fresh_resources	6	10	24534667	2820499	8.698697287
65536	129	boundary	fresh_resources	6	11	25419371	2986287	8.512032166
65536	129	boundary	fresh_resources	6	12	24610349	2839263	8.667865217
65536	129	boundary	fresh_resources	6	13	25723190	2828177	9.095325363
65536	129	boundary	fresh_resources	6	14	25388310	2826307	8.982856427
65536	129	boundary	fresh_resources	6	15	24785832	2879563	8.607497735
65536	129	boundary	fresh_resources	6	16	24533516	3032462	8.090296268
65536	129	boundary	fresh_resources	6	17	26390349	3104010	8.502018035
65536	129	boundary	fresh_resources	6	18	24627392	2832797	8.693666366
65536	129	boundary	fresh_resources	6	19	24648710	2841198	8.675463660
65536	129	boundary	fresh_resources	7	0	25436648	3049505	8.341238332
65536	129	boundary	fresh_resources	7	1	25343293	2941728	8.615104116
65536	129	boundary	fresh_resources	7	2	27750730	3234236	8.580304591
65536	129	boundary	fresh_resources	7	3	25560238	3096045	8.255770830
65536	129	boundary	fresh_resources	7	4	25516066	3001910	8.499943703
65536	129	boundary	fresh_resources	7	5	28579846	2976363	9.602271632
65536	129	boundary	fresh_resources	7	6	25352652	3153950	8.038381078
65536	129	boundary	fresh_resources	7	7	24998539	2900275	8.619368508
65536	129	boundary	fresh_resources	7	8	25713380	2897506	8.874314669
65536	129	boundary	fresh_resources	7	9	25121501	2898480	8.667129323
65536	129	boundary	fresh_resources	7	10	24991487	2880623	8.675722925
65536	129	boundary	fresh_resources	7	11	25837101	2916419	8.859186900
65536	129	boundary	fresh_resources	7	12	24956737	2907896	8.582403566
65536	129	boundary	fresh_resources	7	13	25280346	3015780	8.382689056
65536	129	boundary	fresh_resources	7	14	25867679	3202698	8.076839902
65536	129	boundary	fresh_resources	7	15	25335647	3045549	8.318909661
65536	129	boundary	fresh_resources	7	16	25155111	2911666	8.639421898
65536	129	boundary	fresh_resources	7	17	25908195	3115757	8.315216816
65536	129	boundary	fresh_resources	7	18	25310679	2965270	8.535708047
65536	129	boundary	fresh_resources	7	19	25322625	2915498	8.685523022
65536	129	boundary	fresh_resources	8	0	28359080	5358602	5.292253465
65536	129	boundary	fresh_resources	8	1	28694058	5351876	5.361495296
65536	129	boundary	fresh_resources	8	2	31246203	4962775	6.296115177
65536	129	boundary	fresh_resources	8	3	28719214	4861295	5.907729113
65536	129	boundary	fresh_resources	8	4	28740601	4858309	5.915762254
65536	129	boundary	fresh_resources	8	5	29450028	4829953	6.097373618
65536	129	boundary	fresh_resources	8	6	28746733	5453302	5.271436095
65536	129	boundary	fresh_resources	8	7	28305606	5433267	5.209684339
65536	129	boundary	fresh_resources	8	8	28994239	4919113	5.894200641
65536	129	boundary	fresh_resources	8	9	28365050	5365628	5.286436182
65536	129	boundary	fresh_resources	8	10	28252304	5354452	5.276413721
65536	129	boundary	fresh_resources	8	11	29543807	5355868	5.516156672
65536	129	boundary	fresh_resources	8	12	28261087	5088572	5.553834553
65536	129	boundary	fresh_resources	8	13	28711815	4903911	5.854880931
65536	129	boundary	fresh_resources	8	14	29023406	4875287	5.953168706
65536	129	boundary	fresh_resources	8	15	28267251	4853407	5.824207819
65536	129	boundary	fresh_resources	8	16	28212375	4993217	5.650139980
65536	129	boundary	fresh_resources	8	17	28978284	5314915	5.452257280
65536	129	boundary	fresh_resources	8	18	28803436	5352117	5.381690273
65536	129	boundary	fresh_resources	8	19	28270944	4995787	5.658957037
65536	129	boundary	fresh_resources	9	0	28726984	5406177	5.313733531
65536	129	boundary	fresh_resources	9	1	28677075	4966842	5.773703895
65536	129	boundary	fresh_resources	9	2	30881621	4944587	6.245541033
65536	129	boundary	fresh_resources	9	3	28686182	5297596	5.414943306
65536	129	boundary	fresh_resources	9	4	29168707	5309670	5.493506564
65536	129	boundary	fresh_resources	9	5	29460167	5091183	5.786507183
65536	129	boundary	fresh_resources	9	6	29073042	5418831	5.365187067
65536	129	boundary	fresh_resources	9	7	28760791	5391542	5.334427702
65536	129	boundary	fresh_resources	9	8	29439807	5638133	5.221552418
65536	129	boundary	fresh_resources	9	9	28580467	5237636	5.456749381
65536	129	boundary	fresh_resources	9	10	28585368	5292133	5.401483296
65536	129	boundary	fresh_resources	9	11	26094612	5320499	4.904542224
65536	129	boundary	fresh_resources	9	12	25077903	2930171	8.558511773
65536	129	boundary	fresh_resources	9	13	25082265	2940530	8.529844960
65536	129	boundary	fresh_resources	9	14	25855665	3143158	8.226015046
65536	129	boundary	fresh_resources	9	15	25147171	2950452	8.523158824
65536	129	boundary	fresh_resources	9	16	25069446	2931427	8.551959848
65536	129	boundary	fresh_resources	9	17	25942482	2935983	8.836046394
65536	129	boundary	fresh_resources	9	18	25056080	3126476	8.014160352
65536	129	boundary	fresh_resources	9	19	25125747	2934089	8.563389522
65536	129	boundary	fresh_resources	10	0	26911115	4057576	6.632313233
65536	129	boundary	fresh_resources	10	1	28704595	4385680	6.545072828
65536	129	boundary	fresh_resources	10	2	30610715	4910232	6.234066944
65536	129	boundary	fresh_resources	10	3	27909962	5341204	5.225406481
65536	129	boundary	fresh_resources	10	4	28732697	5278529	5.443315174
65536	129	boundary	fresh_resources	10	5	29162417	5313518	5.488344445
65536	129	boundary	fresh_resources	10	6	28478776	4970590	5.729455859
65536	129	boundary	fresh_resources	10	7	28459488	4988344	5.705197557
65536	129	boundary	fresh_resources	10	8	29202208	4714216	6.194499361
65536	129	boundary	fresh_resources	10	9	28454522	4753477	5.986043900
65536	129	boundary	fresh_resources	10	10	28033785	5314365	5.275095896
65536	129	boundary	fresh_resources	10	11	29683488	4928795	6.022463503
65536	129	boundary	fresh_resources	10	12	28511377	4628346	6.160165424
65536	129	boundary	fresh_resources	10	13	28891718	4853146	5.953193660
65536	129	boundary	fresh_resources	10	14	29445495	5017635	5.868401149
65536	129	boundary	fresh_resources	10	15	27955120	5078533	5.504565984
65536	129	boundary	fresh_resources	10	16	28455573	4967500	5.728348868
65536	129	boundary	fresh_resources	10	17	28866364	4846840	5.955708049
65536	129	boundary	fresh_resources	10	18	30173525	5491554	5.494533059
65536	129	boundary	fresh_resources	10	19	28097033	5374730	5.227617573
65536	129	sparse4	prepared	1	0	27854691	3687134	7.554564331
65536	129	sparse4	prepared	1	1	26204172	3993960	6.560950035
65536	129	sparse4	prepared	1	2	27834865	4022837	6.919212735
65536	129	sparse4	prepared	1	3	27748078	3676073	7.548293519
65536	129	sparse4	prepared	1	4	26137085	4014793	6.510194922
65536	129	sparse4	prepared	1	5	27774887	4025288	6.900099322
65536	129	sparse4	prepared	1	6	27740660	4090201	6.782224150
65536	129	sparse4	prepared	1	7	26190084	3986526	6.569650869
65536	129	sparse4	prepared	1	8	27836661	4205188	6.619599647
65536	129	sparse4	prepared	1	9	27807244	4087718	6.802632667
65536	129	sparse4	prepared	1	10	25802001	4053590	6.365222186
65536	129	sparse4	prepared	1	11	28153964	4173948	6.745164051
65536	129	sparse4	prepared	1	12	27898674	4083945	6.831305025
65536	129	sparse4	prepared	1	13	26002333	4146185	6.271387553
65536	129	sparse4	prepared	1	14	28036337	4037478	6.944022234
65536	129	sparse4	prepared	1	15	28027766	4067743	6.890249949
65536	129	sparse4	prepared	1	16	25876979	4058072	6.376668280
65536	129	sparse4	prepared	1	17	27826669	4086591	6.809262048
65536	129	sparse4	prepared	1	18	27915938	3768867	7.406984115
65536	129	sparse4	prepared	1	19	26001623	4050217	6.419809852
65536	129	sparse4	prepared	2	0	28064671	4171178	6.728236244
65536	129	sparse4	prepared	2	1	26530348	4226065	6.277789859
65536	129	sparse4	prepared	2	2	28182798	3726107	7.563604051
65536	129	sparse4	prepared	2	3	28435027	4108057	6.921770316
65536	129	sparse4	prepared	2	4	26057690	4121868	6.321815740
65536	129	sparse4	prepared	2	5	28521277	3712876	7.681720855
65536	129	sparse4	prepared	2	6	28160076	4171716	6.750238032
65536	129	sparse4	prepared	2	7	26195040	4046300	6.473825470
65536	129	sparse4	prepared	2	8	28165888	4234208	6.651984976
65536	129	sparse4	prepared	2	9	28322623	4096841	6.913283430
65536	129	sparse4	prepared	2	10	26370007	4089109	6.448839344
65536	129	sparse4	prepared	2	11	28293369	4063925	6.962079517
65536	129	sparse4	prepared	2	12	28081025	4135711	6.789890541
65536	129	sparse4	prepared	2	13	26689890	3739163	7.137931671
65536	129	sparse4	prepared	2	14	28088826	4043428	6.946785253
65536	129	sparse4	prepared	2	15	28033289	4158682	6.740907095
65536	129	sparse4	prepared	2	16	26302804	3917774	6.713711409
65536	129	sparse4	prepared	2	17	27951054	3798184	7.359057381
65536	129	sparse4	prepared	2	18	27581685	3748873	7.357327122
65536	129	sparse4	prepared	2	19	26083648	3724801	7.002695714
65536	129	sparse4	prepared	3	0	24438686	1709319	14.297323086
65536	129	sparse4	prepared	3	1	22282262	1685890	13.216913322
65536	129	sparse4	prepared	3	2	24233329	1742265	13.909094770
65536	129	sparse4	prepared	3	3	24280461	1732937	14.011161975
65536	129	sparse4	prepared	3	4	22138870	1708646	12.956967096
65536	129	sparse4	prepared	3	5	24253199	1843068	13.159144969
65536	129	sparse4	prepared	3	6	24356800	1709405	14.248700571
65536	129	sparse4	prepared	3	7	22201637	1702379	13.041535992
65536	129	sparse4	prepared	3	8	24126570	1687758	14.295041114
65536	129	sparse4	prepared	3	9	31901363	1867295	17.084265207
65536	129	sparse4	prepared	3	10	27935750	2035355	13.725246947
65536	129	sparse4	prepared	3	11	24251198	1750653	13.852658408
65536	129	sparse4	prepared	3	12	24300729	1840377	13.204212506
65536	129	sparse4	prepared	3	13	22446166	1700468	13.199993178
65536	129	sparse4	prepared	3	14	24337574	1912331	12.726653493
65536	129	sparse4	prepared	3	15	24664964	1883936	13.092251541
65536	129	sparse4	prepared	3	16	23372024	2262565	10.329879584
65536	129	sparse4	prepared	3	17	25182954	2353144	10.701832952
65536	129	sparse4	prepared	3	18	25190698	2354669	10.698190701
65536	129	sparse4	prepared	3	19	23038311	2336058	9.862045805
65536	129	sparse4	prepared	4	0	23634553	1684055	14.034311825
65536	129	sparse4	prepared	4	1	21723076	1802085	12.054412528
65536	129	sparse4	prepared	4	2	24039954	1673944	14.361265371
65536	129	sparse4	prepared	4	3	23860921	1712999	13.929325703
65536	129	sparse4	prepared	4	4	21867019	1696302	12.890994056
65536	129	sparse4	prepared	4	5	23682518	1661079	14.257309857
65536	129	sparse4	prepared	4	6	24076041	1948968	12.353225399
65536	129	sparse4	prepared	4	7	21818642	1699099	12.841301184
65536	129	sparse4	prepared	4	8	23848563	1685544	14.148881904
65536	129	sparse4	prepared	4	9	23665163	1711600	13.826339682
65536	129	sparse4	prepared	4	10	21819470	1693177	12.886703517
65536	129	sparse4	prepared	4	11	23983834	1691572	14.178429295
65536	129	sparse4	prepared	4	12	23743839	1677171	14.157077006
65536	129	sparse4	prepared	4	13	21701291	1668393	13.007301637
65536	129	sparse4	prepared	4	14	23810714	1874477	12.702590643
65536	129	sparse4	prepared	4	15	24168847	1692359	14.281158430
65536	129	sparse4	prepared	4	16	22048945	1666200	13.233072260
65536	129	sparse4	prepared	4	17	23867755	1684557	14.168564792
65536	129	sparse4	prepared	4	18	23807224	1699783	14.006037241
65536	129	sparse4	prepared	4	19	21740426	1665179	13.055909305
65536	129	sparse4	prepared	5	0	27757596	4020257	6.904433224
65536	129	sparse4	prepared	5	1	25935705	4053147	6.398905591
65536	129	sparse4	prepared	5	2	28095440	4153724	6.763915946
65536	129	sparse4	prepared	5	3	28542451	4158033	6.864411851
65536	129	sparse4	prepared	5	4	26406533	4133664	6.388166285
65536	129	sparse4	prepared	5	5	27901312	4219975	6.611724477
65536	129	sparse4	prepared	5	6	28185873	4029235	6.995341051
65536	129	sparse4	prepared	5	7	25828947	4390858	5.882437328
65536	129	sparse4	prepared	5	8	27726967	4428543	6.260968224
65536	129	sparse4	prepared	5	9	28346434	4466845	6.345963202
65536	129	sparse4	prepared	5	10	26378716	4493615	5.870266144
65536	129	sparse4	prepared	5	11	27784527	4048144	6.863522394
65536	129	sparse4	prepared	5	12	28366434	4051218	7.001952006
65536	129	sparse4	prepared	5	13	26141612	4514454	5.790647551
65536	129	sparse4	prepared	5	14	28208196	4174899	6.756617585
65536	129	sparse4	prepared	5	15	28594163	4686193	6.101789448
65536	129	sparse4	prepared	5	16	26221549	4121000	6.362909245
65536	129	sparse4	prepared	5	17	28230551	4415094	6.394099650
65536	129	sparse4	prepared	5	18	28200482	4067391	6.933309829
65536	129	sparse4	prepared	5	19	25724718	4502837	5.713002269
65536	129	sparse4	prepared	6	0	23794307	1695001	14.037930951
65536	129	sparse4	prepared	6	1	21729374	1787260	12.157925540
65536	129	sparse4	prepared	6	2	23966360	1854491	12.923416722
65536	129	sparse4	prepared	6	3	23899941	1872186	12.765794104
65536	129	sparse4	prepared	6	4	22484932	1838471	12.230234798
65536	129	sparse4	prepared	6	5	23961024	1732877	13.827307997
65536	129	sparse4	prepared	6	6	23906218	1709800	13.981879752
65536	129	sparse4	prepared	6	7	21791837	1791812	12.161899239
65536	129	sparse4	prepared	6	8	23852617	1698989	14.039300431
65536	129	sparse4	prepared	6	9	23886643	1676626	14.246852309
65536	129	sparse4	prepared	6	10	21849290	1714826	12.741403501
65536	129	sparse4	prepared	6	11	23804034	1783039	13.350259865
65536	129	sparse4	prepared	6	12	23961147	1689579	14.181726335
65536	129	sparse4	prepared	6	13	22070337	1795975	12.288777405
65536	129	sparse4	prepared	6	14	24088841	1866794	12.903856023
65536	129	sparse4	prepared	6	15	23788958	1710127	13.910638216
65536	129	sparse4	prepared	6	16	22046176	1683341	13.096678570
65536	129	sparse4	prepared	6	17	23952249	1858072	12.890915422
65536	129	sparse4	prepared	6	18	23863995	1717298	13.896245730
65536	129	sparse4	prepared	6	19	22236129	1701727	13.066801549
65536	129	sparse4	prepared	7	0	24527605	1751391	14.004642596
65536	129	sparse4	prepared	7	1	22587552	1775875	12.719111424
65536	129	sparse4	prepared	7	2	24631247	1785755	13.793183835
65536	129	sparse4	prepared	7	3	24764586	1954605	12.669867313
65536	129	sparse4	prepared	7	4	22538066	1749049	12.885897422
65536	129	sparse4	prepared	7	5	24497345	1868155	13.113122305
65536	129	sparse4	prepared	7	6	24527039	1817329	13.496201843
65536	129	sparse4	prepared	7	7	22485167	1729435	13.001452497
65536	129	sparse4	prepared	7	8	24692851	1977799	12.485015414
65536	129	sparse4	prepared	7	9	24830464	1791209	13.862404666
65536	129	sparse4	prepared	7	10	22781887	2003589	11.370539068
65536	129	sparse4	prepared	7	11	24981466	1775446	14.070529884
65536	129	sparse4	prepared	7	12	24799709	2134703	11.617404857
65536	129	sparse4	prepared	7	13	23004177	1796538	12.804726090
65536	129	sparse4	prepared	7	14	24771409	2117440	11.698753684
65536	129	sparse4	prepared	7	15	24940741	1798706	13.865935289
65536	129	sparse4	prepared	7	16	23259465	1964007	11.842862576
65536	129	sparse4	prepared	7	17	24392142	1953622	12.485599568
65536	129	sparse4	prepared	7	18	24530582	2163537	11.338184649
65536	129	sparse4	prepared	7	19	22955978	1785263	12.858597305
65536	129	sparse4	prepared	8	0	28071375	3789276	7.408110415
65536	129	sparse4	prepared	8	1	25764835	3644080	7.070326392
65536	129	sparse4	prepared	8	2	27927613	3835280	7.281766390
65536	129	sparse4	prepared	8	3	27537162	3781213	7.282626501
65536	129	sparse4	prepared	8	4	26120079	3829708	6.820383956
65536	129	sparse4	prepared	8	5	27902751	3733054	7.474510414
65536	129	sparse4	prepared	8	6	27792239	4338720	6.405630923
65536	129	sparse4	prepared	8	7	26072608	3787382	6.884071372
65536	129	sparse4	prepared	8	8	27938802	4243127	6.584484037
65536	129	sparse4	prepared	8	9	27744688	3865534	7.177452844
65536	129	sparse4	prepared	8	10	26291988	3835813	6.854345611
65536	129	sparse4	prepared	8	11	28101865	3885375	7.232729145
65536	129	sparse4	prepared	8	12	28134668	3755258	7.492073248
65536	129	sparse4	prepared	8	13	25784374	3720209	6.930893936
65536	129	sparse4	prepared	8	14	28081536	4150455	6.765893378
65536	129	sparse4	prepared	8	15	27861375	4244511	6.564095369
65536	129	sparse4	prepared	8	16	25719166	4029581	6.382590647
65536	129	sparse4	prepared	8	17	27818560	3718558	7.481007423
65536	129	sparse4	prepared	8	18	35727126	5548699	6.438829354
65536	129	sparse4	prepared	8	19	27058828	4741092	5.707298656
65536	129	sparse4	prepared	9	0	24441307	1740699	14.041087517
65536	129	sparse4	prepared	9	1	23788735	1942109	12.248918573
65536	129	sparse4	prepared	9	2	33574514	2948245	11.387966061
65536	129	sparse4	prepared	9	3	24676951	2347462	10.512183371
65536	129	sparse4	prepared	9	4	22290409	1959778	11.373945927
65536	129	sparse4	prepared	9	5	24098261	1759362	13.697158970
65536	129	sparse4	prepared	9	6	24145449	1750147	13.796240544
65536	129	sparse4	prepared	9	7	22405700	1752700	12.783533976
65536	129	sparse4	prepared	9	8	24351924	1949976	12.488319856
65536	129	sparse4	prepared	9	9	24319154	1728837	14.066770899
65536	129	sparse4	prepared	9	10	22378491	1727052	12.957624322
65536	129	sparse4	prepared	9	11	24320560	1721445	14.127991310
65536	129	sparse4	prepared	9	12	24114479	1748209	13.793819274
65536	129	sparse4	prepared	9	13	22307976	1713999	13.015162786
65536	129	sparse4	prepared	9	14	24275025	1752691	13.850145291
65536	129	sparse4	prepared	9	15	24461063	1899350	12.878649538
65536	129	sparse4	prepared	9	16	22270333	1817534	12.253048911
65536	129	sparse4	prepared	9	17	24231962	1969041	12.306479144
65536	129	sparse4	prepared	9	18	24372495	1779399	13.697037595
65536	129	sparse4	prepared	9	19	22357309	1733275	12.898881597
65536	129	sparse4	prepared	10	0	27540539	3593974	7.662976694
65536	129	sparse4	prepared	10	1	25767260	4081839	6.312659563
65536	129	sparse4	prepared	10	2	27751240	4149723	6.687492153
65536	129	sparse4	prepared	10	3	28021151	3703758	7.565599858
65536	129	sparse4	prepared	10	4	25548580	3748515	6.815653666
65536	129	sparse4	prepared	10	5	27388843	3606889	7.593480975
65536	129	sparse4	prepared	10	6	27989348	3642732	7.683614386
65536	129	sparse4	prepared	10	7	25515673	4042346	6.312095254
65536	129	sparse4	prepared	10	8	27393301	3710758	7.382130821
65536	129	sparse4	prepared	10	9	27424332	3610844	7.594992196
65536	129	sparse4	prepared	10	10	25470034	3973215	6.410434371
65536	129	sparse4	prepared	10	11	27745431	3969441	6.989757752
65536	129	sparse4	prepared	10	12	27770991	4190862	6.626558212
65536	129	sparse4	prepared	10	13	25641606	3739200	6.857511232
65536	129	sparse4	prepared	10	14	27983883	3626134	7.717277685
65536	129	sparse4	prepared	10	15	27565375	4115776	6.697491554
65536	129	sparse4	prepared	10	16	25531906	3736316	6.833443959
65536	129	sparse4	prepared	10	17	27516472	3723389	7.390168473
65536	129	sparse4	prepared	10	18	27596561	3632277	7.597592640
65536	129	sparse4	prepared	10	19	25673457	3722646	6.896561478
65536	129	sparse4	fresh_resources	1	0	29856228	4780122	6.245913389
65536	129	sparse4	fresh_resources	1	1	26805771	5377894	4.984436473
65536	129	sparse4	fresh_resources	1	2	28321850	5139422	5.510707235
65536	129	sparse4	fresh_resources	1	3	29846145	5268833	5.664659518
65536	129	sparse4	fresh_resources	1	4	26521584	5270208	5.032360013
65536	129	sparse4	fresh_resources	1	5	29295205	5327249	5.499124407
65536	129	sparse4	fresh_resources	1	6	28799896	5284326	5.450060424
65536	129	sparse4	fresh_resources	1	7	27564643	5234107	5.266350688
65536	129	sparse4	fresh_resources	1	8	32181681	6968767	4.617987802
65536	129	sparse4	fresh_resources	1	9	32857602	6120588	5.368373431
65536	129	sparse4	fresh_resources	1	10	27019571	5208728	5.187364554
65536	129	sparse4	fresh_resources	1	11	30399689	5443298	5.584792345
65536	129	sparse4	fresh_resources	1	12	28736556	5364769	5.356531847
65536	129	sparse4	fresh_resources	1	13	27297584	5126784	5.324504407
65536	129	sparse4	fresh_resources	1	14	28630007	4903167	5.839084616
65536	129	sparse4	fresh_resources	1	15	29311545	4955124	5.915400906
65536	129	sparse4	fresh_resources	1	16	26784417	4903155	5.462690247
65536	129	sparse4	fresh_resources	1	17	29326872	5441487	5.389495923
65536	129	sparse4	fresh_resources	1	18	28894564	5456709	5.295236378
65536	129	sparse4	fresh_resources	1	19	26722750	5164230	5.174585563
65536	129	sparse4	fresh_resources	2	0	28226234	5335838	5.289934589
65536	129	sparse4	fresh_resources	2	1	26902383	4863239	5.531783036
65536	129	sparse4	fresh_resources	2	2	28458212	4952041	5.746764213
65536	129	sparse4	fresh_resources	2	3	28367281	4879973	5.812999580
65536	129	sparse4	fresh_resources	2	4	27173357	5056370	5.374083977
65536	129	sparse4	fresh_resources	2	5	28780693	4993745	5.763348549
65536	129	sparse4	fresh_resources	2	6	28565643	5022059	5.688034131
65536	129	sparse4	fresh_resources	2	7	27633240	5402677	5.114731086
65536	129	sparse4	fresh_resources	2	8	28974407	5412068	5.353666473
65536	129	sparse4	fresh_resources	2	9	28360918	5411805	5.240565394
65536	129	sparse4	fresh_resources	2	10	26466415	5498342	4.813526514
65536	129	sparse4	fresh_resources	2	11	29343552	4977347	5.895420191
65536	129	sparse4	fresh_resources	2	12	28140496	4897889	5.745433594
65536	129	sparse4	fresh_resources	2	13	26543105	5023404	5.283888176
65536	129	sparse4	fresh_resources	2	14	28860953	5347073	5.397523655
65536	129	sparse4	fresh_resources	2	15	28879415	5081278	5.683494389
65536	129	sparse4	fresh_resources	2	16	26971715	4869032	5.539440899
65536	129	sparse4	fresh_resources	2	17	28864634	5111443	5.647061701
65536	129	sparse4	fresh_resources	2	18	28780517	4884857	5.891782912
65536	129	sparse4	fresh_resources	2	19	26965568	5007686	5.384836030
65536	129	sparse4	fresh_resources	3	0	25928776	3502940	7.402004031
65536	129	sparse4	fresh_resources	3	1	23479758	3403699	6.898306225
65536	129	sparse4	fresh_resources	3	2	25663508	3439530	7.461341520
65536	129	sparse4	fresh_resources	3	3	25645758	3624191	7.076271091
65536	129	sparse4	fresh_resources	3	4	23523049	3560169	6.607284373
65536	129	sparse4	fresh_resources	3	5	25721044	3592602	7.159447108
65536	129	sparse4	fresh_resources	3	6	25752751	3592333	7.168809517
65536	129	sparse4	fresh_resources	3	7	23626615	3564809	6.627736577
65536	129	sparse4	fresh_resources	3	8	25672077	3619865	7.091998459
65536	129	sparse4	fresh_resources	3	9	25615046	3433478	7.460378660
65536	129	sparse4	fresh_resources	3	10	23866900	3409480	7.000158382
65536	129	sparse4	fresh_resources	3	11	26765401	3458418	7.739203590
65536	129	sparse4	fresh_resources	3	12	25657906	3416390	7.510239171
65536	129	sparse4	fresh_resources	3	13	23812926	3503977	6.795970978
65536	129	sparse4	fresh_resources	3	14	26201691	4072053	6.434516201
65536	129	sparse4	fresh_resources	3	15	26159662	3914718	6.682387339
65536	129	sparse4	fresh_resources	3	16	24274095	4189380	5.794197471
65536	129	sparse4	fresh_resources	3	17	26108332	4094100	6.377062602
65536	129	sparse4	fresh_resources	3	18	26064134	3820528	6.822128774
65536	129	sparse4	fresh_resources	3	19	24269626	4219031	5.752417083
65536	129	sparse4	fresh_resources	4	0	24483262	2966080	8.254417278
65536	129	sparse4	fresh_resources	4	1	24581251	2834641	8.671733387
65536	129	sparse4	fresh_resources	4	2	34490586	4602540	7.493815589
65536	129	sparse4	fresh_resources	4	3	24650667	2952985	8.347711553
65536	129	sparse4	fresh_resources	4	4	22523325	3080322	7.312003420
65536	129	sparse4	fresh_resources	4	5	24401747	2977635	8.195009462
65536	129	sparse4	fresh_resources	4	6	24345717	2855928	8.524625621
65536	129	sparse4	fresh_resources	4	7	22291281	2958313	7.535132692
65536	129	sparse4	fresh_resources	4	8	24596588	2861382	8.596051838
65536	129	sparse4	fresh_resources	4	9	24143530	2851589	8.466693482
65536	129	sparse4	fresh_resources	4	10	22446449	3024546	7.421427546
65536	129	sparse4	fresh_resources	4	11	25791094	3072213	8.394956339
65536	129	sparse4	fresh_resources	4	12	24163863	2989784	8.082143392
65536	129	sparse4	fresh_resources	4	13	22430056	3012648	7.445295966
65536	129	sparse4	fresh_resources	4	14	24232454	2813175	8.613916305
65536	129	sparse4	fresh_resources	4	15	24588868	2818587	8.723827932
65536	129	sparse4	fresh_resources	4	16	22197401	3010426	7.373508268
65536	129	sparse4	fresh_resources	4	17	24450109	2857444	8.556636281
65536	129	sparse4	fresh_resources	4	18	24208685	2848307	8.499324335
65536	129	sparse4	fresh_resources	4	19	22064188	2835726	7.780789822
65536	129	sparse4	fresh_resources	5	0	28683591	5349948	5.361470990
65536	129	sparse4	fresh_resources	5	1	36630813	5815568	6.298750698
65536	129	sparse4	fresh_resources	5	2	30877921	5595366	5.518481007
65536	129	sparse4	fresh_resources	5	3	28879877	5210674	5.542445565
65536	129	sparse4	fresh_resources	5	4	26622497	5790174	4.597875124
65536	129	sparse4	fresh_resources	5	5	28802977	5790750	4.973963131
65536	129	sparse4	fresh_resources	5	6	28709852	5336432	5.379971487
65536	129	sparse4	fresh_resources	5	7	26279321	5131764	5.120913783
65536	129	sparse4	fresh_resources	5	8	28586624	5310166	5.383376716
65536	129	sparse4	fresh_resources	5	9	28170784	5170251	5.448629863
65536	129	sparse4	fresh_resources	5	10	26853512	5168342	5.195769165
65536	129	sparse4	fresh_resources	5	11	28829100	5229603	5.512674671
65536	129	sparse4	fresh_resources	5	12	28386011	5318551	5.337170030
65536	129	sparse4	fresh_resources	5	13	26396362	5158371	5.117189516
65536	129	sparse4	fresh_resources	5	14	28249378	5382261	5.248607973
65536	129	sparse4	fresh_resources	5	15	28136863	5181790	5.429950461
65536	129	sparse4	fresh_resources	5	16	26545046	5254841	5.051541236
65536	129	sparse4	fresh_resources	5	17	28339924	5209265	5.440292249
65536	129	sparse4	fresh_resources	5	18	29090023	5315854	5.472314138
65536	129	sparse4	fresh_resources	5	19	26572558	5256769	5.054922139
65536	129	sparse4	fresh_resources	6	0	25900449	2899739	8.931993190
65536	129	sparse4	fresh_resources	6	1	23755717	3119267	7.615801084
65536	129	sparse4	fresh_resources	6	2	24657745	3075026	8.018711061
65536	129	sparse4	fresh_resources	6	3	25592221	2980102	8.587699683
65536	129	sparse4	fresh_resources	6	4	22971453	2876670	7.985432114
65536	129	sparse4	fresh_resources	6	5	25828340	2949827	8.755882972
65536	129	sparse4	fresh_resources	6	6	24810295	3051396	8.130801443
65536	129	sparse4	fresh_resources	6	7	23878776	3133999	7.619267268
65536	129	sparse4	fresh_resources	6	8	28745367	4559406	6.304629814
65536	129	sparse4	fresh_resources	6	9	31119582	3959522	7.859428992
65536	129	sparse4	fresh_resources	6	10	23142252	3289974	7.034174738
65536	129	sparse4	fresh_resources	6	11	26403074	3000843	8.798552273
65536	129	sparse4	fresh_resources	6	12	24799430	2930142	8.463559104
65536	129	sparse4	fresh_resources	6	13	22678729	3159695	7.177505740
65536	129	sparse4	fresh_resources	6	14	24708978	2880991	8.576555081
65536	129	sparse4	fresh_resources	6	15	25618593	3051931	8.394224181
65536	129	sparse4	fresh_resources	6	16	23595347	3387817	6.964764331
65536	129	sparse4	fresh_resources	6	17	26624731	3528132	7.546410112
65536	129	sparse4	fresh_resources	6	18	25690252	3354334	7.658823480
65536	129	sparse4	fresh_resources	6	19	24497682	3405967	7.192577615
65536	129	sparse4	fresh_resources	7	0	25205018	2952274	8.537492794
65536	129	sparse4	fresh_resources	7	1	23046952	2951573	7.808362524
65536	129	sparse4	fresh_resources	7	2	26118561	4191396	6.231470613
65536	129	sparse4	fresh_resources	7	3	37728074	3996516	9.440240950
65536	129	sparse4	fresh_resources	7	4	23494479	3227316	7.279881797
65536	129	sparse4	fresh_resources	7	5	24719158	2884420	8.569888574
65536	129	sparse4	fresh_resources	7	6	24950908	2938404	8.491312971
65536	129	sparse4	fresh_resources	7	7	22834018	2857465	7.991005314
65536	129	sparse4	fresh_resources	7	8	24763479	2901120	8.535834092
65536	129	sparse4	fresh_resources	7	9	24527269	2869682	8.547033783
65536	129	sparse4	fresh_resources	7	10	22763790	3027181	7.519798122
65536	129	sparse4	fresh_resources	7	11	26585450	2866069	9.275928109
65536	129	sparse4	fresh_resources	7	12	24671655	2930611	8.418604516
65536	129	sparse4	fresh_resources	7	13	24181936	3812364	6.343029155
65536	129	sparse4	fresh_resources	7	14	25041838	3246170	7.714271896
65536	129	sparse4	fresh_resources	7	15	24562646	3156948	7.780503828
65536	129	sparse4	fresh_resources	7	16	22999520	2940841	7.820728832
65536	129	sparse4	fresh_resources	7	17	24805649	2942761	8.429379416
65536	129	sparse4	fresh_resources	7	18	24620778	2959518	8.319185084
65536	129	sparse4	fresh_resources	7	19	22824365	2925306	7.802385460
65536	129	sparse4	fresh_resources	8	0	28299711	5326472	5.313031027
65536	129	sparse4	fresh_resources	8	1	26749260	4912365	5.445291626
65536	129	sparse4	fresh_resources	8	2	27934440	5384202	5.188222879
65536	129	sparse4	fresh_resources	8	3	28571093	5482715	5.211121315
65536	129	sparse4	fresh_resources	8	4	25995935	5526942	4.703493360
65536	129	sparse4	fresh_resources	8	5	28626647	5397521	5.303665701
65536	129	sparse4	fresh_resources	8	6	28509695	5383662	5.295595266
65536	129	sparse4	fresh_resources	8	7	26514881	5298185	5.004521548
65536	129	sparse4	fresh_resources	8	8	28101628	5363960	5.238970462
65536	129	sparse4	fresh_resources	8	9	28322770	5456141	5.190989382
65536	129	sparse4	fresh_resources	8	10	26466805	5343851	4.952758788
65536	129	sparse4	fresh_resources	8	11	28996577	4813597	6.023889619
65536	129	sparse4	fresh_resources	8	12	28314559	5004777	5.657506618
65536	129	sparse4	fresh_resources	8	13	26305665	5369919	4.898707969
65536	129	sparse4	fresh_resources	8	14	28418120	4827296	5.886964462
65536	129	sparse4	fresh_resources	8	15	28060048	5036662	5.571159629
65536	129	sparse4	fresh_resources	8	16	26539383	5016362	5.290563759
65536	129	sparse4	fresh_resources	8	17	28270576	4852476	5.826010474
65536	129	sparse4	fresh_resources	8	18	27850911	5016051	5.552358020
65536	129	sparse4	fresh_resources	8	19	26730713	5044805	5.298661296
65536	129	sparse4	fresh_resources	9	0	24924324	3167641	7.868418170
65536	129	sparse4	fresh_resources	9	1	22717492	2942972	7.719234842
65536	129	sparse4	fresh_resources	9	2	24854903	2959366	8.398725605
65536	129	sparse4	fresh_resources	9	3	24949253	2970632	8.398634701
65536	129	sparse4	fresh_resources	9	4	22756024	2957493	7.694362759
65536	129	sparse4	fresh_resources	9	5	24788495	3116746	7.953325359
65536	129	sparse4	fresh_resources	9	6	24869685	3156504	7.878870104
65536	129	sparse4	fresh_resources	9	7	22818091	2939020	7.763843390
65536	129	sparse4	fresh_resources	9	8	24777049	3147263	7.872570230
65536	129	sparse4	fresh_resources	9	9	24790432	3159663	7.845910149
65536	129	sparse4	fresh_resources	9	10	22966428	2984418	7.695446147
65536	129	sparse4	fresh_resources	9	11	26185541	3155081	8.299482961
65536	129	sparse4	fresh_resources	9	12	25031926	3152823	7.939527845
65536	129	sparse4	fresh_resources	9	13	22727139	2940521	7.728949734
65536	129	sparse4	fresh_resources	9	14	25582242	3737569	6.844620661
65536	129	sparse4	fresh_resources	9	15	25172126	2954959	8.518604150
65536	129	sparse4	fresh_resources	9	16	23207698	3079175	7.536985719
65536	129	sparse4	fresh_resources	9	17	24628402	2908507	8.467712816
65536	129	sparse4	fresh_resources	9	18	25038182	2994582	8.361160923
65536	129	sparse4	fresh_resources	9	19	23826142	3499319	6.808793940
65536	129	sparse4	fresh_resources	10	0	31173286	6845449	4.553870170
65536	129	sparse4	fresh_resources	10	1	31963952	6262129	5.104326660
65536	129	sparse4	fresh_resources	10	2	28445517	5436340	5.232475710
65536	129	sparse4	fresh_resources	10	3	28181851	5326127	5.291246529
65536	129	sparse4	fresh_resources	10	4	26277910	4858018	5.409183334
65536	129	sparse4	fresh_resources	10	5	28259444	5364840	5.267527829
65536	129	sparse4	fresh_resources	10	6	28201989	4870826	5.789980796
65536	129	sparse4	fresh_resources	10	7	26094175	4974228	5.245874335
65536	129	sparse4	fresh_resources	10	8	28532030	5018879	5.684940801
65536	129	sparse4	fresh_resources	10	9	28297757	5341908	5.297312683
65536	129	sparse4	fresh_resources	10	10	26374409	4951464	5.326588056
65536	129	sparse4	fresh_resources	10	11	29428318	5413348	5.436250912
65536	129	sparse4	fresh_resources	10	12	28771099	5432735	5.295877491
65536	129	sparse4	fresh_resources	10	13	26412546	5394975	4.895768006
65536	129	sparse4	fresh_resources	10	14	27848685	5540758	5.026150754
65536	129	sparse4	fresh_resources	10	15	28117378	4946134	5.684718206
65536	129	sparse4	fresh_resources	10	16	26443188	4956915	5.334605899
65536	129	sparse4	fresh_resources	10	17	28285273	4898089	5.774756849
65536	129	sparse4	fresh_resources	10	18	28301557	5140823	5.505258010
65536	129	sparse4	fresh_resources	10	19	26446774	4959959	5.332054963
65536	129	dense32	prepared	1	0	29497612	4140793	7.123662545
65536	129	dense32	prepared	1	1	28636721	3726067	7.685508876
65536	129	dense32	prepared	1	2	29717249	4105169	7.238983097
65536	129	dense32	prepared	1	3	30651343	4250806	7.210713215
65536	129	dense32	prepared	1	4	27598402	3655926	7.548949842
65536	129	dense32	prepared	1	5	30144508	4105257	7.342903989
65536	129	dense32	prepared	1	6	30919821	4093442	7.553501674
65536	129	dense32	prepared	1	7	28182430	4105234	6.864999657
65536	129	dense32	prepared	1	8	30148521	4072453	7.403037187
65536	129	dense32	prepared	1	9	30875370	4079595	7.568243907
65536	129	dense32	prepared	1	10	29019042	4105093	7.069034002
65536	129	dense32	prepared	1	11	30719238	3978372	7.721559975
65536	129	dense32	prepared	1	12	29527635	4096601	7.207837668
65536	129	dense32	prepared	1	13	29044018	4096657	7.089687518
65536	129	dense32	prepared	1	14	30636655	4074548	7.519031559
65536	129	dense32	prepared	1	15	30209158	4041385	7.474951780
65536	129	dense32	prepared	1	16	28652744	4088382	7.008333370
65536	129	dense32	prepared	1	17	29952166	4107002	7.292951403
65536	129	dense32	prepared	1	18	29400743	3753806	7.832248923
65536	129	dense32	prepared	1	19	28442197	3713152	7.659852600
65536	129	dense32	prepared	2	0	26200737	1770220	14.800836619
65536	129	dense32	prepared	2	1	25144858	1710269	14.702282506
65536	129	dense32	prepared	2	2	26287592	1733594	15.163638084
65536	129	dense32	prepared	2	3	25816073	1735565	14.874737045
65536	129	dense32	prepared	2	4	25245226	1762445	14.323979472
65536	129	dense32	prepared	2	5	26626526	1875698	14.195529344
65536	129	dense32	prepared	2	6	26418219	1766926	14.951514098
65536	129	dense32	prepared	2	7	25129540	1836458	13.683699818
65536	129	dense32	prepared	2	8	26725617	1876676	14.240932905
65536	129	dense32	prepared	2	9	26209357	1753020	14.950974319
65536	129	dense32	prepared	2	10	24173325	1743712	13.863140817
65536	129	dense32	prepared	2	11	26859432	1710834	15.699613171
65536	129	dense32	prepared	2	12	26770156	1896887	14.112678299
65536	129	dense32	prepared	2	13	24960296	1933307	12.910673783
65536	129	dense32	prepared	2	14	27626339	1717890	16.081552952
65536	129	dense32	prepared	2	15	26761217	1734949	15.424785974
65536	129	dense32	prepared	2	16	24393760	1736655	14.046405302
65536	129	dense32	prepared	2	17	27543996	1751878	15.722553739
65536	129	dense32	prepared	2	18	26736647	1951512	13.700477886
65536	129	dense32	prepared	2	19	24535074	1743014	14.076234614
65536	129	dense32	prepared	3	0	28590389	2853481	10.019477613
65536	129	dense32	prepared	3	1	27101578	2768178	9.790402929
65536	129	dense32	prepared	3	2	28124920	3226160	8.717769732
65536	129	dense32	prepared	3	3	28826770	2864042	10.065065387
65536	129	dense32	prepared	3	4	27146492	3382416	8.025769746
65536	129	dense32	prepared	3	5	27829594	2842695	9.789862789
65536	129	dense32	prepared	3	6	29272927	3476275	8.420774248
65536	129	dense32	prepared	3	7	26527357	3438727	7.714295726
65536	129	dense32	prepared	3	8	28117779	2890928	9.726212137
65536	129	dense32	prepared	3	9	28514421	3439052	8.291360817
65536	129	dense32	prepared	3	10	27873673	4062385	6.861406046
65536	129	dense32	prepared	3	11	29189321	3634559	8.031048884
65536	129	dense32	prepared	3	12	28940503	3736887	7.744548604
65536	129	dense32	prepared	3	13	27782196	3989271	6.964228803
65536	129	dense32	prepared	3	14	29935275	3678995	8.136807742
65536	129	dense32	prepared	3	15	30017467	3836358	7.824469718
65536	129	dense32	prepared	3	16	28057824	3856359	7.275729257
65536	129	dense32	prepared	3	17	30127524	3856957	7.811215940
65536	129	dense32	prepared	3	18	29740393	3815223	7.795191264
65536	129	dense32	prepared	3	19	28414745	3484882	8.153717974
65536	129	dense32	prepared	4	0	25794663	1696442	15.205154671
65536	129	dense32	prepared	4	1	25064375	1682661	14.895677145
65536	129	dense32	prepared	4	2	26942077	1658060	16.249156846
65536	129	dense32	prepared	4	3	25156579	1692352	14.864862038
65536	129	dense32	prepared	4	4	25150735	1690131	14.880938223
65536	129	dense32	prepared	4	5	27101490	1842023	14.712894464
65536	129	dense32	prepared	4	6	25275917	1724716	14.655118292
65536	129	dense32	prepared	4	7	25277559	1841492	13.726673263
65536	129	dense32	prepared	4	8	25839552	1661512	15.551829900
65536	129	dense32	prepared	4	9	25297417	1855435	13.634224319
65536	129	dense32	prepared	4	10	24877577	2001890	12.427044943
65536	129	dense32	prepared	4	11	25769791	1909965	13.492284414
65536	129	dense32	prepared	4	12	25352005	1899523	13.346511203
65536	129	dense32	prepared	4	13	23481360	1665970	14.094707588
65536	129	dense32	prepared	4	14	26200351	1685985	15.540085469
65536	129	dense32	prepared	4	15	26882385	1660345	16.190842867
65536	129	dense32	prepared	4	16	25095141	1687091	14.874799877
65536	129	dense32	prepared	4	17	25485866	1867082	13.650105352
65536	129	dense32	prepared	4	18	26162318	1692241	15.460160816
65536	129	dense32	prepared	4	19	23487814	1682134	13.963105199
65536	129	dense32	prepared	5	0	29262398	4048512	7.227939055
65536	129	dense32	prepared	5	1	28019798	4052364	6.914432662
65536	129	dense32	prepared	5	2	29347535	4098322	7.160866081
65536	129	dense32	prepared	5	3	29585695	4102937	7.210857734
65536	129	dense32	prepared	5	4	28054454	4045601	6.934557807
65536	129	dense32	prepared	5	5	30660643	4154660	7.379820009
65536	129	dense32	prepared	5	6	29636050	4090344	7.245368605
65536	129	dense32	prepared	5	7	27414838	4049421	6.770063671
65536	129	dense32	prepared	5	8	31311857	4060268	7.711770996
65536	129	dense32	prepared	5	9	30939891	4056792	7.626689019
65536	129	dense32	prepared	5	10	27748673	4114285	6.744470303
65536	129	dense32	prepared	5	11	31044405	4131301	7.514437946
65536	129	dense32	prepared	5	12	29217030	4049198	7.215510331
65536	129	dense32	prepared	5	13	27888443	4089481	6.819555587
65536	129	dense32	prepared	5	14	29347007	4024506	7.292076841
65536	129	dense32	prepared	5	15	31021264	4097474	7.570826319
65536	129	dense32	prepared	5	16	29051143	4082113	7.116692507
65536	129	dense32	prepared	5	17	29283031	3668468	7.982359666
65536	129	dense32	prepared	5	18	29558583	4105812	7.199205175
65536	129	dense32	prepared	5	19	27894518	4191773	6.654586973
65536	129	dense32	prepared	6	0	26878565	2160280	12.442167219
65536	129	dense32	prepared	6	1	25113832	2247273	11.175247511
65536	129	dense32	prepared	6	2	26482733	2310879	11.460025817
65536	129	dense32	prepared	6	3	27764635	2127527	13.050191607
65536	129	dense32	prepared	6	4	25848739	2154044	12.000097955
65536	129	dense32	prepared	6	5	28033860	2261578	12.395707776
65536	129	dense32	prepared	6	6	26794794	2171305	12.340410030
65536	129	dense32	prepared	6	7	25715533	2165547	11.874844093
65536	129	dense32	prepared	6	8	27255624	2709645	10.058743489
65536	129	dense32	prepared	6	9	28187994	2701133	10.435618683
65536	129	dense32	prepared	6	10	25641342	2652834	9.665641348
65536	129	dense32	prepared	6	11	27526252	2656231	10.362898408
65536	129	dense32	prepared	6	12	27766215	2525236	10.995493095
65536	129	dense32	prepared	6	13	25930422	2858744	9.070564556
65536	129	dense32	prepared	6	14	27222112	2720696	10.005569163
65536	129	dense32	prepared	6	15	26975143	2553814	10.562688982
65536	129	dense32	prepared	6	16	26079337	2797168	9.323478962
65536	129	dense32	prepared	6	17	27888333	2689045	10.371091968
65536	129	dense32	prepared	6	18	27441984	2741634	10.009353546
65536	129	dense32	prepared	6	19	25232816	2864972	8.807351695
65536	129	dense32	prepared	7	0	25590699	1748500	14.635801544
65536	129	dense32	prepared	7	1	23929153	1726942	13.856373289
65536	129	dense32	prepared	7	2	26689596	1729647	15.430660707
65536	129	dense32	prepared	7	3	26020120	1911784	13.610386947
65536	129	dense32	prepared	7	4	23987270	1889699	12.693698838
65536	129	dense32	prepared	7	5	27025990	1913100	14.126804663
65536	129	dense32	prepared	7	6	26199485	1767591	14.822142113
65536	129	dense32	prepared	7	7	24052218	1931231	12.454345441
65536	129	dense32	prepared	7	8	27351780	1712778	15.969249955
65536	129	dense32	prepared	7	9	25924783	1732293	14.965587808
65536	129	dense32	prepared	7	10	24696216	1917417	12.879940044
65536	129	dense32	prepared	7	11	26204271	1721418	15.222491574
65536	129	dense32	prepared	7	12	25503290	1732849	14.717548961
65536	129	dense32	prepared	7	13	25527798	1703260	14.987610817
65536	129	dense32	prepared	7	14	25715074	1731207	14.853841280
65536	129	dense32	prepared	7	15	26165881	1927140	13.577571427
65536	129	dense32	prepared	7	16	25293768	1721498	14.692882594
65536	129	dense32	prepared	7	17	27406827	1699640	16.125077664
65536	129	dense32	prepared	7	18	26581497	1870334	14.212165848
65536	129	dense32	prepared	7	19	26109064	1781881	14.652529546
65536	129	dense32	prepared	8	0	30151182	3740381	8.060992182
65536	129	dense32	prepared	8	1	29369203	3755915	7.819453582
65536	129	dense32	prepared	8	2	31072772	3812079	8.151135378
65536	129	dense32	prepared	8	3	29621974	3881767	7.631054105
65536	129	dense32	prepared	8	4	28971507	3750682	7.724330402
65536	129	dense32	prepared	8	5	31010204	3670141	8.449322247
65536	129	dense32	prepared	8	6	30983716	3794047	8.166402788
65536	129	dense32	prepared	8	7	29403721	3863022	7.611585179
65536	129	dense32	prepared	8	8	31276089	3884253	8.052021586
65536	129	dense32	prepared	8	9	30617939	3801198	8.054812983
65536	129	dense32	prepared	8	10	28379645	3703909	7.662079441
65536	129	dense32	prepared	8	11	30225299	3793123	7.968446844
65536	129	dense32	prepared	8	12	30642454	3686215	8.312714804
65536	129	dense32	prepared	8	13	28966218	3974213	7.288541908
65536	129	dense32	prepared	8	14	30680876	3946003	7.775178073
65536	129	dense32	prepared	8	15	30025368	3805885	7.889194760
65536	129	dense32	prepared	8	16	28096201	3776898	7.438962079
65536	129	dense32	prepared	8	17	29327145	3791829	7.734300518
65536	129	dense32	prepared	8	18	30243029	3783577	7.993237352
65536	129	dense32	prepared	8	19	28348913	3820820	7.419588727
65536	129	dense32	prepared	9	0	25828572	1759180	14.682165554
65536	129	dense32	prepared	9	1	23792346	1730546	13.748462046
65536	129	dense32	prepared	9	2	27440256	1961424	13.989966473
65536	129	dense32	prepared	9	3	27285006	1747346	15.615113435
65536	129	dense32	prepared	9	4	25618731	1782619	14.371400170
65536	129	dense32	prepared	9	5	27288541	1773141	15.389944173
65536	129	dense32	prepared	9	6	25687566	1918637	13.388445026
65536	129	dense32	prepared	9	7	25636388	1742003	14.716615299
65536	129	dense32	prepared	9	8	27458123	1738435	15.794736645
65536	129	dense32	prepared	9	9	27180013	1766882	15.383038030
65536	129	dense32	prepared	9	10	23934810	1748620	13.687828116
65536	129	dense32	prepared	9	11	27368996	1739196	15.736579431
65536	129	dense32	prepared	9	12	27252265	1791994	15.207788084
65536	129	dense32	prepared	9	13	25677553	1769217	14.513512475
65536	129	dense32	prepared	9	14	25836885	1757334	14.702318967
65536	129	dense32	prepared	9	15	26392823	1943023	13.583381669
65536	129	dense32	prepared	9	16	24708187	1910226	12.934693068
65536	129	dense32	prepared	9	17	26533005	1941525	13.666064048
65536	129	dense32	prepared	9	18	26536131	1962245	13.523352588
65536	129	dense32	prepared	9	19	24077411	1916887	12.560683546
65536	129	dense32	prepared	10	0	31140115	4113977	7.569345915
65536	129	dense32	prepared	10	1	28023991	4204637	6.665020310
65536	129	dense32	prepared	10	2	30210329	4101668	7.365376476
65536	129	dense32	prepared	10	3	29419354	4139028	7.107792941
65536	129	dense32	prepared	10	4	27753615	4052317	6.848826239
65536	129	dense32	prepared	10	5	31312477	4032805	7.764441127
65536	129	dense32	prepared	10	6	30537785	4115988	7.419308560
65536	129	dense32	prepared	10	7	27642696	4147739	6.664521562
65536	129	dense32	prepared	10	8	30135500	4101321	7.347754541
65536	129	dense32	prepared	10	9	29212451	4107451	7.112063175
65536	129	dense32	prepared	10	10	28093655	4055189	6.927828765
65536	129	dense32	prepared	10	11	29317193	4003312	7.323234612
65536	129	dense32	prepared	10	12	30299708	3993016	7.588175955
65536	129	dense32	prepared	10	13	27675839	4009826	6.902004975
65536	129	dense32	prepared	10	14	29341315	3969923	7.390902796
65536	129	dense32	prepared	10	15	30230059	4017418	7.524748234
65536	129	dense32	prepared	10	16	29437174	4557475	6.459097197
65536	129	dense32	prepared	10	17	29704111	4051996	7.330735519
65536	129	dense32	prepared	10	18	30106683	4130002	7.289750223
65536	129	dense32	prepared	10	19	28488619	4097679	6.952379384
65536	129	dense32	fresh_resources	1	0	32418938	4983288	6.505531689
65536	129	dense32	fresh_resources	1	1	29290458	5020951	5.833647450
65536	129	dense32	fresh_resources	1	2	30518660	4854219	6.287038141
65536	129	dense32	fresh_resources	1	3	32325232	4985239	6.484189023
65536	129	dense32	fresh_resources	1	4	29612727	4988187	5.936571143
65536	129	dense32	fresh_resources	1	5	32775957	5011199	6.540541894
65536	129	dense32	fresh_resources	1	6	31048722	4976043	6.239641016
65536	129	dense32	fresh_resources	1	7	29871714	5376826	5.555640819
65536	129	dense32	fresh_resources	1	8	31109697	4987989	6.236921733
65536	129	dense32	fresh_resources	1	9	31124714	4914449	6.333306949
65536	129	dense32	fresh_resources	1	10	28535925	5032687	5.670117176
65536	129	dense32	fresh_resources	1	11	32139259	5109086	6.290608340
65536	129	dense32	fresh_resources	1	12	31701699	5432415	5.835654861
65536	129	dense32	fresh_resources	1	13	29779774	5423117	5.491265263
65536	129	dense32	fresh_resources	1	14	30687842	4902923	6.259091158
65536	129	dense32	fresh_resources	1	15	31537284	5490039	5.744455367
65536	129	dense32	fresh_resources	1	16	28519511	4897932	5.822765812
65536	129	dense32	fresh_resources	1	17	29957066	5525997	5.421115140
65536	129	dense32	fresh_resources	1	18	30790820	5252907	5.861672403
65536	129	dense32	fresh_resources	1	19	30021060	5279608	5.686228978
65536	129	dense32	fresh_resources	2	0	28018083	3103182	9.028823640
65536	129	dense32	fresh_resources	2	1	26317057	2905756	9.056870914
65536	129	dense32	fresh_resources	2	2	28244995	3106697	9.091647818
65536	129	dense32	fresh_resources	2	3	28114127	2916432	9.639904856
65536	129	dense32	fresh_resources	2	4	26340159	2992378	8.802417007
65536	129	dense32	fresh_resources	2	5	28105029	2912958	9.648278142
65536	129	dense32	fresh_resources	2	6	27892898	3127191	8.919473739
65536	129	dense32	fresh_resources	2	7	25926308	2937282	8.826632240
65536	129	dense32	fresh_resources	2	8	27907385	2916858	9.567618650
65536	129	dense32	fresh_resources	2	9	26897539	2927374	9.188282399
65536	129	dense32	fresh_resources	2	10	26452487	2935988	9.009739481
65536	129	dense32	fresh_resources	2	11	27212227	2913938	9.338643101
65536	129	dense32	fresh_resources	2	12	27333594	2921370	9.356430031
65536	129	dense32	fresh_resources	2	13	26460416	2896687	9.134717006
65536	129	dense32	fresh_resources	2	14	27150381	2924903	9.282489368
65536	129	dense32	fresh_resources	2	15	27315686	3122348	8.748443799
65536	129	dense32	fresh_resources	2	16	25717448	2940603	8.745637544
65536	129	dense32	fresh_resources	2	17	27716793	2920716	9.489725465
65536	129	dense32	fresh_resources	2	18	27573294	3054345	9.027563684
65536	129	dense32	fresh_resources	2	19	25959989	2926121	8.871809812
65536	129	dense32	fresh_resources	3	0	29352123	4887168	6.005957438
65536	129	dense32	fresh_resources	3	1	29707793	5429828	5.471221740
65536	129	dense32	fresh_resources	3	2	30819014	5013101	6.147694611
65536	129	dense32	fresh_resources	3	3	29927290	5474685	5.466486200
65536	129	dense32	fresh_resources	3	4	27819631	5402066	5.149813238
65536	129	dense32	fresh_resources	3	5	30566702	5010683	6.100306485
65536	129	dense32	fresh_resources	3	6	29700762	4960554	5.987388102
65536	129	dense32	fresh_resources	3	7	28263485	5414050	5.220396007
65536	129	dense32	fresh_resources	3	8	30913580	4896646	6.313215209
65536	129	dense32	fresh_resources	3	9	29346720	5130899	5.719605862
65536	129	dense32	fresh_resources	3	10	28872732	4965275	5.814931096
65536	129	dense32	fresh_resources	3	11	29456053	5071996	5.807586008
65536	129	dense32	fresh_resources	3	12	30224243	5496244	5.499072276
65536	129	dense32	fresh_resources	3	13	28376990	5550586	5.112431372
65536	129	dense32	fresh_resources	3	14	30248982	5468941	5.531049247
65536	129	dense32	fresh_resources	3	15	30618455	5572411	5.494651238
65536	129	dense32	fresh_resources	3	16	28748239	5596617	5.136717235
65536	129	dense32	fresh_resources	3	17	31354686	5363752	5.845662887
65536	129	dense32	fresh_resources	3	18	29684311	4981068	5.959426974
65536	129	dense32	fresh_resources	3	19	29744566	4853815	6.128079871
65536	129	dense32	fresh_resources	4	0	25735081	2852490	9.021970629
65536	129	dense32	fresh_resources	4	1	24450768	2813045	8.691922099
65536	129	dense32	fresh_resources	4	2	26214902	2840896	9.227688025
65536	129	dense32	fresh_resources	4	3	25673893	3046229	8.428090272
65536	129	dense32	fresh_resources	4	4	24364117	2849766	8.549514943
65536	129	dense32	fresh_resources	4	5	26056402	2849730	9.143463416
65536	129	dense32	fresh_resources	4	6	26106074	2904716	8.987478982
65536	129	dense32	fresh_resources	4	7	24642419	2822630	8.730304362
65536	129	dense32	fresh_resources	4	8	26655508	2956783	9.015036951
65536	129	dense32	fresh_resources	4	9	26526097	2917962	9.090624552
65536	129	dense32	fresh_resources	4	10	25214065	2874322	8.772178274
65536	129	dense32	fresh_resources	4	11	26527588	3069711	8.641721647
65536	129	dense32	fresh_resources	4	12	26132131	2872409	9.097635817
65536	129	dense32	fresh_resources	4	13	25238570	2858415	8.829568135
65536	129	dense32	fresh_resources	4	14	27781616	2865591	9.694899237
65536	129	dense32	fresh_resources	4	15	27831072	3061508	9.090641605
65536	129	dense32	fresh_resources	4	16	24429176	3077752	7.937343880
65536	129	dense32	fresh_resources	4	17	26216395	2894173	9.058337218
65536	129	dense32	fresh_resources	4	18	27238386	2875354	9.473054796
65536	129	dense32	fresh_resources	4	19	26089738	2928611	8.908570650
65536	129	dense32	fresh_resources	5	0	30538751	5342360	5.716340906
65536	129	dense32	fresh_resources	5	1	29830202	5466450	5.456960550
65536	129	dense32	fresh_resources	5	2	30475268	5262322	5.791220682
65536	129	dense32	fresh_resources	5	3	29436673	5348514	5.503710563
65536	129	dense32	fresh_resources	5	4	28498409	5255303	5.422790846
65536	129	dense32	fresh_resources	5	5	30080208	4964290	6.059317244
65536	129	dense32	fresh_resources	5	6	30554996	4897914	6.238369232
65536	129	dense32	fresh_resources	5	7	27991229	5373740	5.208891573
65536	129	dense32	fresh_resources	5	8	29763117	5724110	5.199606052
65536	129	dense32	fresh_resources	5	9	31140350	5182782	6.008423661
65536	129	dense32	fresh_resources	5	10	29434594	5234249	5.623460787
65536	129	dense32	fresh_resources	5	11	30523259	5286661	5.773636517
65536	129	dense32	fresh_resources	5	12	30210329	5366749	5.629167490
65536	129	dense32	fresh_resources	5	13	27941396	5176448	5.397793236
65536	129	dense32	fresh_resources	5	14	32212512	5325625	6.048588100
65536	129	dense32	fresh_resources	5	15	31801972	5221530	6.090546641
65536	129	dense32	fresh_resources	5	16	28568176	5283812	5.406735894
65536	129	dense32	fresh_resources	5	17	30292540	5400548	5.609160404
65536	129	dense32	fresh_resources	5	18	30278293	5205566	5.816522737
65536	129	dense32	fresh_resources	5	19	29868521	5223996	5.717561997
65536	129	dense32	fresh_resources	6	0	28148929	4508213	6.243921705
65536	129	dense32	fresh_resources	6	1	27631429	4336751	6.371458495
65536	129	dense32	fresh_resources	6	2	28365525	4230375	6.705203439
65536	129	dense32	fresh_resources	6	3	29434714	3864095	7.617492324
65536	129	dense32	fresh_resources	6	4	26032893	3854402	6.754067946
65536	129	dense32	fresh_resources	6	5	29002404	3949557	7.343204314
65536	129	dense32	fresh_resources	6	6	28635414	4442408	6.445921671
65536	129	dense32	fresh_resources	6	7	26456611	3928345	6.734798242
65536	129	dense32	fresh_resources	6	8	27872253	4458688	6.251223006
65536	129	dense32	fresh_resources	6	9	27583064	3821529	7.217808369
65536	129	dense32	fresh_resources	6	10	26971376	3930497	6.862077747
65536	129	dense32	fresh_resources	6	11	30211257	4287771	7.045911967
65536	129	dense32	fresh_resources	6	12	30279764	4945794	6.122326162
65536	129	dense32	fresh_resources	6	13	28920809	4966619	5.823037563
65536	129	dense32	fresh_resources	6	14	28806945	4520078	6.373107942
65536	129	dense32	fresh_resources	6	15	29563073	4667939	6.333217508
65536	129	dense32	fresh_resources	6	16	26874794	4707271	5.709209009
65536	129	dense32	fresh_resources	6	17	30955167	4745568	6.522963531
65536	129	dense32	fresh_resources	6	18	30331830	4698600	6.455503767
65536	129	dense32	fresh_resources	6	19	28893215	4841395	5.967952419
65536	129	dense32	fresh_resources	7	0	28104637	2922701	9.615980903
65536	129	dense32	fresh_resources	7	1	24707058	2929288	8.434492614
65536	129	dense32	fresh_resources	7	2	27137340	2951968	9.192965506
65536	129	dense32	fresh_resources	7	3	28133975	3032468	9.277583473
65536	129	dense32	fresh_resources	7	4	25194103	2913596	8.647081819
65536	129	dense32	fresh_resources	7	5	27141145	2908992	9.330085817
65536	129	dense32	fresh_resources	7	6	26519630	3181049	8.336756208
65536	129	dense32	fresh_resources	7	7	25786575	2905976	8.873636603
65536	129	dense32	fresh_resources	7	8	27196827	2906274	9.357970721
65536	129	dense32	fresh_resources	7	9	27620772	2913884	9.479022501
65536	129	dense32	fresh_resources	7	10	26476261	3155854	8.389570937
65536	129	dense32	fresh_resources	7	11	26725134	3091633	8.644342327
65536	129	dense32	fresh_resources	7	12	26360420	2919866	9.027955392
65536	129	dense32	fresh_resources	7	13	25648801	2893682	8.863724832
65536	129	dense32	fresh_resources	7	14	27145447	2957874	9.177350692
65536	129	dense32	fresh_resources	7	15	28100342	2923876	9.610647647
65536	129	dense32	fresh_resources	7	16	25457727	2919637	8.719483621
65536	129	dense32	fresh_resources	7	17	26591925	2918829	9.110477181
65536	129	dense32	fresh_resources	7	18	26520402	3087050	8.590855995
65536	129	dense32	fresh_resources	7	19	25416945	2907465	8.741960780
65536	129	dense32	fresh_resources	8	0	30894791	4842356	6.380115588
65536	129	dense32	fresh_resources	8	1	29704896	4824913	6.156566139
65536	129	dense32	fresh_resources	8	2	31496014	4794685	6.568943320
65536	129	dense32	fresh_resources	8	3	31527886	5358420	5.883802688
65536	129	dense32	fresh_resources	8	4	29314851	4988064	5.876999774
65536	129	dense32	fresh_resources	8	5	30548969	4852153	6.295961607
65536	129	dense32	fresh_resources	8	6	30920262	4989043	6.197633895
65536	129	dense32	fresh_resources	8	7	29773054	5296795	5.620956446
65536	129	dense32	fresh_resources	8	8	30981266	5364827	5.774886310
65536	129	dense32	fresh_resources	8	9	31138185	5022213	6.200092469
65536	129	dense32	fresh_resources	8	10	28484709	5044508	5.646677337
65536	129	dense32	fresh_resources	8	11	31151546	4946116	6.298183464
65536	129	dense32	fresh_resources	8	12	30425779	4891538	6.220084358
65536	129	dense32	fresh_resources	8	13	28462000	5427422	5.244110371
65536	129	dense32	fresh_resources	8	14	30443036	4957903	6.140304883
65536	129	dense32	fresh_resources	8	15	30105864	4820142	6.245845869
65536	129	dense32	fresh_resources	8	16	28720748	4909942	5.849508609
65536	129	dense32	fresh_resources	8	17	29935739	5390194	5.553740552
65536	129	dense32	fresh_resources	8	18	31091857	4899074	6.346476293
65536	129	dense32	fresh_resources	8	19	28750785	4806298	5.981898126
65536	129	dense32	fresh_resources	9	0	27474660	3236531	8.488922244
65536	129	dense32	fresh_resources	9	1	25492201	3012055	8.463391605
65536	129	dense32	fresh_resources	9	2	26452287	3149102	8.399946080
65536	129	dense32	fresh_resources	9	3	27538989	3169765	8.688022298
65536	129	dense32	fresh_resources	9	4	26875354	3594097	7.477637359
65536	129	dense32	fresh_resources	9	5	28184941	2982681	9.449532484
65536	129	dense32	fresh_resources	9	6	26959905	3642740	7.400996228
65536	129	dense32	fresh_resources	9	7	24678699	2978512	8.285579847
65536	129	dense32	fresh_resources	9	8	27956471	3641587	7.677002087
65536	129	dense32	fresh_resources	9	9	26879795	3144550	8.548057751
65536	129	dense32	fresh_resources	9	10	25310248	3166258	7.993741508
65536	129	dense32	fresh_resources	9	11	27986370	3159795	8.857020788
65536	129	dense32	fresh_resources	9	12	27862198	3139678	8.874221497
65536	129	dense32	fresh_resources	9	13	25466159	2966920	8.583365578
65536	129	dense32	fresh_resources	9	14	27307631	3221576	8.476482008
65536	129	dense32	fresh_resources	9	15	26920115	2937821	9.163293135
65536	129	dense32	fresh_resources	9	16	24396468	3107154	7.851708670
65536	129	dense32	fresh_resources	9	17	27973174	2899432	9.647811709
65536	129	dense32	fresh_resources	9	18	27239589	2909412	9.362575324
65536	129	dense32	fresh_resources	9	19	26079948	2870571	9.085282336
65536	129	dense32	fresh_resources	10	0	31350273	5242291	5.980261874
65536	129	dense32	fresh_resources	10	1	29213462	5160830	5.660613118
65536	129	dense32	fresh_resources	10	2	31284888	5428837	5.762723766
65536	129	dense32	fresh_resources	10	3	30573948	5448656	5.611282489
65536	129	dense32	fresh_resources	10	4	28807800	5224106	5.514398062
65536	129	dense32	fresh_resources	10	5	30425904	4994481	6.091905045
65536	129	dense32	fresh_resources	10	6	31684499	5387410	5.881211751
65536	129	dense32	fresh_resources	10	7	29382078	5323920	5.518880449
65536	129	dense32	fresh_resources	10	8	30605685	5257053	5.821833069
65536	129	dense32	fresh_resources	10	9	30003800	5422753	5.532946088
65536	129	dense32	fresh_resources	10	10	29172677	5201377	5.608644980
65536	129	dense32	fresh_resources	10	11	30197706	5295508	5.702513527
65536	129	dense32	fresh_resources	10	12	31014099	4802458	6.457963609
65536	129	dense32	fresh_resources	10	13	28367974	5226457	5.427763780
65536	129	dense32	fresh_resources	10	14	30416784	5369198	5.665051652
65536	129	dense32	fresh_resources	10	15	30942179	5377188	5.754342046
65536	129	dense32	fresh_resources	10	16	28361290	5236348	5.416234750
65536	129	dense32	fresh_resources	10	17	31025375	5218307	5.945486726
65536	129	dense32	fresh_resources	10	18	31161279	5132576	6.071274736
65536	129	dense32	fresh_resources	10	19	28145157	4934267	5.704019868
