index,actual_u32,expected_u32
0,0,2013633177
1,0,2710387058
2,0,3536600643
3,0,4119522529
4,0,2865071530
5,0,1416223442
6,0,2303067179
7,0,1907054986
8,0,1238928423
9,0,1406419241
10,0,2781910769
11,0,1456686006
12,0,3927310436
13,0,1766340681
14,0,2791621193
15,0,4220671679
16,0,2583178685
17,0,364359898
18,0,2520555660
19,0,1200165594
20,0,3751700051
21,0,2044063961
22,0,1041814782
23,0,3026702621
24,0,2261684703
25,0,3395170053
26,0,4168061850
27,0,1233519636
28,0,2845626966
29,0,1226275869
30,0,1946510775
31,0,3469661230
32,0,2636701547
33,0,1585085737
34,0,708177158
35,0,1698283340
36,0,148034212
37,0,38340359
38,0,2006400051
39,0,2452853595
40,0,3947425175
41,0,699706282
42,0,620170378
43,0,1772349721
44,0,2224597113
45,0,2742015730
46,0,1871118186
47,0,3172404415
48,0,3432553759
49,0,945373890
50,0,270553730
51,0,1416882426
52,0,83572172
53,0,705829197
54,0,1313486800
55,0,515261064
56,0,167909019
57,0,1392184467
58,0,1581765063
59,0,731061496
60,0,1233856318
61,0,2163392648
62,0,3298178009
63,0,1599031119
64,0,998045061
65,0,474802947
66,0,2763372853
67,0,1643188092
68,0,1137393939
69,0,1456449543
70,0,3660326368
71,0,2358337448
72,0,1273335642
73,0,3151559165
74,0,939948622
75,0,515374281
76,0,3304794014
77,0,2703115482
78,0,1495479064
79,0,3611671480
80,0,1717829505
81,0,736737864
82,0,2293643032
83,0,2230785650
84,0,2702559406
85,0,402690414
86,0,1334303608
87,0,704159884
88,0,2161045880
89,0,2195332872
90,0,3864300853
91,0,2310065996
92,0,2608458592
93,0,1688384810
94,0,1929013513
95,0,3299969636
96,0,1246979034
97,0,3811453198
98,0,3891313449
99,0,3794374403
100,0,2868468231
101,0,3062276539
102,0,881847427
103,0,3940739468
104,0,1303740101
105,0,2950189459
106,0,413536166
107,0,4077306607
108,0,1077796610
109,0,2153889644
110,0,1174467050
111,0,1603150708
112,0,3892133380
113,0,1200512346
114,0,143536712
115,0,372109387
116,0,2898022265
117,0,2403125200
118,0,4011805267
119,0,3438282329
120,0,1263749316
121,0,1798366657
122,0,2258058917
123,0,1228304004
124,0,406008343
125,0,2957789391
126,0,333658309
127,0,3952080312
128,0,2304503329
129,0,1734949294
130,0,1271392640
131,0,1744956827
132,0,3823521538
133,0,1791318561
134,0,4053944001
135,0,2520610300
136,0,685760029
137,0,2963203571
138,0,3895906179
139,0,152066912
140,0,1308037534
141,0,1465141756
142,0,320831465
143,0,1621496472
144,0,4233969570
145,0,780344502
146,0,4020944316
147,0,3148961778
148,0,3097802229
149,0,3982122488
150,0,2051334090
151,0,3590327700
152,0,569257965
153,0,1718370660
154,0,643202756
155,0,3630156387
156,0,56944554
157,0,1840047138
158,0,3560131190
159,0,315051464
160,0,2495102615
161,0,4265112418
162,0,4208796232
163,0,2350230850
164,0,235127324
165,0,3192872636
166,0,3867572848
167,0,281394196
168,0,1336580439
169,0,2358154743
170,0,2554005263
171,0,3817469730
172,0,1893133076
173,0,456360974
174,0,503073591
175,0,130469434
176,0,507364986
177,0,2024306019
178,0,3061965377
179,0,3556336517
180,0,247346273
181,0,3464265592
182,0,1945676177
183,0,3214795892
184,0,1635768925
185,0,3702710183
186,0,1871314052
187,0,1395901832
188,0,1540938089
189,0,1582234483
190,0,2772150147
191,0,3904783270
192,0,2965570946
193,0,3726023387
194,0,2767352797
195,0,3149755833
196,0,3024206012
197,0,3919141879
198,0,2652670468
199,0,3839736042
200,0,735768650
201,0,3483557571
202,0,455371582
203,0,1581245439
204,0,3930720575
205,0,3336187305
206,0,4001812446
207,0,3638532192
208,0,1369586857
209,0,3503677938
210,0,4053362535
211,0,1942540925
212,0,1500483966
213,0,3275792158
214,0,3301301935
215,0,2635081159
216,0,2897849203
217,0,2737271960
218,0,4215151106
219,0,934707613
220,0,388962751
221,0,1997075923
222,0,1608941642
223,0,1914662941
224,0,529489011
225,0,1948878867
226,0,3763509830
227,0,3495590571
228,0,2128998572
229,0,3740404308
230,0,1755346056
231,0,2686039440
232,0,1137976933
233,0,604264649
234,0,1287178151
235,0,3721248161
236,0,625785661
237,0,4148365096
238,0,1668273051
239,0,3129154997
240,0,4287624399
241,0,601136324
242,0,3116685474
243,0,2025959562
244,0,2496277410
245,0,3867045085
246,0,1465842895
247,0,2418822444
248,0,682753256
249,0,4071758014
250,0,2232782316
251,0,2712330424
252,0,1242452646
253,0,2332066795
254,0,4106773749
255,0,4068582174
256,0,2858485773
257,0,3883751965
258,0,3420806210
259,0,1841865460
260,0,1263917535
261,0,4255546600
262,0,1968692053
263,0,1234875691
264,0,4173630516
265,0,1090857525
266,0,1815935636
267,0,2662229827
268,0,444850784
269,0,3207983591
270,0,539704579
271,0,3068438022
272,0,1722455444
273,0,3071933592
274,0,2581439357
275,0,2616238372
276,0,1968750350
277,0,898663442
278,0,2269644283
279,0,2031347200
280,0,3215948233
281,0,1113080258
282,0,107264690
283,0,3076847435
284,0,406712877
285,0,1769481009
286,0,3470295678
287,0,208833429
288,0,4244678581
289,0,3610778254
290,0,1499441146
291,0,431395946
292,0,2890764055
293,0,2822986176
294,0,2887530461
295,0,1981273966
296,0,330330995
297,0,2786962972
298,0,1746590099
299,0,1446813927
300,0,2250514199
301,0,3172549492
302,0,998682671
303,0,1575484206
304,0,4073662351
305,0,3521601168
306,0,2090676938
307,0,2185751208
308,0,2638770433
309,0,4268428821
310,0,1788205537
311,0,3835410325
312,0,3745680001
313,0,1280269448
314,0,1545593735
315,0,2911184304
316,0,794231817
317,0,891174818
318,0,2947210295
319,0,1906606593
320,0,1998554270
321,0,1980558424
322,0,2608114427
323,0,3411177518
324,0,799646245
325,0,1716319667
326,0,3886534670
327,0,2842019197
328,0,679992984
329,0,3116519794
330,0,2388752388
331,0,2371141172
332,0,1221876957
333,0,2864460346
334,0,3013078183
335,0,2389073766
336,0,4108126659
337,0,3914147089
338,0,4027277094
339,0,3860170993
340,0,3061575156
341,0,3009678038
342,0,1977920233
343,0,4152798229
344,0,1653063671
345,0,979090475
346,0,4127302212
347,0,2338402144
348,0,2132966630
349,0,661271449
350,0,1111310773
351,0,2876834480
352,0,4006060999
353,0,1297522072
354,0,1113558954
355,0,3338164639
356,0,1957703738
357,0,610166081
358,0,4130346618
359,0,1796910245
360,0,4014763938
361,0,901497150
362,0,4263041520
363,0,1106495235
364,0,459590346
365,0,3313807700
366,0,644679907
367,0,1767129147
368,0,3409527506
369,0,2400001795
370,0,2973779925
371,0,2397952520
372,0,2150947614
373,0,1907736597
374,0,4283931918
375,0,2453485013
376,0,2759228758
377,0,273522616
378,0,3571647173
379,0,600107928
380,0,1749101731
381,0,4151845737
382,0,2444895875
383,0,2016389878
384,0,1414209808
385,0,1028529572
386,0,564574713
387,0,631616533
388,0,4157402438
389,0,652678900
390,0,1124559336
391,0,1769857109
392,0,2073196334
393,0,2608996149
394,0,3573461991
395,0,1388840550
396,0,312017892
397,0,1851181142
398,0,1557540088
399,0,2959436764
400,0,3200405299
401,0,330219649
402,0,3161337502
403,0,1309121088
404,0,347559943
405,0,156187740
406,0,912108798
407,0,4219965183
408,0,1096094131
409,0,2399338562
410,0,242077479
411,0,1185409155
412,0,3444407896
413,0,844082299
414,0,1070947579
415,0,486845726
416,0,2621571309
417,0,1470502530
418,0,1001757465
419,0,2450067762
420,0,3050188165
421,0,2141717242
422,0,2165890337
423,0,3442130847
424,0,3254471827
425,0,2772855879
426,0,1897511968
427,0,2502849198
428,0,872971635
429,0,1332090016
430,0,867703161
431,0,577963890
432,0,288465340
433,0,2243974367
434,0,1680186674
435,0,670394515
436,0,3591303648
437,0,241978073
438,0,1641152770
439,0,532180635
440,0,1594618478
441,0,159546221
442,0,2601581402
443,0,184866183
444,0,2805716733
445,0,1634146799
446,0,3373113474
447,0,3735429004
448,0,3824063703
449,0,536469965
450,0,1539986829
451,0,1040472880
452,0,421671329
453,0,3184655210
454,0,3575889076
455,0,4095266862
456,0,766608160
457,0,2808362122
458,0,525986416
459,0,1625855003
460,0,1058171118
461,0,872262857
462,0,1258107035
463,0,1898642284
464,0,3869959599
465,0,4193537184
466,0,2087642768
467,0,3073011470
468,0,2746326795
469,0,2588300099
470,0,1441624532
471,0,2166754271
472,0,1273279953
473,0,1988203710
474,0,3336085525
475,0,2308392568
476,0,1247194196
477,0,1682969850
478,0,3206779965
479,0,2033061647
480,0,2704924264
481,0,3295080786
482,0,1406874356
483,0,2234560246
484,0,2368403105
485,0,2888389790
486,0,1373646755
487,0,3600339081
488,0,1572556653
489,0,3196607878
490,0,304096346
491,0,3284569839
492,0,1366793122
493,0,3799178947
494,0,2364973270
495,0,1164302496
496,0,809850008
497,0,3222611859
498,0,4161391072
499,0,3883959866
500,0,531631801
501,0,3531804874
502,0,2749044839
503,0,3659831692
504,0,1806867910
505,0,960657827
506,0,3098702232
507,0,648040920
508,0,3220419893
509,0,3824894591
510,0,4247261957
511,0,374429825
512,0,1988310742
513,0,459678138
514,0,896584786
515,0,3014254543
516,0,2187265799
517,0,893721944
518,0,1260688335
519,0,4076794689
520,0,3192808522
521,0,707049481
522,0,429725179
523,0,3748078890
524,0,1133339051
525,0,414627991
526,0,992204773
527,0,2050340426
528,0,1399756468
529,0,3065158504
530,0,1579342183
531,0,2764654560
532,0,177553082
533,0,84355963
534,0,3983495855
535,0,3765213042
536,0,585050195
537,0,1030773913
538,0,3935279848
539,0,595613217
540,0,29897443
541,0,4112413705
542,0,1215721734
543,0,1284028301
544,0,358509713
545,0,3242737175
546,0,400365330
547,0,316587053
548,0,1848946304
549,0,2273230130
550,0,1271037598
551,0,2250649174
552,0,1047870368
553,0,3106902816
554,0,574449189
555,0,1372170873
556,0,4098998138
557,0,3027061253
558,0,3096540915
559,0,1604642644
560,0,2861488275
561,0,1108118525
562,0,3172666052
563,0,1413445701
564,0,3720822302
565,0,2056814748
566,0,1005424377
567,0,3429865440
568,0,3974274441
569,0,1429186080
570,0,2627021941
571,0,443125752
572,0,1497750611
573,0,3140905908
574,0,3193618964
575,0,622727704
576,0,2054316448
577,0,4270402275
578,0,2708588073
579,0,2938238099
580,0,2814924042
581,0,4273278
582,0,4279370809
583,0,1295648147
584,0,3162769847
585,0,2347506350
586,0,528613554
587,0,2904129656
588,0,1070534803
589,0,1719587293
590,0,887148575
591,0,4068985518
592,0,1905518503
593,0,2709988244
594,0,4215647406
595,0,2497262342
596,0,3851215130
597,0,1281107053
598,0,3538804901
599,0,2983693561
600,0,1230575485
601,0,493278822
602,0,853853139
603,0,4181730588
604,0,1100523085
605,0,4285837381
606,0,1190706075
607,0,1626708126
608,0,2938117325
609,0,998553777
610,0,1053495800
611,0,3262369730
612,0,3404829415
613,0,3977042065
614,0,3049697374
615,0,442857144
616,0,586657985
617,0,1225829494
618,0,3478521113
619,0,4048649859
620,0,246368675
621,0,351279022
622,0,3602794796
623,0,3974306497
624,0,2027216540
625,0,2212678911
626,0,2513795553
627,0,1740756533
628,0,4260122230
629,0,4034148487
630,0,2616755605
631,0,3792070192
632,0,4140718928
633,0,2301425090
634,0,3842211592
635,0,3601167705
636,0,2042839710
637,0,595706006
638,0,1777510079
639,0,2576244109
640,0,1874274162
641,0,3766319390
642,0,2760722577
643,0,3195184542
644,0,3001225022
645,0,3012587836
646,0,188896007
647,0,1701896534
648,0,1377411739
649,0,2937374334
650,0,3434655731
651,0,4052928848
652,0,3215670412
653,0,3747660465
654,0,568763498
655,0,1477985599
656,0,1196302688
657,0,4012800753
658,0,779686889
659,0,2357364875
660,0,1877167618
661,0,3259150195
662,0,1648103429
663,0,3886334843
664,0,2260209502
665,0,1830949399
666,0,3279704391
667,0,1673930829
668,0,2134163050
669,0,4157130966
670,0,882739295
671,0,928217108
672,0,1382765500
673,0,998586866
674,0,199082575
675,0,3239775013
676,0,2944440410
677,0,771442175
678,0,3990121725
679,0,1765042136
680,0,1546498783
681,0,2763184996
682,0,68859371
683,0,106458040
684,0,1858251727
685,0,1288803410
686,0,3039200415
687,0,3542064869
688,0,950468100
689,0,195541847
690,0,1701413649
691,0,4101683988
692,0,3222616472
693,0,2212973419
694,0,1003084782
695,0,372731188
696,0,2309197692
697,0,4056029210
698,0,3940625978
699,0,736574601
700,0,1119431922
701,0,2211230529
702,0,2704780275
703,0,3715488567
704,0,3418695820
705,0,3024577318
706,0,1548904919
707,0,1014541571
708,0,314827791
709,0,2785302254
710,0,3085537474
711,0,1002689914
712,0,1828326476
713,0,2197865557
714,0,3939441552
715,0,1042216590
716,0,4180122569
717,0,1099522598
718,0,3565096128
719,0,2298859603
720,0,1392153428
721,0,311586972
722,0,3434743132
723,0,237611476
724,0,1500889085
725,0,1070038968
726,0,3593659296
727,0,3264378595
728,0,92555332
729,0,488459842
730,0,780128552
731,0,1594743717
732,0,1800944313
733,0,3991583614
734,0,3928089020
735,0,349658199
736,0,350600409
737,0,3433521574
738,0,853904399
739,0,4024539677
740,0,1223220684
741,0,964688100
742,0,167797109
743,0,3287715362
744,0,1416241243
745,0,474498315
746,0,2311897247
747,0,708454000
748,0,2960535626
749,0,3113625045
750,0,3636187939
751,0,4179864524
752,0,119001537
753,0,1490970006
754,0,435231648
755,0,1780865698
756,0,4283412826
757,0,637159656
758,0,4027100667
759,0,1396726560
760,0,1554682226
761,0,3726512176
762,0,2669402556
763,0,1638489834
764,0,83050960
765,0,4125589812
766,0,3185670484
767,0,3418207761
768,0,424646114
769,0,2508694395
770,0,1559659119
771,0,467640946
772,0,497230586
773,0,1182244484
774,0,22007479
775,0,3954380187
776,0,3389340667
777,0,3258434950
778,0,1784938597
779,0,2809298801
780,0,4212739295
781,0,2195355230
782,0,1311496854
783,0,2589525354
784,0,3833010704
785,0,3784714442
786,0,3042978605
787,0,2965354191
788,0,2326317692
789,0,4010242671
790,0,672713610
791,0,475788542
792,0,977581596
793,0,1013672895
794,0,1921565969
795,0,795922564
796,0,2573798580
797,0,2802174379
798,0,3626266835
799,0,2449031756
800,0,2409843732
801,0,571891588
802,0,3576939927
803,0,498014647
804,0,766073243
805,0,3588055062
806,0,1110180825
807,0,2294226098
808,0,235163110
809,0,1889601914
810,0,1614960157
811,0,2059241725
812,0,3219908780
813,0,2638164915
814,0,308587767
815,0,2025582154
816,0,2871472787
817,0,3822842121
818,0,581525876
819,0,3732611287
820,0,4132577543
821,0,4230062078
822,0,874068529
823,0,2025676894
824,0,1114606245
825,0,3562345528
826,0,2895627633
827,0,3540001485
828,0,1013237057
829,0,1029329863
830,0,2473820822
831,0,2265404358
832,0,3687096251
833,0,1313386466
834,0,757892408
835,0,217097309
836,0,387581024
837,0,2773736139
838,0,525364238
839,0,1222969766
840,0,3555071118
841,0,1066162837
842,0,789233594
843,0,1732623172
844,0,3582408978
845,0,1711892544
846,0,724104640
847,0,2274168328
848,0,4023367918
849,0,43836519
850,0,1545152143
851,0,1641523083
852,0,838282776
853,0,1388102722
854,0,2359872088
855,0,697537929
856,0,1064409880
857,0,2386640689
858,0,2639148962
859,0,753997215
860,0,3323766142
861,0,81447111
862,0,3850552038
863,0,102096169
864,0,195354065
865,0,2479361566
866,0,3548079227
867,0,1098853281
868,0,627076388
869,0,811323782
870,0,118334163
871,0,3651466360
872,0,2723228237
873,0,1677849057
874,0,495084319
875,0,1842664975
876,0,364707109
877,0,3373997321
878,0,4260848340
879,0,605071938
880,0,440839982
881,0,1002575647
882,0,1561901679
883,0,16422885
884,0,314950182
885,0,4205558694
886,0,909677673
887,0,2986434643
888,0,1600300438
889,0,1910271934
890,0,2035410123
891,0,4242301903
892,0,1678952509
893,0,2679873623
894,0,2643952751
895,0,3461353122
896,0,3838155483
897,0,2755982228
898,0,2096873327
899,0,1776092772
900,0,3945643884
901,0,3301060748
902,0,3635268933
903,0,1101980967
904,0,1011040226
905,0,743773597
906,0,1379446574
907,0,3161773248
908,0,4218696054
909,0,3590534331
910,0,2719322833
911,0,431547446
912,0,2734355337
913,0,1845367884
914,0,1099939095
915,0,1938671137
916,0,2725901093
917,0,532592715
918,0,3728752144
919,0,3922200817
920,0,4062040026
921,0,926150409
922,0,277849696
923,0,1815698529
924,0,2971576539
925,0,3837436409
926,0,2688478939
927,0,3243488521
928,0,1235947760
929,0,1561698410
930,0,3389655078
931,0,3940497793
932,0,2953638326
933,0,3917411275
934,0,3623256392
935,0,4230993479
936,0,3657536436
937,0,3868956271
938,0,512865476
939,0,690829504
940,0,1218086042
941,0,422632286
942,0,1228428307
943,0,888712206
944,0,240577266
945,0,2987437494
946,0,1398928069
947,0,3390435193
948,0,2292474884
949,0,2159551702
950,0,7765543
951,0,971884094
952,0,2757923787
953,0,896176134
954,0,2317751763
955,0,1528193597
956,0,2103491381
957,0,717482230
958,0,2893897752
959,0,263349447
960,0,3267073481
961,0,2959037640
962,0,34163915
963,0,1503074659
964,0,3990856702
965,0,766348014
966,0,49321558
967,0,393320235
968,0,2533906881
969,0,439799033
970,0,3063425165
971,0,3266574441
972,0,175001718
973,0,3430873222
974,0,2124945169
975,0,4111151028
976,0,2403409546
977,0,1049694338
978,0,2359985794
979,0,1395638111
980,0,1011198621
981,0,2883554518
982,0,317284212
983,0,436190487
984,0,637037849
985,0,590380980
986,0,3021722423
987,0,30922025
988,0,2502138512
989,0,676125864
990,0,3370724804
991,0,1198175980
992,0,659618007
993,0,822778546
994,0,700553244
995,0,1115732701
996,0,4005377584
997,0,1192842157
998,0,3237242491
999,0,3412012198
1000,0,4155802531
1001,0,2681919523
1002,0,1594201036
1003,0,1123076914
1004,0,692222425
1005,0,2840868421
1006,0,3691819243
1007,0,137316739
1008,0,3270801548
1009,0,4049473982
1010,0,1582352714
1011,0,2823615542
1012,0,4019176755
1013,0,4061952583
1014,0,3619699021
1015,0,3453474329
1016,0,3582550003
1017,0,815749576
1018,0,2942351227
1019,0,2290023484
1020,0,2832445376
1021,0,2018765813
1022,0,2693031171
1023,0,2829480241
1024,0,1949809048
1025,0,3818650458
1026,0,49172834
1027,0,3498890595
1028,0,238198291
1029,0,3823816075
1030,0,4045792358
1031,0,4169749746
1032,0,2432221913
1033,0,2631366536
1034,0,921673211
1035,0,1866691891
1036,0,1028107745
1037,0,3615939100
1038,0,2490291134
1039,0,2369757938
1040,0,1431967234
1041,0,3838960687
1042,0,3537463461
1043,0,108748579
1044,0,3732812908
1045,0,109361845
1046,0,2878872028
1047,0,3168435245
1048,0,2561349058
1049,0,3094753707
1050,0,3056517066
1051,0,1529752321
1052,0,1468448998
1053,0,2094178891
1054,0,1004607174
1055,0,1040355610
1056,0,3894216266
1057,0,1381508640
1058,0,2233311406
1059,0,268926314
1060,0,182588767
1061,0,1098120731
1062,0,3902843171
1063,0,1293044673
1064,0,2301056884
1065,0,452277392
1066,0,814366403
1067,0,2636040234
1068,0,3345936071
1069,0,1282830364
1070,0,3435369958
1071,0,1906201081
1072,0,3481577737
1073,0,236007227
1074,0,1430061760
1075,0,1506440754
1076,0,4136340276
1077,0,2051297410
1078,0,4208557480
1079,0,2028926174
1080,0,1759091556
1081,0,756277630
1082,0,1992111584
1083,0,3492471264
1084,0,247618187
1085,0,4159705090
1086,0,1274377658
1087,0,1292543099
1088,0,1561028097
1089,0,144736868
1090,0,91081810
1091,0,538809857
1092,0,3378647695
1093,0,3980744150
1094,0,3087627017
1095,0,1533747101
1096,0,730651121
1097,0,2800129192
1098,0,4194729137
1099,0,2274920793
1100,0,1087349248
1101,0,628158631
1102,0,1474670517
1103,0,2692524348
1104,0,2654814641
1105,0,4150537268
1106,0,783302117
1107,0,144549123
1108,0,999225533
1109,0,2008839377
1110,0,3722649602
1111,0,2240062099
1112,0,722437496
1113,0,2948464040
1114,0,286670892
1115,0,4217780229
1116,0,2964734198
1117,0,1841244386
1118,0,2630269651
1119,0,939728061
1120,0,688308119
1121,0,544226637
1122,0,3706215041
1123,0,549075709
1124,0,2605746415
1125,0,3286799593
1126,0,4291712563
1127,0,2483927639
1128,0,1269708148
1129,0,756977012
1130,0,1790842540
1131,0,2769523129
1132,0,868196171
1133,0,3397743456
1134,0,4190200724
1135,0,1673699565
1136,0,3426515778
1137,0,701974504
1138,0,3832465629
1139,0,2480650887
1140,0,1978544258
1141,0,3426420445
1142,0,822011149
1143,0,1740199778
1144,0,3891464392
1145,0,1537424413
1146,0,3090203565
1147,0,2833465967
1148,0,3581314360
1149,0,3219226064
1150,0,2604501597
1151,0,1689375654
1152,0,3681141317
1153,0,2265147765
1154,0,2946117635
1155,0,3672030478
1156,0,2727349649
1157,0,3345873920
1158,0,1700122294
1159,0,1290763799
1160,0,3331604385
1161,0,1835523377
1162,0,1324842097
1163,0,2388170093
1164,0,39459319
1165,0,1845490149
1166,0,3953137796
1167,0,4272781148
1168,0,1486696607
1169,0,794514648
1170,0,4258181432
1171,0,1457339724
1172,0,3756817206
1173,0,1104739603
1174,0,2435643374
1175,0,4126617798
1176,0,1846599441
1177,0,3416946920
1178,0,307260627
1179,0,3867829750
1180,0,3970624876
1181,0,2447476751
1182,0,3169269663
1183,0,411805749
1184,0,3693797523
1185,0,2267074927
1186,0,1017283273
1187,0,4085842484
1188,0,2855440819
1189,0,4170529681
1190,0,2734798882
1191,0,347338272
1192,0,613392507
1193,0,3231035227
1194,0,3667937636
1195,0,2719528162
1196,0,605125280
1197,0,1676320578
1198,0,811216675
1199,0,3262171772
1200,0,3168525187
1201,0,852546198
1202,0,952294455
1203,0,197508917
1204,0,944465316
1205,0,3406181563
1206,0,3216710675
1207,0,1528517615
1208,0,498319580
1209,0,3500552968
1210,0,3458217227
1211,0,3634829355
1212,0,1341053626
1213,0,58969126
1214,0,987829637
1215,0,308710413
1216,0,1684484219
1217,0,3479845039
1218,0,2274102928
1219,0,3449797215
1220,0,1616683413
1221,0,2040598498
1222,0,1408309836
1223,0,1739382800
1224,0,2390566183
1225,0,1910757675
1226,0,1376859464
1227,0,3820613012
1228,0,527126705
1229,0,3671329775
1230,0,781255003
1231,0,3656820422
1232,0,2833410673
1233,0,1345006663
1234,0,2178483286
1235,0,2334198559
1236,0,3793058302
1237,0,3900273163
1238,0,20337655
1239,0,2723290163
1240,0,3679819769
1241,0,1559946924
1242,0,96711131
1243,0,216394951
1244,0,2664946521
1245,0,3525704039
1246,0,3425489795
1247,0,2647624973
1248,0,3786243194
1249,0,2321643019
1250,0,816369467
1251,0,12109852
1252,0,785636577
1253,0,4239728262
1254,0,3017529268
1255,0,3968554850
1256,0,1250811505
1257,0,3644021968
1258,0,3884561668
1259,0,4093833104
1260,0,2548553320
1261,0,3363241821
1262,0,3828860659
1263,0,2178725991
1264,0,3436851951
1265,0,3665125932
1266,0,2955673524
1267,0,880677658
1268,0,901261972
1269,0,767356609
1270,0,3170257043
1271,0,3378929217
1272,0,1466015190
1273,0,4290156763
1274,0,3104849709
1275,0,1615710903
1276,0,4201873786
1277,0,3251375828
1278,0,1120105791
1279,0,2700403373
1280,0,3438146342
1281,0,598230562
1282,0,1190027540
1283,0,3545770546
1284,0,366880413
1285,0,4038077819
1286,0,1459210612
1287,0,2503519615
1288,0,2457250740
1289,0,2801864372
1290,0,1546548799
1291,0,3486660139
1292,0,2884978336
1293,0,1728684336
1294,0,920558663
1295,0,1335350124
1296,0,180042673
1297,0,3563620279
1298,0,1465826040
1299,0,2151589368
1300,0,3299899576
1301,0,3208949771
1302,0,33378697
1303,0,3527977359
1304,0,677145683
1305,0,522029496
1306,0,1802570509
1307,0,134303397
1308,0,459945903
1309,0,3999323488
1310,0,1834569670
1311,0,3499368278
1312,0,1017129929
1313,0,50066309
1314,0,3991328192
1315,0,3699835791
1316,0,2720613236
1317,0,3266792631
1318,0,1326882247
1319,0,157827472
1320,0,705848989
1321,0,3204401757
1322,0,2704077159
1323,0,3741438471
1324,0,1298748487
1325,0,2614194519
1326,0,176340714
1327,0,4138064101
1328,0,4203911449
1329,0,2676774369
1330,0,3007287385
1331,0,1738967203
1332,0,1625607354
1333,0,3608014947
1334,0,1228224643
1335,0,713088433
1336,0,401227882
1337,0,2734873785
1338,0,3928333971
1339,0,1728946024
1340,0,1224627736
1341,0,3315595206
1342,0,1468163285
1343,0,2013389433
1344,0,25106616
1345,0,2942654476
1346,0,2298453502
1347,0,323775390
1348,0,1505981601
1349,0,3720261194
1350,0,109749329
1351,0,303368049
1352,0,3985948556
1353,0,918902142
1354,0,288469547
1355,0,3387749297
1356,0,2764437500
1357,0,1567958721
1358,0,3422697719
1359,0,3901698649
1360,0,3594957403
1361,0,28809725
1362,0,2743097241
1363,0,2266449696
1364,0,2443013113
1365,0,2695423112
1366,0,990832660
1367,0,663714130
1368,0,3691969792
1369,0,1987143223
1370,0,205702892
1371,0,3346200771
1372,0,2502969910
1373,0,313410989
1374,0,2573900960
1375,0,2502017599
1376,0,27845900
1377,0,3156482696
1378,0,3520439154
1379,0,3535922255
1380,0,658906635
1381,0,1952875848
1382,0,1026896591
1383,0,4143935577
1384,0,109041731
1385,0,1401887224
1386,0,2797106592
1387,0,2844267878
1388,0,3484720756
1389,0,3543939433
1390,0,3593953089
1391,0,2251510894
1392,0,2070062097
1393,0,3555913665
1394,0,1331400772
1395,0,2536690509
1396,0,1715055072
1397,0,867535906
1398,0,3288345210
1399,0,3903738237
1400,0,1925048221
1401,0,126498810
1402,0,1876934464
1403,0,2664011835
1404,0,337343836
1405,0,749324420
1406,0,2727414104
1407,0,4109588517
1408,0,1618891942
1409,0,4155702195
1410,0,2958898673
1411,0,3397439104
1412,0,3108258344
1413,0,287969192
1414,0,1262214951
1415,0,725339720
1416,0,212730129
1417,0,1560587703
1418,0,3740734510
1419,0,2989197559
1420,0,2777949389
1421,0,12524843
1422,0,2153486438
1423,0,2578651245
1424,0,2909168498
1425,0,1074425142
1426,0,3090798560
1427,0,3665249986
1428,0,1733094709
1429,0,2813081664
1430,0,874588754
1431,0,1007107591
1432,0,2737950564
1433,0,3246211914
1434,0,1267912640
1435,0,1597118549
1436,0,2603515753
1437,0,3433944072
1438,0,3014724830
1439,0,3615112363
1440,0,2366476124
1441,0,2686727375
1442,0,4043650481
1443,0,2715087720
1444,0,3364125236
1445,0,3214533493
1446,0,4246164302
1447,0,4172121809
1448,0,1183309738
1449,0,321577843
1450,0,2815442673
1451,0,2714210358
1452,0,737035030
1453,0,2450696400
1454,0,638689748
1455,0,1464742113
1456,0,3138998600
1457,0,3073582032
1458,0,3126854900
1459,0,3844466923
1460,0,1596733975
1461,0,3585634848
1462,0,2759844894
1463,0,1199375456
1464,0,434078872
1465,0,3235051518
1466,0,1535272424
1467,0,4040335511
1468,0,1019366423
1469,0,3713155159
1470,0,1044755867
1471,0,2518986208
1472,0,284392714
1473,0,2501007043
1474,0,646020582
1475,0,780834424
1476,0,4109411098
1477,0,4074895667
1478,0,1966605776
1479,0,3318078769
1480,0,2988147200
1481,0,2301068941
1482,0,1194677430
1483,0,1507831431
1484,0,770443392
1485,0,863469886
1486,0,2840867414
1487,0,3435290361
1488,0,1689949079
1489,0,4022695571
1490,0,1676801304
1491,0,4144606609
1492,0,2512811340
1493,0,915720091
1494,0,1654252968
1495,0,2612370814
1496,0,726886163
1497,0,2979380651
1498,0,3258649051
1499,0,3272028987
1500,0,2305323243
1501,0,1776236913
1502,0,1356504873
1503,0,1690855542
1504,0,1360334389
1505,0,3936951772
1506,0,3947746293
1507,0,2002269932
1508,0,1093946350
1509,0,3245610634
1510,0,923507800
1511,0,3566697752
1512,0,1572368578
1513,0,665008978
1514,0,1507999222
1515,0,3586304472
1516,0,2680479012
1517,0,2288762260
1518,0,82906488
1519,0,2392712503
1520,0,1968740714
1521,0,2831720528
1522,0,614283281
1523,0,4034159134
1524,0,4207156389
1525,0,1396736429
1526,0,768934647
1527,0,1023353458
1528,0,3465595754
1529,0,675410452
1530,0,3597425589
1531,0,4265636408
1532,0,4041624923
1533,0,283840093
1534,0,1429360493
1535,0,2267267394
1536,0,243751725
1537,0,1504948828
1538,0,3506213280
1539,0,467576900
1540,0,337619663
1541,0,3380705260
1542,0,149687826
1543,0,2901367333
1544,0,3000035312
1545,0,1811459079
1546,0,2977305691
1547,0,206895365
1548,0,4260759391
1549,0,2661467121
1550,0,491557759
1551,0,1799727406
1552,0,308331998
1553,0,1371215571
1554,0,1598849795
1555,0,716969525
1556,0,2804327176
1557,0,464834507
1558,0,3421516621
1559,0,2124891553
1560,0,1417083816
1561,0,3950279433
1562,0,3870837091
1563,0,488606601
1564,0,1639279230
1565,0,1403210851
1566,0,2143887348
1567,0,3670117391
1568,0,2202217551
1569,0,1067276906
1570,0,249188418
1571,0,3734271819
1572,0,1608176085
1573,0,3119388549
1574,0,416271178
1575,0,3581511865
1576,0,1773505358
1577,0,3277374240
1578,0,3165223294
1579,0,3814254365
1580,0,148644032
1581,0,340308706
1582,0,1082822376
1583,0,1000820259
1584,0,2651563346
1585,0,3197341762
1586,0,1609398255
1587,0,3540845447
1588,0,482778393
1589,0,601788363
1590,0,3067432408
1591,0,4070969231
1592,0,1504260772
1593,0,2152474138
1594,0,2506354685
1595,0,4212870611
1596,0,3331192035
1597,0,2049226123
1598,0,2116148193
1599,0,4008112303
1600,0,538265915
1601,0,2944391650
1602,0,3694513059
1603,0,3446847843
1604,0,3515620812
1605,0,344141334
1606,0,1501233270
1607,0,399394124
1608,0,865269023
1609,0,3407172455
1610,0,1313470651
1611,0,1519035028
1612,0,3588004600
1613,0,2532609689
1614,0,3822193738
1615,0,3912806791
1616,0,504229475
1617,0,3690606563
1618,0,1590041824
1619,0,907025389
1620,0,2564393531
1621,0,2588500084
1622,0,2125517239
1623,0,4098260340
1624,0,1190457472
1625,0,3296133810
1626,0,2685093090
1627,0,3665524105
1628,0,764146284
1629,0,722283119
1630,0,1179722927
1631,0,978996333
1632,0,153969990
1633,0,356189956
1634,0,3467378889
1635,0,2551576051
1636,0,4091236966
1637,0,2875984653
1638,0,1807384427
1639,0,2931205440
1640,0,969773487
1641,0,4110335539
1642,0,1143028303
1643,0,242586779
1644,0,540276712
1645,0,2266351983
1646,0,4181653523
1647,0,3786271405
1648,0,3287613169
1649,0,3648318564
1650,0,3690040600
1651,0,2685271569
1652,0,3862294326
1653,0,565401919
1654,0,403116757
1655,0,2984521883
1656,0,3374196576
1657,0,3015054009
1658,0,1304445801
1659,0,4026889823
1660,0,2266603064
1661,0,788942519
1662,0,1019962943
1663,0,1369008409
1664,0,3420575487
1665,0,3606544992
1666,0,4056528541
1667,0,609539856
1668,0,1751613739
1669,0,2417429578
1670,0,1112597541
1671,0,2220425903
1672,0,630891913
1673,0,1415323292
1674,0,644963899
1675,0,3144754400
1676,0,1648363990
1677,0,203814155
1678,0,3793569129
1679,0,481838609
1680,0,2604132780
1681,0,2789805837
1682,0,1924495353
1683,0,1426915932
1684,0,1570367263
1685,0,1312605154
1686,0,509472898
1687,0,2851206180
1688,0,2043858014
1689,0,729453106
1690,0,1587624748
1691,0,1096056334
1692,0,472838596
1693,0,2161379631
1694,0,1070388023
1695,0,283532706
1696,0,2971431275
1697,0,3641757843
1698,0,2740515666
1699,0,460281003
1700,0,3467888278
1701,0,2051729766
1702,0,3416350837
1703,0,307873762
1704,0,2115486896
1705,0,1454471664
1706,0,1214768087
1707,0,934699769
1708,0,2261704365
1709,0,4268839968
1710,0,1246950682
1711,0,2328253218
1712,0,1424252179
1713,0,931923120
1714,0,1414641821
1715,0,185011900
1716,0,2966389076
1717,0,1547765222
1718,0,3812788376
1719,0,4167821232
1720,0,388569662
1721,0,3115761961
1722,0,1407839712
1723,0,2767094666
1724,0,3881877861
1725,0,382715555
1726,0,761390190
1727,0,745127832
1728,0,2737647114
1729,0,3680617212
1730,0,2230869763
1731,0,1813473647
1732,0,2791569330
1733,0,3392054520
1734,0,3364151200
1735,0,1030632728
1736,0,2187614014
1737,0,418512031
1738,0,3408128750
1739,0,2041596913
1740,0,1761878358
1741,0,1224503265
1742,0,1694859585
1743,0,1888792887
1744,0,821456814
1745,0,1568273615
1746,0,535069407
1747,0,2019263744
1748,0,395030237
1749,0,676839765
1750,0,3755746315
1751,0,821058821
1752,0,1363997965
1753,0,843804059
1754,0,2700897927
1755,0,2294258225
1756,0,80313965
1757,0,1268626959
1758,0,1457077377
1759,0,1483579525
1760,0,1674813915
1761,0,3941699535
1762,0,3121105707
1763,0,3737329981
1764,0,3867104687
1765,0,2510080650
1766,0,2507936108
1767,0,4251107908
1768,0,6818545
1769,0,670263082
1770,0,701912705
1771,0,2210850626
1772,0,3137311349
1773,0,1586746253
1774,0,3098435196
1775,0,526196300
1776,0,772587718
1777,0,1956586060
1778,0,2316021447
1779,0,95753454
1780,0,1110992954
1781,0,2833185541
1782,0,2154986394
1783,0,791338842
1784,0,3975479930
1785,0,3690389703
1786,0,4197344560
1787,0,3884429556
1788,0,582893368
1789,0,1316028180
1790,0,1675144317
1791,0,3165773206
1792,0,3292902141
1793,0,828331504
1794,0,2814785536
1795,0,2013725699
1796,0,2288132160
1797,0,1092782293
1798,0,389822953
1799,0,2418765001
1800,0,1274310672
1801,0,2067025803
1802,0,2859437001
1803,0,969297410
1804,0,4039685665
1805,0,663765447
1806,0,3669914739
1807,0,2452869899
1808,0,3792315234
1809,0,1788885617
1810,0,3492527174
1811,0,1405541751
1812,0,2238140707
1813,0,2267272898
1814,0,1116139487
1815,0,1893026881
1816,0,4076674319
1817,0,2059821441
1818,0,1748321722
1819,0,3503217307
1820,0,2016040437
1821,0,1611234143
1822,0,2738168110
1823,0,3842815590
1824,0,197771078
1825,0,3087879062
1826,0,1049617929
1827,0,2342142702
1828,0,3141239469
1829,0,2795938906
1830,0,932607180
1831,0,3640557867
1832,0,329731462
1833,0,3102335277
1834,0,491547179
1835,0,2434861007
1836,0,2328845123
1837,0,1430682000
1838,0,3572670954
1839,0,2570817581
1840,0,2364994546
1841,0,60542070
1842,0,951262972
1843,0,922409482
1844,0,3670947383
1845,0,2635325011
1846,0,1038117599
1847,0,667534018
1848,0,3986697290
1849,0,3976860574
1850,0,1078526050
1851,0,1760262208
1852,0,4220259729
1853,0,1039925582
1854,0,124152612
1855,0,2320714373
1856,0,1194674553
1857,0,760860916
1858,0,4289474999
1859,0,1254572602
1860,0,4069145658
1861,0,346681660
1862,0,2067983131
1863,0,3792869739
1864,0,2529927028
1865,0,1099485478
1866,0,774611696
1867,0,348419722
1868,0,3636071296
1869,0,2692918213
1870,0,1253332536
1871,0,3457545761
1872,0,1793861481
1873,0,774864201
1874,0,4047604938
1875,0,3687659622
1876,0,3841525446
1877,0,1075133974
1878,0,489042525
1879,0,3067216523
1880,0,652222602
1881,0,2095009714
1882,0,805429734
1883,0,2342115576
1884,0,2690029531
1885,0,655630125
1886,0,986466293
1887,0,4100285292
1888,0,1494295144
1889,0,3604972550
1890,0,3988107785
1891,0,627261843
1892,0,3882999899
1893,0,3022475558
1894,0,2658433735
1895,0,884922481
1896,0,430013065
1897,0,3908599761
1898,0,122136144
1899,0,2184588630
1900,0,3020234136
1901,0,3782532643
1902,0,748743707
1903,0,357631434
1904,0,2296625406
1905,0,8185600
1906,0,252280974
1907,0,3692281666
1908,0,3566140767
1909,0,1871053165
1910,0,1523917240
1911,0,581535721
1912,0,1489073827
1913,0,3031472265
1914,0,1402765433
1915,0,2985031600
1916,0,749705214
1917,0,341254678
1918,0,4071020956
1919,0,456976278
1920,0,959947560
1921,0,1728738721
1922,0,511078078
1923,0,2811833006
1924,0,3680096968
1925,0,3239373640
1926,0,3552930742
1927,0,2831223055
1928,0,3052737055
1929,0,3781804356
1930,0,4049899876
1931,0,172767424
1932,0,668709674
1933,0,1717937493
1934,0,2334321266
1935,0,469035460
1936,0,1598652130
1937,0,1647694760
1938,0,3495382664
1939,0,155982635
1940,0,3473865183
1941,0,379005285
1942,0,2227562424
1943,0,1047367553
1944,0,2082529711
1945,0,1655899397
1946,0,1080501644
1947,0,1040714503
1948,0,3530973907
1949,0,3685594469
1950,0,3441778501
1951,0,3212068931
1952,0,4193934557
1953,0,4266989645
1954,0,4140714627
1955,0,3428359372
1956,0,669980332
1957,0,1650749969
1958,0,1759683650
1959,0,2973086871
1960,0,4081958852
1961,0,3524701790
1962,0,4235254704
1963,0,131313235
1964,0,824646847
1965,0,2225219847
1966,0,4057436422
1967,0,2099072861
1968,0,1244013030
1969,0,1296989067
1970,0,3319007252
1971,0,3724797343
1972,0,4105882663
1973,0,183578040
1974,0,3347151227
1975,0,4251175084
1976,0,179787895
1977,0,3598769611
1978,0,1778561463
1979,0,3132996109
1980,0,2994700947
1981,0,127251237
1982,0,2413310077
1983,0,3006088790
1984,0,1579244589
1985,0,3241941279
1986,0,31775248
1987,0,3463741219
1988,0,1939325579
1989,0,4078570088
1990,0,4173151011
1991,0,2767711535
1992,0,1930826054
1993,0,2532291321
1994,0,1990522497
1995,0,3873502683
1996,0,4079408950
1997,0,297826582
1998,0,3266607751
1999,0,4050858709
2000,0,1913844065
2001,0,2883987646
2002,0,2966038278
2003,0,1903771507
2004,0,2222584632
2005,0,4190857431
2006,0,250189151
2007,0,3020883134
2008,0,3347394738
2009,0,1408978715
2010,0,2032038135
2011,0,1461298583
2012,0,382073858
2013,0,2180578464
2014,0,1408942422
2015,0,1909494654
2016,0,340997761
2017,0,585553856
2018,0,4224438831
2019,0,2956996584
2020,0,34853878
2021,0,1976096704
2022,0,2301422424
2023,0,2629553691
2024,0,1248020551
2025,0,1310492594
2026,0,62894119
2027,0,1121875386
2028,0,21430862
2029,0,3235441641
2030,0,1762722395
2031,0,1645385782
2032,0,329013052
2033,0,3054037921
2034,0,3304021503
2035,0,3309691063
2036,0,1395965918
2037,0,1563208345
2038,0,3347200614
2039,0,2568616481
2040,0,1844226287
2041,0,3872892535
2042,0,1362141211
2043,0,3813651138
2044,0,3085496681
2045,0,2440377579
2046,0,3403787519
2047,0,280517440
2048,0,1073471365
2049,0,3311463808
2050,0,3267411176
2051,0,2129075846
2052,0,1002804157
2053,0,3221003236
2054,0,3162618148
2055,0,4278903350
2056,0,3401712016
2057,0,3573078504
2058,0,930250570
2059,0,1811637223
2060,0,4151805092
2061,0,4219727349
2062,0,1100796811
2063,0,2790658525
2064,0,3923639947
2065,0,2543453229
2066,0,887503842
2067,0,2161788879
2068,0,3428562974
2069,0,3495728114
2070,0,108834435
2071,0,3862719989
2072,0,467533492
2073,0,628013713
2074,0,3047199343
2075,0,1514738361
2076,0,2078267510
2077,0,2600098782
2078,0,3787428062
2079,0,1731164300
2080,0,2414423795
2081,0,3973342952
2082,0,1629719404
2083,0,428763691
2084,0,1302817166
2085,0,2991178085
2086,0,3334581943
2087,0,2448543932
2088,0,3609636015
2089,0,1423635254
2090,0,1564146536
2091,0,1219015203
2092,0,2205374453
2093,0,3627935059
2094,0,4133573656
2095,0,1084585801
2096,0,667430287
2097,0,1833061075
2098,0,2803835711
2099,0,744796899
2100,0,4247351327
2101,0,3061172426
2102,0,3808256252
2103,0,2461677101
2104,0,1535147602
2105,0,3708328599
2106,0,85568250
2107,0,949529081
2108,0,2572450410
2109,0,3577683366
2110,0,3891468931
2111,0,281289362
2112,0,967371900
2113,0,2697507727
2114,0,1637356211
2115,0,436611540
2116,0,950275850
2117,0,2447861416
2118,0,3682164241
2119,0,3889942476
2120,0,1516379005
2121,0,951797915
2122,0,1688734127
2123,0,3592861505
2124,0,421295078
2125,0,2071982742
2126,0,545484800
2127,0,2666119009
2128,0,2310846339
2129,0,4141341829
2130,0,2779266790
2131,0,3974190172
2132,0,188504649
2133,0,2396156947
2134,0,3395220315
2135,0,2458300769
2136,0,3523007924
2137,0,570716721
2138,0,604145168
2139,0,3973526128
2140,0,1505743036
2141,0,3601345640
2142,0,3079535290
2143,0,328033335
2144,0,1584442866
2145,0,840420021
2146,0,2741038517
2147,0,1679051038
2148,0,1271402277
2149,0,264096851
2150,0,1892228680
2151,0,856084168
2152,0,2972241735
2153,0,2966364103
2154,0,902634972
2155,0,1487669767
2156,0,3833354449
2157,0,2209325858
2158,0,2393948199
2159,0,1077478621
2160,0,1961886988
2161,0,4268120996
2162,0,2538267789
2163,0,2965310816
2164,0,1937217737
2165,0,2377246526
2166,0,2610531637
2167,0,3989863786
2168,0,2916402900
2169,0,2495993395
2170,0,4000810866
2171,0,3449868286
2172,0,1605623793
2173,0,2918209335
2174,0,1170895676
2175,0,2115185578
2176,0,1308772677
2177,0,3799494864
2178,0,2581259814
2179,0,1725354377
2180,0,538071226
2181,0,715231928
2182,0,103106211
2183,0,1893681851
2184,0,2827266463
2185,0,2338176964
2186,0,2818642774
2187,0,3340327427
2188,0,1735444943
2189,0,3077294987
2190,0,222518342
2191,0,3216919363
2192,0,2886997288
2193,0,4170271856
2194,0,4076583711
2195,0,916136883
2196,0,255865445
2197,0,681462403
2198,0,3624212196
2199,0,569170568
2200,0,3977084182
2201,0,391910497
2202,0,803188649
2203,0,2675356988
2204,0,1945316180
2205,0,3316491032
2206,0,1209918495
2207,0,1733407824
2208,0,1789397789
2209,0,314065400
2210,0,1248779227
2211,0,3014367601
2212,0,3493789523
2213,0,4115107737
2214,0,2451641763
2215,0,2721091785
2216,0,3038049149
2217,0,1142136512
2218,0,3468370309
2219,0,4226895040
2220,0,2672663412
2221,0,2822939077
2222,0,1932886264
2223,0,2792803533
2224,0,2181379194
2225,0,3049693663
2226,0,1582519553
2227,0,2862514296
2228,0,681974576
2229,0,2479731920
2230,0,2409851163
2231,0,2995745595
2232,0,3253703855
2233,0,1547161426
2234,0,510028348
2235,0,3071407660
2236,0,3008522758
2237,0,1011381487
2238,0,1751399717
2239,0,400405093
2240,0,3720044104
2241,0,2016586577
2242,0,2253070941
2243,0,2719914237
2244,0,1361121245
2245,0,1804100016
2246,0,2423529359
2247,0,1664827373
2248,0,2618633294
2249,0,167960704
2250,0,2487990953
2251,0,2160300006
2252,0,3604600921
2253,0,1468225712
2254,0,2923272634
2255,0,3159371999
2256,0,4080677562
2257,0,415771020
2258,0,2731362672
2259,0,2005589153
2260,0,2948841326
2261,0,3723263065
2262,0,512350250
2263,0,2484983660
2264,0,4042801812
2265,0,3992807137
2266,0,1695393873
2267,0,3506170386
2268,0,445015310
2269,0,316542397
2270,0,3192997161
2271,0,1215423539
2272,0,3925899080
2273,0,2043257532
2274,0,4267608595
2275,0,3431157309
2276,0,231944063
2277,0,1872992065
2278,0,3023865188
2279,0,3063083692
2280,0,4029144879
2281,0,1938121486
2282,0,595415932
2283,0,2873125205
2284,0,1798952544
2285,0,1867132378
2286,0,1960733922
2287,0,2433513507
2288,0,3742036935
2289,0,2939698366
2290,0,3176838601
2291,0,2543839032
2292,0,73564676
2293,0,3496422069
2294,0,2466485645
2295,0,3623546836
2296,0,3389354068
2297,0,3858204723
2298,0,2328734507
2299,0,3400682271
2300,0,4193039383
2301,0,2191660960
2302,0,3398993643
2303,0,2465526505
2304,0,1143479637
2305,0,3083947028
2306,0,1411638429
2307,0,1052395621
2308,0,2171380862
2309,0,2844704623
2310,0,2987355038
2311,0,2968256544
2312,0,770380500
2313,0,3112637580
2314,0,968989159
2315,0,1431498681
2316,0,471643787
2317,0,3548376653
2318,0,4168973270
2319,0,3086326517
2320,0,2446077088
2321,0,2673669900
2322,0,907251090
2323,0,3013355010
2324,0,3704866860
2325,0,521486887
2326,0,1567541359
2327,0,135143838
2328,0,1267562368
2329,0,1256039166
2330,0,784443999
2331,0,1791145178
2332,0,3076830262
2333,0,498007079
2334,0,2271599474
2335,0,3178965911
2336,0,3644675571
2337,0,65178226
2338,0,120620964
2339,0,4014310534
2340,0,2776106732
2341,0,287265790
2342,0,2541561742
2343,0,1108555592
2344,0,3149824917
2345,0,307157011
2346,0,3772205589
2347,0,992490815
2348,0,2356589816
2349,0,131770380
2350,0,163261761
2351,0,4000600648
2352,0,3817958038
2353,0,381317911
2354,0,1137659931
2355,0,2420177757
2356,0,1783137736
2357,0,617000624
2358,0,3540652344
2359,0,3028708462
2360,0,1484361099
2361,0,1356067983
2362,0,3858921070
2363,0,2972951337
2364,0,1871368642
2365,0,2212751483
2366,0,594679469
2367,0,1431783870
2368,0,1951546139
2369,0,1427706595
2370,0,2683068769
2371,0,1808357537
2372,0,1534476591
2373,0,4180604998
2374,0,3806544373
2375,0,3513333755
2376,0,89369136
2377,0,1923601786
2378,0,2299723454
2379,0,242216540
2380,0,2267473486
2381,0,638483609
2382,0,3661111991
2383,0,331029888
2384,0,1903138085
2385,0,4205178048
2386,0,2693014686
2387,0,2800297013
2388,0,3482805570
2389,0,1155116925
2390,0,1475398438
2391,0,2618401260
2392,0,2913127098
2393,0,1783359680
2394,0,4247752265
2395,0,2419306362
2396,0,1582247700
2397,0,3457395330
2398,0,3543487299
2399,0,1392308813
2400,0,1511241463
2401,0,3043316401
2402,0,4183611432
2403,0,694471044
2404,0,3134596206
2405,0,3038819107
2406,0,3419722401
2407,0,1637586497
2408,0,2032419560
2409,0,3730731220
2410,0,417064502
2411,0,3888091960
2412,0,2932581204
2413,0,2391314052
2414,0,1951425576
2415,0,1652445186
2416,0,2813772701
2417,0,2272187295
2418,0,4273913649
2419,0,38402109
2420,0,2491848154
2421,0,2172857924
2422,0,1831882817
2423,0,2150643837
2424,0,1623500706
2425,0,1914907386
2426,0,4176497092
2427,0,3370030368
2428,0,1428790205
2429,0,2912885458
2430,0,2523581360
2431,0,747187198
2432,0,1132016830
2433,0,3627421545
2434,0,582963972
2435,0,3542702603
2436,0,4116742623
2437,0,1312390450
2438,0,1384034909
2439,0,43997351
2440,0,3639754786
2441,0,2386510713
2442,0,2891602545
2443,0,93664923
2444,0,3414614072
2445,0,3887895800
2446,0,3512099657
2447,0,3134650134
2448,0,3803489420
2449,0,2995186782
2450,0,2393792728
2451,0,337473986
2452,0,4270388944
2453,0,3926022617
2454,0,2249982437
2455,0,3258252373
2456,0,3933217738
2457,0,791383310
2458,0,2412129067
2459,0,516858170
2460,0,2547584398
2461,0,2071609850
2462,0,1541804888
2463,0,2821106782
2464,0,3355902856
2465,0,649388499
2466,0,3948236308
2467,0,275383487
2468,0,1329878241
2469,0,2128271277
2470,0,2713965306
2471,0,2818775476
2472,0,2911533550
2473,0,3025067541
2474,0,2651157427
2475,0,1041398474
2476,0,1479233423
2477,0,176970530
2478,0,3169001750
2479,0,3236963254
2480,0,1414971221
2481,0,4097282027
2482,0,3164032206
2483,0,4107956073
2484,0,2681564594
2485,0,2114299107
2486,0,2578289743
2487,0,1336433277
2488,0,3625769422
2489,0,662844380
2490,0,1590290208
2491,0,664211702
2492,0,1958737010
2493,0,3423591466
2494,0,3336206863
2495,0,3135243906
2496,0,3209321572
2497,0,1813145319
2498,0,958154368
2499,0,2286932646
2500,0,830365387
2501,0,2924425368
2502,0,1138655862
2503,0,3784408190
2504,0,231060817
2505,0,3600208934
2506,0,2387630031
2507,0,295126779
2508,0,3494056383
2509,0,4242651173
2510,0,3075131191
2511,0,438717633
2512,0,2759763678
2513,0,1678675724
2514,0,134605467
2515,0,529323568
2516,0,739771957
2517,0,3070802714
2518,0,2904477391
2519,0,3961880876
2520,0,3691367084
2521,0,3479140484
2522,0,699595971
2523,0,3011403030
2524,0,1665699448
2525,0,577851483
2526,0,121419942
2527,0,2502829810
2528,0,1878626122
2529,0,2618091522
2530,0,546945028
2531,0,3837741768
2532,0,2972699483
2533,0,1087725657
2534,0,1998123254
2535,0,1237748437
2536,0,2333128187
2537,0,677183148
2538,0,1185777768
2539,0,62817464
2540,0,3054782636
2541,0,3745198764
2542,0,2494770555
2543,0,3533343573
2544,0,4261232397
2545,0,428536419
2546,0,3205529984
2547,0,1262097424
2548,0,1052379468
2549,0,2380621349
2550,0,85655573
2551,0,3324756409
2552,0,2106288215
2553,0,11633399
2554,0,754985600
2555,0,576187304
2556,0,997327641
2557,0,422759601
2558,0,1413304451
2559,0,998554933
2560,0,2535551936
2561,0,2457649900
2562,0,1309259900
2563,0,1506188063
2564,0,3724736493
2565,0,2669536722
2566,0,1464939553
2567,0,1265677739
2568,0,3850015337
2569,0,1372247986
2570,0,1823397804
2571,0,2100993185
2572,0,4219196726
2573,0,3128422104
2574,0,2989845710
2575,0,3929587736
2576,0,3041696165
2577,0,3917314489
2578,0,2399480092
2579,0,1861303791
2580,0,1624494185
2581,0,1090608582
2582,0,1032633306
2583,0,4093803137
2584,0,3507675688
2585,0,665007331
2586,0,1725037564
2587,0,1818538571
2588,0,3214427389
2589,0,1475367102
2590,0,3775952877
2591,0,307864443
2592,0,3773619296
2593,0,394058704
2594,0,215295923
2595,0,2889967586
2596,0,2534510652
2597,0,131994711
2598,0,1875265885
2599,0,2069561163
2600,0,2999070546
2601,0,304778246
2602,0,921163699
2603,0,1311499995
2604,0,1826843587
2605,0,855272142
2606,0,2345744127
2607,0,215912312
2608,0,2064506336
2609,0,3599108792
2610,0,3992005456
2611,0,3690114237
2612,0,1120680559
2613,0,1974906191
2614,0,2751247680
2615,0,2680246954
2616,0,119358560
2617,0,1572038312
2618,0,497663355
2619,0,1793050488
2620,0,3558949472
2621,0,1909110422
2622,0,3289695834
2623,0,3341463189
2624,0,1523697929
2625,0,501991121
2626,0,3272301929
2627,0,3160608378
2628,0,1747465516
2629,0,3208498986
2630,0,3720938630
2631,0,1450114922
2632,0,3120336587
2633,0,748331513
2634,0,1813121227
2635,0,2355410830
2636,0,1211769412
2637,0,2183539677
2638,0,2900928019
2639,0,3178879686
2640,0,1107976982
2641,0,3279691874
2642,0,2843228314
2643,0,1661917775
2644,0,2964040684
2645,0,2132765159
2646,0,3596344886
2647,0,506746872
2648,0,229158461
2649,0,361710410
2650,0,1093257881
2651,0,1998586404
2652,0,2616429398
2653,0,3116301658
2654,0,2762228816
2655,0,2850298535
2656,0,2091716639
2657,0,192771656
2658,0,321959634
2659,0,3098833095
2660,0,3812489649
2661,0,3715432756
2662,0,3609480253
2663,0,2329652972
2664,0,533494927
2665,0,2615623809
2666,0,219969082
2667,0,4172647735
2668,0,1803189886
2669,0,2986354852
2670,0,1435145966
2671,0,3988651493
2672,0,305129541
2673,0,197182742
2674,0,2133039175
2675,0,2302981138
2676,0,3877209553
2677,0,601492992
2678,0,559799981
2679,0,3415101129
2680,0,1220187042
2681,0,1125451365
2682,0,2565023401
2683,0,2063167218
2684,0,3016206657
2685,0,2602233078
2686,0,369998132
2687,0,2219203969
2688,0,3958168627
2689,0,2100954310
2690,0,2314836215
2691,0,3858994436
2692,0,13153781
2693,0,3635791630
2694,0,1792201636
2695,0,611267863
2696,0,2608544337
2697,0,2048781673
2698,0,832927889
2699,0,1213591178
2700,0,1159617864
2701,0,1481922675
2702,0,3088083486
2703,0,523101783
2704,0,3742212900
2705,0,105628816
2706,0,2783347836
2707,0,3629049800
2708,0,2454411251
2709,0,3994828425
2710,0,1349019535
2711,0,3484193187
2712,0,4001575567
2713,0,2457881126
2714,0,3814473540
2715,0,4062523102
2716,0,2821087489
2717,0,3838317378
2718,0,849617490
2719,0,1797856645
2720,0,1537908969
2721,0,4182204786
2722,0,3092009734
2723,0,2008926224
2724,0,424298159
2725,0,1651393120
2726,0,3999332689
2727,0,3625885556
2728,0,1978878732
2729,0,2395631077
2730,0,2913150878
2731,0,3812681206
2732,0,3480361
2733,0,3378330273
2734,0,2938935557
2735,0,3179857763
2736,0,167399409
2737,0,1083027859
2738,0,558560076
2739,0,2605373309
2740,0,4110934607
2741,0,546233320
2742,0,2240242737
2743,0,1227843217
2744,0,442472847
2745,0,3299846712
2746,0,218032972
2747,0,3816256359
2748,0,2926127274
2749,0,3841560468
2750,0,1952958257
2751,0,481660753
2752,0,3981187597
2753,0,2948344939
2754,0,1813673747
2755,0,2113457039
2756,0,4121567403
2757,0,2254182132
2758,0,2496659989
2759,0,114287580
2760,0,2889338438
2761,0,3927683993
2762,0,292775949
2763,0,4062982324
2764,0,4083933065
2765,0,2613953348
2766,0,1460600918
2767,0,1471603028
2768,0,4162369498
2769,0,848532939
2770,0,1164996126
2771,0,1589822119
2772,0,3562151020
2773,0,1814374371
2774,0,3556594287
2775,0,1335973975
2776,0,4057647682
2777,0,3133742955
2778,0,3181530329
2779,0,1931202149
2780,0,1345981134
2781,0,1025215903
2782,0,3651220139
2783,0,24217457
2784,0,40388734
2785,0,1737897069
2786,0,2187548896
2787,0,3332024255
2788,0,3754745769
2789,0,3271715605
2790,0,1114704005
2791,0,257081237
2792,0,1285966693
2793,0,1017092480
2794,0,978334903
2795,0,2753531988
2796,0,2494714014
2797,0,178128398
2798,0,2175518465
2799,0,3493392164
2800,0,1985818762
2801,0,3654225196
2802,0,892908089
2803,0,1284502342
2804,0,3993644181
2805,0,3632525945
2806,0,2136777471
2807,0,2338707646
2808,0,1043468391
2809,0,4226220408
2810,0,1657380636
2811,0,1953285801
2812,0,2072743509
2813,0,1113867733
2814,0,2433652730
2815,0,1036990018
2816,0,1453881836
2817,0,1798271462
2818,0,661495439
2819,0,54177521
2820,0,2322601443
2821,0,2437546277
2822,0,4239915986
2823,0,2054880436
2824,0,2556536322
2825,0,949467666
2826,0,895886072
2827,0,3591509732
2828,0,219499747
2829,0,900115015
2830,0,4247354416
2831,0,2270017927
2832,0,1070954137
2833,0,2982534490
2834,0,1203606989
2835,0,1435346607
2836,0,3395221091
2837,0,2260801898
2838,0,409827356
2839,0,1522194123
2840,0,202729914
2841,0,2238536779
2842,0,4066462745
2843,0,2812427496
2844,0,3889615383
2845,0,2400302973
2846,0,2251766722
2847,0,1218848709
2848,0,126287018
2849,0,3664364739
2850,0,3167445723
2851,0,3265083635
2852,0,3589155954
2853,0,476900354
2854,0,3161551476
2855,0,3586709003
2856,0,775151727
2857,0,368772976
2858,0,3618800314
2859,0,2069211208
2860,0,96805798
2861,0,2542263486
2862,0,3994385526
2863,0,1927810011
2864,0,33099858
2865,0,1570469067
2866,0,1396941834
2867,0,3751545483
2868,0,2271606861
2869,0,904186651
2870,0,1014519384
2871,0,3772443937
2872,0,313319518
2873,0,1514899117
2874,0,2035830690
2875,0,1697302900
2876,0,3163470262
2877,0,481411370
2878,0,3053911904
2879,0,1421064501
2880,0,127692531
2881,0,3255513490
2882,0,589124174
2883,0,2748189284
2884,0,852877189
2885,0,2911001079
2886,0,824549257
2887,0,3628802691
2888,0,1064865102
2889,0,4110032614
2890,0,1408642005
2891,0,1192547059
2892,0,1947293334
2893,0,2259978007
2894,0,3701205948
2895,0,2624279050
2896,0,862407423
2897,0,2636135299
2898,0,3495085003
2899,0,2371296286
2900,0,3024717300
2901,0,438285935
2902,0,1989550278
2903,0,3814295969
2904,0,2681590391
2905,0,2533308410
2906,0,1879683258
2907,0,2244257045
2908,0,1034402150
2909,0,2615711811
2910,0,2499230291
2911,0,68227629
2912,0,3972039143
2913,0,1669328057
2914,0,1140390509
2915,0,3390829271
2916,0,1013470743
2917,0,3825140994
2918,0,1756877069
2919,0,3226546310
2920,0,779220838
2921,0,54188584
2922,0,1468085495
2923,0,1390568312
2924,0,3475041278
2925,0,2578913521
2926,0,797552901
2927,0,747284465
2928,0,1994637995
2929,0,3630308336
2930,0,4170619326
2931,0,1602797998
2932,0,2954456176
2933,0,796095963
2934,0,2026803935
2935,0,4164015413
2936,0,2423626686
2937,0,1128992223
2938,0,2096064583
2939,0,2904544820
2940,0,2901853912
2941,0,4052903182
2942,0,458000759
2943,0,3324486790
2944,0,1673832590
2945,0,746024804
2946,0,4075453065
2947,0,182161108
2948,0,455563732
2949,0,4087978650
2950,0,3752715783
2951,0,248234385
2952,0,2848098125
2953,0,3695190232
2954,0,3543323221
2955,0,2793335753
2956,0,469319434
2957,0,3205775814
2958,0,3535786064
2959,0,1041057098
2960,0,1110281496
2961,0,2186309439
2962,0,2035209316
2963,0,3682776357
2964,0,703341942
2965,0,85248311
2966,0,444498670
2967,0,2387073055
2968,0,3720631581
2969,0,3147565934
2970,0,1691030742
2971,0,3429574718
2972,0,2231053704
2973,0,3355572365
2974,0,353649573
2975,0,829755317
2976,0,2164201844
2977,0,434420508
2978,0,1583937471
2979,0,1400490480
2980,0,582510259
2981,0,3819708676
2982,0,2518600322
2983,0,2795178373
2984,0,852656208
2985,0,969840316
2986,0,2285176112
2987,0,988888665
2988,0,3128428612
2989,0,3580521084
2990,0,2626775982
2991,0,2373621980
2992,0,307202668
2993,0,2202863181
2994,0,1393706607
2995,0,1613421440
2996,0,1342309261
2997,0,503766324
2998,0,1906819940
2999,0,2964060065
3000,0,95002958
3001,0,26167374
3002,0,4166614445
3003,0,712670523
3004,0,3732460917
3005,0,1578431710
3006,0,3513108409
3007,0,1539882352
3008,0,2742115245
3009,0,2291354191
3010,0,3665923810
3011,0,2162873036
3012,0,2362756405
3013,0,3141441036
3014,0,1444641939
3015,0,145296055
3016,0,369112904
3017,0,231659708
3018,0,234834384
3019,0,2086817266
3020,0,2388587676
3021,0,1231471546
3022,0,3005787506
3023,0,1985050641
3024,0,1933435832
3025,0,639240125
3026,0,3143568811
3027,0,128080670
3028,0,3572896446
3029,0,3264930862
3030,0,1576144641
3031,0,2656436232
3032,0,2494745411
3033,0,1988327534
3034,0,676864393
3035,0,2706104349
3036,0,1951267225
3037,0,2762553574
3038,0,4110589628
3039,0,2088564502
3040,0,2975239545
3041,0,2143960485
3042,0,934195930
3043,0,3745891872
3044,0,2545895904
3045,0,2934809217
3046,0,1292661823
3047,0,3002419898
3048,0,1877142027
3049,0,1725036570
3050,0,1669335699
3051,0,949560506
3052,0,2646818077
3053,0,3061638541
3054,0,1936149899
3055,0,3222961376
3056,0,2134990659
3057,0,3247159287
3058,0,1507100141
3059,0,3829492345
3060,0,3905679678
3061,0,1264792392
3062,0,2353962093
3063,0,2812371468
3064,0,4159985788
3065,0,3817285153
3066,0,4012094848
3067,0,2884423785
3068,0,232586169
3069,0,3352940396
3070,0,951205558
3071,0,2482823556
3072,0,1429336463
3073,0,184853999
3074,0,1754811475
3075,0,1129416602
3076,0,134035243
3077,0,2182673223
3078,0,310112927
3079,0,3912021483
3080,0,2376904259
3081,0,352095313
3082,0,732640170
3083,0,4128570853
3084,0,1554337553
3085,0,1571136498
3086,0,3534320895
3087,0,2062268004
3088,0,2294365847
3089,0,1298311902
3090,0,521518722
3091,0,2960193248
3092,0,2067306358
3093,0,1394217021
3094,0,850046675
3095,0,2305773579
3096,0,246298172
3097,0,3310588680
3098,0,1366022833
3099,0,1837111887
3100,0,3085985867
3101,0,3855872983
3102,0,4001537635
3103,0,345684036
3104,0,835790893
3105,0,2386872999
3106,0,4111729871
3107,0,3291881257
3108,0,4256474304
3109,0,1287559830
3110,0,1651423584
3111,0,488545249
3112,0,37308112
3113,0,1988700033
3114,0,492632349
3115,0,3449560162
3116,0,2350847530
3117,0,3046525351
3118,0,3908069686
3119,0,1594728573
3120,0,2337065596
3121,0,1382755549
3122,0,3387061125
3123,0,1975556556
3124,0,3118234800
3125,0,4278621493
3126,0,2577686341
3127,0,1540504067
3128,0,2396577034
3129,0,977478006
3130,0,2480145984
3131,0,1889400334
3132,0,97940768
3133,0,2771387321
3134,0,229200474
3135,0,3684840651
3136,0,1869193497
3137,0,840907580
3138,0,2053300608
3139,0,3960252297
3140,0,1732953367
3141,0,3270469251
3142,0,3923583516
3143,0,4266532531
3144,0,2392092575
3145,0,1872120748
3146,0,2056291197
3147,0,891147842
3148,0,1970267304
3149,0,3064900341
3150,0,502749869
3151,0,586333820
3152,0,3533543586
3153,0,1354032294
3154,0,1210586230
3155,0,511235461
3156,0,2647034817
3157,0,3681500766
3158,0,2822300044
3159,0,892226184
3160,0,1939448407
3161,0,3183433342
3162,0,3110536454
3163,0,1631245637
3164,0,1239382284
3165,0,2032919571
3166,0,2962841127
3167,0,4041441961
3168,0,2523577522
3169,0,4268692940
3170,0,2248535879
3171,0,1179600017
3172,0,1971014687
3173,0,2213342723
3174,0,3686572981
3175,0,3062804048
3176,0,198664626
3177,0,466295298
3178,0,1776791207
3179,0,441653118
3180,0,1864470304
3181,0,2255595522
3182,0,3712452346
3183,0,2659374838
3184,0,1339224024
3185,0,1461010252
3186,0,4016316786
3187,0,33607223
3188,0,1661098324
3189,0,758211904
3190,0,850777100
3191,0,2394297046
3192,0,3513933984
3193,0,832826483
3194,0,3382240965
3195,0,2101715141
3196,0,3807504651
3197,0,634141315
3198,0,4045238893
3199,0,3041871205
3200,0,2398296077
3201,0,1403719796
3202,0,85236838
3203,0,1167782506
3204,0,1629507489
3205,0,1918837419
3206,0,1464548462
3207,0,672818605
3208,0,4048619706
3209,0,3632411577
3210,0,1079952547
3211,0,2174218246
3212,0,2373383789
3213,0,617908656
3214,0,163101537
3215,0,3292927339
3216,0,3682973150
3217,0,3405130593
3218,0,4242250028
3219,0,1882555571
3220,0,3570604194
3221,0,1327983457
3222,0,3945288388
3223,0,3479498236
3224,0,162780849
3225,0,534523747
3226,0,3694152987
3227,0,1744551314
3228,0,427246454
3229,0,3525739706
3230,0,1418295714
3231,0,203262972
3232,0,287898861
3233,0,3625856343
3234,0,2871833133
3235,0,2420678585
3236,0,4097847974
3237,0,2961571372
3238,0,3880732684
3239,0,3348572747
3240,0,2031435684
3241,0,47958612
3242,0,163546140
3243,0,3736299714
3244,0,3334820855
3245,0,4224397546
3246,0,655490593
3247,0,40868651
3248,0,3495622254
3249,0,1551455621
3250,0,2951746241
3251,0,413460149
3252,0,171087116
3253,0,1257509349
3254,0,3520226721
3255,0,833055058
3256,0,1294312852
3257,0,3413930687
3258,0,3764237674
3259,0,2297109586
3260,0,2269386146
3261,0,3153771546
3262,0,1665715942
3263,0,672286252
3264,0,4107937450
3265,0,2984831757
3266,0,1034597481
3267,0,265526970
3268,0,4237883320
3269,0,2946455407
3270,0,3944754966
3271,0,915510935
3272,0,2351817334
3273,0,1006924455
3274,0,4165581423
3275,0,797147213
3276,0,2932604552
3277,0,4064827045
3278,0,3943552907
3279,0,1852797397
3280,0,2330439199
3281,0,2611626029
3282,0,2791225018
3283,0,1638928702
3284,0,292290133
3285,0,3129756069
3286,0,1151795033
3287,0,4076850463
3288,0,1624850065
3289,0,2792136596
3290,0,2254351931
3291,0,547690775
3292,0,4084245076
3293,0,7366889
3294,0,2697233855
3295,0,1042074950
3296,0,1363119388
3297,0,3004692242
3298,0,4081560808
3299,0,3717160741
3300,0,4212614672
3301,0,3984118458
3302,0,315804813
3303,0,589982892
3304,0,3108283795
3305,0,2469183080
3306,0,2564177688
3307,0,3113681090
3308,0,1751313573
3309,0,2336005534
3310,0,157641465
3311,0,595133540
3312,0,2101687902
3313,0,2858281145
3314,0,4262633628
3315,0,3928999452
3316,0,1332060714
3317,0,2670946554
3318,0,3081137260
3319,0,1062338137
3320,0,331422868
3321,0,975377181
3322,0,1347647645
3323,0,3612876957
3324,0,3124153912
3325,0,500041664
3326,0,2080064059
3327,0,1681479493
3328,0,1613886247
3329,0,2498936237
3330,0,2879978958
3331,0,910008070
3332,0,1048486120
3333,0,2786684665
3334,0,4077348954
3335,0,3750284508
3336,0,74896757
3337,0,98261305
3338,0,2977269415
3339,0,898476183
3340,0,2474513368
3341,0,1906462746
3342,0,1333834890
3343,0,2066405442
3344,0,611549747
3345,0,3532442889
3346,0,781507455
3347,0,177689026
3348,0,4114830133
3349,0,2073176135
3350,0,3988797002
3351,0,2317974030
3352,0,141950970
3353,0,1188455391
3354,0,3742701481
3355,0,3252757113
3356,0,1348494702
3357,0,3313297928
3358,0,1602553046
3359,0,485019769
3360,0,3659108938
3361,0,3796134434
3362,0,2399381986
3363,0,3184331613
3364,0,2289173710
3365,0,3584014299
3366,0,1341918025
3367,0,473746531
3368,0,866990555
3369,0,106193296
3370,0,3332550851
3371,0,2280229726
3372,0,1723864063
3373,0,4081579424
3374,0,3012401273
3375,0,282443576
3376,0,1097824385
3377,0,1637808254
3378,0,1824358902
3379,0,1290197335
3380,0,1849828497
3381,0,1892822745
3382,0,2485886973
3383,0,492687095
3384,0,887941750
3385,0,2649598535
3386,0,1007590581
3387,0,479274073
3388,0,995693268
3389,0,963663093
3390,0,1311984962
3391,0,3573075823
3392,0,260933218
3393,0,1467130242
3394,0,1797186627
3395,0,1162686088
3396,0,4078405126
3397,0,2034219597
3398,0,1086190518
3399,0,664983219
3400,0,3555035433
3401,0,986943849
3402,0,1462515670
3403,0,3943004317
3404,0,3335104598
3405,0,2342594391
3406,0,1178177202
3407,0,2316393957
3408,0,2484603731
3409,0,993402026
3410,0,3972480923
3411,0,1841240609
3412,0,1368708828
3413,0,2729008155
3414,0,2892327246
3415,0,685348072
3416,0,1389863050
3417,0,2115030729
3418,0,2666690701
3419,0,3986014204
3420,0,388516841
3421,0,3573152931
3422,0,2261830581
3423,0,1801627814
3424,0,4038624317
3425,0,3889549410
3426,0,3874385742
3427,0,1274078061
3428,0,2754641091
3429,0,3735120887
3430,0,2283909400
3431,0,2120166713
3432,0,3840956517
3433,0,275610875
3434,0,1102717762
3435,0,3214824651
3436,0,3588671304
3437,0,2901932079
3438,0,766774038
3439,0,906310365
3440,0,2609218738
3441,0,1231681115
3442,0,2214010058
3443,0,1839461213
3444,0,1791167897
3445,0,1702177793
3446,0,3730367259
3447,0,2236064454
3448,0,1391727465
3449,0,3283238789
3450,0,202991908
3451,0,109235962
3452,0,3035204564
3453,0,939158205
3454,0,789777035
3455,0,2248931562
3456,0,3561213475
3457,0,494462176
3458,0,1031300690
3459,0,133558251
3460,0,4212297487
3461,0,4103369910
3462,0,978566999
3463,0,4204153067
3464,0,1122833646
3465,0,3999546902
3466,0,1568641637
3467,0,1231018620
3468,0,4027608564
3469,0,1216149315
3470,0,67861801
3471,0,509835070
3472,0,1612013820
3473,0,1297766873
3474,0,3394119625
3475,0,3629585106
3476,0,2074391892
3477,0,1288059315
3478,0,4126381355
3479,0,1837131392
3480,0,1264227112
3481,0,1053583703
3482,0,3476866084
3483,0,2696253688
3484,0,1207544845
3485,0,1031705361
3486,0,209999743
3487,0,1259699466
3488,0,1916642640
3489,0,342820219
3490,0,1824783483
3491,0,2061381245
3492,0,1563160405
3493,0,954907029
3494,0,2497569113
3495,0,908882274
3496,0,3087909154
3497,0,85567478
3498,0,218668965
3499,0,3246009275
3500,0,95174173
3501,0,3482597994
3502,0,1408409286
3503,0,90277043
3504,0,2332571464
3505,0,835667640
3506,0,4196232372
3507,0,2800953681
3508,0,3103031069
3509,0,3589232214
3510,0,3683955012
3511,0,4198425818
3512,0,4061349512
3513,0,3263395529
3514,0,656022628
3515,0,4131613647
3516,0,4234284050
3517,0,31608482
3518,0,1324580249
3519,0,155839001
3520,0,1628642751
3521,0,1446732109
3522,0,2018071748
3523,0,149833772
3524,0,4238259193
3525,0,1993430953
3526,0,3635375835
3527,0,2616629313
3528,0,1462574078
3529,0,2114362167
3530,0,23436647
3531,0,3958219875
3532,0,3009188275
3533,0,204915142
3534,0,1438847969
3535,0,3227135998
3536,0,823134380
3537,0,817333614
3538,0,3277752579
3539,0,1570957244
3540,0,737773014
3541,0,1932150423
3542,0,1156568587
3543,0,2079574684
3544,0,1453929036
3545,0,1827786172
3546,0,4253713663
3547,0,263421141
3548,0,1695839457
3549,0,2592867717
3550,0,1571404795
3551,0,806042768
3552,0,2763783388
3553,0,3206691020
3554,0,4282605297
3555,0,121348959
3556,0,425665559
3557,0,1181410777
3558,0,1089003153
3559,0,1012970124
3560,0,1813370132
3561,0,5306287
3562,0,3389392733
3563,0,1465509707
3564,0,497475827
3565,0,4138001871
3566,0,700131553
3567,0,3628267762
3568,0,1824755932
3569,0,3319523760
3570,0,2774207750
3571,0,1536049179
3572,0,3793769085
3573,0,3852422922
3574,0,2210344853
3575,0,2952407763
3576,0,3198668771
3577,0,2888435086
3578,0,2146290595
3579,0,362861839
3580,0,4012335983
3581,0,1780145034
3582,0,471590111
3583,0,1887872895
3584,0,1213768084
3585,0,3509320577
3586,0,1697257772
3587,0,3892236107
3588,0,4242651200
3589,0,3067243316
3590,0,2368097070
3591,0,3426126063
3592,0,3091704122
3593,0,3782819530
3594,0,312717018
3595,0,2288218534
3596,0,749703981
3597,0,125949256
3598,0,2553393244
3599,0,1769377633
3600,0,2881787564
3601,0,456150692
3602,0,1316764950
3603,0,4060980953
3604,0,2617381874
3605,0,301704524
3606,0,3473992517
3607,0,2642177369
3608,0,171959154
3609,0,1013633818
3610,0,2805834718
3611,0,2072716765
3612,0,4179739365
3613,0,4007479611
3614,0,3099283974
3615,0,2374276123
3616,0,4294477976
3617,0,865337933
3618,0,3361902531
3619,0,2865677006
3620,0,544230181
3621,0,193661519
3622,0,848902894
3623,0,2908418444
3624,0,2651459353
3625,0,583097677
3626,0,611829465
3627,0,1228773743
3628,0,3088091271
3629,0,2298985703
3630,0,2918651626
3631,0,2858704543
3632,0,390227652
3633,0,683911721
3634,0,3981588906
3635,0,3867328441
3636,0,2681022307
3637,0,1594492051
3638,0,3969188031
3639,0,3705280830
3640,0,1615810240
3641,0,3145091947
3642,0,830037670
3643,0,1327492592
3644,0,3868663968
3645,0,1390878145
3646,0,2595473582
3647,0,2540263133
3648,0,1136593168
3649,0,4046869406
3650,0,1408518588
3651,0,2193047421
3652,0,3461158897
3653,0,4208145576
3654,0,344533995
3655,0,259928369
3656,0,3797337661
3657,0,1757287893
3658,0,3935894071
3659,0,1309834200
3660,0,742790892
3661,0,1038603649
3662,0,765809514
3663,0,2126659918
3664,0,3952663899
3665,0,4132138242
3666,0,3867639319
3667,0,569822229
3668,0,4143322575
3669,0,3182564072
3670,0,33738495
3671,0,545087793
3672,0,121365660
3673,0,245592136
3674,0,1977762749
3675,0,2401915799
3676,0,1849882203
3677,0,565726719
3678,0,686851708
3679,0,1071404547
3680,0,378666285
3681,0,264077143
3682,0,2863538428
3683,0,3095618340
3684,0,1209443255
3685,0,274840935
3686,0,3731136161
3687,0,4221802329
3688,0,2690026589
3689,0,1249870547
3690,0,4270999521
3691,0,2074715670
3692,0,2718135747
3693,0,1540685918
3694,0,2148076433
3695,0,2383683244
3696,0,3052573132
3697,0,514270985
3698,0,2995339114
3699,0,971149016
3700,0,1863246404
3701,0,3682682631
3702,0,2673477719
3703,0,339765407
3704,0,857932534
3705,0,1019249224
3706,0,3183154572
3707,0,1045805865
3708,0,2938841489
3709,0,2301951805
3710,0,3434733268
3711,0,453478853
3712,0,4000042634
3713,0,1625452471
3714,0,2408038045
3715,0,1926263895
3716,0,4145014074
3717,0,2126298414
3718,0,3392683490
3719,0,2097643296
3720,0,3464887409
3721,0,1350007412
3722,0,1477253352
3723,0,2568800608
3724,0,103409272
3725,0,1715051115
3726,0,4226730737
3727,0,1957662345
3728,0,715352822
3729,0,3092031496
3730,0,2231004014
3731,0,4218305285
3732,0,3185452354
3733,0,1472030425
3734,0,2543932970
3735,0,300768152
3736,0,3915308087
3737,0,1776062011
3738,0,4218017014
3739,0,4279891373
3740,0,4096432667
3741,0,1247583311
3742,0,3816227845
3743,0,2097355326
3744,0,3604903580
3745,0,431139290
3746,0,3719314526
3747,0,2638854435
3748,0,3889958581
3749,0,2807638960
3750,0,3351395911
3751,0,2170115586
3752,0,3635493390
3753,0,31472438
3754,0,3596220117
3755,0,4175917076
3756,0,3394934694
3757,0,2372756945
3758,0,457044602
3759,0,187627683
3760,0,1399104894
3761,0,1051448827
3762,0,3330697681
3763,0,2083900911
3764,0,1954654795
3765,0,2027274063
3766,0,683352817
3767,0,3493967075
3768,0,1030313517
3769,0,3795010203
3770,0,3329004235
3771,0,3532571377
3772,0,1355551929
3773,0,2570120980
3774,0,513245917
3775,0,927392475
3776,0,1724437375
3777,0,3896944812
3778,0,2536896165
3779,0,365496565
3780,0,2921455966
3781,0,3544671035
3782,0,3676539339
3783,0,3914146822
3784,0,4101349088
3785,0,2996706228
3786,0,1291635520
3787,0,1728090314
3788,0,3592725126
3789,0,217855036
3790,0,3305492769
3791,0,2602047633
3792,0,2571429396
3793,0,3041590839
3794,0,3137406289
3795,0,4005984260
3796,0,421262343
3797,0,2499796618
3798,0,2331740861
3799,0,2384902667
3800,0,1972969912
3801,0,1685005455
3802,0,2670598896
3803,0,3530993096
3804,0,4265241551
3805,0,3677986734
3806,0,4048114376
3807,0,3105347392
3808,0,1006707039
3809,0,494101514
3810,0,1337033363
3811,0,2207805730
3812,0,976390268
3813,0,211452322
3814,0,3379761493
3815,0,3227876313
3816,0,2362697366
3817,0,4029320278
3818,0,2510523462
3819,0,1632433203
3820,0,110596374
3821,0,1645232844
3822,0,595004136
3823,0,2271679581
3824,0,3632026571
3825,0,312886249
3826,0,2176507396
3827,0,2503758873
3828,0,3897557766
3829,0,3995489502
3830,0,3003995776
3831,0,578164654
3832,0,4042742287
3833,0,1835027796
3834,0,4254406929
3835,0,2287329034
3836,0,1160010960
3837,0,427379311
3838,0,916651221
3839,0,1312121193
3840,0,3352752058
3841,0,1578498026
3842,0,4260377694
3843,0,2483729795
3844,0,2515283742
3845,0,301139001
3846,0,1610058979
3847,0,1662828822
3848,0,2633100713
3849,0,2312584299
3850,0,2769748870
3851,0,3919300501
3852,0,3159149313
3853,0,2159266679
3854,0,3262620857
3855,0,3941820137
3856,0,1139718718
3857,0,26164522
3858,0,594266591
3859,0,273717783
3860,0,1633486942
3861,0,3397625557
3862,0,1970431705
3863,0,209853357
3864,0,2969835158
3865,0,1225728221
3866,0,260971703
3867,0,1326173659
3868,0,3769001699
3869,0,2738359070
3870,0,3911769171
3871,0,2801427778
3872,0,2685951243
3873,0,3700716087
3874,0,142987422
3875,0,3764351861
3876,0,3356187085
3877,0,3311903444
3878,0,379220746
3879,0,1201205655
3880,0,1827509506
3881,0,402325156
3882,0,1306856659
3883,0,1671186284
3884,0,2236082260
3885,0,1911020082
3886,0,3734647586
3887,0,2268714237
3888,0,157511662
3889,0,4149029249
3890,0,500774751
3891,0,1567330822
3892,0,3393452019
3893,0,587495437
3894,0,750014447
3895,0,209081387
3896,0,412728594
3897,0,3360078703
3898,0,4198615994
3899,0,2783686145
3900,0,3579258004
3901,0,158479030
3902,0,2881384868
3903,0,3570577217
3904,0,1639308262
3905,0,2212996802
3906,0,2428794621
3907,0,3714115568
3908,0,4065222879
3909,0,4108738901
3910,0,559381331
3911,0,160626157
3912,0,2998972730
3913,0,940821097
3914,0,1787269638
3915,0,2149896901
3916,0,1442021531
3917,0,2583609099
3918,0,2380331140
3919,0,3438677628
3920,0,2852689120
3921,0,2853035498
3922,0,664941426
3923,0,1480864020
3924,0,314383047
3925,0,2370954389
3926,0,2309001972
3927,0,3828727403
3928,0,753272183
3929,0,1700460851
3930,0,1978402221
3931,0,1583496993
3932,0,692350882
3933,0,851428026
3934,0,2549358094
3935,0,2458867348
3936,0,1944108538
3937,0,4020647285
3938,0,135839697
3939,0,3820000288
3940,0,3618208762
3941,0,3793663409
3942,0,2713285445
3943,0,1977811213
3944,0,2912409196
3945,0,3155543521
3946,0,2442465557
3947,0,1161998606
3948,0,2131521375
3949,0,2920887212
3950,0,2247230682
3951,0,1749937070
3952,0,1915774834
3953,0,2770148285
3954,0,3409815944
3955,0,3214821198
3956,0,2575311445
3957,0,613636784
3958,0,3077232402
3959,0,1553259286
3960,0,960062797
3961,0,2810789669
3962,0,2379627891
3963,0,91713967
3964,0,2199807438
3965,0,3143090621
3966,0,795361709
3967,0,3437474403
3968,0,2397811282
3969,0,3968880194
3970,0,1314382126
3971,0,4231887607
3972,0,1058397062
3973,0,147746612
3974,0,1614363040
3975,0,2796445414
3976,0,3274154943
3977,0,3713751799
3978,0,1991892821
3979,0,3879233148
3980,0,2500191079
3981,0,72084915
3982,0,1179359469
3983,0,2677172870
3984,0,2325397255
3985,0,1916536570
3986,0,2927939307
3987,0,3698269607
3988,0,3299322634
3989,0,152604361
3990,0,16119689
3991,0,2123733483
3992,0,2025552095
3993,0,3820155631
3994,0,446232
3995,0,3847347882
3996,0,236637416
3997,0,2809856587
3998,0,561134482
3999,0,2785630930
4000,0,658035483
4001,0,2519604086
4002,0,4250848022
4003,0,2747217928
4004,0,3548205239
4005,0,1410993218
4006,0,2816120811
4007,0,1372988024
4008,0,649362996
4009,0,2267544365
4010,0,1880000140
4011,0,3140848259
4012,0,1188567441
4013,0,4171855844
4014,0,484836622
4015,0,1421004429
4016,0,2702077884
4017,0,4089635264
4018,0,1353478557
4019,0,224945298
4020,0,1052682639
4021,0,2590553416
4022,0,352294440
4023,0,560350101
4024,0,3414586623
4025,0,2787858451
4026,0,1744997991
4027,0,8832
4028,0,2387883432
4029,0,348588760
4030,0,1175614166
4031,0,22964402
4032,0,3416927748
4033,0,1127730961
4034,0,3764649243
4035,0,1742376347
4036,0,4216791887
4037,0,4175910608
4038,0,1435936270
4039,0,2880696837
4040,0,1804871548
4041,0,116961
4042,0,446921103
4043,0,3351694214
4044,0,3363217277
4045,0,1757373585
4046,0,26072679
4047,0,3547075367
4048,0,1880338371
4049,0,3096603638
4050,0,1215754496
4051,0,1552023371
4052,0,243101983
4053,0,2877744944
4054,0,2608548992
4055,0,2945289045
4056,0,3255017702
4057,0,1979205321
4058,0,3641332601
4059,0,4290929579
4060,0,3311146096
4061,0,3180643513
4062,0,2239574328
4063,0,1209938485
4064,0,1161983545
4065,0,2066689179
4066,0,1228700517
4067,0,206025197
4068,0,3040343760
4069,0,911718374
4070,0,3586777555
4071,0,3616362602
4072,0,3448110058
4073,0,770232406
4074,0,3416489799
4075,0,758276386
4076,0,1137976457
4077,0,803832395
4078,0,3955056379
4079,0,1277282186
4080,0,4006019490
4081,0,3499859387
4082,0,3334023565
4083,0,2459431273
4084,0,4226154932
4085,0,1103304668
4086,0,1143492160
4087,0,4058873520
4088,0,2572248077
4089,0,264454725
4090,0,2532434304
4091,0,4076284128
4092,0,3935257013
4093,0,1434844617
4094,0,2913579575
4095,0,3859605440
4096,0,4022707198
4097,0,754158147
4098,0,3938670430
4099,0,2234662410
4100,0,2626744595
4101,0,3572029706
4102,0,922100526
4103,0,2699089543
4104,0,4231862399
4105,0,3110611750
4106,0,1033507104
4107,0,2289824031
4108,0,1028992083
4109,0,2201946044
4110,0,450788696
4111,0,2077748130
4112,0,1390343827
4113,0,227983925
4114,0,1875972989
4115,0,4201390562
4116,0,3025897354
4117,0,1375608383
4118,0,3574551363
4119,0,3548558064
4120,0,1044575198
4121,0,1729723266
4122,0,1162537334
4123,0,350260676
4124,0,2925126248
4125,0,3498166050
4126,0,3839594768
4127,0,1237489644
4128,0,2094814227
4129,0,1033349308
4130,0,3632911228
4131,0,3189924847
4132,0,3114312384
4133,0,317092796
4134,0,1319248756
4135,0,1398301778
4136,0,2777906395
4137,0,2332508735
4138,0,189980799
4139,0,3170390513
4140,0,1845721298
4141,0,574501790
4142,0,1845343928
4143,0,3195125389
4144,0,3182105085
4145,0,755964119
4146,0,212231293
4147,0,3307022665
4148,0,1723011891
4149,0,2658884217
4150,0,1404312707
4151,0,3567683249
4152,0,2321823145
4153,0,2532535265
4154,0,2322199270
4155,0,848852860
4156,0,2995437991
4157,0,3178548216
4158,0,2775639645
4159,0,2396539520
4160,0,2571928122
4161,0,678629727
4162,0,21125651
4163,0,168033651
4164,0,3222885125
4165,0,2773041433
4166,0,539939372
4167,0,3071200313
4168,0,3216159965
4169,0,3422906729
4170,0,1143424605
4171,0,830125387
4172,0,2645504738
4173,0,94022779
4174,0,1386834513
4175,0,2207105440
4176,0,1283609596
4177,0,3645358274
4178,0,179150285
4179,0,2610448807
4180,0,3341876945
4181,0,3317491236
4182,0,1987123608
4183,0,4244919321
4184,0,2272179354
4185,0,1850101988
4186,0,789240809
4187,0,4203740050
4188,0,3125449964
4189,0,4063981671
4190,0,449581564
4191,0,2257087781
4192,0,4005404371
4193,0,4053654624
4194,0,137286760
4195,0,2262047257
4196,0,3077579410
4197,0,3613743971
4198,0,4247366023
4199,0,3409747179
4200,0,1285277659
4201,0,3094806667
4202,0,1420811192
4203,0,1422460628
4204,0,4133758845
4205,0,603748664
4206,0,935249397
4207,0,251813077
4208,0,3615690169
4209,0,1891279555
4210,0,3099117298
4211,0,2898005729
4212,0,2171023985
4213,0,2181897541
4214,0,353378167
4215,0,3374347528
4216,0,933482440
4217,0,2231891013
4218,0,174217666
4219,0,1780290703
4220,0,3642657257
4221,0,206967544
4222,0,254265980
4223,0,997070920
4224,0,1841785121
4225,0,2625774416
4226,0,3319901092
4227,0,3795791406
4228,0,4171716531
4229,0,1484189179
4230,0,1022373119
4231,0,345364808
4232,0,1479367766
4233,0,2270909733
4234,0,1376778394
4235,0,243346580
4236,0,1231329981
4237,0,2623120164
4238,0,2945683578
4239,0,1846241332
4240,0,1655758834
4241,0,1352321525
4242,0,1026148807
4243,0,2251575855
4244,0,2185705207
4245,0,4154815451
4246,0,1645861300
4247,0,2093076803
4248,0,2614875351
4249,0,3379153559
4250,0,4149281738
4251,0,841819038
4252,0,1569439377
4253,0,1634270237
4254,0,2743537256
4255,0,185583341
4256,0,2308046724
4257,0,2051387956
4258,0,1282003605
4259,0,2974972040
4260,0,908325513
4261,0,1177297072
4262,0,2238870541
4263,0,3045429108
4264,0,2299176289
4265,0,1769709042
4266,0,1115669136
4267,0,4288573254
4268,0,2090891741
4269,0,15196688
4270,0,1746277378
4271,0,4166396009
4272,0,2520370756
4273,0,1372728892
4274,0,2527142646
4275,0,3976776361
4276,0,2146402407
4277,0,1938281814
4278,0,2894555584
4279,0,1985374975
4280,0,3660789787
4281,0,456185571
4282,0,1014658229
4283,0,795956643
4284,0,3177439073
4285,0,394008806
4286,0,410175510
4287,0,1869954414
4288,0,3188510819
4289,0,2752835075
4290,0,54972361
4291,0,2370818134
4292,0,2682279284
4293,0,1016948147
4294,0,2504194406
4295,0,2275792497
4296,0,2417422404
4297,0,2379529771
4298,0,1479259971
4299,0,4139500642
4300,0,1221569625
4301,0,366906779
4302,0,1239185933
4303,0,355111203
4304,0,2798945828
4305,0,4094933164
4306,0,3821624527
4307,0,3259745287
4308,0,3819197730
4309,0,1225004514
4310,0,3166582782
4311,0,846762270
4312,0,724789075
4313,0,3170743135
4314,0,1482462356
4315,0,2466271123
4316,0,3300802474
4317,0,1780793327
4318,0,1190986083
4319,0,1022579563
4320,0,2237471908
4321,0,4294473664
4322,0,3506562880
4323,0,1356572468
4324,0,2744881258
4325,0,3812732033
4326,0,216865481
4327,0,1496960883
4328,0,2049211416
4329,0,1095229355
4330,0,3975068850
4331,0,1415889102
4332,0,1137817840
4333,0,3980382327
4334,0,4044768783
4335,0,52487780
4336,0,3798031314
4337,0,3933508799
4338,0,1686786318
4339,0,4225453371
4340,0,3723551909
4341,0,3990922999
4342,0,3740890984
4343,0,4069909282
4344,0,2428571418
4345,0,2506155755
4346,0,3188032661
4347,0,3698546718
4348,0,1500034918
4349,0,3205383204
4350,0,2262107073
4351,0,4077593207
4352,0,3254280982
4353,0,2126675643
4354,0,330678289
4355,0,3712027786
4356,0,1725329058
4357,0,3410829123
4358,0,2081171761
4359,0,3697590564
4360,0,3427533700
4361,0,3416790746
4362,0,3876945411
4363,0,1383233353
4364,0,2414901636
4365,0,2564261220
4366,0,1729960569
4367,0,1310282320
4368,0,3997134681
4369,0,2036177107
4370,0,2192843760
4371,0,3750638133
4372,0,551240945
4373,0,1089297075
4374,0,2631049902
4375,0,3630685005
4376,0,1120088970
4377,0,3003014067
4378,0,1216932247
4379,0,3808315914
4380,0,1549591925
4381,0,3736503436
4382,0,3402068095
4383,0,3185099131
4384,0,453608320
4385,0,1145786812
4386,0,3789821634
4387,0,78679260
4388,0,2957758313
4389,0,4252499194
4390,0,1610550350
4391,0,1889861077
4392,0,215703834
4393,0,2147106214
4394,0,831705505
4395,0,528370226
4396,0,288638190
4397,0,2895171450
4398,0,444951909
4399,0,1377519825
4400,0,1529864049
4401,0,3103018289
4402,0,454870680
4403,0,4198459551
4404,0,4072464937
4405,0,2982633461
4406,0,486772681
4407,0,4087983924
4408,0,262590067
4409,0,460352935
4410,0,3461635685
4411,0,4135799177
4412,0,1777790032
4413,0,1005222830
4414,0,3882859969
4415,0,170205418
4416,0,2831591968
4417,0,3452963009
4418,0,1438751237
4419,0,3063947749
4420,0,3775385035
4421,0,258642708
4422,0,4228878224
4423,0,2991367342
4424,0,4260859778
4425,0,2365520289
4426,0,714406084
4427,0,67658306
4428,0,4516386
4429,0,1025274082
4430,0,3540862242
4431,0,244196918
4432,0,2203640146
4433,0,1898918795
4434,0,2090671268
4435,0,1043830560
4436,0,1454233705
4437,0,1504795033
4438,0,583687128
4439,0,1604095744
4440,0,31584254
4441,0,3218608081
4442,0,2053925056
4443,0,435584058
4444,0,408663874
4445,0,3100361595
4446,0,3560744457
4447,0,1598646423
4448,0,959284986
4449,0,3080897123
4450,0,305424148
4451,0,1141090207
4452,0,788243207
4453,0,167159562
4454,0,2145827233
4455,0,2995483848
4456,0,1582383841
4457,0,3081135367
4458,0,466724868
4459,0,4109816556
4460,0,4223922841
4461,0,931306097
4462,0,4250766071
4463,0,3429552694
4464,0,1403485472
4465,0,1013401345
4466,0,1147577602
4467,0,2282946881
4468,0,4015128284
4469,0,3251160505
4470,0,4136544710
4471,0,1434024893
4472,0,1003631098
4473,0,3225726604
4474,0,3879046278
4475,0,2181668180
4476,0,2244736293
4477,0,2525641426
4478,0,3956430202
4479,0,2396388676
4480,0,3054989466
4481,0,1485279128
4482,0,2280636258
4483,0,1887120131
4484,0,3061018702
4485,0,3609285139
4486,0,1359665378
4487,0,1220878537
4488,0,2001904199
4489,0,1078995594
4490,0,3844622666
4491,0,1814992394
4492,0,1662953181
4493,0,1332673247
4494,0,2527005285
4495,0,2376179724
4496,0,2377115484
4497,0,1506779198
4498,0,349105562
4499,0,3871665572
4500,0,360338332
4501,0,3191242520
4502,0,1266530738
4503,0,1966830967
4504,0,1764134685
4505,0,2691374239
4506,0,3169530115
4507,0,2209132710
4508,0,2729915706
4509,0,3323638130
4510,0,2527302760
4511,0,1643260319
4512,0,3170542623
4513,0,3881776195
4514,0,993903016
4515,0,3793257900
4516,0,2801984442
4517,0,2513313280
4518,0,2546505191
4519,0,737336573
4520,0,2110119339
4521,0,141233395
4522,0,1465801001
4523,0,320722324
4524,0,2622433571
4525,0,1409664854
4526,0,1895912705
4527,0,797590257
4528,0,2640212603
4529,0,825640339
4530,0,3373233009
4531,0,3410581729
4532,0,3941863851
4533,0,1894382763
4534,0,2699811253
4535,0,2692718395
4536,0,545392663
4537,0,1369162295
4538,0,310111737
4539,0,2539370875
4540,0,4007756129
4541,0,125046503
4542,0,1404902355
4543,0,3894900144
4544,0,1655232866
4545,0,1225789856
4546,0,799191666
4547,0,1148526084
4548,0,285759006
4549,0,1656284315
4550,0,3143420494
4551,0,1622569924
4552,0,1998205123
4553,0,290144258
4554,0,1345103943
4555,0,1637970037
4556,0,3125871586
4557,0,3750547572
4558,0,4123796501
4559,0,1486433010
4560,0,3308115505
4561,0,2190668100
4562,0,1274674233
4563,0,4221707974
4564,0,1345164827
4565,0,3208538860
4566,0,1041868925
4567,0,1775743798
4568,0,1771479342
4569,0,198492439
4570,0,3980096876
4571,0,4047511623
4572,0,1549788803
4573,0,2977238596
4574,0,118310234
4575,0,1533805481
4576,0,3090188933
4577,0,2238691477
4578,0,1037636811
4579,0,4149155339
4580,0,2755781964
4581,0,2246905400
4582,0,2708052365
4583,0,3646317697
4584,0,2903474722
4585,0,4097211495
4586,0,1290450682
4587,0,1552582624
4588,0,2191964859
4589,0,3956275235
4590,0,2377767558
4591,0,1807843250
4592,0,3268716681
4593,0,2943471115
4594,0,1085034291
4595,0,3758307670
4596,0,1646191234
4597,0,2006010117
4598,0,2290683389
4599,0,2414466470
4600,0,519351816
4601,0,3985152466
4602,0,686192619
4603,0,628619302
4604,0,2484729599
4605,0,4061016092
4606,0,3048794458
4607,0,3136053107
4608,0,1944977616
4609,0,3447684202
4610,0,2092404595
4611,0,644649535
4612,0,827207018
4613,0,1753347195
4614,0,2547601660
4615,0,85413375
4616,0,2041818827
4617,0,2167658302
4618,0,2170105940
4619,0,1294965853
4620,0,1781007087
4621,0,617557365
4622,0,3982251365
4623,0,2582123837
4624,0,4071680986
4625,0,380656607
4626,0,2763854458
4627,0,3635966307
4628,0,68894473
4629,0,482340980
4630,0,3029410988
4631,0,2425977198
4632,0,1227370548
4633,0,2868667331
4634,0,4127588513
4635,0,4099231400
4636,0,3985403240
4637,0,1678439032
4638,0,1928856602
4639,0,1024776647
4640,0,1671508209
4641,0,4065949678
4642,0,1212149308
4643,0,184462528
4644,0,868134163
4645,0,629898685
4646,0,228846787
4647,0,2001547038
4648,0,2273202025
4649,0,2633649184
4650,0,2059072895
4651,0,2796939733
4652,0,1785185874
4653,0,3339988868
4654,0,511004726
4655,0,973769711
4656,0,94147796
4657,0,2009970103
4658,0,3994915914
4659,0,3456875008
4660,0,2419536389
4661,0,3095564030
4662,0,3271192656
4663,0,318173992
4664,0,1591818561
4665,0,1089310981
4666,0,2875474947
4667,0,1600293841
4668,0,3440195453
4669,0,397865740
4670,0,4080397063
4671,0,2230364557
4672,0,3657919517
4673,0,3340643391
4674,0,1369465619
4675,0,3850867634
4676,0,3922383114
4677,0,3465729823
4678,0,442423751
4679,0,3987568628
4680,0,690560509
4681,0,1480699510
4682,0,3697561233
4683,0,3816738058
4684,0,1630379205
4685,0,2216683135
4686,0,1658288375
4687,0,888282227
4688,0,2566176365
4689,0,3894028241
4690,0,820667777
4691,0,4145352236
4692,0,2361658820
4693,0,2733499450
4694,0,3544173295
4695,0,1713751070
4696,0,174785261
4697,0,753166646
4698,0,2577253175
4699,0,513624714
4700,0,1313242348
4701,0,3131849761
4702,0,2552779797
4703,0,3355252032
4704,0,3488733866
4705,0,1614348280
4706,0,2269102971
4707,0,2504197811
4708,0,1194759001
4709,0,1055049495
4710,0,2785187575
4711,0,1868406713
4712,0,1240525932
4713,0,3688205330
4714,0,547937817
4715,0,1444386348
4716,0,1050332389
4717,0,2278405030
4718,0,110363706
4719,0,1148445011
4720,0,862597791
4721,0,3523536995
4722,0,2921157383
4723,0,2345375257
4724,0,3625031997
4725,0,2382354534
4726,0,2828484863
4727,0,1368954843
4728,0,790174506
4729,0,2214068116
4730,0,4239225686
4731,0,171236501
4732,0,2774580358
4733,0,3975453246
4734,0,2313148679
4735,0,757010296
4736,0,2298094877
4737,0,1197835537
4738,0,255590578
4739,0,1785390023
4740,0,4098949390
4741,0,1516621302
4742,0,2561998715
4743,0,3962045974
4744,0,1908194307
4745,0,564743357
4746,0,266599650
4747,0,2140086141
4748,0,276748525
4749,0,2801841884
4750,0,2327226385
4751,0,2837470891
4752,0,4233663985
4753,0,842961602
4754,0,3971153105
4755,0,3594005989
4756,0,2736283847
4757,0,1327120295
4758,0,355836368
4759,0,2163334071
4760,0,3412830452
4761,0,1893436942
4762,0,575905507
4763,0,1618285220
4764,0,2250212660
4765,0,2711548776
4766,0,2173329073
4767,0,2178902143
4768,0,4140268791
4769,0,845912891
4770,0,1620552733
4771,0,933008503
4772,0,123140414
4773,0,3596350918
4774,0,3029292887
4775,0,2463536325
4776,0,1233946786
4777,0,3414964526
4778,0,3650236474
4779,0,1832042992
4780,0,2492970422
4781,0,638177382
4782,0,2628178660
4783,0,2578727609
4784,0,764289864
4785,0,3574440155
4786,0,1137244752
4787,0,3436729905
4788,0,98349822
4789,0,3823394015
4790,0,1737397472
4791,0,390792009
4792,0,2472608728
4793,0,3494973685
4794,0,3149329298
4795,0,3713314672
4796,0,1609297549
4797,0,1701948816
4798,0,1219705809
4799,0,3605564053
4800,0,3087615317
4801,0,2228620676
4802,0,3920841175
4803,0,2444549107
4804,0,1402825814
4805,0,1022212349
4806,0,4122606980
4807,0,2334787712
4808,0,2373443133
4809,0,2696473029
4810,0,226686885
4811,0,1035582942
4812,0,1246585663
4813,0,594867562
4814,0,115645254
4815,0,604905856
4816,0,3891552895
4817,0,483214306
4818,0,580546298
4819,0,2280010328
4820,0,1947157326
4821,0,280978141
4822,0,1618159951
4823,0,2919479202
4824,0,3322208505
4825,0,426136436
4826,0,2988434672
4827,0,2662970800
4828,0,2851329879
4829,0,2956101051
4830,0,4030147289
4831,0,3102477711
4832,0,316921089
4833,0,1614538016
4834,0,2405598863
4835,0,701637526
4836,0,3652877702
4837,0,1465132771
4838,0,2727201735
4839,0,1699864989
4840,0,1966065836
4841,0,192665745
4842,0,2102514693
4843,0,3187386957
4844,0,3741297812
4845,0,1187650914
4846,0,2846729713
4847,0,3210929272
4848,0,2657035342
4849,0,537787781
4850,0,1746884923
4851,0,3828837447
4852,0,1045339032
4853,0,1249922502
4854,0,606938906
4855,0,2567620829
4856,0,3257930357
4857,0,3483671306
4858,0,3296417896
4859,0,1102575027
4860,0,1597541459
4861,0,2565581386
4862,0,1508970491
4863,0,2042899580
4864,0,3443055660
4865,0,18602290
4866,0,1032397228
4867,0,774439730
4868,0,3349661365
4869,0,3512621229
4870,0,1395999880
4871,0,2401440282
4872,0,1097118186
4873,0,1013633670
4874,0,2709394171
4875,0,118042123
4876,0,2076422799
4877,0,3218660486
4878,0,759274210
4879,0,3718735980
4880,0,636811033
4881,0,3655784658
4882,0,1567599660
4883,0,3047519097
4884,0,1652657436
4885,0,929477933
4886,0,3652181068
4887,0,1726998207
4888,0,3710992323
4889,0,2750248519
4890,0,2845280885
4891,0,1140442425
4892,0,277203542
4893,0,2418313361
4894,0,669231434
4895,0,194168271
4896,0,910853914
4897,0,3013049742
4898,0,3639926845
4899,0,3667864260
4900,0,3341881799
4901,0,1144646435
4902,0,1391150637
4903,0,2146540666
4904,0,3282154213
4905,0,1246784379
4906,0,2698654820
4907,0,747515567
4908,0,3257727554
4909,0,4059433712
4910,0,631916068
4911,0,3232817907
4912,0,1093893124
4913,0,4174283005
4914,0,855090741
4915,0,1949837
4916,0,3112938987
4917,0,1256445424
4918,0,1004828190
4919,0,299531565
4920,0,2441195602
4921,0,1459605879
4922,0,922584319
4923,0,1244061198
4924,0,2903345501
4925,0,2565000846
4926,0,3881741559
4927,0,1791682423
4928,0,1067404521
4929,0,373488360
4930,0,1793331847
4931,0,4263796093
4932,0,3304272056
4933,0,4268251274
4934,0,1515529462
4935,0,666429939
4936,0,1783890608
4937,0,2857140625
4938,0,1974020462
4939,0,1075635372
4940,0,1302878184
4941,0,2918972418
4942,0,2634117855
4943,0,3624117554
4944,0,940826464
4945,0,1006644607
4946,0,206955688
4947,0,2832672200
4948,0,3249437727
4949,0,3416193577
4950,0,2409748676
4951,0,597250456
4952,0,1021377773
4953,0,1289021235
4954,0,3597601386
4955,0,3546836635
4956,0,165107974
4957,0,3154831325
4958,0,4275553029
4959,0,3495652254
4960,0,406213706
4961,0,2236669877
4962,0,1247816742
4963,0,3011359060
4964,0,2947632159
4965,0,1081020358
4966,0,2472836781
4967,0,2324418133
4968,0,2607016277
4969,0,795767889
4970,0,3714101443
4971,0,2758679199
4972,0,2156194081
4973,0,2847422929
4974,0,2127273104
4975,0,2792021436
4976,0,1182353682
4977,0,2218584415
4978,0,1006092116
4979,0,1337356826
4980,0,3210424032
4981,0,2322544579
4982,0,4269494408
4983,0,422137117
4984,0,567565912
4985,0,3925762487
4986,0,2631596339
4987,0,3160662381
4988,0,3381266442
4989,0,2582283695
4990,0,3804176640
4991,0,3581635503
4992,0,2253090369
4993,0,2615430016
4994,0,1075583882
4995,0,2932506044
4996,0,3469487426
4997,0,669865712
4998,0,726736201
4999,0,402595733
5000,0,1974826995
5001,0,2988716182
5002,0,3001793325
5003,0,1950434474
5004,0,3327226560
5005,0,3911835204
5006,0,2395460020
5007,0,3940291148
5008,0,2049009350
5009,0,2311600890
5010,0,1550879633
5011,0,3981651728
5012,0,2661024328
5013,0,3295979874
5014,0,2051078158
5015,0,3445645166
5016,0,389183784
5017,0,1526591811
5018,0,2120844809
5019,0,2612570877
5020,0,1376713806
5021,0,1030236973
5022,0,968847947
5023,0,691621808
5024,0,421967159
5025,0,1065774103
5026,0,2996459445
5027,0,4127063011
5028,0,448162499
5029,0,706889652
5030,0,944385310
5031,0,3235098282
5032,0,365965577
5033,0,1842480849
5034,0,2349742837
5035,0,558322941
5036,0,2966074161
5037,0,858844295
5038,0,4205011255
5039,0,1178371285
5040,0,40877894
5041,0,1164424485
5042,0,3416970308
5043,0,3043067509
5044,0,809758946
5045,0,2242735725
5046,0,612078077
5047,0,2663858495
5048,0,2868106159
5049,0,3226281580
5050,0,4103213484
5051,0,1650365727
5052,0,2941813057
5053,0,1366237657
5054,0,534721811
5055,0,3604487181
5056,0,4163398848
5057,0,1135793432
5058,0,992668560
5059,0,2906902332
5060,0,1075873966
5061,0,2006542004
5062,0,850831731
5063,0,344976735
5064,0,3450552429
5065,0,292611454
5066,0,3057340849
5067,0,1571744087
5068,0,2416798645
5069,0,2449568776
5070,0,746939208
5071,0,2640856318
5072,0,722341541
5073,0,2978063048
5074,0,1053090980
5075,0,3897984012
5076,0,573838471
5077,0,3023060597
5078,0,3425056458
5079,0,1427178773
5080,0,3284166220
5081,0,775534792
5082,0,1026965336
5083,0,2708800758
5084,0,1016284259
5085,0,3623797740
5086,0,4293640589
5087,0,2090757728
5088,0,2601840617
5089,0,3687866173
5090,0,3603264486
5091,0,1871214842
5092,0,1920343697
5093,0,2234035747
5094,0,2373733621
5095,0,2562670084
5096,0,2425337563
5097,0,2898811857
5098,0,1375152392
5099,0,773332739
5100,0,2465551903
5101,0,1055124100
5102,0,903487741
5103,0,1232255999
5104,0,3752315865
5105,0,4249087575
5106,0,2443218035
5107,0,2247827684
5108,0,3709719287
5109,0,2401446806
5110,0,2690795902
5111,0,3237103320
5112,0,2366200652
5113,0,1785825276
5114,0,189496795
5115,0,4210416579
5116,0,1883175845
5117,0,1175161856
5118,0,3338235749
5119,0,2309154575
5120,0,2231809198
5121,0,569962887
5122,0,3335111171
5123,0,800224679
5124,0,1104282020
5125,0,1026993079
5126,0,3762802039
5127,0,617419235
5128,0,1490510331
5129,0,702753391
5130,0,3648219960
5131,0,915543922
5132,0,4226925772
5133,0,2926348920
5134,0,3679529161
5135,0,927369805
5136,0,669282314
5137,0,2504653816
5138,0,3974328963
5139,0,3571001498
5140,0,3364364191
5141,0,2752044642
5142,0,1197273472
5143,0,4110367734
5144,0,1673508086
5145,0,822538918
5146,0,85648623
5147,0,1768041900
5148,0,3055600423
5149,0,1724576933
5150,0,865556938
5151,0,3445671485
5152,0,1632014638
5153,0,3741457279
5154,0,299572329
5155,0,949398786
5156,0,1273358521
5157,0,681888704
5158,0,2320430830
5159,0,3337652295
5160,0,687371483
5161,0,3926129322
5162,0,1065938977
5163,0,269802503
5164,0,4179312749
5165,0,3015947302
5166,0,1839580709
5167,0,2034277941
5168,0,977757622
5169,0,147330830
5170,0,1326682458
5171,0,2585868038
5172,0,620004774
5173,0,1011085126
5174,0,1959460339
5175,0,1172668777
5176,0,1288940077
5177,0,190106150
5178,0,3491243758
5179,0,1282678028
5180,0,896181798
5181,0,1415874769
5182,0,1789364142
5183,0,3490929255
5184,0,1436920422
5185,0,4257896530
5186,0,1858610546
5187,0,648829025
5188,0,430307473
5189,0,1883697802
5190,0,1827362209
5191,0,3450971982
5192,0,3529205666
5193,0,1799382613
5194,0,2530494352
5195,0,3673118947
5196,0,261563226
5197,0,2491335204
5198,0,3413566233
5199,0,4121746163
5200,0,2963487946
5201,0,813235639
5202,0,3591323728
5203,0,4272862482
5204,0,697353108
5205,0,229193669
5206,0,1096929229
5207,0,1804739489
5208,0,3542392338
5209,0,1547252289
5210,0,877969497
5211,0,665417910
5212,0,524820937
5213,0,1968210513
5214,0,3326643036
5215,0,860846445
5216,0,1345608924
5217,0,2925105259
5218,0,381908577
5219,0,2044864166
5220,0,2615803805
5221,0,660324240
5222,0,1167814468
5223,0,638358749
5224,0,645577814
5225,0,1341706606
5226,0,4017244932
5227,0,1682020781
5228,0,3119927543
5229,0,251242851
5230,0,1097811369
5231,0,2459703748
5232,0,624341974
5233,0,2597143664
5234,0,2049505137
5235,0,4229580626
5236,0,721156202
5237,0,3945054385
5238,0,359267368
5239,0,2003944094
5240,0,2875622639
5241,0,76577618
5242,0,1958603599
5243,0,4082735877
5244,0,3339860025
5245,0,2193514067
5246,0,1744259017
5247,0,1858742670
5248,0,18995317
5249,0,2143537442
5250,0,3658924145
5251,0,1090834141
5252,0,3275707634
5253,0,494994530
5254,0,2628126308
5255,0,3510608497
5256,0,2336459241
5257,0,3047443990
5258,0,2964624517
5259,0,1721800567
5260,0,4253542224
5261,0,751901478
5262,0,4178461564
5263,0,492479052
5264,0,1802755685
5265,0,122794362
5266,0,514052453
5267,0,4117178210
5268,0,551983943
5269,0,2186171008
5270,0,1271965551
5271,0,3096475345
5272,0,2131473268
5273,0,633589510
5274,0,3628532727
5275,0,1057358475
5276,0,364165408
5277,0,3499095400
5278,0,3934170457
5279,0,3311912147
5280,0,2185953165
5281,0,1792875344
5282,0,4283993835
5283,0,1043770505
5284,0,2673398298
5285,0,643940983
5286,0,3687481696
5287,0,4148057843
5288,0,2179278947
5289,0,3116505335
5290,0,2706126521
5291,0,3573263348
5292,0,2435456502
5293,0,2147623740
5294,0,1222500558
5295,0,1817120556
5296,0,955512537
5297,0,2201373805
5298,0,499314480
5299,0,1153248098
5300,0,3690097354
5301,0,1137136255
5302,0,2559848923
5303,0,3410267916
5304,0,234973598
5305,0,1164294375
5306,0,3176995515
5307,0,3745825406
5308,0,2792300187
5309,0,4063745253
5310,0,499476144
5311,0,2473916697
5312,0,2274222343
5313,0,1309574897
5314,0,1154341561
5315,0,214576116
5316,0,2133158638
5317,0,2640361874
5318,0,3221564379
5319,0,3400619492
5320,0,3787004322
5321,0,2469012580
5322,0,595540311
5323,0,1323488477
5324,0,2606146241
5325,0,2933525894
5326,0,37616723
5327,0,189764488
5328,0,3739422199
5329,0,1424750969
5330,0,1398628347
5331,0,3974772458
5332,0,3973275089
5333,0,1783558853
5334,0,920064270
5335,0,1243731413
5336,0,1676869272
5337,0,3088970120
5338,0,3283263838
5339,0,1690073298
5340,0,2674912545
5341,0,1001682116
5342,0,280585234
5343,0,3143400431
5344,0,2953952799
5345,0,2106696502
5346,0,1998569069
5347,0,2593758852
5348,0,2153778720
5349,0,3039662258
5350,0,3762403023
5351,0,94342627
5352,0,1884383666
5353,0,4052215585
5354,0,2702963600
5355,0,844765348
5356,0,1486528611
5357,0,2655912744
5358,0,2605624221
5359,0,2308488419
5360,0,1586950081
5361,0,4005511350
5362,0,3550085026
5363,0,1641347860
5364,0,678858159
5365,0,3248568462
5366,0,815919382
5367,0,3739614391
5368,0,1326886350
5369,0,3477812153
5370,0,2394203079
5371,0,1128635009
5372,0,4071461867
5373,0,1523229667
5374,0,3631109048
5375,0,1362234420
5376,0,2175396009
5377,0,724453399
5378,0,2813851937
5379,0,1257068648
5380,0,3722787736
5381,0,676781235
5382,0,2346217267
5383,0,1106758060
5384,0,2692787309
5385,0,346524555
5386,0,1594209632
5387,0,3700553524
5388,0,2895628271
5389,0,3643520666
5390,0,1357680038
5391,0,3931999306
5392,0,558421408
5393,0,1147519902
5394,0,2128203573
5395,0,2698435050
5396,0,111093759
5397,0,2926997295
5398,0,300180006
5399,0,700281398
5400,0,2022033579
5401,0,4085892099
5402,0,2855399783
5403,0,397817417
5404,0,4270891062
5405,0,3092560605
5406,0,3471746586
5407,0,1603308172
5408,0,2531561580
5409,0,2580238616
5410,0,2397910380
5411,0,542410956
5412,0,2565299498
5413,0,453424619
5414,0,2060310006
5415,0,3458059311
5416,0,2224745347
5417,0,3837135286
5418,0,2510009782
5419,0,2257420320
5420,0,3887790052
5421,0,2441298855
5422,0,3339465948
5423,0,1936004855
5424,0,3871890282
5425,0,1493752504
5426,0,161515895
5427,0,155370288
5428,0,1975099362
5429,0,2398774464
5430,0,2384640977
5431,0,4064680157
5432,0,451522067
5433,0,3394300230
5434,0,946871738
5435,0,1127172985
5436,0,3796366713
5437,0,2180233901
5438,0,577396286
5439,0,1545140200
5440,0,2683759987
5441,0,156051391
5442,0,451460386
5443,0,2765327108
5444,0,1675582077
5445,0,2592569493
5446,0,3341396415
5447,0,2983732912
5448,0,348256983
5449,0,1492839514
5450,0,2873389730
5451,0,2266244458
5452,0,1955983990
5453,0,2444342395
5454,0,1089370980
5455,0,2144675845
5456,0,2154383503
5457,0,2254928467
5458,0,1284044389
5459,0,449550247
5460,0,1876374712
5461,0,2706273048
5462,0,2324026702
5463,0,900572760
5464,0,2914663307
5465,0,3014587182
5466,0,3568024747
5467,0,3304008628
5468,0,313447544
5469,0,3424107880
5470,0,1290712597
5471,0,3752278883
5472,0,564373446
5473,0,4264747019
5474,0,3830051666
5475,0,2656572963
5476,0,253441485
5477,0,1576436380
5478,0,957205902
5479,0,2536896464
5480,0,271812055
5481,0,1906567155
5482,0,2800593661
5483,0,1710385060
5484,0,165189575
5485,0,2133799095
5486,0,3188332875
5487,0,1497627802
5488,0,4240789938
5489,0,2291426219
5490,0,2562800315
5491,0,1297525616
5492,0,2669939436
5493,0,3511238608
5494,0,551277993
5495,0,397790046
5496,0,1964366353
5497,0,77871738
5498,0,4270606959
5499,0,2415108207
5500,0,2218364816
5501,0,212958165
5502,0,1521650736
5503,0,1839578346
5504,0,47989317
5505,0,3623896815
5506,0,3412336289
5507,0,1588807129
5508,0,4144473469
5509,0,1990758793
5510,0,4155112293
5511,0,3496140775
5512,0,4166074152
5513,0,691949234
5514,0,4259816966
5515,0,768290869
5516,0,846925747
5517,0,572885205
5518,0,4107487242
5519,0,664443523
5520,0,3985824806
5521,0,1960747661
5522,0,2976189322
5523,0,312226688
5524,0,157501238
5525,0,1362315636
5526,0,1000831546
5527,0,1223317770
5528,0,2057831695
5529,0,993188203
5530,0,1676584420
5531,0,1562228717
5532,0,2548834749
5533,0,1756004944
5534,0,619928096
5535,0,3109601947
5536,0,2155196894
5537,0,4286789081
5538,0,3191042533
5539,0,3522725282
5540,0,3906471300
5541,0,3849766832
5542,0,2375808880
5543,0,2646890378
5544,0,4053179920
5545,0,1757767802
5546,0,2088966527
5547,0,3929154441
5548,0,1714012584
5549,0,2642492006
5550,0,3816376064
5551,0,3099425612
5552,0,3981108326
5553,0,2299128869
5554,0,623892995
5555,0,328561588
5556,0,26609125
5557,0,3832703856
5558,0,2325463102
5559,0,2702399344
5560,0,3025888078
5561,0,3731563959
5562,0,3782116345
5563,0,321312081
5564,0,4162757495
5565,0,2725969071
5566,0,1073949016
5567,0,2150580812
5568,0,1717861338
5569,0,3405161973
5570,0,3611906289
5571,0,1471595802
5572,0,1840091280
5573,0,675288751
5574,0,2015993669
5575,0,870469125
5576,0,1048097172
5577,0,554603409
5578,0,2632290255
5579,0,2392019297
5580,0,1935631614
5581,0,1742571742
5582,0,235033629
5583,0,3569032701
5584,0,1469589919
5585,0,131594634
5586,0,3829299929
5587,0,1204593163
5588,0,2721632877
5589,0,3067143351
5590,0,3800851220
5591,0,3006552067
5592,0,1051764537
5593,0,1621479506
5594,0,2404408741
5595,0,410207543
5596,0,1785083645
5597,0,998364289
5598,0,590312745
5599,0,2093764204
5600,0,1429678444
5601,0,3007634753
5602,0,896651223
5603,0,2649627602
5604,0,2350573464
5605,0,3453514348
5606,0,2972182374
5607,0,4104860131
5608,0,3228831144
5609,0,2045019208
5610,0,3302223678
5611,0,2679768868
5612,0,881064427
5613,0,1013529268
5614,0,2093568587
5615,0,2256746603
5616,0,3494591788
5617,0,1244806587
5618,0,3173921881
5619,0,251664619
5620,0,2410848837
5621,0,2763495608
5622,0,2746670696
5623,0,1996990709
5624,0,3241178841
5625,0,848106668
5626,0,2466465952
5627,0,3102834891
5628,0,2516333407
5629,0,1634502676
5630,0,4255151171
5631,0,2519062327
5632,0,3536023628
5633,0,631204617
5634,0,3611017654
5635,0,1319604272
5636,0,681050720
5637,0,844552010
5638,0,4282614197
5639,0,1641654255
5640,0,4054434525
5641,0,4155687588
5642,0,1394917303
5643,0,1586857502
5644,0,613422997
5645,0,3929419812
5646,0,2858836381
5647,0,2901124183
5648,0,3561235591
5649,0,1246327117
5650,0,3900476637
5651,0,1157961198
5652,0,279732338
5653,0,149924419
5654,0,1230055056
5655,0,3722517105
5656,0,726131174
5657,0,940704059
5658,0,2124347649
5659,0,2523902494
5660,0,1705247496
5661,0,1567313066
5662,0,2872888437
5663,0,1694290092
5664,0,600626392
5665,0,2477164051
5666,0,805057409
5667,0,2550443943
5668,0,3019465407
5669,0,1786208360
5670,0,1228818933
5671,0,2148898645
5672,0,1830480746
5673,0,1048697201
5674,0,2958069606
5675,0,2520770744
5676,0,238254252
5677,0,1174392799
5678,0,1015695997
5679,0,3447702399
5680,0,2534868759
5681,0,2303607117
5682,0,1839201854
5683,0,3646330194
5684,0,1952892204
5685,0,882997997
5686,0,1684419955
5687,0,4224222967
5688,0,2312404220
5689,0,3476292857
5690,0,3133892268
5691,0,365902275
5692,0,2886940600
5693,0,2523794314
5694,0,3035848869
5695,0,3289527830
5696,0,168110322
5697,0,1283248287
5698,0,461647528
5699,0,1417499008
5700,0,938015334
5701,0,1008855220
5702,0,668626383
5703,0,638887742
5704,0,3969185447
5705,0,977657703
5706,0,3028715987
5707,0,3525819053
5708,0,2335378068
5709,0,2791181092
5710,0,2154672025
5711,0,2253143958
5712,0,912332393
5713,0,2167127007
5714,0,1012153879
5715,0,3376871516
5716,0,3756203066
5717,0,820265736
5718,0,2821125642
5719,0,2853577305
5720,0,2784730007
5721,0,128649907
5722,0,3109445741
5723,0,3726942912
5724,0,99383358
5725,0,3616822315
5726,0,4281487043
5727,0,1805960054
5728,0,2323982579
5729,0,3706763518
5730,0,3054287913
5731,0,280498509
5732,0,1084668069
5733,0,1643658492
5734,0,2861987375
5735,0,3995542726
5736,0,1564725945
5737,0,3314075475
5738,0,1899754914
5739,0,4269407941
5740,0,4119264437
5741,0,1746501149
5742,0,3162850288
5743,0,2341632045
5744,0,1449195174
5745,0,1580617084
5746,0,1688817840
5747,0,2572257807
5748,0,2853699303
5749,0,3970806850
5750,0,513733456
5751,0,3731289706
5752,0,366834143
5753,0,3342813612
5754,0,4015065993
5755,0,170516409
5756,0,167906710
5757,0,1034805646
5758,0,2987411776
5759,0,3694825308
5760,0,1040013254
5761,0,2008962244
5762,0,435667127
5763,0,3721091239
5764,0,1831049928
5765,0,3509070677
5766,0,1545523188
5767,0,971091332
5768,0,2255773228
5769,0,3146434164
5770,0,2344799510
5771,0,2657935590
5772,0,1282677278
5773,0,700452133
5774,0,619944951
5775,0,2787595793
5776,0,3494861827
5777,0,1110121828
5778,0,292960583
5779,0,495517544
5780,0,1322923290
5781,0,123164134
5782,0,1352106355
5783,0,3079640271
5784,0,3889995460
5785,0,4102077446
5786,0,2197929286
5787,0,562939218
5788,0,3185504737
5789,0,532603408
5790,0,3161259566
5791,0,1452069050
5792,0,1608853527
5793,0,2786138596
5794,0,546747698
5795,0,807488362
5796,0,818740812
5797,0,1335889934
5798,0,4187958558
5799,0,2610987776
5800,0,4091026144
5801,0,3758634722
5802,0,1012184200
5803,0,4068072618
5804,0,4101239772
5805,0,3406753240
5806,0,3221829314
5807,0,1022472426
5808,0,1467106844
5809,0,3918065988
5810,0,60905492
5811,0,1020937445
5812,0,4238149126
5813,0,3621842216
5814,0,2197064010
5815,0,1751503908
5816,0,2395379668
5817,0,3686465674
5818,0,3471423167
5819,0,4294672032
5820,0,2513035351
5821,0,2443821686
5822,0,2500691493
5823,0,2632953057
5824,0,2063197342
5825,0,2334847691
5826,0,2064447026
5827,0,1553096247
5828,0,4257351229
5829,0,498790239
5830,0,1249165719
5831,0,2593087028
5832,0,1484076176
5833,0,571357059
5834,0,2067438204
5835,0,651478662
5836,0,2123327748
5837,0,3864771251
5838,0,2965361813
5839,0,260530659
5840,0,2497017854
5841,0,2139092875
5842,0,2958311116
5843,0,3325625418
5844,0,817288530
5845,0,2843798492
5846,0,731710849
5847,0,4001456887
5848,0,2569244824
5849,0,2368488704
5850,0,3020209926
5851,0,1600761972
5852,0,1166515239
5853,0,1986511846
5854,0,1299437963
5855,0,4262918122
5856,0,1033852031
5857,0,889921815
5858,0,1947523555
5859,0,170983575
5860,0,1851606342
5861,0,407445948
5862,0,3014217699
5863,0,3505994729
5864,0,117990731
5865,0,2139165691
5866,0,3795189124
5867,0,3979295622
5868,0,1101015945
5869,0,3740538305
5870,0,3587139335
5871,0,484239760
5872,0,3158017415
5873,0,1575713666
5874,0,1644133167
5875,0,1572950050
5876,0,2405454784
5877,0,639252684
5878,0,1098023405
5879,0,950665226
5880,0,1841625023
5881,0,2506009318
5882,0,1078662663
5883,0,1945571074
5884,0,3505899305
5885,0,709662496
5886,0,2914100724
5887,0,3101837075
5888,0,2331138541
5889,0,4164728906
5890,0,2307667408
5891,0,3924851499
5892,0,876110913
5893,0,784030521
5894,0,4267139895
5895,0,1409339343
5896,0,4074254163
5897,0,292859274
5898,0,477123304
5899,0,3548800574
5900,0,4151614046
5901,0,3822215265
5902,0,1411180110
5903,0,3531409060
5904,0,664682992
5905,0,463925792
5906,0,2041613041
5907,0,1966952006
5908,0,1112139708
5909,0,2843034755
5910,0,1027713617
5911,0,159007956
5912,0,2113691812
5913,0,3439039056
5914,0,1753771016
5915,0,3290599180
5916,0,766244941
5917,0,116150940
5918,0,458034339
5919,0,3791587375
5920,0,531096082
5921,0,2673848288
5922,0,1053871249
5923,0,3474790704
5924,0,3948857997
5925,0,1944126154
5926,0,615844310
5927,0,880732465
5928,0,3259960893
5929,0,1386168537
5930,0,3926101755
5931,0,3762864565
5932,0,4156402890
5933,0,113080024
5934,0,2762112907
5935,0,2168335970
5936,0,3669741435
5937,0,3385533681
5938,0,134158651
5939,0,2144952759
5940,0,773496896
5941,0,943797353
5942,0,3343874799
5943,0,709055014
5944,0,1089599109
5945,0,3121371957
5946,0,473338752
5947,0,110649539
5948,0,1518384611
5949,0,3416427613
5950,0,3741665385
5951,0,3070377677
5952,0,1632987981
5953,0,1269368627
5954,0,44367892
5955,0,4133353895
5956,0,1682874227
5957,0,1135882435
5958,0,1881829557
5959,0,4188355275
5960,0,2171781909
5961,0,4212259901
5962,0,1448210614
5963,0,1621595701
5964,0,3729694629
5965,0,3137148536
5966,0,510744129
5967,0,2744446909
5968,0,4060692748
5969,0,2671587096
5970,0,1628994711
5971,0,3219116434
5972,0,4166770660
5973,0,4148484311
5974,0,3886010872
5975,0,2847619624
5976,0,288749495
5977,0,1470843542
5978,0,3788187818
5979,0,521892453
5980,0,1537913614
5981,0,3030763659
5982,0,3139527793
5983,0,1649343334
5984,0,426695447
5985,0,2206668849
5986,0,1889535569
5987,0,2099892964
5988,0,2849725086
5989,0,2476179610
5990,0,320526936
5991,0,1114517616
5992,0,141441600
5993,0,737011635
5994,0,1952599038
5995,0,2662284144
5996,0,1105327504
5997,0,2502593817
5998,0,1437607165
5999,0,1960452394
6000,0,789599221
6001,0,2293418242
6002,0,3821983915
6003,0,598686726
6004,0,1104960561
6005,0,2165914268
6006,0,1863835289
6007,0,206711707
6008,0,1829539435
6009,0,1693684075
6010,0,3439442564
6011,0,2960765484
6012,0,1102206834
6013,0,1625180508
6014,0,2537957734
6015,0,523422259
6016,0,3920675684
6017,0,3394980554
6018,0,3276354091
6019,0,1149777165
6020,0,119486265
6021,0,3740573541
6022,0,3994756297
6023,0,3670700168
6024,0,264005189
6025,0,3991173151
6026,0,1041401068
6027,0,3211347659
6028,0,1639829363
6029,0,3526076442
6030,0,1111476814
6031,0,3585911125
6032,0,1381173982
6033,0,1376958490
6034,0,2804852946
6035,0,883878088
6036,0,3745783411
6037,0,3451934454
6038,0,616585817
6039,0,3739672092
6040,0,2710490446
6041,0,2093030141
6042,0,2890675058
6043,0,1852746243
6044,0,3741082900
6045,0,428297051
6046,0,3982898829
6047,0,1564993942
6048,0,2933541932
6049,0,212357091
6050,0,2949743721
6051,0,1958843175
6052,0,2450480853
6053,0,1131251167
6054,0,2299894452
6055,0,1914959157
6056,0,2620341655
6057,0,136440697
6058,0,2627004958
6059,0,993162325
6060,0,3265609641
6061,0,3478490401
6062,0,2697189753
6063,0,2793276783
6064,0,3165198022
6065,0,1346545214
6066,0,2485775356
6067,0,2207372727
6068,0,2647281060
6069,0,1537889531
6070,0,932360257
6071,0,1389277452
6072,0,419503131
6073,0,1791904282
6074,0,3525714012
6075,0,3550003722
6076,0,2967804710
6077,0,1673236006
6078,0,1570219065
6079,0,2332739217
6080,0,1098490809
6081,0,3571031806
6082,0,130253533
6083,0,2224765745
6084,0,2622501679
6085,0,3699792021
6086,0,3842676927
6087,0,1975080337
6088,0,3193968788
6089,0,321520525
6090,0,942329376
6091,0,1546724407
6092,0,1850275308
6093,0,1851588438
6094,0,3346970157
6095,0,651739376
6096,0,3860671987
6097,0,936306786
6098,0,2996403555
6099,0,1000287449
6100,0,512235707
6101,0,2926688500
6102,0,3028417571
6103,0,3955158401
6104,0,4157867590
6105,0,2491630792
6106,0,2136826469
6107,0,2971981389
6108,0,1447105755
6109,0,4019427446
6110,0,255840568
6111,0,1443749172
6112,0,1489917889
6113,0,3572622746
6114,0,3759728347
6115,0,1690103802
6116,0,3510220859
6117,0,569102244
6118,0,1542657739
6119,0,476520862
6120,0,4073138996
6121,0,3818241124
6122,0,3611024232
6123,0,646391075
6124,0,2252841586
6125,0,858961334
6126,0,3574376948
6127,0,1181955149
6128,0,1068106288
6129,0,2188084486
6130,0,2880221187
6131,0,2285180021
6132,0,2110751784
6133,0,605197101
6134,0,3096840918
6135,0,1079128112
6136,0,3436335194
6137,0,1576220150
6138,0,1391518288
6139,0,2581750957
6140,0,2072145110
6141,0,4111355034
6142,0,2940160084
6143,0,2156429966
6144,0,3397514523
6145,0,1887374922
6146,0,2809582769
6147,0,3254354529
6148,0,3339619803
6149,0,3221829281
6150,0,1030872111
6151,0,3631470069
6152,0,4218009331
6153,0,2067903784
6154,0,4051101850
6155,0,2698144680
6156,0,1497674267
6157,0,804325016
6158,0,3949076521
6159,0,1133356250
6160,0,365262193
6161,0,3590983748
6162,0,341414629
6163,0,3869318407
6164,0,1697804135
6165,0,856553992
6166,0,98253294
6167,0,1044372285
6168,0,1851468721
6169,0,1854720711
6170,0,224294029
6171,0,3124303914
6172,0,3200156212
6173,0,2986253384
6174,0,746717971
6175,0,4041931011
6176,0,1452479014
6177,0,2922299885
6178,0,3027764836
6179,0,573529086
6180,0,3813610902
6181,0,1044871272
6182,0,4161276269
6183,0,3718212127
6184,0,726588497
6185,0,3897819731
6186,0,1809096156
6187,0,4119026827
6188,0,1549534146
6189,0,1486985168
6190,0,556793181
6191,0,235041279
6192,0,1200328129
6193,0,4031081944
6194,0,3795199943
6195,0,4279517344
6196,0,2534350624
6197,0,3918499829
6198,0,374692461
6199,0,504117441
6200,0,3147750699
6201,0,1732914166
6202,0,1688971116
6203,0,411289263
6204,0,1788134916
6205,0,3100891886
6206,0,2990611977
6207,0,2710482921
6208,0,814021323
6209,0,1415866757
6210,0,4089446607
6211,0,2297085251
6212,0,924118690
6213,0,4074734466
6214,0,1465358453
6215,0,796139897
6216,0,3224489556
6217,0,3332204425
6218,0,669132127
6219,0,175598491
6220,0,126581561
6221,0,1969325743
6222,0,4080847573
6223,0,648913702
6224,0,3421266434
6225,0,2989243220
6226,0,2643631895
6227,0,7544271
6228,0,445860202
6229,0,74982933
6230,0,401231688
6231,0,2658101609
6232,0,453798344
6233,0,1351710866
6234,0,2414079283
6235,0,3137041969
6236,0,1402649039
6237,0,2429036638
6238,0,767030623
6239,0,2962482929
6240,0,1173994039
6241,0,626200168
6242,0,3613108423
6243,0,3927975206
6244,0,1041686244
6245,0,1552919585
6246,0,2289093668
6247,0,2943655710
6248,0,2927586293
6249,0,591176917
6250,0,1131265990
6251,0,1714795532
6252,0,3326072470
6253,0,2706117856
6254,0,1506845704
6255,0,3881948832
6256,0,1795340090
6257,0,2170081480
6258,0,4084346984
6259,0,445788215
6260,0,3456840157
6261,0,2921889125
6262,0,2434087239
6263,0,4052060537
6264,0,1442557100
6265,0,766095355
6266,0,311343568
6267,0,1932507722
6268,0,145864537
6269,0,4111173364
6270,0,1065207774
6271,0,2001651645
6272,0,1746650762
6273,0,161174287
6274,0,480959666
6275,0,2695584428
6276,0,3022607667
6277,0,1331705076
6278,0,1982632299
6279,0,1680993803
6280,0,1743060115
6281,0,4138399144
6282,0,2884343111
6283,0,4045415718
6284,0,1159160676
6285,0,2249018617
6286,0,3722255664
6287,0,2971624365
6288,0,4030156312
6289,0,662445730
6290,0,833196598
6291,0,2114268129
6292,0,3025513981
6293,0,1017883656
6294,0,1820039997
6295,0,4237992659
6296,0,2966569171
6297,0,3787704919
6298,0,2309334131
6299,0,2555414054
6300,0,2585022444
6301,0,1859192088
6302,0,2151048705
6303,0,3527044922
6304,0,1685158484
6305,0,742401769
6306,0,994002503
6307,0,2903390268
6308,0,725101112
6309,0,3784875495
6310,0,3064240725
6311,0,2552970466
6312,0,156722201
6313,0,1599269011
6314,0,1246871507
6315,0,3369583046
6316,0,755773329
6317,0,3073713710
6318,0,1844253974
6319,0,649716881
6320,0,1599273220
6321,0,238902941
6322,0,406528298
6323,0,4292197253
6324,0,1543685431
6325,0,2418068421
6326,0,2724053577
6327,0,1485375267
6328,0,1975925173
6329,0,3974682989
6330,0,258298735
6331,0,68476043
6332,0,1866177129
6333,0,2459975186
6334,0,958701763
6335,0,179199485
6336,0,2335831391
6337,0,131841366
6338,0,2119821486
6339,0,718088200
6340,0,1984008750
6341,0,3297408428
6342,0,3452544723
6343,0,3680825626
6344,0,3988120729
6345,0,1979411786
6346,0,303435011
6347,0,2776014808
6348,0,2805544798
6349,0,3146006871
6350,0,1182378112
6351,0,509327284
6352,0,2098036642
6353,0,2379451678
6354,0,1920358374
6355,0,2849226691
6356,0,459123222
6357,0,1845009977
6358,0,3117393382
6359,0,3810207935
6360,0,1201536153
6361,0,4191859550
6362,0,1502983238
6363,0,213744328
6364,0,3747695738
6365,0,723556013
6366,0,122708151
6367,0,1670784916
6368,0,1274704102
6369,0,3106992309
6370,0,1139173350
6371,0,1816587531
6372,0,2367515384
6373,0,671949305
6374,0,175815648
6375,0,4258543875
6376,0,611904345
6377,0,459877840
6378,0,3837093273
6379,0,1221219034
6380,0,1353933266
6381,0,2913914198
6382,0,4102217172
6383,0,1211712328
6384,0,1784553312
6385,0,2684042393
6386,0,4117001485
6387,0,58258703
6388,0,2801428355
6389,0,2873369158
6390,0,3465694656
6391,0,1651229941
6392,0,1146640495
6393,0,2783340389
6394,0,1213501408
6395,0,3971253684
6396,0,4232400149
6397,0,3911138086
6398,0,3238297467
6399,0,2475440590
6400,0,154301515
6401,0,2967323990
6402,0,110570701
6403,0,2194756618
6404,0,2723693666
6405,0,4032720904
6406,0,4122119111
6407,0,1032654306
6408,0,437353658
6409,0,2235754841
6410,0,3579644109
6411,0,4241936143
6412,0,2211483412
6413,0,3564799917
6414,0,358865066
6415,0,2695060913
6416,0,2847285083
6417,0,569640149
6418,0,2360375330
6419,0,4114302712
6420,0,560269642
6421,0,2311922924
6422,0,2269575876
6423,0,1540657067
6424,0,2383470043
6425,0,550835918
6426,0,3281940168
6427,0,3333051531
6428,0,190128214
6429,0,1151944921
6430,0,3690569216
6431,0,4010060188
6432,0,1020626023
6433,0,125659947
6434,0,3910376135
6435,0,3542993826
6436,0,560885582
6437,0,2088564909
6438,0,2387348025
6439,0,4000225852
6440,0,2550763944
6441,0,3986969206
6442,0,2596180451
6443,0,1490575842
6444,0,3362093456
6445,0,2378042715
6446,0,3468435825
6447,0,416719672
6448,0,1518954848
6449,0,2198799602
6450,0,297783930
6451,0,2515277762
6452,0,4120892744
6453,0,3924592819
6454,0,1738558734
6455,0,2922838990
6456,0,1487892041
6457,0,430214074
6458,0,2460120499
6459,0,1587219609
6460,0,3725480125
6461,0,2535894161
6462,0,337712299
6463,0,3761869265
6464,0,2605364891
6465,0,2125445815
6466,0,3067795243
6467,0,1808263092
6468,0,1897179564
6469,0,1611279420
6470,0,2486854074
6471,0,3651467836
6472,0,2592633069
6473,0,103206471
6474,0,572946352
6475,0,1993358040
6476,0,1089159613
6477,0,859983795
6478,0,741756873
6479,0,1546434798
6480,0,2903684022
6481,0,2548420228
6482,0,3902696030
6483,0,2674044468
6484,0,2653759398
6485,0,1642505098
6486,0,123769185
6487,0,3168518951
6488,0,1398238840
6489,0,1839077300
6490,0,1114685440
6491,0,342706744
6492,0,409501965
6493,0,23953417
6494,0,2633232223
6495,0,3256321459
6496,0,1721655427
6497,0,4215598404
6498,0,3144128626
6499,0,1163293830
6500,0,4078493125
6501,0,4238424885
6502,0,2738433046
6503,0,1372472875
6504,0,3093708654
6505,0,2398344651
6506,0,2098410030
6507,0,1904807717
6508,0,1574790515
6509,0,3743204490
6510,0,3057209036
6511,0,1676715708
6512,0,2479143119
6513,0,2675314305
6514,0,2321955730
6515,0,4020239896
6516,0,465711350
6517,0,3863420184
6518,0,3110593194
6519,0,3814884947
6520,0,3334426471
6521,0,3307512078
6522,0,1907128332
6523,0,723348506
6524,0,1431537141
6525,0,2555107171
6526,0,3059679280
6527,0,2642167964
6528,0,48046416
6529,0,2014918475
6530,0,2164227667
6531,0,2307920105
6532,0,4196651215
6533,0,2272553618
6534,0,1323556769
6535,0,2548777066
6536,0,53054649
6537,0,1701316902
6538,0,3990067968
6539,0,1221156729
6540,0,133141418
6541,0,1188005255
6542,0,2040064440
6543,0,4048856591
6544,0,3611028581
6545,0,4233379582
6546,0,183739483
6547,0,2976356231
6548,0,830316492
6549,0,3524235086
6550,0,1596819741
6551,0,801480026
6552,0,297598669
6553,0,1120282143
6554,0,1186277053
6555,0,2923169292
6556,0,4048535346
6557,0,3549851814
6558,0,2916446855
6559,0,1933048805
6560,0,86549952
6561,0,595921928
6562,0,3264080970
6563,0,2677467848
6564,0,456572495
6565,0,1394097712
6566,0,3474759615
6567,0,3246483594
6568,0,2124121730
6569,0,3342071111
6570,0,2331146442
6571,0,2021662175
6572,0,474204162
6573,0,3442798275
6574,0,1299738645
6575,0,740607144
6576,0,578961648
6577,0,957530750
6578,0,1257990352
6579,0,3687718688
6580,0,493385109
6581,0,1753305976
6582,0,522204143
6583,0,853948257
6584,0,1967636964
6585,0,572255353
6586,0,2903021011
6587,0,1239935818
6588,0,626053293
6589,0,3622342383
6590,0,9745237
6591,0,1228234090
6592,0,3007891894
6593,0,3853897129
6594,0,3692607113
6595,0,2482474573
6596,0,637400338
6597,0,4037078813
6598,0,1159990844
6599,0,1486775789
6600,0,273838204
6601,0,2514892050
6602,0,1003473584
6603,0,2444022908
6604,0,1867082829
6605,0,450709645
6606,0,3394935819
6607,0,2729290790
6608,0,4060451314
6609,0,1195756559
6610,0,642662093
6611,0,3546951366
6612,0,1088820863
6613,0,3340720651
6614,0,2811996324
6615,0,2204597635
6616,0,4130494184
6617,0,554572671
6618,0,2924528559
6619,0,1921675037
6620,0,3528705417
6621,0,4139036664
6622,0,171464189
6623,0,276382334
6624,0,1055216325
6625,0,51031035
6626,0,2563373281
6627,0,1566894699
6628,0,3306464671
6629,0,1699398860
6630,0,2276990597
6631,0,158821009
6632,0,1619142883
6633,0,2522161068
6634,0,2175806204
6635,0,420674027
6636,0,2212029820
6637,0,1905422887
6638,0,3305583692
6639,0,1381635307
6640,0,136899976
6641,0,2795835332
6642,0,3974889770
6643,0,4125597326
6644,0,3237867317
6645,0,3732227768
6646,0,2733490377
6647,0,1147755475
6648,0,2373093146
6649,0,1873056658
6650,0,1191379545
6651,0,3461221981
6652,0,4281375359
6653,0,1671332928
6654,0,3519898795
6655,0,3596581607
6656,0,2856026896
6657,0,2439260604
6658,0,2653409589
6659,0,3827901845
6660,0,3555155672
6661,0,1068767750
6662,0,576982012
6663,0,3227554897
6664,0,2410772900
6665,0,2955973926
6666,0,4027877868
6667,0,1141773944
6668,0,1592522264
6669,0,624174988
6670,0,2574981806
6671,0,3220852889
6672,0,1221085133
6673,0,1175010677
6674,0,1431443814
6675,0,3651443065
6676,0,469244860
6677,0,159213723
6678,0,698683180
6679,0,2153360012
6680,0,335966472
6681,0,2663686011
6682,0,2824127534
6683,0,720540806
6684,0,1949269591
6685,0,3881805573
6686,0,1683936666
6687,0,1666488172
6688,0,3331627440
6689,0,3790921537
6690,0,964987823
6691,0,3067528503
6692,0,2691847151
6693,0,2885098472
6694,0,1506658829
6695,0,4044313387
6696,0,1982721374
6697,0,3142540093
6698,0,1429386761
6699,0,2105633264
6700,0,1196913743
6701,0,2449921184
6702,0,1523379657
6703,0,700473363
6704,0,2642431154
6705,0,383685017
6706,0,1498918415
6707,0,1045762244
6708,0,368444066
6709,0,1642538515
6710,0,562402465
6711,0,4046346249
6712,0,2143536862
6713,0,3826822930
6714,0,3467143695
6715,0,3201602715
6716,0,2763765176
6717,0,2476166014
6718,0,636384834
6719,0,2414754289
6720,0,4176219561
6721,0,1383805349
6722,0,3183410114
6723,0,974642817
6724,0,4180955682
6725,0,494229722
6726,0,2074492493
6727,0,832032570
6728,0,3329067842
6729,0,2545674432
6730,0,3201314737
6731,0,3756791394
6732,0,4180633266
6733,0,2866587022
6734,0,4089589176
6735,0,2027660994
6736,0,2357196963
6737,0,505381846
6738,0,583247972
6739,0,2922345443
6740,0,1245006474
6741,0,2414550072
6742,0,1642146766
6743,0,3615619522
6744,0,4286611038
6745,0,4180871451
6746,0,2585036659
6747,0,1436984270
6748,0,3124446977
6749,0,2310718444
6750,0,3911338735
6751,0,2944442576
6752,0,3368378045
6753,0,21703092
6754,0,3956206282
6755,0,3831595425
6756,0,1592572651
6757,0,4287002707
6758,0,554435253
6759,0,2315563288
6760,0,2563792491
6761,0,4038298437
6762,0,3132497576
6763,0,1426547001
6764,0,2636359817
6765,0,4000149136
6766,0,878093999
6767,0,4041599790
6768,0,4253134894
6769,0,3137775724
6770,0,2942890569
6771,0,2500907513
6772,0,1792637870
6773,0,4030707320
6774,0,3638957312
6775,0,1384455235
6776,0,3501038693
6777,0,117486421
6778,0,1009346528
6779,0,175677130
6780,0,765170010
6781,0,2846830274
6782,0,3265157081
6783,0,80416395
6784,0,1052627311
6785,0,379459527
6786,0,1488266100
6787,0,1738571321
6788,0,1686776650
6789,0,495717595
6790,0,519272656
6791,0,1287734436
6792,0,4008388430
6793,0,3394694063
6794,0,4081256446
6795,0,3828173344
6796,0,3762617876
6797,0,2404285239
6798,0,1161813827
6799,0,1680598312
6800,0,156484751
6801,0,1233228206
6802,0,221897460
6803,0,495465127
6804,0,1615279721
6805,0,1472262316
6806,0,1937759366
6807,0,2500085457
6808,0,2786291710
6809,0,3061156616
6810,0,3850737858
6811,0,2233696780
6812,0,1496149789
6813,0,1830296122
6814,0,2779959221
6815,0,1959142263
6816,0,2780561219
6817,0,2418917162
6818,0,3738531086
6819,0,2128948148
6820,0,2850752989
6821,0,3536419605
6822,0,1222581696
6823,0,3347990035
6824,0,3871872789
6825,0,1634886912
6826,0,2543587017
6827,0,3739326603
6828,0,1407270931
6829,0,125870498
6830,0,1697245048
6831,0,1629468923
6832,0,1444080795
6833,0,2075173435
6834,0,2433306048
6835,0,2928878232
6836,0,2462628088
6837,0,1059633267
6838,0,754925664
6839,0,1519870265
6840,0,1622365761
6841,0,1159011580
6842,0,936843417
6843,0,1280183707
6844,0,844646341
6845,0,1858054197
6846,0,3968989385
6847,0,2728300717
6848,0,1599587463
6849,0,1596562404
6850,0,3874526222
6851,0,2052385014
6852,0,234959155
6853,0,751821088
6854,0,3449463797
6855,0,2775429095
6856,0,45724239
6857,0,2868465367
6858,0,3881699206
6859,0,3530841713
6860,0,1861224236
6861,0,2896409830
6862,0,2648450777
6863,0,971391258
6864,0,3379185400
6865,0,3071656546
6866,0,3832101902
6867,0,3204129466
6868,0,2402153068
6869,0,493695324
6870,0,3550180127
6871,0,48329091
6872,0,3069311627
6873,0,3183154491
6874,0,1017072661
6875,0,1991071227
6876,0,1582900658
6877,0,654590053
6878,0,1310608321
6879,0,1805854258
6880,0,3821621632
6881,0,4141849340
6882,0,3045269436
6883,0,418014278
6884,0,3627237527
6885,0,3021924455
6886,0,1263903022
6887,0,292801622
6888,0,2011053418
6889,0,3189215027
6890,0,2982728107
6891,0,3561058037
6892,0,3395941754
6893,0,1813982265
6894,0,3130086997
6895,0,2603381112
6896,0,3043755225
6897,0,2333145698
6898,0,532871628
6899,0,1603301265
6900,0,506376864
6901,0,3340764477
6902,0,931076414
6903,0,1599000914
6904,0,704557024
6905,0,2086202817
6906,0,1577016081
6907,0,1698245567
6908,0,1234409624
6909,0,1787838168
6910,0,3291088861
6911,0,518869781
6912,0,2049787797
6913,0,2301514170
6914,0,541013750
6915,0,450045254
6916,0,2969605403
6917,0,3621207434
6918,0,1017827993
6919,0,3116498245
6920,0,1263194193
6921,0,962586321
6922,0,1966155379
6923,0,1846722316
6924,0,127360341
6925,0,1804395051
6926,0,251052079
6927,0,144318870
6928,0,3652206466
6929,0,373425378
6930,0,2366873133
6931,0,605972870
6932,0,3438640945
6933,0,25082296
6934,0,527663388
6935,0,2237063220
6936,0,1935269660
6937,0,1609896801
6938,0,1320220685
6939,0,1738500725
6940,0,3504368829
6941,0,1938023110
6942,0,4106190923
6943,0,2456461328
6944,0,191932324
6945,0,4009829542
6946,0,3106254060
6947,0,2612886704
6948,0,2974265861
6949,0,2816540998
6950,0,2130302690
6951,0,3230870256
6952,0,476216022
6953,0,875231754
6954,0,102398047
6955,0,1797662263
6956,0,1408411943
6957,0,3693020108
6958,0,2964660767
6959,0,2318386404
6960,0,618449437
6961,0,242855570
6962,0,1322621863
6963,0,1233234839
6964,0,3801991214
6965,0,681351586
6966,0,3468167862
6967,0,842728801
6968,0,7768426
6969,0,4197423399
6970,0,677693922
6971,0,2588080270
6972,0,1865948871
6973,0,4042907223
6974,0,2908234254
6975,0,2318362306
6976,0,3258508556
6977,0,230179392
6978,0,3153614776
6979,0,2431576287
6980,0,4082166405
6981,0,772246821
6982,0,734731380
6983,0,1089647254
6984,0,3266265350
6985,0,2071796833
6986,0,3336262457
6987,0,993560967
6988,0,1795681507
6989,0,1172517486
6990,0,1450349721
6991,0,2564254665
6992,0,3227538142
6993,0,2370113443
6994,0,3130934939
6995,0,1005512733
6996,0,994727435
6997,0,1089132302
6998,0,1533565803
6999,0,1353154121
7000,0,1387150910
7001,0,945759690
7002,0,1076329625
7003,0,1496671011
7004,0,1602111723
7005,0,1510938778
7006,0,2593949332
7007,0,1133409747
7008,0,733887081
7009,0,1923018256
7010,0,1154190974
7011,0,2509163388
7012,0,3503082636
7013,0,1659923554
7014,0,2164219996
7015,0,4067300070
7016,0,913020191
7017,0,3720525851
7018,0,3539087899
7019,0,43126819
7020,0,1381784936
7021,0,3889628048
7022,0,4077193218
7023,0,313082112
7024,0,1805833412
7025,0,376686457
7026,0,3171342039
7027,0,2623316505
7028,0,200230102
7029,0,2378914028
7030,0,1006885735
7031,0,2861302480
7032,0,1880416475
7033,0,1844522332
7034,0,1124837201
7035,0,3419539585
7036,0,3532640736
7037,0,1053520537
7038,0,1133977717
7039,0,1420010649
7040,0,3826966957
7041,0,3184306938
7042,0,988555475
7043,0,1093988904
7044,0,826421136
7045,0,3803360456
7046,0,1381309693
7047,0,3365029656
7048,0,2387731232
7049,0,4102225274
7050,0,3465606508
7051,0,3617502002
7052,0,1055296014
7053,0,457213565
7054,0,2053854458
7055,0,242715776
7056,0,52010259
7057,0,667372686
7058,0,76259077
7059,0,2584449712
7060,0,3823187294
7061,0,1813538971
7062,0,1080835038
7063,0,635736821
7064,0,1089948712
7065,0,2268138161
7066,0,1787316674
7067,0,364329818
7068,0,2841396404
7069,0,412114545
7070,0,2022738974
7071,0,1266444919
7072,0,7324846
7073,0,3887424179
7074,0,931647234
7075,0,43707921
7076,0,3024410141
7077,0,4268444318
7078,0,1881203010
7079,0,3977936774
7080,0,4290195603
7081,0,755946593
7082,0,131300256
7083,0,2085532051
7084,0,3857453325
7085,0,2659049355
7086,0,2484667629
7087,0,605760335
7088,0,1865389366
7089,0,749364658
7090,0,1671340604
7091,0,1291207632
7092,0,353121110
7093,0,4289848901
7094,0,2891831513
7095,0,4288191546
7096,0,1877666965
7097,0,2104680585
7098,0,219797304
7099,0,3358020647
7100,0,1993804726
7101,0,1670483110
7102,0,313119012
7103,0,958785826
7104,0,3760615119
7105,0,2450300464
7106,0,949568629
7107,0,317350846
7108,0,2368475888
7109,0,3778067561
7110,0,553714135
7111,0,642238474
7112,0,932844169
7113,0,3433694700
7114,0,250593031
7115,0,3639300992
7116,0,3791278957
7117,0,3647173222
7118,0,1389549521
7119,0,221678437
7120,0,1460857928
7121,0,1508297125
7122,0,2593591372
7123,0,1800088675
7124,0,3593349888
7125,0,2055894599
7126,0,3155361958
7127,0,1559394821
7128,0,1709746268
7129,0,1820398989
7130,0,2283978805
7131,0,3567586503
7132,0,3532070265
7133,0,338466893
7134,0,1669988415
7135,0,1379127001
7136,0,1459068557
7137,0,32239582
7138,0,4262603542
7139,0,3580257134
7140,0,947802763
7141,0,3083221020
7142,0,1752534974
7143,0,3922087071
7144,0,719464981
7145,0,2612462949
7146,0,409503208
7147,0,308654530
7148,0,803855980
7149,0,2427378622
7150,0,822014994
7151,0,568633004
7152,0,320797364
7153,0,1162579600
7154,0,2813005660
7155,0,241001468
7156,0,3866423117
7157,0,137568995
7158,0,3783388756
7159,0,1428885073
7160,0,2831659009
7161,0,2251313954
7162,0,115274760
7163,0,3551304903
7164,0,1186973565
7165,0,1951871733
7166,0,3543311825
7167,0,1989149877
7168,0,1458767801
7169,0,4135824347
7170,0,4243181255
7171,0,1662568383
7172,0,101471048
7173,0,13089338
7174,0,126926522
7175,0,414787001
7176,0,3184356478
7177,0,404107199
7178,0,1641384111
7179,0,3368032559
7180,0,3075868541
7181,0,2156529793
7182,0,4073931212
7183,0,3350928281
7184,0,1036342877
7185,0,1993934490
7186,0,2538069631
7187,0,4253618011
7188,0,1344416810
7189,0,2706094553
7190,0,409906881
7191,0,2070670170
7192,0,3323306778
7193,0,1018011137
7194,0,1657982807
7195,0,1547594667
7196,0,3089310414
7197,0,1395331731
7198,0,508833743
7199,0,3994927417
7200,0,2439220900
7201,0,4133003551
7202,0,2904372322
7203,0,2042578154
7204,0,3043738395
7205,0,1813018239
7206,0,959137040
7207,0,1621415764
7208,0,3012256787
7209,0,1042553207
7210,0,475945394
7211,0,979776198
7212,0,2079266809
7213,0,3139376465
7214,0,1863723243
7215,0,3949502510
7216,0,315550872
7217,0,619507190
7218,0,2468108991
7219,0,289236442
7220,0,222894137
7221,0,3884698846
7222,0,1545091350
7223,0,1012942315
7224,0,2944061221
7225,0,626825514
7226,0,2034876630
7227,0,1798778783
7228,0,1448449885
7229,0,1937171778
7230,0,1409328909
7231,0,1556465885
7232,0,149838795
7233,0,2977700352
7234,0,1975279838
7235,0,3445382573
7236,0,2614232569
7237,0,3066315183
7238,0,3771098167
7239,0,2756890871
7240,0,935704049
7241,0,2919333068
7242,0,2995731456
7243,0,4109223527
7244,0,3355512471
7245,0,3550533054
7246,0,3958986645
7247,0,3766056208
7248,0,364469725
7249,0,4267620700
7250,0,131109158
7251,0,2877235292
7252,0,2716105510
7253,0,4271186086
7254,0,179859750
7255,0,2534071912
7256,0,1412479339
7257,0,547546181
7258,0,4184158288
7259,0,2995577607
7260,0,4084111953
7261,0,615637539
7262,0,105137529
7263,0,1401906060
7264,0,1076441619
7265,0,2869380582
7266,0,885990235
7267,0,3290516009
7268,0,1105694715
7269,0,3004057879
7270,0,1069421601
7271,0,1517493564
7272,0,54835990
7273,0,283120037
7274,0,1212391727
7275,0,2964176028
7276,0,3774472035
7277,0,3115290569
7278,0,1116207010
7279,0,839834363
7280,0,3278373939
7281,0,3190734148
7282,0,1497839975
7283,0,1931168786
7284,0,1236871838
7285,0,4054925707
7286,0,3918128171
7287,0,1955674893
7288,0,770108501
7289,0,4260018179
7290,0,4156236726
7291,0,3933790288
7292,0,941749833
7293,0,3690099357
7294,0,563253741
7295,0,105779066
7296,0,996860449
7297,0,2196817782
7298,0,3654747481
7299,0,385549575
7300,0,3172997994
7301,0,2012057036
7302,0,215593510
7303,0,1764786792
7304,0,1456104470
7305,0,1398640498
7306,0,3032775499
7307,0,1309529405
7308,0,1642848872
7309,0,2843442139
7310,0,101671867
7311,0,2776016487
7312,0,1190504954
7313,0,2325255167
7314,0,2214645260
7315,0,635510124
7316,0,3487520522
7317,0,2197731125
7318,0,3609172505
7319,0,2949230295
7320,0,3631446046
7321,0,1500288870
7322,0,3146147430
7323,0,2652448163
7324,0,4010673749
7325,0,3612510039
7326,0,1891415531
7327,0,641039243
7328,0,2714745353
7329,0,2270730382
7330,0,493570026
7331,0,3344013569
7332,0,2051646489
7333,0,2543766780
7334,0,2385253500
7335,0,2563889037
7336,0,3861181757
7337,0,1760446204
7338,0,2785233508
7339,0,649729443
7340,0,3855004452
7341,0,1206350933
7342,0,2229116035
7343,0,3740337029
7344,0,783959141
7345,0,2699835582
7346,0,3632694051
7347,0,347999506
7348,0,1989727260
7349,0,4017561649
7350,0,1699853481
7351,0,726864939
7352,0,1931233472
7353,0,3129118082
7354,0,2372254587
7355,0,2068974014
7356,0,1994343692
7357,0,1370475603
7358,0,2895835233
7359,0,2688781418
7360,0,3547387660
7361,0,4223093572
7362,0,1227327307
7363,0,2149174828
7364,0,2187217538
7365,0,718000037
7366,0,886538618
7367,0,1542243270
7368,0,2971149196
7369,0,408346168
7370,0,2980463088
7371,0,1251465916
7372,0,2311080412
7373,0,2676669825
7374,0,3479554588
7375,0,3001569519
7376,0,2789768757
7377,0,2556417202
7378,0,1006444310
7379,0,2616062009
7380,0,2561841996
7381,0,2964630145
7382,0,2574751251
7383,0,487439081
7384,0,3762894817
7385,0,270263259
7386,0,3765831819
7387,0,227049272
7388,0,1333837807
7389,0,1473448433
7390,0,3947586151
7391,0,1744829796
7392,0,2452953325
7393,0,339521369
7394,0,3140368882
7395,0,4263033018
7396,0,3372092317
7397,0,943211579
7398,0,660123876
7399,0,432087174
7400,0,2280534958
7401,0,1927397123
7402,0,3846065635
7403,0,3167047650
7404,0,2988026558
7405,0,1854605881
7406,0,4132017727
7407,0,1431083896
7408,0,39646537
7409,0,38206803
7410,0,1618118405
7411,0,584439500
7412,0,2576302986
7413,0,1312380373
7414,0,4110103828
7415,0,3647372088
7416,0,3593434936
7417,0,566558940
7418,0,3121006163
7419,0,996045205
7420,0,1492766531
7421,0,1126327979
7422,0,4044827472
7423,0,2614693038
7424,0,548304772
7425,0,630101451
7426,0,298206288
7427,0,4039718454
7428,0,402406161
7429,0,2203334814
7430,0,2360913181
7431,0,3128128400
7432,0,1411525520
7433,0,995378232
7434,0,3383797745
7435,0,1955840918
7436,0,2428614950
7437,0,1530949716
7438,0,4229006545
7439,0,1576243220
7440,0,3520199276
7441,0,1025354082
7442,0,2382627386
7443,0,3324765819
7444,0,3867130409
7445,0,912835636
7446,0,4079237923
7447,0,4232855907
7448,0,4167266611
7449,0,1592662065
7450,0,551988837
7451,0,1348791024
7452,0,1785397709
7453,0,1074149476
7454,0,1716881345
7455,0,51666551
7456,0,2475014490
7457,0,2977139373
7458,0,3304004990
7459,0,3478721822
7460,0,1387192195
7461,0,2726403756
7462,0,3151926982
7463,0,1237986021
7464,0,2655459694
7465,0,3493207227
7466,0,1737480203
7467,0,223363020
7468,0,1604250008
7469,0,3608719630
7470,0,3860538322
7471,0,3460660898
7472,0,1404093226
7473,0,828473024
7474,0,3382133276
7475,0,458132534
7476,0,2479686418
7477,0,1178862181
7478,0,118549825
7479,0,1302381501
7480,0,4013843350
7481,0,1255863344
7482,0,2680372702
7483,0,4150836642
7484,0,4216140876
7485,0,3847737198
7486,0,2348427091
7487,0,756300731
7488,0,3333204046
7489,0,655192604
7490,0,2694341083
7491,0,952739530
7492,0,2383214722
7493,0,847950220
7494,0,4091247089
7495,0,4712419
7496,0,1808060030
7497,0,3009779739
7498,0,213515560
7499,0,1350594662
7500,0,2401205024
7501,0,1863461053
7502,0,1790323295
7503,0,1347299713
7504,0,985015550
7505,0,991618730
7506,0,2654813421
7507,0,229672861
7508,0,3039170236
7509,0,3938921540
7510,0,3871004547
7511,0,890756454
7512,0,433339739
7513,0,1369267940
7514,0,2994068292
7515,0,716613258
7516,0,848604825
7517,0,1337752186
7518,0,3734510179
7519,0,1733723561
7520,0,1268528472
7521,0,1809656739
7522,0,462205463
7523,0,873237232
7524,0,252302201
7525,0,2579222666
7526,0,2532756159
7527,0,3145769103
7528,0,1572077479
7529,0,1789320708
7530,0,2644955223
7531,0,2989384609
7532,0,3038113036
7533,0,507069334
7534,0,4281896659
7535,0,850505186
7536,0,3870302948
7537,0,3212222930
7538,0,47602420
7539,0,4171200560
7540,0,3837201532
7541,0,2720617184
7542,0,2262289818
7543,0,2482173736
7544,0,1877321155
7545,0,2968036813
7546,0,779856709
7547,0,964165452
7548,0,358456419
7549,0,2095337067
7550,0,1342425887
7551,0,90688079
7552,0,3209197334
7553,0,2230785955
7554,0,2792083682
7555,0,1384654329
7556,0,2429743778
7557,0,509372865
7558,0,4293135891
7559,0,3136057600
7560,0,2906720166
7561,0,990228220
7562,0,1435982769
7563,0,1657126113
7564,0,2120695789
7565,0,2864756512
7566,0,951701362
7567,0,732329209
7568,0,1109256901
7569,0,400791943
7570,0,4273616430
7571,0,3079333937
7572,0,3139113879
7573,0,4099570499
7574,0,3715800474
7575,0,1476052286
7576,0,3841806480
7577,0,2466351879
7578,0,3997596887
7579,0,441256729
7580,0,3739264846
7581,0,2334739210
7582,0,3947044846
7583,0,2674781585
7584,0,2032419646
7585,0,3644622975
7586,0,1314570406
7587,0,3750722465
7588,0,798177372
7589,0,1535843856
7590,0,828982452
7591,0,637976875
7592,0,978852218
7593,0,396361185
7594,0,3965097968
7595,0,3954809892
7596,0,3750983546
7597,0,2666633028
7598,0,791767112
7599,0,1161118676
7600,0,1152981779
7601,0,2628933438
7602,0,485129876
7603,0,874657288
7604,0,780329049
7605,0,599186109
7606,0,3837910893
7607,0,984485787
7608,0,2432652437
7609,0,936705475
7610,0,2784360277
7611,0,2029257114
7612,0,3760227033
7613,0,4278224484
7614,0,373440962
7615,0,2436886815
7616,0,869303207
7617,0,1462385877
7618,0,111281453
7619,0,2264351726
7620,0,3218874827
7621,0,1196350233
7622,0,429593839
7623,0,467657964
7624,0,251723501
7625,0,192382691
7626,0,2396585462
7627,0,3181960677
7628,0,1687286543
7629,0,83357847
7630,0,2789790021
7631,0,811975125
7632,0,2210110138
7633,0,3984128844
7634,0,2956020420
7635,0,3025750128
7636,0,934796731
7637,0,1276882139
7638,0,161141627
7639,0,759614113
7640,0,1983940008
7641,0,3091426450
7642,0,1878624570
7643,0,2231512309
7644,0,3540089819
7645,0,1932974374
7646,0,2858150095
7647,0,1057885870
7648,0,632129955
7649,0,128835087
7650,0,836790041
7651,0,2640865944
7652,0,2539614757
7653,0,1516649384
7654,0,1065210113
7655,0,787203663
7656,0,2456004254
7657,0,817016070
7658,0,3344543343
7659,0,2685588357
7660,0,3055802420
7661,0,1770187366
7662,0,2902994977
7663,0,3397710151
7664,0,3240843569
7665,0,3953699543
7666,0,548700270
7667,0,2811895410
7668,0,1859233624
7669,0,493601509
7670,0,3286065086
7671,0,1837096651
7672,0,1115178648
7673,0,533142125
7674,0,1842495784
7675,0,2602379699
7676,0,4215374438
7677,0,2863258592
7678,0,2875716170
7679,0,4043146109
7680,0,1627579923
7681,0,2245232275
7682,0,1429347955
7683,0,3379745965
7684,0,4009793182
7685,0,1203119767
7686,0,4025770885
7687,0,320518823
7688,0,3447810176
7689,0,4071752136
7690,0,3823126829
7691,0,2994083247
7692,0,1757049870
7693,0,3780068723
7694,0,902107619
7695,0,1759410687
7696,0,1540918255
7697,0,504142109
7698,0,683708106
7699,0,438540934
7700,0,1193191903
7701,0,3599047021
7702,0,3233346713
7703,0,459065868
7704,0,3250350914
7705,0,3595937832
7706,0,155429248
7707,0,4060176537
7708,0,475520400
7709,0,458252834
7710,0,4119927976
7711,0,378176234
7712,0,2620117409
7713,0,636475246
7714,0,1062036751
7715,0,4000666585
7716,0,3317983774
7717,0,1484146173
7718,0,2315001529
7719,0,1330400812
7720,0,398196840
7721,0,1637367216
7722,0,2750405191
7723,0,1279644820
7724,0,741527583
7725,0,2953866215
7726,0,284589937
7727,0,1008611165
7728,0,3343615815
7729,0,1136963158
7730,0,399421297
7731,0,2252153409
7732,0,1826061339
7733,0,3923766161
7734,0,2165700903
7735,0,4161913311
7736,0,3311564938
7737,0,3290221523
7738,0,4055247200
7739,0,2816235149
7740,0,2360467819
7741,0,2735209861
7742,0,3394832414
7743,0,2148338643
7744,0,1855647867
7745,0,572821009
7746,0,3476556706
7747,0,130661380
7748,0,963485728
7749,0,542454804
7750,0,1546197151
7751,0,2556569410
7752,0,1305160167
7753,0,906784284
7754,0,3258567835
7755,0,2398156942
7756,0,2916057022
7757,0,86723298
7758,0,3801131001
7759,0,999318798
7760,0,3506859094
7761,0,2367217680
7762,0,2991569725
7763,0,3761179785
7764,0,914073238
7765,0,394379138
7766,0,776739066
7767,0,120767539
7768,0,2837837513
7769,0,3899096023
7770,0,3836646265
7771,0,4009012025
7772,0,166029552
7773,0,1000106797
7774,0,1774951025
7775,0,1244877139
7776,0,591203007
7777,0,3477068490
7778,0,3098976217
7779,0,50120095
7780,0,3550642104
7781,0,385024978
7782,0,2812701270
7783,0,931101472
7784,0,3682202253
7785,0,1076634425
7786,0,1294418588
7787,0,199660774
7788,0,4131205947
7789,0,1528109526
7790,0,4258995681
7791,0,1384720530
7792,0,2230401215
7793,0,3744964812
7794,0,1323867707
7795,0,4174759212
7796,0,1316800404
7797,0,122402483
7798,0,1109402077
7799,0,2238707920
7800,0,885881002
7801,0,3772177798
7802,0,1470498453
7803,0,2045331663
7804,0,1323341399
7805,0,3647033346
7806,0,2672582642
7807,0,2196807883
7808,0,625085476
7809,0,4229002919
7810,0,2323253093
7811,0,2555283438
7812,0,1591678295
7813,0,851494605
7814,0,1765215201
7815,0,2166789956
7816,0,705292995
7817,0,4251036683
7818,0,3572868891
7819,0,1657279760
7820,0,1831764357
7821,0,517054026
7822,0,2382483462
7823,0,875039430
7824,0,2607472574
7825,0,3543302640
7826,0,3801403062
7827,0,319050231
7828,0,3194310698
7829,0,2556647770
7830,0,2588180286
7831,0,2715093007
7832,0,441050309
7833,0,4244349453
7834,0,2683472976
7835,0,23430892
7836,0,2259916848
7837,0,1124712362
7838,0,3949231956
7839,0,4116148083
7840,0,261711567
7841,0,1263696527
7842,0,2221967694
7843,0,1048149922
7844,0,539745252
7845,0,834256815
7846,0,3485978025
7847,0,4163642512
7848,0,3950854959
7849,0,537450179
7850,0,1623580363
7851,0,3095837669
7852,0,2428481304
7853,0,3469683574
7854,0,1604201062
7855,0,3230025455
7856,0,53475970
7857,0,1938248477
7858,0,2775794191
7859,0,1802131030
7860,0,363877958
7861,0,4033586874
7862,0,321402980
7863,0,2427649206
7864,0,732905380
7865,0,1193339049
7866,0,478761939
7867,0,3902160362
7868,0,3393594783
7869,0,3494747717
7870,0,321191783
7871,0,365132131
7872,0,38382256
7873,0,3572078303
7874,0,544390406
7875,0,2375719695
7876,0,26843698
7877,0,1764206845
7878,0,456170177
7879,0,92233813
7880,0,3351456015
7881,0,4273051582
7882,0,1149239869
7883,0,3694627742
7884,0,2244999868
7885,0,697350640
7886,0,3950670407
7887,0,57334558
7888,0,1496306778
7889,0,3611063432
7890,0,1812353950
7891,0,1758319652
7892,0,2607717632
7893,0,1360631175
7894,0,377605683
7895,0,3350236048
7896,0,245300945
7897,0,4191320083
7898,0,1826106395
7899,0,1110732406
7900,0,816052459
7901,0,3093911988
7902,0,4172125051
7903,0,311956826
7904,0,374928675
7905,0,393132797
7906,0,3323864645
7907,0,1476813550
7908,0,522645667
7909,0,3882678138
7910,0,1240661211
7911,0,3680201231
7912,0,1967190338
7913,0,108534326
7914,0,2732969353
7915,0,1908991043
7916,0,3310808707
7917,0,139909824
7918,0,3000556455
7919,0,2619441489
7920,0,762650068
7921,0,1463061715
7922,0,327122692
7923,0,1869588523
7924,0,3610912478
7925,0,4023667438
7926,0,3082718442
7927,0,2723938459
7928,0,1805731388
7929,0,800724591
7930,0,3280984660
7931,0,544047350
7932,0,2651984175
7933,0,1522825652
7934,0,1805712109
7935,0,3947983603
7936,0,1722340420
7937,0,4163707092
7938,0,3670431535
7939,0,341072126
7940,0,1982938171
7941,0,1735977184
7942,0,922644370
7943,0,2592477332
7944,0,1241720606
7945,0,4076797358
7946,0,2217626219
7947,0,3775043482
7948,0,3451929122
7949,0,1963490528
7950,0,672953578
7951,0,1991086826
7952,0,1525064402
7953,0,1495798796
7954,0,782140120
7955,0,645548794
7956,0,2340589672
7957,0,3899681103
7958,0,1315342211
7959,0,1279504840
7960,0,1966027349
7961,0,4292781831
7962,0,1291059608
7963,0,1412143259
7964,0,3223686119
7965,0,1517500971
7966,0,2617168560
7967,0,1958133476
7968,0,3458696561
7969,0,4022271125
7970,0,899994851
7971,0,1210354847
7972,0,4015458500
7973,0,3351147395
7974,0,806157284
7975,0,1098229724
7976,0,1145437819
7977,0,2329318526
7978,0,1400271378
7979,0,1002171784
7980,0,2270371629
7981,0,1919902646
7982,0,1562672122
7983,0,2570127415
7984,0,3200332204
7985,0,2255177494
7986,0,1069021714
7987,0,3729692520
7988,0,2563880473
7989,0,1816847120
7990,0,892836740
7991,0,245918791
7992,0,1731278647
7993,0,2066287708
7994,0,251035821
7995,0,42644572
7996,0,3559052764
7997,0,1572552848
7998,0,2156008132
7999,0,2575599241
8000,0,1162424839
8001,0,37065699
8002,0,3111965479
8003,0,1075607499
8004,0,306931609
8005,0,2847367269
8006,0,4073174456
8007,0,2321958784
8008,0,274382763
8009,0,2991617020
8010,0,970592395
8011,0,44228782
8012,0,2287399253
8013,0,2582853387
8014,0,492255426
8015,0,3014637893
8016,0,3563084742
8017,0,1007058186
8018,0,2270158841
8019,0,3936941441
8020,0,1997364781
8021,0,1171954025
8022,0,3355570258
8023,0,930259383
8024,0,197817013
8025,0,4127391515
8026,0,2514007691
8027,0,3795547887
8028,0,272417564
8029,0,2210390355
8030,0,2367843769
8031,0,3526398867
8032,0,3356550642
8033,0,1098332933
8034,0,1693370830
8035,0,121484165
8036,0,2565091139
8037,0,3162798437
8038,0,1185994385
8039,0,3493448864
8040,0,3692738230
8041,0,3544861136
8042,0,3564149224
8043,0,787657614
8044,0,1760212527
8045,0,4224085560
8046,0,4130329144
8047,0,2171753868
8048,0,3015032269
8049,0,2240800427
8050,0,1376647878
8051,0,1207747052
8052,0,669314956
8053,0,4172505670
8054,0,193392475
8055,0,466708941
8056,0,3958539673
8057,0,3548315417
8058,0,2670130103
8059,0,1800818943
8060,0,2289429307
8061,0,2537596914
8062,0,4100613005
8063,0,3144183680
8064,0,551001931
8065,0,3035384916
8066,0,2445053447
8067,0,267495705
8068,0,1619008112
8069,0,436951415
8070,0,1435876677
8071,0,2777737019
8072,0,2542578560
8073,0,1567225150
8074,0,437166073
8075,0,4157258529
8076,0,3044517302
8077,0,2045374358
8078,0,3346710267
8079,0,2216117129
8080,0,3769426682
8081,0,3800042723
8082,0,2157949133
8083,0,2789431886
8084,0,1817535915
8085,0,3706511035
8086,0,2689087974
8087,0,1239540188
8088,0,3465624849
8089,0,3479066760
8090,0,2376339279
8091,0,2247148617
8092,0,843904085
8093,0,872826102
8094,0,1871162874
8095,0,3710696486
8096,0,530806578
8097,0,1508179344
8098,0,210061787
8099,0,309402500
8100,0,288482180
8101,0,2238697892
8102,0,2486611753
8103,0,2074499008
8104,0,2594169487
8105,0,3204975848
8106,0,1816078306
8107,0,2426885091
8108,0,565894990
8109,0,808939143
8110,0,1629220596
8111,0,2221503062
8112,0,3999207335
8113,0,4208387634
8114,0,3825603194
8115,0,4016138910
8116,0,2221652839
8117,0,2481159780
8118,0,2044694035
8119,0,2343102909
8120,0,1165974706
8121,0,1941975814
8122,0,3250189078
8123,0,78828443
8124,0,2264007579
8125,0,379657147
8126,0,2400865104
8127,0,141895016
8128,0,385977551
8129,0,4120350691
8130,0,2299942678
8131,0,1029860204
8132,0,1911930379
8133,0,10690353
8134,0,199548147
8135,0,2669964558
8136,0,1110519244
8137,0,2526764808
8138,0,1379800853
8139,0,2336428059
8140,0,3242234843
8141,0,3024671366
8142,0,1829827786
8143,0,45624526
8144,0,3810264222
8145,0,309419641
8146,0,242366054
8147,0,1600427289
8148,0,1966976186
8149,0,3590000911
8150,0,1284503202
8151,0,4180024943
8152,0,1737982042
8153,0,1678637332
8154,0,3201139939
8155,0,3295517355
8156,0,2418075607
8157,0,395474682
8158,0,1894666716
8159,0,3764656758
8160,0,108500867
8161,0,1685468608
8162,0,4211273799
8163,0,71441026
8164,0,2774358123
8165,0,3294091043
8166,0,3905333050
8167,0,3089030250
8168,0,300292547
8169,0,2300314924
8170,0,1049214960
8171,0,662753835
8172,0,2238723561
8173,0,4201108975
8174,0,463242690
8175,0,4021586512
8176,0,2703757519
8177,0,3305474999
8178,0,4195967054
8179,0,336176006
8180,0,794232058
8181,0,919355614
8182,0,1680615701
8183,0,3234974674
8184,0,3436517351
8185,0,2870075027
8186,0,2294098098
8187,0,2563027591
8188,0,3693014125
8189,0,872077348
8190,0,1999890235
8191,0,1900337393
8192,0,3054156435
8193,0,3394104799
8194,0,2301686436
8195,0,2078481366
8196,0,195241178
8197,0,2284993414
8198,0,655431879
8199,0,2234950307
8200,0,2101323858
8201,0,2390762824
8202,0,3473239004
8203,0,765822595
8204,0,868265753
8205,0,3796901128
8206,0,3755791344
8207,0,4059878657
8208,0,12899663
8209,0,3619845977
8210,0,3154797165
8211,0,4172346254
8212,0,1055481134
8213,0,3168691848
8214,0,1910804335
8215,0,3777688075
8216,0,1376942718
8217,0,3068866256
8218,0,3038359112
8219,0,2597136928
8220,0,3467610468
8221,0,3487678981
8222,0,58860405
8223,0,3128471779
8224,0,552885489
8225,0,3324969412
8226,0,3840265007
8227,0,3984635919
8228,0,2862976175
8229,0,2101102551
8230,0,1293777844
8231,0,2937772705
8232,0,2107543622
8233,0,1565980205
8234,0,4059163492
8235,0,1597810794
8236,0,2348819250
8237,0,2225260321
8238,0,1419225410
8239,0,2521336381
8240,0,1726111482
8241,0,2325480676
8242,0,1242611044
8243,0,3929957626
8244,0,4068983530
8245,0,1368029031
8246,0,4088758868
8247,0,1008424651
8248,0,2390862058
8249,0,3356103076
8250,0,3454288859
8251,0,4135527316
8252,0,1404631250
8253,0,3639693027
8254,0,3565656277
8255,0,3560458363
8256,0,3453296755
8257,0,1387652958
8258,0,630480465
8259,0,1704658622
8260,0,2899592984
8261,0,2732455267
8262,0,2453860411
8263,0,1157313849
8264,0,1776060151
8265,0,3644937398
8266,0,2301249277
8267,0,4282730215
8268,0,2762483787
8269,0,2508327931
8270,0,1264398629
8271,0,1111823545
8272,0,4204453584
8273,0,2303803504
8274,0,2327644991
8275,0,1350902930
8276,0,1995754937
8277,0,120641816
8278,0,2657695025
8279,0,2703647638
8280,0,3351655100
8281,0,866647284
8282,0,1260013544
8283,0,2131723643
8284,0,2075457483
8285,0,1290881229
8286,0,3639844121
8287,0,3243114129
8288,0,2909002270
8289,0,305025230
8290,0,3737675381
8291,0,2463318454
8292,0,2790941764
8293,0,2961224845
8294,0,1681504037
8295,0,159053611
8296,0,2758287460
8297,0,2902129302
8298,0,2258643714
8299,0,4224022178
8300,0,4147288426
8301,0,669968325
8302,0,2580640654
8303,0,1136518046
8304,0,101045081
8305,0,834338990
8306,0,1685317465
8307,0,193046965
8308,0,3897936686
8309,0,1999918454
8310,0,1321704667
8311,0,382266581
8312,0,1629185788
8313,0,3042501598
8314,0,2370674351
8315,0,3985923459
8316,0,2728778929
8317,0,1062073640
8318,0,3170766428
8319,0,3682838534
8320,0,3006396372
8321,0,883758865
8322,0,1604385526
8323,0,1597852585
8324,0,1061814573
8325,0,2459717082
8326,0,2143750505
8327,0,1134994844
8328,0,1975037142
8329,0,1684653095
8330,0,3242999921
8331,0,1628102352
8332,0,1623766200
8333,0,3182329207
8334,0,840182423
8335,0,1603581876
8336,0,3844617125
8337,0,2294326123
8338,0,152840861
8339,0,95837178
8340,0,401010526
8341,0,2342781272
8342,0,2054133631
8343,0,2558940383
8344,0,296626161
8345,0,2136852089
8346,0,901919664
8347,0,87377706
8348,0,400189826
8349,0,128621079
8350,0,3387055107
8351,0,3459111794
8352,0,3711409075
8353,0,3866918643
8354,0,1575448162
8355,0,3041245335
8356,0,1220308540
8357,0,1779047585
8358,0,442181038
8359,0,2738192889
8360,0,1918871548
8361,0,1387065644
8362,0,1571551848
8363,0,2117830779
8364,0,3920171969
8365,0,2986054409
8366,0,2965408324
8367,0,2424507008
8368,0,3418177353
8369,0,3872457987
8370,0,139575643
8371,0,1059952038
8372,0,1052474922
8373,0,2126300213
8374,0,561574440
8375,0,3632290678
8376,0,2922422945
8377,0,4143918579
8378,0,2070531635
8379,0,392061924
8380,0,3212001493
8381,0,978904897
8382,0,4037695289
8383,0,4092094975
8384,0,2534986688
8385,0,561134448
8386,0,2778531774
8387,0,2821874795
8388,0,1934733492
8389,0,3987034359
8390,0,2966025834
8391,0,1318771816
8392,0,3085765251
8393,0,3239139965
8394,0,2710529298
8395,0,3901584132
8396,0,2606226994
8397,0,1923375418
8398,0,786993435
8399,0,2780168382
8400,0,3516907438
8401,0,3945267195
8402,0,2412390263
8403,0,2947612229
8404,0,3212364121
8405,0,1814361200
8406,0,2818255237
8407,0,2612458720
8408,0,3765442773
8409,0,2385765728
8410,0,2708216271
8411,0,1760097349
8412,0,3127738837
8413,0,1085520702
8414,0,3445127764
8415,0,2151805181
8416,0,1973417362
8417,0,4002672772
8418,0,2162434149
8419,0,2583216177
8420,0,3190470926
8421,0,3362438379
8422,0,1627779344
8423,0,1003769571
8424,0,4077292295
8425,0,1856584884
8426,0,1858903371
8427,0,1372978393
8428,0,664523838
8429,0,4271598768
8430,0,4071195638
8431,0,2553508157
8432,0,880930007
8433,0,712639258
8434,0,691516630
8435,0,705592064
8436,0,1219444567
8437,0,1207211605
8438,0,1928709514
8439,0,2195256744
8440,0,299550814
8441,0,1391766262
8442,0,854273347
8443,0,3207576226
8444,0,1191185791
8445,0,2471889704
8446,0,341271569
8447,0,3799136027
8448,0,2712239347
8449,0,1222387432
8450,0,1277779432
8451,0,2501487202
8452,0,2867000136
8453,0,1710925997
8454,0,755829658
8455,0,62896389
8456,0,1735592458
8457,0,3229313907
8458,0,264168153
8459,0,2941308491
8460,0,1705465319
8461,0,1818607402
8462,0,2878525354
8463,0,3197707705
8464,0,3756481902
8465,0,3172625963
8466,0,3945905860
8467,0,1103316656
8468,0,197072250
8469,0,3407093682
8470,0,1420624803
8471,0,1878663215
8472,0,1409642448
8473,0,3323819727
8474,0,1884354317
8475,0,3097324277
8476,0,2914763412
8477,0,1758209120
8478,0,1682577984
8479,0,3343069665
8480,0,2392287902
8481,0,458749180
8482,0,1556661528
8483,0,3373728397
8484,0,26244078
8485,0,4066064152
8486,0,62379460
8487,0,3639214371
8488,0,2165016004
8489,0,3353140925
8490,0,3714140088
8491,0,1196528403
8492,0,3544905930
8493,0,103555715
8494,0,3455874077
8495,0,746668514
8496,0,2468181052
8497,0,2395452625
8498,0,1944631071
8499,0,3295139546
8500,0,3912087812
8501,0,2679100994
8502,0,3381869265
8503,0,2011233045
8504,0,2026866132
8505,0,2262662190
8506,0,38648002
8507,0,534900584
8508,0,1670591406
8509,0,3107511037
8510,0,4001518094
8511,0,1018940815
8512,0,1172476601
8513,0,3775042819
8514,0,3354867346
8515,0,92907008
8516,0,410937892
8517,0,1919588249
8518,0,866999669
8519,0,2557845492
8520,0,1525304337
8521,0,2120536325
8522,0,1824810951
8523,0,3886157049
8524,0,1636991751
8525,0,264045630
8526,0,1214834627
8527,0,3330612459
8528,0,3323036295
8529,0,1046621511
8530,0,43312354
8531,0,1595250470
8532,0,1406474782
8533,0,3796035829
8534,0,1423899707
8535,0,3764579191
8536,0,478604241
8537,0,4268347087
8538,0,834269175
8539,0,2225484628
8540,0,459199602
8541,0,4224608218
8542,0,3516052544
8543,0,1682181741
8544,0,1420970377
8545,0,2918157896
8546,0,3639782203
8547,0,1059337169
8548,0,2459410622
8549,0,3062508606
8550,0,2461999800
8551,0,2884313164
8552,0,867840029
8553,0,3264017121
8554,0,3335482793
8555,0,1144085140
8556,0,2199800197
8557,0,267869906
8558,0,1635841092
8559,0,2650878912
8560,0,3075772540
8561,0,2386254065
8562,0,1099187715
8563,0,3788248705
8564,0,10282735
8565,0,342380847
8566,0,3623517993
8567,0,2617079782
8568,0,2503213478
8569,0,3038359526
8570,0,2621496596
8571,0,2074198597
8572,0,1052849553
8573,0,370158760
8574,0,1663141930
8575,0,381208120
8576,0,2221241182
8577,0,1809476985
8578,0,3906901539
8579,0,2034732782
8580,0,2614845123
8581,0,4033584770
8582,0,4106777791
8583,0,2980240272
8584,0,2965729784
8585,0,3249909285
8586,0,4200052669
8587,0,2560765005
8588,0,2019015128
8589,0,1660105646
8590,0,2488847437
8591,0,938769925
8592,0,3198468607
8593,0,4127024370
8594,0,1963065379
8595,0,2512989856
8596,0,3014894446
8597,0,1008603297
8598,0,1061403428
8599,0,1287977431
8600,0,2888856872
8601,0,4029786146
8602,0,1669651896
8603,0,4266104193
8604,0,2449591482
8605,0,3645765457
8606,0,2472244418
8607,0,1168772675
8608,0,2284839474
8609,0,4183464134
8610,0,3791892743
8611,0,272660950
8612,0,4029446923
8613,0,2531897613
8614,0,3116395593
8615,0,1030478797
8616,0,2220441668
8617,0,644045804
8618,0,4005646595
8619,0,1489714451
8620,0,3527480903
8621,0,3786952291
8622,0,3875475833
8623,0,2664845617
8624,0,3405460073
8625,0,981385842
8626,0,2754518570
8627,0,2325175871
8628,0,1262574711
8629,0,2034109968
8630,0,2809536430
8631,0,4110307343
8632,0,3775545712
8633,0,2376509858
8634,0,1254783115
8635,0,3199751846
8636,0,972381840
8637,0,3603294179
8638,0,756018463
8639,0,3307261033
8640,0,3447240321
8641,0,2931266037
8642,0,3450530193
8643,0,2206775933
8644,0,204297182
8645,0,1821302357
8646,0,1606458135
8647,0,3639211398
8648,0,762418154
8649,0,4271329772
8650,0,2180099225
8651,0,943195048
8652,0,837742158
8653,0,1758221309
8654,0,3032733220
8655,0,249632199
8656,0,2808454795
8657,0,2183818993
8658,0,829491307
8659,0,535849717
8660,0,1198962658
8661,0,2698861511
8662,0,2131918005
8663,0,538728983
8664,0,3229817016
8665,0,3508365106
8666,0,3264749615
8667,0,355061569
8668,0,3036601601
8669,0,2223480686
8670,0,2586247099
8671,0,4293269299
8672,0,2634899411
8673,0,3893604776
8674,0,1526278619
8675,0,2274144634
8676,0,635227339
8677,0,888909769
8678,0,1633109576
8679,0,3126743655
8680,0,1917044654
8681,0,1551260757
8682,0,1751794379
8683,0,643131538
8684,0,3819621137
8685,0,3823007957
8686,0,3025999959
8687,0,4255747196
8688,0,1223370639
8689,0,2940264898
8690,0,3697801150
8691,0,1888811062
8692,0,500936735
8693,0,282385299
8694,0,4286133824
8695,0,4019849624
8696,0,2072151884
8697,0,1175014873
8698,0,2583239168
8699,0,3985747164
8700,0,3645004793
8701,0,3583733255
8702,0,3005323114
8703,0,3093194252
8704,0,706536098
8705,0,2136459590
8706,0,1234568537
8707,0,2928761127
8708,0,856327261
8709,0,329492029
8710,0,2346878063
8711,0,3062772440
8712,0,1786010866
8713,0,3701992679
8714,0,106468154
8715,0,2479160709
8716,0,2197761119
8717,0,2313880389
8718,0,3656984324
8719,0,1579346056
8720,0,1699662641
8721,0,960369029
8722,0,2597801026
8723,0,414812237
8724,0,532131381
8725,0,2757630637
8726,0,2256186408
8727,0,2886172471
8728,0,1071015463
8729,0,2437745262
8730,0,807051182
8731,0,503489913
8732,0,521774543
8733,0,1604998143
8734,0,2942475189
8735,0,2124214879
8736,0,4198180020
8737,0,1259378594
8738,0,1702596944
8739,0,4251108856
8740,0,510621142
8741,0,3932977724
8742,0,3226656137
8743,0,3885350776
8744,0,1596489701
8745,0,1246365295
8746,0,1518044844
8747,0,2137812123
8748,0,2903624036
8749,0,329083962
8750,0,2102662615
8751,0,37735968
8752,0,2223884413
8753,0,2378998076
8754,0,613324009
8755,0,879375328
8756,0,819419019
8757,0,2666334616
8758,0,3290224791
8759,0,3201103120
8760,0,766656967
8761,0,3570987842
8762,0,2628392282
8763,0,505835802
8764,0,3501095448
8765,0,3796092974
8766,0,4086232109
8767,0,2355304360
8768,0,373726753
8769,0,1977172192
8770,0,3848842818
8771,0,3836892242
8772,0,1764764302
8773,0,3764013950
8774,0,2408457060
8775,0,934433845
8776,0,3685588815
8777,0,1624057549
8778,0,1183349799
8779,0,1755032705
8780,0,3162227332
8781,0,1095709361
8782,0,1144088221
8783,0,1958522732
8784,0,3413813060
8785,0,1843362093
8786,0,3718877776
8787,0,329208193
8788,0,3427706774
8789,0,254874312
8790,0,2154335228
8791,0,3019845015
8792,0,2683383953
8793,0,2240462944
8794,0,1834187459
8795,0,1130914566
8796,0,2920813762
8797,0,1015042754
8798,0,3990436974
8799,0,2160570820
8800,0,2837339611
8801,0,906272169
8802,0,327942481
8803,0,3882580162
8804,0,2250040219
8805,0,1469995820
8806,0,59326321
8807,0,2827396354
8808,0,4177377585
8809,0,3031197020
8810,0,955830975
8811,0,2001428200
8812,0,2388411587
8813,0,3728790401
8814,0,1109566137
8815,0,3636771299
8816,0,2967944703
8817,0,3158719539
8818,0,63724467
8819,0,2683666990
8820,0,3652905782
8821,0,525419096
8822,0,3562103669
8823,0,4291318314
8824,0,1142977900
8825,0,456643946
8826,0,3536212295
8827,0,87628592
8828,0,3988655103
8829,0,3036565119
8830,0,3674442759
8831,0,4209250694
8832,0,1947192909
8833,0,889404782
8834,0,125063961
8835,0,804358098
8836,0,4268933815
8837,0,1655325957
8838,0,1800728576
8839,0,1606803434
8840,0,1663390518
8841,0,3778872695
8842,0,1944810110
8843,0,2838702380
8844,0,1322200007
8845,0,3712245148
8846,0,2282301959
8847,0,75106499
8848,0,3911910450
8849,0,3154975844
8850,0,4021544740
8851,0,4189257583
8852,0,1840694336
8853,0,317539647
8854,0,4078304090
8855,0,3282907589
8856,0,3609314031
8857,0,16187249
8858,0,1007595357
8859,0,3578400335
8860,0,83305934
8861,0,3919325385
8862,0,4230148075
8863,0,2586066820
8864,0,2806160558
8865,0,1848901221
8866,0,773162458
8867,0,1266670381
8868,0,3009300256
8869,0,217392477
8870,0,2743402290
8871,0,2956362083
8872,0,1665203374
8873,0,3866450500
8874,0,3934414746
8875,0,1751113954
8876,0,473871011
8877,0,2268874070
8878,0,4249276733
8879,0,3410834221
8880,0,3359380121
8881,0,126739054
8882,0,3285159502
8883,0,1926020845
8884,0,1195172037
8885,0,3215034295
8886,0,1706238876
8887,0,970247420
8888,0,2838005753
8889,0,2200475986
8890,0,2421209907
8891,0,1642433960
8892,0,3662435712
8893,0,1332986430
8894,0,3518442788
8895,0,3060093581
8896,0,4003766330
8897,0,785936395
8898,0,1006177415
8899,0,1465243603
8900,0,1482154372
8901,0,679560535
8902,0,90115330
8903,0,2065223901
8904,0,1097550812
8905,0,705373524
8906,0,2593243780
8907,0,4209209188
8908,0,1996175491
8909,0,746675894
8910,0,3986964157
8911,0,604429060
8912,0,329429591
8913,0,4175848643
8914,0,3149775228
8915,0,1910134293
8916,0,1476761785
8917,0,2303421232
8918,0,1636711910
8919,0,1617391903
8920,0,1188958621
8921,0,424906379
8922,0,2027520906
8923,0,1572084766
8924,0,415355813
8925,0,1947811103
8926,0,618949762
8927,0,2281406264
8928,0,3952963062
8929,0,2186433031
8930,0,3393722318
8931,0,3733438806
8932,0,4077867520
8933,0,816089671
8934,0,2624285841
8935,0,3470768589
8936,0,86418174
8937,0,4267196930
8938,0,890722510
8939,0,533729001
8940,0,3752401935
8941,0,2033762683
8942,0,1139126256
8943,0,895568733
8944,0,2639679064
8945,0,3341936342
8946,0,2256551747
8947,0,2892751127
8948,0,3647229779
8949,0,1095689620
8950,0,578373162
8951,0,1564241396
8952,0,3235001109
8953,0,1353374189
8954,0,2037971174
8955,0,2867163476
8956,0,2637272403
8957,0,1559228766
8958,0,4199049148
8959,0,558628995
8960,0,1686017463
8961,0,1875768499
8962,0,4196696030
8963,0,3459195665
8964,0,1676660951
8965,0,2807757197
8966,0,4111438520
8967,0,3964318612
8968,0,4248158088
8969,0,307742634
8970,0,3204230555
8971,0,1119150012
8972,0,4045754557
8973,0,1030322596
8974,0,1508106698
8975,0,2660030407
8976,0,2331150941
8977,0,2895230881
8978,0,3604908275
8979,0,4292708723
8980,0,2424966986
8981,0,4245149851
8982,0,3296971185
8983,0,184769035
8984,0,1745047402
8985,0,1009777725
8986,0,3064955081
8987,0,2422665682
8988,0,2244888956
8989,0,3504082572
8990,0,1891198794
8991,0,3595642146
8992,0,2891355992
8993,0,2835916998
8994,0,1041690382
8995,0,2635890773
8996,0,2949840158
8997,0,4267303398
8998,0,2395822676
8999,0,2508118647
9000,0,2285088911
9001,0,979885150
9002,0,4234406312
9003,0,2877524323
9004,0,2405368500
9005,0,2386498352
9006,0,3883763356
9007,0,2724955179
9008,0,2403280604
9009,0,393672430
9010,0,4240512347
9011,0,321476526
9012,0,38658880
9013,0,2056402450
9014,0,3059576698
9015,0,1844868803
9016,0,3337006548
9017,0,2027465530
9018,0,3661914437
9019,0,2616304659
9020,0,1090643690
9021,0,3327105156
9022,0,2663335755
9023,0,3163918432
9024,0,3117803291
9025,0,2749773184
9026,0,3482772043
9027,0,1747910436
9028,0,1317977313
9029,0,3142114664
9030,0,3159633498
9031,0,175185973
9032,0,3766843086
9033,0,2244914656
9034,0,1579302649
9035,0,643781351
9036,0,1283016742
9037,0,3402295704
9038,0,1758326500
9039,0,1999735276
9040,0,2273933226
9041,0,2263875988
9042,0,1587190869
9043,0,2937545085
9044,0,606403777
9045,0,3425477375
9046,0,1444853254
9047,0,2602105673
9048,0,172144465
9049,0,3384777125
9050,0,1810872544
9051,0,42804665
9052,0,1634763300
9053,0,1471376766
9054,0,2039135856
9055,0,3872490258
9056,0,13017387
9057,0,1217839130
9058,0,2183971408
9059,0,1455366915
9060,0,3913045996
9061,0,469575564
9062,0,1586755914
9063,0,384801655
9064,0,1436565335
9065,0,454309938
9066,0,508883291
9067,0,2407923172
9068,0,924179192
9069,0,85526397
9070,0,2602566982
9071,0,3935934658
9072,0,3921097794
9073,0,3906013309
9074,0,4060569298
9075,0,578770364
9076,0,3521022680
9077,0,271899098
9078,0,3941881853
9079,0,1634941176
9080,0,3421192718
9081,0,3606096059
9082,0,3205660744
9083,0,207949669
9084,0,481742209
9085,0,1708617538
9086,0,2412904701
9087,0,913646715
9088,0,1953385181
9089,0,461585575
9090,0,4276860716
9091,0,2311067211
9092,0,3928967727
9093,0,1849678042
9094,0,834575176
9095,0,3089804867
9096,0,1370861298
9097,0,1763181607
9098,0,1510395337
9099,0,4098502358
9100,0,2206627294
9101,0,3935304512
9102,0,2837039059
9103,0,2912815970
9104,0,4072529531
9105,0,1730265730
9106,0,2974026362
9107,0,828448159
9108,0,1217161782
9109,0,2090062515
9110,0,3732114417
9111,0,1320317591
9112,0,485674503
9113,0,3816005470
9114,0,2207970642
9115,0,2066457226
9116,0,3760604119
9117,0,600459481
9118,0,821750673
9119,0,3700905973
9120,0,4216616161
9121,0,3435507365
9122,0,1530361741
9123,0,219619502
9124,0,3377467855
9125,0,2790988571
9126,0,1648044391
9127,0,3857618796
9128,0,3613561165
9129,0,740626152
9130,0,854674068
9131,0,1876635621
9132,0,1322701878
9133,0,509320670
9134,0,3521973998
9135,0,1982736438
9136,0,3594421730
9137,0,3604615875
9138,0,80029890
9139,0,2591702444
9140,0,1681242667
9141,0,3177628147
9142,0,3461019839
9143,0,3136770609
9144,0,1184503625
9145,0,2316671856
9146,0,369852013
9147,0,1092268878
9148,0,4179387927
9149,0,3456705528
9150,0,2763820707
9151,0,2557900535
9152,0,4157686558
9153,0,703558695
9154,0,706020818
9155,0,3746500645
9156,0,2487123584
9157,0,639909271
9158,0,2470913756
9159,0,2215591762
9160,0,525114016
9161,0,251873580
9162,0,2734276063
9163,0,1023473854
9164,0,1626480405
9165,0,1090878781
9166,0,989325292
9167,0,122329545
9168,0,3657559536
9169,0,273439695
9170,0,4253760757
9171,0,3635408415
9172,0,2297399689
9173,0,1108097446
9174,0,1647049850
9175,0,2838685608
9176,0,1295266859
9177,0,3180793747
9178,0,3503125889
9179,0,2983214431
9180,0,2030783010
9181,0,430916261
9182,0,3465072984
9183,0,1087691305
9184,0,2846059457
9185,0,1606294572
9186,0,457282577
9187,0,297254640
9188,0,726693188
9189,0,2598637752
9190,0,110134497
9191,0,3617149703
9192,0,1119908507
9193,0,3740642962
9194,0,266124065
9195,0,2409773277
9196,0,3750128801
9197,0,1348137128
9198,0,3350267503
9199,0,149827569
9200,0,1864189529
9201,0,1024898034
9202,0,2256031366
9203,0,2058478354
9204,0,2627964699
9205,0,1163112155
9206,0,563217791
9207,0,1183279553
9208,0,3697057758
9209,0,3142089133
9210,0,1003352563
9211,0,998879818
9212,0,3051250154
9213,0,1166065275
9214,0,464592092
9215,0,1031444969
9216,0,1365709972
9217,0,3444334766
9218,0,1785299010
9219,0,375145266
9220,0,1500760527
9221,0,688719018
9222,0,3130526886
9223,0,3667834144
9224,0,2339165341
9225,0,772861986
9226,0,847359272
9227,0,3820059130
9228,0,1564846109
9229,0,3767139326
9230,0,557634725
9231,0,3467446097
9232,0,2795839026
9233,0,2835926243
9234,0,2718589321
9235,0,694019092
9236,0,775614875
9237,0,1899797119
9238,0,2886886278
9239,0,3963135319
9240,0,3939834590
9241,0,2018590009
9242,0,2704304770
9243,0,544205554
9244,0,2064206122
9245,0,396896188
9246,0,2024434803
9247,0,2443627201
9248,0,1462180222
9249,0,890825786
9250,0,996718293
9251,0,2616328588
9252,0,2747163085
9253,0,2675521486
9254,0,2308295374
9255,0,692996008
9256,0,3604863445
9257,0,3507399654
9258,0,2319405631
9259,0,1869136483
9260,0,2478286801
9261,0,2398829207
9262,0,3701237283
9263,0,1532882927
9264,0,850389855
9265,0,927595293
9266,0,224509448
9267,0,1857341528
9268,0,4834151
9269,0,1015206357
9270,0,2981106601
9271,0,3412599595
9272,0,782872845
9273,0,160150633
9274,0,2681460394
9275,0,1171939593
9276,0,915667828
9277,0,1985392330
9278,0,3531103917
9279,0,3961511195
9280,0,2974644977
9281,0,3698977528
9282,0,3321222923
9283,0,2642778273
9284,0,4238627529
9285,0,2840887127
9286,0,4050586888
9287,0,151955599
9288,0,1610348160
9289,0,72819893
9290,0,4177489525
9291,0,3003734349
9292,0,2620792573
9293,0,2732306473
9294,0,1325511302
9295,0,1400409070
9296,0,44578668
9297,0,2364742798
9298,0,53988575
9299,0,2938527913
9300,0,90003248
9301,0,1490754893
9302,0,1428602484
9303,0,3756498688
9304,0,2901846371
9305,0,1115964494
9306,0,2343684168
9307,0,3853169556
9308,0,3369411960
9309,0,3812129765
9310,0,1691424039
9311,0,2295272893
9312,0,627609761
9313,0,3639199999
9314,0,3745339524
9315,0,4052857042
9316,0,922350071
9317,0,270903060
9318,0,1009376151
9319,0,3963371386
9320,0,297408755
9321,0,103703937
9322,0,2572826894
9323,0,285823059
9324,0,1533450130
9325,0,3137796184
9326,0,3853812126
9327,0,3311931645
9328,0,697154438
9329,0,1096526840
9330,0,2964491434
9331,0,3318758169
9332,0,2497458752
9333,0,1075010122
9334,0,1075573511
9335,0,4045048698
9336,0,2932273984
9337,0,1702341111
9338,0,2573810611
9339,0,2113901372
9340,0,2089994992
9341,0,2623003350
9342,0,2259157840
9343,0,1586120209
9344,0,1846063460
9345,0,2091230134
9346,0,3535010879
9347,0,196943365
9348,0,2814422363
9349,0,4279835054
9350,0,1505378488
9351,0,604259758
9352,0,982232374
9353,0,2860785312
9354,0,55659272
9355,0,1815845904
9356,0,3901483596
9357,0,763770125
9358,0,2413556574
9359,0,3350805318
9360,0,4209045230
9361,0,9892720
9362,0,32185740
9363,0,688863361
9364,0,233868878
9365,0,2601601554
9366,0,4164498523
9367,0,150297410
9368,0,3493075724
9369,0,971236966
9370,0,3771701969
9371,0,1629737083
9372,0,2126184525
9373,0,3370601876
9374,0,200178430
9375,0,1384828006
9376,0,1808217413
9377,0,546680242
9378,0,827802435
9379,0,4275483740
9380,0,603532850
9381,0,3251816589
9382,0,2158475628
9383,0,2261407625
9384,0,1264132884
9385,0,2286486953
9386,0,3077720887
9387,0,1015960477
9388,0,692884611
9389,0,3226043597
9390,0,3940272133
9391,0,3904838888
9392,0,1868641881
9393,0,2095866636
9394,0,3778998794
9395,0,3498711829
9396,0,4009144001
9397,0,1593637270
9398,0,4161107793
9399,0,2332096742
9400,0,395456488
9401,0,529521983
9402,0,1629596235
9403,0,3648319391
9404,0,3563230812
9405,0,1401156616
9406,0,2371793833
9407,0,1046247868
9408,0,4061606221
9409,0,2481844498
9410,0,2486917461
9411,0,488725885
9412,0,3880919418
9413,0,3436914756
9414,0,2477549837
9415,0,3476361003
9416,0,3034271779
9417,0,87340748
9418,0,3997341818
9419,0,352148828
9420,0,1434901527
9421,0,1317738933
9422,0,2584232459
9423,0,3680767695
9424,0,218476977
9425,0,3712633128
9426,0,428826879
9427,0,1200602327
9428,0,2998247293
9429,0,706594256
9430,0,3327532259
9431,0,3162881734
9432,0,1626478184
9433,0,1709173143
9434,0,2235955649
9435,0,1975868191
9436,0,175922636
9437,0,3111532782
9438,0,3004382395
9439,0,1141041625
9440,0,1040281061
9441,0,1678066523
9442,0,1101457644
9443,0,199225489
9444,0,1282991255
9445,0,1303359650
9446,0,3436053151
9447,0,2669772529
9448,0,2938099534
9449,0,3945892629
9450,0,2419818940
9451,0,3783411450
9452,0,2197231828
9453,0,1549315170
9454,0,1934481800
9455,0,3354069878
9456,0,1983291060
9457,0,434750660
9458,0,257678332
9459,0,4037565486
9460,0,2660357816
9461,0,748034043
9462,0,591993135
9463,0,234084921
9464,0,2687298819
9465,0,2350836581
9466,0,2134775900
9467,0,982322822
9468,0,4042122792
9469,0,3375417276
9470,0,3911369919
9471,0,2266689733
9472,0,189957513
9473,0,663914360
9474,0,2563384326
9475,0,1427885635
9476,0,3064249706
9477,0,3428398
9478,0,3423302646
9479,0,3972643660
9480,0,2947187996
9481,0,505817496
9482,0,3116222034
9483,0,797400009
9484,0,1530736502
9485,0,614568959
9486,0,3440470672
9487,0,3894430865
9488,0,3622933832
9489,0,1313086308
9490,0,1748452336
9491,0,2305390932
9492,0,1849091285
9493,0,3878661603
9494,0,1089163754
9495,0,1880528033
9496,0,4074658272
9497,0,95086385
9498,0,1892784503
9499,0,1007962504
9500,0,294088794
9501,0,235256860
9502,0,2303359807
9503,0,59964681
9504,0,3662516496
9505,0,1704657351
9506,0,2984214998
9507,0,2101953956
9508,0,3930063898
9509,0,2997165595
9510,0,1034462120
9511,0,309026694
9512,0,1257228843
9513,0,3337915454
9514,0,3105855335
9515,0,899219806
9516,0,2750135143
9517,0,1147213220
9518,0,3160506126
9519,0,3818794766
9520,0,3917511185
9521,0,1049036656
9522,0,323248324
9523,0,1959346730
9524,0,3439960556
9525,0,3753898934
9526,0,418203922
9527,0,2284154709
9528,0,2620681202
9529,0,940460471
9530,0,3592614987
9531,0,2647774174
9532,0,1390559595
9533,0,1126870412
9534,0,3321888481
9535,0,2119941616
9536,0,1040194763
9537,0,2394235623
9538,0,2010326515
9539,0,2126824677
9540,0,760934121
9541,0,1618551786
9542,0,3297541352
9543,0,691696992
9544,0,2506003403
9545,0,2749225816
9546,0,241973091
9547,0,2558687043
9548,0,455471798
9549,0,186606063
9550,0,58506686
9551,0,229493947
9552,0,862200422
9553,0,1379895218
9554,0,4227550230
9555,0,3712049258
9556,0,3636937036
9557,0,758513243
9558,0,3441701796
9559,0,557995916
9560,0,500148469
9561,0,4076793661
9562,0,3425848977
9563,0,971350081
9564,0,810881111
9565,0,3651704440
9566,0,2811857579
9567,0,1331206253
9568,0,3606568615
9569,0,2303078134
9570,0,3749830650
9571,0,1805866341
9572,0,552683938
9573,0,828679488
9574,0,475136870
9575,0,3689103961
9576,0,3333376557
9577,0,3535095512
9578,0,933299727
9579,0,4219296351
9580,0,1457838788
9581,0,2050735962
9582,0,3083849714
9583,0,2282010026
9584,0,3364791474
9585,0,2667953534
9586,0,1038568523
9587,0,1504086524
9588,0,2612067248
9589,0,470909875
9590,0,2694399360
9591,0,2366190356
9592,0,3323409025
9593,0,682055394
9594,0,2366999615
9595,0,2933669046
9596,0,1567347
9597,0,1449619263
9598,0,3415903519
9599,0,3709673571
9600,0,1698626880
9601,0,3896680811
9602,0,832337116
9603,0,1609744575
9604,0,4215360237
9605,0,2441936771
9606,0,3253702429
9607,0,831181947
9608,0,196460249
9609,0,834067758
9610,0,2826857671
9611,0,3643898036
9612,0,853014343
9613,0,1272011352
9614,0,1943480501
9615,0,1324988789
9616,0,1127454302
9617,0,250714850
9618,0,2283094708
9619,0,674857013
9620,0,534423914
9621,0,336481841
9622,0,1690835573
9623,0,2539110262
9624,0,2005969514
9625,0,963033988
9626,0,752868719
9627,0,960007190
9628,0,1072779563
9629,0,2941469665
9630,0,583995062
9631,0,2687256698
9632,0,222331275
9633,0,3008104787
9634,0,2124971104
9635,0,1437391538
9636,0,296043567
9637,0,2638212959
9638,0,2052315541
9639,0,760110469
9640,0,959402426
9641,0,2954329846
9642,0,2801513298
9643,0,3265460314
9644,0,680994638
9645,0,1135521617
9646,0,1591495187
9647,0,609647196
9648,0,2293003666
9649,0,3319326013
9650,0,4137294274
9651,0,31613299
9652,0,4098413877
9653,0,858671618
9654,0,3080753557
9655,0,400427228
9656,0,242848894
9657,0,2722040485
9658,0,773515536
9659,0,337821964
9660,0,3429861037
9661,0,2885494512
9662,0,3947302209
9663,0,1460285174
9664,0,762767708
9665,0,4227809074
9666,0,2671204094
9667,0,3372035402
9668,0,3353290720
9669,0,1195767889
9670,0,4055575222
9671,0,156874944
9672,0,4134886368
9673,0,4230470116
9674,0,3832551241
9675,0,900842661
9676,0,2844337367
9677,0,795068830
9678,0,2622780534
9679,0,1233985147
9680,0,2718130202
9681,0,235447386
9682,0,1258211963
9683,0,3851261891
9684,0,3117306713
9685,0,118234091
9686,0,173409203
9687,0,2384515779
9688,0,459794207
9689,0,386592637
9690,0,373828591
9691,0,1972210901
9692,0,1191089438
9693,0,536803632
9694,0,3687559900
9695,0,530376340
9696,0,3934962003
9697,0,3871340643
9698,0,801178618
9699,0,4168532101
9700,0,749233782
9701,0,749764325
9702,0,1324688691
9703,0,2687841114
9704,0,3448798933
9705,0,2333950448
9706,0,1195990081
9707,0,4108848641
9708,0,1344456245
9709,0,342370983
9710,0,916751641
9711,0,1727608154
9712,0,1243151123
9713,0,4197221486
9714,0,1049581310
9715,0,1582261782
9716,0,3811710288
9717,0,2458973724
9718,0,104150677
9719,0,3156154918
9720,0,3022341355
9721,0,2344451159
9722,0,2730903500
9723,0,767666355
9724,0,36659160
9725,0,3545320818
9726,0,2769383853
9727,0,4021687263
9728,0,3104287557
9729,0,3247080242
9730,0,2893935428
9731,0,1354380174
9732,0,3484738955
9733,0,867183913
9734,0,4105687619
9735,0,3507032764
9736,0,2558757235
9737,0,3692964101
9738,0,1055799002
9739,0,4271133376
9740,0,3980491878
9741,0,2608233728
9742,0,3457989131
9743,0,1927488005
9744,0,3268584404
9745,0,1134917760
9746,0,2048185754
9747,0,4099628265
9748,0,1728074314
9749,0,3295525166
9750,0,440422858
9751,0,526001974
9752,0,740661224
9753,0,1170458628
9754,0,2762578629
9755,0,1776244381
9756,0,3801764987
9757,0,2864279121
9758,0,1762832616
9759,0,3740942991
9760,0,1138152090
9761,0,2839418200
9762,0,422654674
9763,0,3523658119
9764,0,1290975004
9765,0,1479964820
9766,0,1941099462
9767,0,277537603
9768,0,3501589362
9769,0,198256862
9770,0,4153739483
9771,0,2269523996
9772,0,1777829758
9773,0,3122230706
9774,0,21005125
9775,0,875385329
9776,0,1551163896
9777,0,3376134781
9778,0,1895624103
9779,0,1145510755
9780,0,1112421942
9781,0,362691122
9782,0,2312796318
9783,0,535995578
9784,0,668852232
9785,0,3762884902
9786,0,2413539856
9787,0,3399488860
9788,0,3379944057
9789,0,895660004
9790,0,1935534795
9791,0,244929769
9792,0,495915214
9793,0,222515109
9794,0,4065092158
9795,0,3212327515
9796,0,3193163266
9797,0,904811691
9798,0,269625814
9799,0,4029721346
9800,0,1329835242
9801,0,1627439397
9802,0,1571810135
9803,0,3094232469
9804,0,2219371803
9805,0,2761161774
9806,0,3118228741
9807,0,2598840539
9808,0,2154992517
9809,0,2454260228
9810,0,3526599552
9811,0,1849549953
9812,0,2266502967
9813,0,975703240
9814,0,1301492496
9815,0,1440087016
9816,0,3216595260
9817,0,122486035
9818,0,2234842596
9819,0,1267098784
9820,0,1700184585
9821,0,534785218
9822,0,1433689662
9823,0,147709319
9824,0,3704742681
9825,0,4142193472
9826,0,3692125510
9827,0,8730074
9828,0,1643839077
9829,0,4177424062
9830,0,2417963370
9831,0,2960851987
9832,0,3487072655
9833,0,583581979
9834,0,1738289582
9835,0,3566841402
9836,0,3398257717
9837,0,40922032
9838,0,4023118419
9839,0,3266945395
9840,0,610336056
9841,0,1128004539
9842,0,3051107901
9843,0,1349155248
9844,0,4107449822
9845,0,4014848426
9846,0,1466066774
9847,0,1788737746
9848,0,1702727729
9849,0,939567628
9850,0,2238097708
9851,0,1478697133
9852,0,3135588470
9853,0,1855697379
9854,0,207383472
9855,0,2758758277
9856,0,3823759556
9857,0,1674762684
9858,0,609090574
9859,0,3795995880
9860,0,3493607911
9861,0,3072245383
9862,0,2030285536
9863,0,3836288175
9864,0,548370705
9865,0,1042998327
9866,0,925538625
9867,0,3830702912
9868,0,2672706813
9869,0,2917674421
9870,0,2743462618
9871,0,3305771797
9872,0,1786176641
9873,0,1781883314
9874,0,107680979
9875,0,4208563147
9876,0,3702678779
9877,0,2508509517
9878,0,4194543099
9879,0,1496110597
9880,0,3194939795
9881,0,147570589
9882,0,2554077217
9883,0,2604255645
9884,0,3813485464
9885,0,2180978791
9886,0,1015737054
9887,0,1542610166
9888,0,503188672
9889,0,1353333907
9890,0,4029855471
9891,0,2064627352
9892,0,910360246
9893,0,1528120828
9894,0,2264742153
9895,0,442316039
9896,0,592241753
9897,0,1194650874
9898,0,2413032527
9899,0,3659002018
9900,0,2759325379
9901,0,257476884
9902,0,3643934473
9903,0,2747144160
9904,0,1225183073
9905,0,2378057108
9906,0,3834643794
9907,0,1669127855
9908,0,3984661915
9909,0,141642434
9910,0,67784854
9911,0,2366522586
9912,0,4147242000
9913,0,3183720681
9914,0,2432781638
9915,0,2912154450
9916,0,2898431854
9917,0,1489571545
9918,0,1531992144
9919,0,1528070109
9920,0,2867916846
9921,0,710418644
9922,0,3860089173
9923,0,2296711050
9924,0,715006848
9925,0,858049047
9926,0,3869875108
9927,0,1853052938
9928,0,2872134867
9929,0,3620134214
9930,0,2175628625
9931,0,3488553106
9932,0,3008664428
9933,0,102333936
9934,0,491408707
9935,0,3366117746
9936,0,85036468
9937,0,2688936711
9938,0,3112548149
9939,0,3808493572
9940,0,2738737412
9941,0,985066698
9942,0,47461629
9943,0,221318616
9944,0,3184093245
9945,0,2300480282
9946,0,1472267172
9947,0,2164438974
9948,0,693540036
9949,0,2181254467
9950,0,2663402070
9951,0,1725101043
9952,0,759003909
9953,0,3387875147
9954,0,1391558472
9955,0,3725621572
9956,0,4129991384
9957,0,3444479840
9958,0,3958476433
9959,0,2656809856
9960,0,3981653301
9961,0,4115646767
9962,0,2167393370
9963,0,1815261448
9964,0,2019961889
9965,0,27789520
9966,0,385030569
9967,0,3439749642
9968,0,144862985
9969,0,3979270312
9970,0,4047746325
9971,0,2076936773
9972,0,1525075844
9973,0,3789017071
9974,0,493771962
9975,0,165121798
9976,0,4275130557
9977,0,1276494110
9978,0,1928928165
9979,0,1614806787
9980,0,1680199020
9981,0,1821136552
9982,0,763204868
9983,0,1685456810
9984,0,2651936933
9985,0,363980487
9986,0,72047635
9987,0,2531816727
9988,0,2433875826
9989,0,1896016301
9990,0,2866588022
9991,0,3250366319
9992,0,4286371111
9993,0,3738762923
9994,0,3769777037
9995,0,1606075884
9996,0,3891235727
9997,0,3310516416
9998,0,3272442181
9999,0,394658359
10000,0,802272055
10001,0,794600044
10002,0,3644752740
10003,0,588447341
10004,0,3878903874
10005,0,3965181503
10006,0,3851848471
10007,0,2860145869
10008,0,3717335996
10009,0,6126606
10010,0,1413584864
10011,0,2970170238
10012,0,2075238765
10013,0,3155751619
10014,0,3931684739
10015,0,1220316087
10016,0,3767201042
10017,0,406225734
10018,0,3281701449
10019,0,3232187168
10020,0,816430945
10021,0,4025877667
10022,0,3274445138
10023,0,1640516593
10024,0,2122164970
10025,0,2939248698
10026,0,3858388353
10027,0,1175348900
10028,0,3515800297
10029,0,1353453440
10030,0,4207969006
10031,0,3140207272
10032,0,2896871927
10033,0,1713318941
10034,0,4026890163
10035,0,2157191562
10036,0,2416515288
10037,0,3512363889
10038,0,448047115
10039,0,2030335473
10040,0,16772012
10041,0,1288222793
10042,0,603390089
10043,0,3207491130
10044,0,801898126
10045,0,1398327011
10046,0,991225601
10047,0,1499859867
10048,0,77630740
10049,0,3041064245
10050,0,2539665447
10051,0,2633405109
10052,0,2594351429
10053,0,1053277824
10054,0,3958152043
10055,0,1756963403
10056,0,3539788371
10057,0,2556560392
10058,0,3297666905
10059,0,80555531
10060,0,2156908333
10061,0,1411391640
10062,0,1448220833
10063,0,3179311682
10064,0,3401916262
10065,0,1276417458
10066,0,183887491
10067,0,1922985905
10068,0,1382682789
10069,0,531213274
10070,0,1888299219
10071,0,1735614744
10072,0,1633481392
10073,0,509291413
10074,0,505378337
10075,0,3955156940
10076,0,3752391055
10077,0,4072102179
10078,0,737511594
10079,0,3337633434
10080,0,3846233963
10081,0,722847645
10082,0,4012106670
10083,0,4187695781
10084,0,87514242
10085,0,977932785
10086,0,1995814059
10087,0,3430295547
10088,0,429995103
10089,0,3665015434
10090,0,678836219
10091,0,1068316511
10092,0,2979390588
10093,0,2924887249
10094,0,1346973399
10095,0,3354228702
10096,0,1271327221
10097,0,1241011113
10098,0,841424783
10099,0,3942939620
10100,0,3949064920
10101,0,1919520997
10102,0,1322715967
10103,0,1504124935
10104,0,156517460
10105,0,3121484763
10106,0,1994175425
10107,0,4097348083
10108,0,651615472
10109,0,1415375060
10110,0,3783754391
10111,0,729294301
10112,0,3541129384
10113,0,4169183722
10114,0,957173812
10115,0,4067995537
10116,0,383088340
10117,0,3120230579
10118,0,443583461
10119,0,1787421187
10120,0,2415691143
10121,0,4139855361
10122,0,3006109601
10123,0,988765933
10124,0,4150286580
10125,0,1940553643
10126,0,3082760452
10127,0,1651286187
10128,0,961464695
10129,0,3966464423
10130,0,3383083400
10131,0,1124847874
10132,0,475676535
10133,0,757769997
10134,0,1085032168
10135,0,3327490256
10136,0,1084670615
10137,0,2256122701
10138,0,2987992037
10139,0,1524421175
10140,0,3553631546
10141,0,3734082849
10142,0,1787667547
10143,0,517193816
10144,0,3183908276
10145,0,2171888524
10146,0,2914600142
10147,0,557321630
10148,0,837838523
10149,0,2579766568
10150,0,1447236376
10151,0,2954962952
10152,0,824979864
10153,0,1425156343
10154,0,745848865
10155,0,979892537
10156,0,1834469561
10157,0,475328953
10158,0,3457253768
10159,0,977218968
10160,0,772016542
10161,0,1237606053
10162,0,2147707405
10163,0,1159014700
10164,0,3861643188
10165,0,2725992474
10166,0,3866617958
10167,0,1948229307
10168,0,2128549567
10169,0,488615899
10170,0,4101230217
10171,0,972530520
10172,0,2114221910
10173,0,3979815681
10174,0,45541994
10175,0,545486711
10176,0,1355473097
10177,0,2527793824
10178,0,1796371263
10179,0,2344988965
10180,0,2176906613
10181,0,1923957378
10182,0,2236649596
10183,0,2092179891
10184,0,3905258418
10185,0,1322128011
10186,0,528067652
10187,0,1960189628
10188,0,1463378620
10189,0,380976747
10190,0,2658720823
10191,0,976332744
10192,0,3621565740
10193,0,1851500432
10194,0,1335685700
10195,0,3948367726
10196,0,1441482835
10197,0,2697458243
10198,0,2407013764
10199,0,366192608
10200,0,1155365271
10201,0,2517786720
10202,0,2581569679
10203,0,3556817768
10204,0,2933293342
10205,0,2690298596
10206,0,919565575
10207,0,3583041328
10208,0,10598763
10209,0,3323238157
10210,0,3394679703
10211,0,2561666341
10212,0,3294923680
10213,0,4144268328
10214,0,2545371880
10215,0,2745484861
10216,0,1460406796
10217,0,535938154
10218,0,3371068756
10219,0,2916684086
10220,0,1879920617
10221,0,3891290417
10222,0,2433789850
10223,0,412487819
10224,0,2321851592
10225,0,3242777974
10226,0,2250797221
10227,0,2410546139
10228,0,3044917777
10229,0,2864936270
10230,0,1227896859
10231,0,2287771458
10232,0,1831764376
10233,0,514211286
10234,0,4203657816
10235,0,2507160570
10236,0,3555290461
10237,0,907345404
10238,0,2630749193
10239,0,4105131886
10240,0,2262528358
10241,0,4128204477
10242,0,1103213041
10243,0,2282417102
10244,0,2065395607
10245,0,3420002435
10246,0,4058550279
10247,0,2666020755
10248,0,3126358238
10249,0,1010742559
10250,0,3107531377
10251,0,312462602
10252,0,2363615797
10253,0,2235911718
10254,0,3165820070
10255,0,719475989
10256,0,1750623125
10257,0,3782525312
10258,0,1373329762
10259,0,1679263545
10260,0,183321953
10261,0,3932666977
10262,0,2694430740
10263,0,2348451705
10264,0,3115095187
10265,0,1289928844
10266,0,2325353557
10267,0,3389709309
10268,0,3218299815
10269,0,1079897972
10270,0,1271997453
10271,0,2236008197
10272,0,3916395286
10273,0,3871056528
10274,0,3486816100
10275,0,4198434552
10276,0,1189182088
10277,0,1605993552
10278,0,2303052521
10279,0,856075845
10280,0,1057085794
10281,0,2174678516
10282,0,3140163300
10283,0,3876108799
10284,0,4141030756
10285,0,981806267
10286,0,2102551922
10287,0,242977804
10288,0,2159824337
10289,0,701186834
10290,0,1955420934
10291,0,575892208
10292,0,2930041782
10293,0,1754620223
10294,0,1391366054
10295,0,3764112203
10296,0,3211664786
10297,0,3880787068
10298,0,2132946035
10299,0,1864791429
10300,0,2470849678
10301,0,2351905605
10302,0,62026278
10303,0,4079226749
10304,0,2908890238
10305,0,3563028872
10306,0,2847728735
10307,0,2480195140
10308,0,1754544778
10309,0,392470632
10310,0,3998603868
10311,0,4140853939
10312,0,2336790896
10313,0,2495380771
10314,0,2014971215
10315,0,785177558
10316,0,58613933
10317,0,572474392
10318,0,2568489878
10319,0,2503635907
10320,0,3004019234
10321,0,2893537350
10322,0,1604192089
10323,0,1910011011
10324,0,2521649095
10325,0,3372463037
10326,0,1375587559
10327,0,3830071863
10328,0,764572177
10329,0,433855705
10330,0,3534311098
10331,0,2494567333
10332,0,1314644007
10333,0,2042378248
10334,0,689286550
10335,0,138632037
10336,0,114726066
10337,0,1549233362
10338,0,2288251572
10339,0,815021166
10340,0,1412258722
10341,0,343270862
10342,0,2973910184
10343,0,3274715171
10344,0,1672635801
10345,0,3475706169
10346,0,209752159
10347,0,3487865946
10348,0,3515989965
10349,0,728101849
10350,0,919450518
10351,0,2539211497
10352,0,2122483851
10353,0,3723237122
10354,0,3196282884
10355,0,2750658917
10356,0,1328616010
10357,0,3262446134
10358,0,4218454351
10359,0,2155579523
10360,0,3692664566
10361,0,908268341
10362,0,3707157495
10363,0,2055444563
10364,0,951479927
10365,0,1516662187
10366,0,1841008130
10367,0,2466498527
10368,0,965751357
10369,0,3307616022
10370,0,2069506164
10371,0,4106378398
10372,0,1432987126
10373,0,1530787517
10374,0,1487842632
10375,0,771396267
10376,0,2320917244
10377,0,2268200696
10378,0,2772104047
10379,0,2444932676
10380,0,691595869
10381,0,3122224356
10382,0,2704740582
10383,0,643161875
10384,0,726255816
10385,0,1481178592
10386,0,3111066970
10387,0,38434616
10388,0,3641146542
10389,0,3838204679
10390,0,3681760852
10391,0,176486792
10392,0,587454738
10393,0,1545016642
10394,0,1767786941
10395,0,2908653737
10396,0,4114171660
10397,0,1724749280
10398,0,1515062488
10399,0,3229384690
10400,0,3217104467
10401,0,493697686
10402,0,4257961641
10403,0,1960417766
10404,0,3142203540
10405,0,2000687544
10406,0,3683797859
10407,0,3442614684
10408,0,2839365276
10409,0,1010174731
10410,0,1471521184
10411,0,2478562400
10412,0,4005734171
10413,0,4262648683
10414,0,176345940
10415,0,1306992416
10416,0,1852460033
10417,0,3668279668
10418,0,1005433361
10419,0,945114118
10420,0,2876070252
10421,0,140243148
10422,0,3188405837
10423,0,3231563692
10424,0,2590541592
10425,0,3690170877
10426,0,4081315835
10427,0,1495653381
10428,0,3053758391
10429,0,2092470030
10430,0,3329641954
10431,0,4136323815
10432,0,1555789489
10433,0,2143600487
10434,0,3979166995
10435,0,4100980052
10436,0,1936354934
10437,0,3929183652
10438,0,2823779591
10439,0,2602137712
10440,0,921922843
10441,0,827602643
10442,0,1179627412
10443,0,3289628426
10444,0,3450239123
10445,0,1412899049
10446,0,3043051388
10447,0,744472283
10448,0,2870136889
10449,0,3550781139
10450,0,1336214380
10451,0,383149448
10452,0,2525372379
10453,0,4208458181
10454,0,3087285618
10455,0,3404084807
10456,0,2314525264
10457,0,1164227311
10458,0,3021886739
10459,0,2839364589
10460,0,693930733
10461,0,3090131789
10462,0,3850604590
10463,0,1732601421
10464,0,3122189035
10465,0,2834938857
10466,0,1864257867
10467,0,64690640
10468,0,2093227424
10469,0,293347608
10470,0,1051860311
10471,0,3724589243
10472,0,3957340720
10473,0,2020589571
10474,0,2375280308
10475,0,3655785686
10476,0,1308598504
10477,0,2243788601
10478,0,1628637332
10479,0,3185172
10480,0,2100323853
10481,0,1338908757
10482,0,4082922327
10483,0,3689092172
10484,0,2486425561
10485,0,936941341
10486,0,2187302272
10487,0,1830425367
10488,0,3227808203
10489,0,2247879237
10490,0,4006999452
10491,0,1554901071
10492,0,3576392509
10493,0,2984146043
10494,0,2507428275
10495,0,4144364626
10496,0,96988164
10497,0,4037350599
10498,0,361129721
10499,0,4068237557
10500,0,2990344004
10501,0,1214532590
10502,0,3794044706
10503,0,719271426
10504,0,1341985197
10505,0,1422929513
10506,0,1924790791
10507,0,4074677147
10508,0,4078422381
10509,0,1299702384
10510,0,2517559148
10511,0,378208701
10512,0,2704262787
10513,0,1712244220
10514,0,1754418724
10515,0,193793903
10516,0,3866620351
10517,0,272871039
10518,0,3557026713
10519,0,2271443713
10520,0,3899051776
10521,0,22818723
10522,0,296334103
10523,0,3735248562
10524,0,467518728
10525,0,3438150262
10526,0,2562212070
10527,0,2218647092
10528,0,3230890217
10529,0,1582295790
10530,0,3244103559
10531,0,370478193
10532,0,1156939836
10533,0,1790784229
10534,0,1356817973
10535,0,1059757849
10536,0,4126713565
10537,0,3310206924
10538,0,607442006
10539,0,1769417257
10540,0,175884848
10541,0,344163950
10542,0,3984653673
10543,0,3080268703
10544,0,3485130666
10545,0,498426925
10546,0,2535655957
10547,0,979105157
10548,0,3649407472
10549,0,2144077837
10550,0,662125067
10551,0,3337713680
10552,0,3616707017
10553,0,819302556
10554,0,3658247711
10555,0,2923109112
10556,0,1642853642
10557,0,4129156943
10558,0,896629781
10559,0,1149893868
10560,0,475759010
10561,0,3784377653
10562,0,3889131630
10563,0,831792495
10564,0,302670227
10565,0,2570977135
10566,0,4241591527
10567,0,1693205089
10568,0,2023920145
10569,0,1995721537
10570,0,203326831
10571,0,1255304694
10572,0,3942213184
10573,0,1158744
10574,0,2391548437
10575,0,1394501938
10576,0,1496622062
10577,0,1684646922
10578,0,1827691326
10579,0,2506274389
10580,0,3064367009
10581,0,2885682568
10582,0,983247312
10583,0,2877408768
10584,0,4218452896
10585,0,1954821602
10586,0,3040449342
10587,0,1822163633
10588,0,1971375700
10589,0,3842340433
10590,0,841024886
10591,0,1131825681
10592,0,3434204779
10593,0,1525042805
10594,0,4131150785
10595,0,3586976003
10596,0,1433994197
10597,0,3580933076
10598,0,2722109553
10599,0,2290315798
10600,0,1056567222
10601,0,1659562001
10602,0,3270650693
10603,0,1958992264
10604,0,4054388817
10605,0,2814929280
10606,0,4127171452
10607,0,865359156
10608,0,2674113549
10609,0,4105136124
10610,0,307073364
10611,0,2895080839
10612,0,1724517912
10613,0,3324685852
10614,0,4005927656
10615,0,4002295972
10616,0,1003370953
10617,0,1645974002
10618,0,345957856
10619,0,3430072273
10620,0,3935473845
10621,0,2819224087
10622,0,1595965298
10623,0,1225586101
10624,0,1017541322
10625,0,2903915797
10626,0,1008837039
10627,0,178057477
10628,0,54489147
10629,0,1244967495
10630,0,1409004377
10631,0,2541794225
10632,0,3207379466
10633,0,634399164
10634,0,1007714351
10635,0,2931536517
10636,0,3313803504
10637,0,1657507741
10638,0,1950148129
10639,0,4159633917
10640,0,855179061
10641,0,2396487418
10642,0,1074381246
10643,0,2147060097
10644,0,2549633605
10645,0,732376893
10646,0,106818493
10647,0,3731411752
10648,0,1169921262
10649,0,3555696861
10650,0,3648419783
10651,0,3864861696
10652,0,4269466414
10653,0,3790681601
10654,0,555730617
10655,0,3772367357
10656,0,3290938446
10657,0,1180882617
10658,0,2315969667
10659,0,96933390
10660,0,131208237
10661,0,4020586054
10662,0,2866355184
10663,0,3175922499
10664,0,1857881201
10665,0,140193384
10666,0,3746892995
10667,0,2808555269
10668,0,863206918
10669,0,3401685951
10670,0,3480677348
10671,0,1397112513
10672,0,122996046
10673,0,1616125104
10674,0,2609891185
10675,0,257625825
10676,0,3194236386
10677,0,1087795662
10678,0,1393631641
10679,0,2472901384
10680,0,3163079754
10681,0,607854346
10682,0,3163938823
10683,0,305465837
10684,0,3524721993
10685,0,3125061974
10686,0,3265372865
10687,0,700894749
10688,0,3422660405
10689,0,3825734534
10690,0,694990842
10691,0,1306963539
10692,0,2646395621
10693,0,2565700149
10694,0,3268672992
10695,0,278645175
10696,0,1544466753
10697,0,3472645650
10698,0,3808013613
10699,0,1020311267
10700,0,1804910405
10701,0,1945128475
10702,0,1011970882
10703,0,1428058526
10704,0,4271013128
10705,0,2539100081
10706,0,3515951425
10707,0,1670844605
10708,0,2979987421
10709,0,2731046159
10710,0,558998619
10711,0,2927827062
10712,0,2084202672
10713,0,346191078
10714,0,502114009
10715,0,2414647810
10716,0,2302041812
10717,0,527633378
10718,0,3219253317
10719,0,3754438417
10720,0,2674270852
10721,0,1038576895
10722,0,3747904675
10723,0,1324789691
10724,0,4214343003
10725,0,2965526102
10726,0,3138748690
10727,0,1842304425
10728,0,1748825236
10729,0,594540451
10730,0,1860490414
10731,0,2052897878
10732,0,1461148957
10733,0,706792359
10734,0,1506964397
10735,0,3814512574
10736,0,1288586763
10737,0,98821516
10738,0,1394179461
10739,0,3918895601
10740,0,265879588
10741,0,3564072586
10742,0,242776309
10743,0,767414406
10744,0,1644573008
10745,0,564136838
10746,0,986424878
10747,0,2412143625
10748,0,732680426
10749,0,1734458897
10750,0,1154842176
10751,0,2294051342
10752,0,357185605
10753,0,437558756
10754,0,3164831536
10755,0,3152528594
10756,0,751372524
10757,0,3074772678
10758,0,3442323592
10759,0,481112022
10760,0,2476858589
10761,0,2944348352
10762,0,1703254547
10763,0,238403440
10764,0,2192019517
10765,0,1688274381
10766,0,3339223009
10767,0,3597879547
10768,0,1390583533
10769,0,651751474
10770,0,587933693
10771,0,3110085863
10772,0,40884537
10773,0,3495441981
10774,0,90198834
10775,0,4022633105
10776,0,2370123290
10777,0,1531582713
10778,0,317959859
10779,0,2207930625
10780,0,3757684444
10781,0,3446279149
10782,0,250237222
10783,0,3709393761
10784,0,149394235
10785,0,2861646107
10786,0,3573442562
10787,0,641383261
10788,0,1534418261
10789,0,3945734778
10790,0,3815562378
10791,0,1732886132
10792,0,1080414423
10793,0,3046568168
10794,0,452157581
10795,0,2864546940
10796,0,1551050181
10797,0,565751200
10798,0,3046785894
10799,0,1126780477
10800,0,926265866
10801,0,2950882480
10802,0,2649177162
10803,0,933654237
10804,0,3050033027
10805,0,1262680670
10806,0,2502900506
10807,0,1002702268
10808,0,3574126757
10809,0,228584139
10810,0,3893929896
10811,0,1633083934
10812,0,532344340
10813,0,225552936
10814,0,1050833010
10815,0,1697451172
10816,0,1187908029
10817,0,2026152545
10818,0,2107011205
10819,0,3277300102
10820,0,3683138709
10821,0,1598333336
10822,0,2777628739
10823,0,4251440768
10824,0,4048387643
10825,0,2412519102
10826,0,2405486291
10827,0,1105613902
10828,0,3868585689
10829,0,848465086
10830,0,61528764
10831,0,1196666498
10832,0,1660751779
10833,0,2720582343
10834,0,3581843615
10835,0,3418492553
10836,0,3363707776
10837,0,1791876839
10838,0,4080769935
10839,0,2299350762
10840,0,986959554
10841,0,578701223
10842,0,3151007394
10843,0,3935825824
10844,0,4213138993
10845,0,3975214717
10846,0,3051012898
10847,0,1516259933
10848,0,911456968
10849,0,1616499693
10850,0,514818335
10851,0,1057938809
10852,0,1888512521
10853,0,3355437249
10854,0,1713202162
10855,0,2248908451
10856,0,1311706572
10857,0,1565367015
10858,0,741388303
10859,0,2082009079
10860,0,1562500996
10861,0,3170693484
10862,0,2029871236
10863,0,1230820530
10864,0,2861914039
10865,0,202721094
10866,0,994538040
10867,0,1963134904
10868,0,2322906498
10869,0,2774179680
10870,0,543843163
10871,0,3962019387
10872,0,3825125547
10873,0,1738346014
10874,0,227216145
10875,0,4056592837
10876,0,1505363388
10877,0,951889530
10878,0,50634915
10879,0,1963060811
10880,0,387180146
10881,0,275767324
10882,0,1643041642
10883,0,3422165963
10884,0,2565131978
10885,0,646726868
10886,0,1824843839
10887,0,3383585566
10888,0,4246582873
10889,0,822134258
10890,0,510440589
10891,0,2539081363
10892,0,2921802737
10893,0,545056253
10894,0,614492188
10895,0,500983149
10896,0,3208656757
10897,0,2356658146
10898,0,183731911
10899,0,1061167506
10900,0,1430124875
10901,0,2827576417
10902,0,77974019
10903,0,22768337
10904,0,3962496753
10905,0,787156905
10906,0,2900298982
10907,0,3846087335
10908,0,471930962
10909,0,3661872935
10910,0,424032116
10911,0,716426400
10912,0,937116499
10913,0,2844827115
10914,0,4288266077
10915,0,3325892580
10916,0,4243920132
10917,0,2497904622
10918,0,2834568769
10919,0,1840793791
10920,0,4049389544
10921,0,1570739256
10922,0,1275114804
10923,0,241505415
10924,0,843185501
10925,0,2963353256
10926,0,1006167634
10927,0,3244559531
10928,0,1591269043
10929,0,3319530036
10930,0,4140744665
10931,0,126117667
10932,0,3882356979
10933,0,1270238024
10934,0,3644739271
10935,0,204632116
10936,0,78574830
10937,0,2623039255
10938,0,2279810570
10939,0,2271274235
10940,0,3825658244
10941,0,536401663
10942,0,2713827820
10943,0,1232216274
10944,0,3078048980
10945,0,2203162594
10946,0,2216454580
10947,0,746014977
10948,0,1874231018
10949,0,2902897983
10950,0,260863247
10951,0,2761385657
10952,0,1078735289
10953,0,152379908
10954,0,132866414
10955,0,320079149
10956,0,3851186773
10957,0,320475510
10958,0,2007745644
10959,0,3958258719
10960,0,2715062025
10961,0,914576755
10962,0,3649992645
10963,0,4188885950
10964,0,680390707
10965,0,1206957494
10966,0,2039349173
10967,0,152874376
10968,0,152147998
10969,0,2019223543
10970,0,2955321605
10971,0,3837809606
10972,0,967079898
10973,0,1555227349
10974,0,501225089
10975,0,4181137977
10976,0,1417074465
10977,0,1556397416
10978,0,2790441820
10979,0,958313536
10980,0,491696875
10981,0,2841991970
10982,0,1109548642
10983,0,875382837
10984,0,945779360
10985,0,392703237
10986,0,1272449089
10987,0,282175497
10988,0,2680407745
10989,0,74005708
10990,0,1575291828
10991,0,1861044829
10992,0,863483982
10993,0,1270699089
10994,0,3352796554
10995,0,3099472025
10996,0,2869483055
10997,0,2288039913
10998,0,1294388295
10999,0,23241744
11000,0,3924906720
11001,0,3054196214
11002,0,1242205740
11003,0,1647278763
11004,0,573693654
11005,0,612980291
11006,0,3328646403
11007,0,2636813280
11008,0,2466198015
11009,0,3973945471
11010,0,2778244438
11011,0,2541061167
11012,0,3657338167
11013,0,55921275
11014,0,3914699190
11015,0,923598055
11016,0,3130613071
11017,0,3073265463
11018,0,2816121395
11019,0,1728876509
11020,0,673038438
11021,0,2453161390
11022,0,3409237480
11023,0,1622562988
11024,0,3755090653
11025,0,3937414201
11026,0,165154786
11027,0,212678128
11028,0,3900669913
11029,0,4145012603
11030,0,2432145515
11031,0,480508758
11032,0,451435762
11033,0,1068801385
11034,0,790923205
11035,0,1146322251
11036,0,1421549174
11037,0,3654122572
11038,0,3202099886
11039,0,1253513770
11040,0,2545145011
11041,0,1235060225
11042,0,3538325327
11043,0,1659025352
11044,0,3077444965
11045,0,3448995588
11046,0,3959843229
11047,0,126810599
11048,0,3472671358
11049,0,2161511879
11050,0,1823957872
11051,0,2617065628
11052,0,1312158731
11053,0,3861472881
11054,0,2516796226
11055,0,855962263
11056,0,127845308
11057,0,583837000
11058,0,2061119802
11059,0,2739963844
11060,0,3332611088
11061,0,286856832
11062,0,1256776676
11063,0,2216516974
11064,0,3651263606
11065,0,2814558529
11066,0,45697076
11067,0,1547985035
11068,0,3673717889
11069,0,2020536469
11070,0,1778153163
11071,0,59362937
11072,0,3764890085
11073,0,3191564872
11074,0,3174202833
11075,0,2743907893
11076,0,2618007184
11077,0,350537468
11078,0,190520513
11079,0,1889672352
11080,0,1442226779
11081,0,3054359077
11082,0,2238182433
11083,0,127849424
11084,0,1634933090
11085,0,1236554221
11086,0,2998637833
11087,0,3275781508
11088,0,1944255740
11089,0,2748330626
11090,0,360982530
11091,0,2147493952
11092,0,604320324
11093,0,3421740834
11094,0,3135759881
11095,0,2197440090
11096,0,2350713602
11097,0,2195122748
11098,0,2914646900
11099,0,3358683647
11100,0,668122616
11101,0,2111650830
11102,0,2446243104
11103,0,2855814197
11104,0,4117239850
11105,0,1003045020
11106,0,1753474897
11107,0,2572181957
11108,0,947512657
11109,0,2662015032
11110,0,2938630318
11111,0,2003902167
11112,0,3251717314
11113,0,3228007590
11114,0,3515269311
11115,0,1001761431
11116,0,1376170340
11117,0,23338321
11118,0,3674340086
11119,0,1874220025
11120,0,485294781
11121,0,736452832
11122,0,2027765916
11123,0,3374036891
11124,0,1123648911
11125,0,994298315
11126,0,220960310
11127,0,2185253312
11128,0,2272963196
11129,0,2493329318
11130,0,475469138
11131,0,559443884
11132,0,3105015482
11133,0,3648732504
11134,0,1692148784
11135,0,3943749565
11136,0,761352043
11137,0,2500429965
11138,0,655829665
11139,0,2318277504
11140,0,1654250191
11141,0,1640158159
11142,0,1289677906
11143,0,3150478328
11144,0,575870403
11145,0,1568793462
11146,0,1544381345
11147,0,4284368957
11148,0,4251423025
11149,0,3883361457
11150,0,2009688417
11151,0,105506419
11152,0,1786051888
11153,0,1333951737
11154,0,62308887
11155,0,2776478285
11156,0,1974952247
11157,0,2879943199
11158,0,412343722
11159,0,133376793
11160,0,815231089
11161,0,230611101
11162,0,51341995
11163,0,622185798
11164,0,185933848
11165,0,1306035699
11166,0,4055868224
11167,0,3206780107
11168,0,2062078166
11169,0,2125870415
11170,0,3152978240
11171,0,2534687427
11172,0,4140401093
11173,0,416879901
11174,0,1966058528
11175,0,2513855189
11176,0,1745955955
11177,0,4268899644
11178,0,2204752662
11179,0,3110315379
11180,0,1954140469
11181,0,2243269978
11182,0,3569816693
11183,0,4286334321
11184,0,2375650712
11185,0,963682861
11186,0,2341962327
11187,0,7776409
11188,0,2044307275
11189,0,3945585587
11190,0,2064314462
11191,0,2233825566
11192,0,1792225213
11193,0,3954544079
11194,0,461658601
11195,0,2275346197
11196,0,2295267787
11197,0,1983701936
11198,0,2736276533
11199,0,3628633786
11200,0,3607866302
11201,0,3992676992
11202,0,2513334389
11203,0,601837365
11204,0,2366164745
11205,0,165481181
11206,0,3092852062
11207,0,598136647
11208,0,3498522592
11209,0,4179539837
11210,0,3520139301
11211,0,2305617967
11212,0,4199180539
11213,0,1577007473
11214,0,3774465849
11215,0,3687837174
11216,0,3898009358
11217,0,2723190773
11218,0,2774768610
11219,0,367635789
11220,0,675524813
11221,0,2501755872
11222,0,2170257232
11223,0,948963592
11224,0,261337040
11225,0,928763492
11226,0,2625260751
11227,0,1771766270
11228,0,1027367084
11229,0,2485043000
11230,0,1019889220
11231,0,4099765477
11232,0,50252069
11233,0,2694487496
11234,0,2539614073
11235,0,750663169
11236,0,2779907326
11237,0,1083931496
11238,0,3510370035
11239,0,1918695841
11240,0,1081953717
11241,0,3501765456
11242,0,478730009
11243,0,3407180204
11244,0,3241714876
11245,0,1615233803
11246,0,3033585688
11247,0,1436709329
11248,0,1754521533
11249,0,2146088943
11250,0,201273316
11251,0,779666501
11252,0,3909064861
11253,0,1718261771
11254,0,2551690622
11255,0,3115320930
11256,0,2533310812
11257,0,2756393206
11258,0,2850468572
11259,0,2283580738
11260,0,2871562392
11261,0,2655145125
11262,0,755396238
11263,0,4197188165
11264,0,3791444521
11265,0,763439573
11266,0,533347464
11267,0,1396245509
11268,0,76162809
11269,0,1257372851
11270,0,3650315776
11271,0,523544969
11272,0,3401342443
11273,0,1629663243
11274,0,3545938138
11275,0,209118650
11276,0,3371726490
11277,0,54649967
11278,0,3327093417
11279,0,1213316004
11280,0,2609218294
11281,0,1353823355
11282,0,2715945956
11283,0,4081159883
11284,0,2441707367
11285,0,1927138037
11286,0,3152210356
11287,0,1012351262
11288,0,1525256100
11289,0,146440042
11290,0,2914288865
11291,0,2554328277
11292,0,2986973031
11293,0,2621691317
11294,0,945151791
11295,0,4122976279
11296,0,907368937
11297,0,942594269
11298,0,2241077671
11299,0,901312407
11300,0,554266098
11301,0,2589089417
11302,0,3789676360
11303,0,2602499020
11304,0,3364644383
11305,0,3451593528
11306,0,2454883606
11307,0,3186995502
11308,0,1910434822
11309,0,663830281
11310,0,242481425
11311,0,1533925017
11312,0,3597553286
11313,0,3899566713
11314,0,2568161737
11315,0,4250988124
11316,0,4123582249
11317,0,731680735
11318,0,4135677804
11319,0,3070024090
11320,0,2487115997
11321,0,1553495343
11322,0,361380369
11323,0,198073813
11324,0,3471253519
11325,0,1983675132
11326,0,3574812653
11327,0,557351642
11328,0,4242820386
11329,0,3712403394
11330,0,2993563325
11331,0,2710438337
11332,0,1467232858
11333,0,4141630053
11334,0,2894821517
11335,0,2966262080
11336,0,1582798450
11337,0,1068075006
11338,0,3852356341
11339,0,3034541621
11340,0,2049291673
11341,0,1581812114
11342,0,2686921679
11343,0,4001613152
11344,0,1407074455
11345,0,3796976465
11346,0,2371604428
11347,0,1625589309
11348,0,4098399148
11349,0,9465458
11350,0,2795189117
11351,0,3731526631
11352,0,248547436
11353,0,3833460674
11354,0,171362944
11355,0,3216164179
11356,0,67243327
11357,0,4045156941
11358,0,2648741127
11359,0,1732666951
11360,0,3662979968
11361,0,2327058130
11362,0,94637637
11363,0,166814227
11364,0,2479950218
11365,0,4007792570
11366,0,1303780912
11367,0,1081833480
11368,0,3224869141
11369,0,1370567551
11370,0,2349070992
11371,0,2573329464
11372,0,422604715
11373,0,2355477737
11374,0,1156096949
11375,0,1130058938
11376,0,273419228
11377,0,3083840423
11378,0,366359994
11379,0,3208813898
11380,0,1906232543
11381,0,2829738877
11382,0,2087949055
11383,0,3416443081
11384,0,3318715156
11385,0,3255570562
11386,0,1133666572
11387,0,4191108213
11388,0,3597924853
11389,0,2162992947
11390,0,2505272310
11391,0,4254542816
11392,0,4184578071
11393,0,3343817027
11394,0,2562235760
11395,0,3922577307
11396,0,1995403140
11397,0,4176208747
11398,0,341763112
11399,0,3551234277
11400,0,4099427966
11401,0,1332340245
11402,0,113543104
11403,0,1369790238
11404,0,2476457245
11405,0,1664454433
11406,0,2296975209
11407,0,2307589771
11408,0,3256375014
11409,0,3495600644
11410,0,123101481
11411,0,2769794704
11412,0,729182514
11413,0,1331179738
11414,0,1630133019
11415,0,320360958
11416,0,1037316301
11417,0,3262408779
11418,0,2698563925
11419,0,3837241772
11420,0,566627533
11421,0,3953410210
11422,0,364256826
11423,0,408393026
11424,0,3037439901
11425,0,4277439297
11426,0,2618232175
11427,0,3388515454
11428,0,1939231333
11429,0,2190442376
11430,0,3266801623
11431,0,3338573393
11432,0,2460169515
11433,0,1958988328
11434,0,3177140619
11435,0,3131923900
11436,0,843084561
11437,0,3094080768
11438,0,2092593989
11439,0,1753976748
11440,0,918446451
11441,0,2829056859
11442,0,2841814145
11443,0,1135457656
11444,0,1432039641
11445,0,1530996313
11446,0,2395802140
11447,0,3730646715
11448,0,734331966
11449,0,3809653375
11450,0,519836401
11451,0,149809312
11452,0,181402076
11453,0,1265919974
11454,0,915423330
11455,0,3978295980
11456,0,2725223102
11457,0,1983264354
11458,0,2948591103
11459,0,302299935
11460,0,696527916
11461,0,742309804
11462,0,2191723369
11463,0,2584021838
11464,0,1458964984
11465,0,1860239772
11466,0,2491840597
11467,0,705841139
11468,0,1064224293
11469,0,317238256
11470,0,4114853723
11471,0,2511957743
11472,0,3036580221
11473,0,3757205813
11474,0,3359935423
11475,0,2136712166
11476,0,1875618005
11477,0,1089581597
11478,0,2700542404
11479,0,1497077187
11480,0,1543495746
11481,0,1493795993
11482,0,1523096276
11483,0,2077621693
11484,0,1210437132
11485,0,3445811518
11486,0,2565423772
11487,0,2817114849
11488,0,1761610331
11489,0,1629524414
11490,0,301624981
11491,0,3644125345
11492,0,2738787601
11493,0,1108162111
11494,0,2107518746
11495,0,3084605348
11496,0,2027462483
11497,0,225153930
11498,0,2621926631
11499,0,1252865354
11500,0,1820617288
11501,0,3631107950
11502,0,569602639
11503,0,3102476242
11504,0,987570425
11505,0,1183562904
11506,0,302786196
11507,0,1292063387
11508,0,3444836179
11509,0,4202065932
11510,0,3129650391
11511,0,219631807
11512,0,119055583
11513,0,1676340958
11514,0,4162259206
11515,0,1070560829
11516,0,4028590489
11517,0,3097798383
11518,0,2740144819
11519,0,2326575505
11520,0,203679264
11521,0,1813779507
11522,0,1037724862
11523,0,2046756760
11524,0,3095734494
11525,0,2923570225
11526,0,2991217459
11527,0,3701781253
11528,0,306379399
11529,0,4015373774
11530,0,1164338872
11531,0,3214241376
11532,0,1500876492
11533,0,4246940122
11534,0,2602344214
11535,0,389363273
11536,0,2390071383
11537,0,2459155432
11538,0,1480059647
11539,0,140726571
11540,0,713425160
11541,0,3192520507
11542,0,3027575404
11543,0,388883568
11544,0,3755312513
11545,0,2211959891
11546,0,1391236957
11547,0,3236805790
11548,0,2562106113
11549,0,3590457386
11550,0,2011657865
11551,0,3220527186
11552,0,2333955981
11553,0,477104155
11554,0,3005199074
11555,0,3979991075
11556,0,294106269
11557,0,93881847
11558,0,2985001956
11559,0,4084926159
11560,0,3891743966
11561,0,3288200936
11562,0,3644442488
11563,0,3674228211
11564,0,2759313836
11565,0,4111369901
11566,0,2663234624
11567,0,260092826
11568,0,663491331
11569,0,409476949
11570,0,1809113108
11571,0,219505695
11572,0,2471251540
11573,0,1247715831
11574,0,1382143527
11575,0,2080722133
11576,0,1718568282
11577,0,1447822648
11578,0,193374189
11579,0,806773328
11580,0,2011141054
11581,0,816462890
11582,0,2462560285
11583,0,4232080799
11584,0,3283009414
11585,0,2677063817
11586,0,2008402537
11587,0,300494773
11588,0,3085771514
11589,0,1711214403
11590,0,116556872
11591,0,2567848405
11592,0,2007883951
11593,0,3165965075
11594,0,2667677432
11595,0,1409610743
11596,0,2234822538
11597,0,142154472
11598,0,1336270906
11599,0,2281301131
11600,0,3597926111
11601,0,2627799915
11602,0,71992365
11603,0,3442394890
11604,0,2889756749
11605,0,750981014
11606,0,3943483598
11607,0,817039684
11608,0,1659867305
11609,0,2410013268
11610,0,1308626883
11611,0,2968604639
11612,0,3092678682
11613,0,1139436208
11614,0,3643920430
11615,0,2243450676
11616,0,1686930427
11617,0,1786816962
11618,0,2292323806
11619,0,2301602450
11620,0,4089921836
11621,0,1740330877
11622,0,2815085367
11623,0,723966017
11624,0,4127099542
11625,0,2972139712
11626,0,2127751103
11627,0,1720173325
11628,0,1109631934
11629,0,4242237972
11630,0,2729310680
11631,0,2940736883
11632,0,287462272
11633,0,824032009
11634,0,1239932631
11635,0,4119961321
11636,0,265774127
11637,0,2299282758
11638,0,892614420
11639,0,3372953887
11640,0,1245206507
11641,0,1483204265
11642,0,853543664
11643,0,1149007567
11644,0,2652602429
11645,0,764850515
11646,0,2351512877
11647,0,3658864011
11648,0,3080356223
11649,0,286737925
11650,0,3273967406
11651,0,602174222
11652,0,490298444
11653,0,3769116052
11654,0,1732256953
11655,0,422682386
11656,0,1890223387
11657,0,557274879
11658,0,3069358699
11659,0,4148946100
11660,0,4034464282
11661,0,4135481959
11662,0,1046692286
11663,0,2629957652
11664,0,3685095253
11665,0,819709331
11666,0,1163507015
11667,0,232586079
11668,0,3294433924
11669,0,2813956546
11670,0,632486722
11671,0,562709455
11672,0,1468101110
11673,0,1313744905
11674,0,3802593390
11675,0,2295329243
11676,0,2824994433
11677,0,1635991161
11678,0,3486496447
11679,0,437324883
11680,0,1224032862
11681,0,4150309409
11682,0,3317216467
11683,0,3077903618
11684,0,2944312040
11685,0,525365337
11686,0,976242292
11687,0,1831157355
11688,0,2549045503
11689,0,3806352999
11690,0,3988032593
11691,0,4226603918
11692,0,1933071296
11693,0,1364034400
11694,0,3307179504
11695,0,2694013856
11696,0,1342685107
11697,0,1505756459
11698,0,1976335033
11699,0,2852116852
11700,0,150959004
11701,0,924621722
11702,0,698268685
11703,0,1039336258
11704,0,4009155695
11705,0,2585787538
11706,0,3560719572
11707,0,3363551847
11708,0,1507310204
11709,0,2106968880
11710,0,1518764137
11711,0,3690414252
11712,0,4163072898
11713,0,1547464139
11714,0,3777610793
11715,0,3963459359
11716,0,2232768112
11717,0,3568529981
11718,0,3831850919
11719,0,1520819727
11720,0,3454900509
11721,0,2802764090
11722,0,3139400686
11723,0,4180783807
11724,0,597726348
11725,0,386961044
11726,0,3733173077
11727,0,3049366273
11728,0,3046750705
11729,0,3596405986
11730,0,3084241730
11731,0,3641446300
11732,0,1191960451
11733,0,2744098366
11734,0,1497806170
11735,0,1918625580
11736,0,3648155155
11737,0,45665579
11738,0,2024387589
11739,0,2333036849
11740,0,1140946181
11741,0,1050536693
11742,0,4221725076
11743,0,1686563164
11744,0,2349565130
11745,0,1858464483
11746,0,2695202511
11747,0,535933137
11748,0,345702564
11749,0,3849905795
11750,0,3434590391
11751,0,1854468359
11752,0,1705837363
11753,0,2091596566
11754,0,1660364978
11755,0,2076459778
11756,0,2267750608
11757,0,2233169992
11758,0,2824054113
11759,0,1124239582
11760,0,1362197394
11761,0,3055784659
11762,0,1263242511
11763,0,1738833722
11764,0,3760859259
11765,0,25577417
11766,0,3869207990
11767,0,1847372898
11768,0,2307040490
11769,0,2129577669
11770,0,1626377758
11771,0,1465755239
11772,0,2444739151
11773,0,1446822064
11774,0,192828165
11775,0,3805078218
11776,0,1409637890
11777,0,124345824
11778,0,3061594826
11779,0,361310552
11780,0,618926121
11781,0,2060257401
11782,0,2743793304
11783,0,1449692852
11784,0,2960883723
11785,0,3475670774
11786,0,1635068044
11787,0,1224580478
11788,0,2434153015
11789,0,2622411519
11790,0,2217946903
11791,0,3689299999
11792,0,1867551821
11793,0,3338165889
11794,0,1747655349
11795,0,1690984043
11796,0,3487700200
11797,0,580196535
11798,0,2985604790
11799,0,3278815687
11800,0,1905500652
11801,0,2959754331
11802,0,3838467403
11803,0,1125004730
11804,0,849337254
11805,0,4102329651
11806,0,2725904994
11807,0,2767215705
11808,0,1075730276
11809,0,3567309245
11810,0,477481014
11811,0,186125167
11812,0,1153967349
11813,0,1250049822
11814,0,2707344494
11815,0,1656041703
11816,0,1369433299
11817,0,230660209
11818,0,680075785
11819,0,2512947661
11820,0,450632981
11821,0,3063989482
11822,0,1770499444
11823,0,419762016
11824,0,2781032852
11825,0,3184254444
11826,0,145876023
11827,0,3000294316
11828,0,495493372
11829,0,997434071
11830,0,2852506915
11831,0,1737833107
11832,0,3626001648
11833,0,1132452687
11834,0,3134885828
11835,0,2406297845
11836,0,117640652
11837,0,2985127089
11838,0,2467500812
11839,0,3744439573
11840,0,3912048433
11841,0,329797844
11842,0,803823021
11843,0,2411925475
11844,0,702285692
11845,0,2403970885
11846,0,4002091189
11847,0,522398107
11848,0,941549299
11849,0,2094950131
11850,0,2953543827
11851,0,3274281855
11852,0,3649531996
11853,0,3323042010
11854,0,1415506367
11855,0,2755718251
11856,0,2155331885
11857,0,1914305924
11858,0,4169281872
11859,0,1806020228
11860,0,282949246
11861,0,2085603223
11862,0,319937769
11863,0,957480271
11864,0,3518749811
11865,0,3968386121
11866,0,1949456233
11867,0,3845286086
11868,0,2910152371
11869,0,902023714
11870,0,3698466881
11871,0,2536752124
11872,0,113950490
11873,0,1947412046
11874,0,193407555
11875,0,925407652
11876,0,2812116714
11877,0,4678538
11878,0,1794959281
11879,0,928852532
11880,0,3513222169
11881,0,494021003
11882,0,1345310954
11883,0,3966401427
11884,0,3222342143
11885,0,3304961128
11886,0,1013000016
11887,0,166611381
11888,0,3687428857
11889,0,1598710386
11890,0,1937855984
11891,0,2127582351
11892,0,4235221839
11893,0,337762467
11894,0,3380627481
11895,0,3504472920
11896,0,2174757020
11897,0,315535973
11898,0,1422685348
11899,0,2437654664
11900,0,1862372869
11901,0,2262904261
11902,0,3361886537
11903,0,3408739820
11904,0,397205525
11905,0,4268670338
11906,0,302236877
11907,0,969957760
11908,0,2314147184
11909,0,56965840
11910,0,600994095
11911,0,3540213076
11912,0,2912526592
11913,0,2927908444
11914,0,2914470683
11915,0,3730122577
11916,0,760773582
11917,0,1712648478
11918,0,4276022693
11919,0,1310842384
11920,0,3382671553
11921,0,4134419394
11922,0,333056617
11923,0,7825250
11924,0,2146530511
11925,0,2088710939
11926,0,3651132597
11927,0,1663359889
11928,0,4068897018
11929,0,2948397174
11930,0,653665743
11931,0,2881038824
11932,0,1577696234
11933,0,1206723920
11934,0,2343422611
11935,0,1829359212
11936,0,3427329486
11937,0,3470326646
11938,0,3883673101
11939,0,336285107
11940,0,3391061709
11941,0,2636073454
11942,0,4034186271
11943,0,1460929636
11944,0,612702888
11945,0,2111533376
11946,0,1838968729
11947,0,3985164910
11948,0,1818980748
11949,0,1225057409
11950,0,1728145195
11951,0,929069561
11952,0,867696406
11953,0,1191083708
11954,0,2887712552
11955,0,209919093
11956,0,2394748307
11957,0,299708180
11958,0,868308075
11959,0,818618733
11960,0,3358836958
11961,0,2485278986
11962,0,1064151019
11963,0,4185966147
11964,0,3360819719
11965,0,2873589582
11966,0,3514646073
11967,0,2717813220
11968,0,2133385520
11969,0,47498839
11970,0,3654484056
11971,0,2194917940
11972,0,2301872190
11973,0,4139414692
11974,0,3187392211
11975,0,2383856547
11976,0,2587073234
11977,0,3294388902
11978,0,1226330850
11979,0,734157632
11980,0,1978075573
11981,0,250452093
11982,0,28227340
11983,0,1050986955
11984,0,1411562149
11985,0,1840609502
11986,0,2541086889
11987,0,1719365305
11988,0,2116363919
11989,0,2221004117
11990,0,1739484208
11991,0,4012842404
11992,0,2682840777
11993,0,3842076017
11994,0,3712617958
11995,0,36106301
11996,0,1476852621
11997,0,1771314934
11998,0,2736771507
11999,0,2082093511
12000,0,1601851030
12001,0,3283631490
12002,0,1158410054
12003,0,612718039
12004,0,1237429192
12005,0,3953796884
12006,0,1180100272
12007,0,3398817264
12008,0,1968591173
12009,0,1353413050
12010,0,3977900148
12011,0,2985567775
12012,0,2479639556
12013,0,1406461282
12014,0,543201566
12015,0,1529567071
12016,0,164976735
12017,0,4177776432
12018,0,2622777090
12019,0,103924824
12020,0,3923884965
12021,0,205252879
12022,0,1381761474
12023,0,2665559792
12024,0,3218224911
12025,0,3745962326
12026,0,2314172256
12027,0,2271992001
12028,0,1912822264
12029,0,1052178854
12030,0,3519767943
12031,0,302038138
12032,0,3411593261
12033,0,2583503203
12034,0,2281352939
12035,0,2530433272
12036,0,1145628126
12037,0,1183989063
12038,0,643917466
12039,0,1559649187
12040,0,1741454370
12041,0,3779152070
12042,0,3278139818
12043,0,3883136834
12044,0,2867104367
12045,0,1317503195
12046,0,1829457205
12047,0,2433745667
12048,0,3212139739
12049,0,2301158188
12050,0,1021843658
12051,0,3252265330
12052,0,1258613417
12053,0,476418465
12054,0,1684879273
12055,0,2442570309
12056,0,3743100266
12057,0,3966776849
12058,0,3170765384
12059,0,3411126003
12060,0,242786228
12061,0,2890678035
12062,0,1583813188
12063,0,970343987
12064,0,3541797339
12065,0,3862405547
12066,0,1381752298
12067,0,355969593
12068,0,4000299553
12069,0,1012482100
12070,0,2678491515
12071,0,2679114207
12072,0,1342141914
12073,0,2311637624
12074,0,2155332955
12075,0,1666170773
12076,0,51899563
12077,0,786206378
12078,0,1580971246
12079,0,1013610269
12080,0,599008633
12081,0,1148291188
12082,0,3667487659
12083,0,174226429
12084,0,3869431571
12085,0,878563155
12086,0,994760840
12087,0,1797716997
12088,0,543607958
12089,0,3346693612
12090,0,2419099759
12091,0,2794993361
12092,0,2819266800
12093,0,2575845946
12094,0,2301037053
12095,0,1795892177
12096,0,705249636
12097,0,1184747190
12098,0,371544947
12099,0,891733910
12100,0,1465540348
12101,0,2352990078
12102,0,4007108566
12103,0,3095886144
12104,0,2722431095
12105,0,1261947666
12106,0,4176450872
12107,0,1130009500
12108,0,873101832
12109,0,304329229
12110,0,3894814652
12111,0,3068627796
12112,0,3056089810
12113,0,2671144715
12114,0,137620064
12115,0,3666201407
12116,0,530662158
12117,0,3486745902
12118,0,1370834997
12119,0,4005632492
12120,0,1919098194
12121,0,686023542
12122,0,3308007216
12123,0,1502340597
12124,0,2208283279
12125,0,3976363496
12126,0,4116363863
12127,0,3759235263
12128,0,1289367868
12129,0,1430993922
12130,0,1806158215
12131,0,3229317452
12132,0,1158115909
12133,0,3267328930
12134,0,2494465447
12135,0,3344085738
12136,0,2969106381
12137,0,1847662957
12138,0,3969868427
12139,0,420372332
12140,0,2392159677
12141,0,612003884
12142,0,629630835
12143,0,3829734183
12144,0,2736442967
12145,0,2698654943
12146,0,779442207
12147,0,732540452
12148,0,3553166162
12149,0,2277796579
12150,0,1503263311
12151,0,3168079303
12152,0,2966523217
12153,0,2919649388
12154,0,3849826121
12155,0,55470022
12156,0,963560381
12157,0,3258676497
12158,0,1069115645
12159,0,1182725230
12160,0,2895461267
12161,0,1997312608
12162,0,1297938624
12163,0,2597760418
12164,0,2738587763
12165,0,2491788361
12166,0,10421551
12167,0,3882365810
12168,0,3251011025
12169,0,3254191887
12170,0,63440644
12171,0,1714967696
12172,0,4192615013
12173,0,3959038768
12174,0,1544743742
12175,0,802183940
12176,0,2997478108
12177,0,1354141957
12178,0,3495459214
12179,0,844304762
12180,0,1609781700
12181,0,2360520449
12182,0,4077819560
12183,0,447434469
12184,0,495795358
12185,0,4190802865
12186,0,3693095823
12187,0,4083499975
12188,0,950814569
12189,0,3093747305
12190,0,936583356
12191,0,727032478
12192,0,2143522493
12193,0,3432062807
12194,0,693674
12195,0,88105557
12196,0,676469968
12197,0,315428788
12198,0,3561034505
12199,0,841567033
12200,0,1921168734
12201,0,2701495818
12202,0,140249960
12203,0,2937631216
12204,0,2650489091
12205,0,1320166958
12206,0,80585108
12207,0,2937078923
12208,0,1471127083
12209,0,692006878
12210,0,1414905404
12211,0,2447094101
12212,0,433927949
12213,0,1487264499
12214,0,2625809102
12215,0,4072327747
12216,0,3584887034
12217,0,3808175811
12218,0,2729103345
12219,0,2445728059
12220,0,382866731
12221,0,3667705104
12222,0,3941460591
12223,0,2745439839
12224,0,2684747899
12225,0,1629708191
12226,0,1355277335
12227,0,619648149
12228,0,164045515
12229,0,1582871684
12230,0,1372196064
12231,0,446078379
12232,0,3981491834
12233,0,2842682773
12234,0,4000350235
12235,0,805337954
12236,0,3538468436
12237,0,1634321509
12238,0,1699502711
12239,0,777741238
12240,0,127784608
12241,0,343443588
12242,0,2825473072
12243,0,3155072039
12244,0,3217174306
12245,0,3202634769
12246,0,3098258018
12247,0,1897275057
12248,0,3939278321
12249,0,1461889096
12250,0,1197376253
12251,0,1999390429
12252,0,17087974
12253,0,1103028730
12254,0,767297658
12255,0,986765891
12256,0,311294831
12257,0,300547711
12258,0,3941016812
12259,0,3241073137
12260,0,1477340121
12261,0,1003826435
12262,0,1356154137
12263,0,4139072866
12264,0,1916004398
12265,0,3925072149
12266,0,3371646941
12267,0,3466429243
12268,0,2711704710
12269,0,3976983262
12270,0,4183758262
12271,0,1725091842
12272,0,2793620235
12273,0,313183034
12274,0,846755164
12275,0,2796457365
12276,0,2493437307
12277,0,2281954819
12278,0,2344303522
12279,0,1965995365
12280,0,3553284132
12281,0,2953612451
12282,0,310866319
12283,0,1785402708
12284,0,284407732
12285,0,2795868790
12286,0,2306889827
12287,0,3540213125
12288,0,247568935
12289,0,2368337989
12290,0,4127271925
12291,0,3162745610
12292,0,4122177691
12293,0,4021023787
12294,0,3035974460
12295,0,2949282645
12296,0,4105554853
12297,0,4125681125
12298,0,3285325999
12299,0,2553323852
12300,0,255168320
12301,0,1701303790
12302,0,1687231075
12303,0,3161876525
12304,0,1594745364
12305,0,2326619603
12306,0,3841314264
12307,0,4103244959
12308,0,86441471
12309,0,2310498003
12310,0,3368794309
12311,0,1169924780
12312,0,204042555
12313,0,1674446780
12314,0,3288535584
12315,0,1856987491
12316,0,3538633826
12317,0,4136399729
12318,0,1689227008
12319,0,1018655047
12320,0,2170616072
12321,0,1450668840
12322,0,3126315777
12323,0,634296794
12324,0,675411616
12325,0,3291103402
12326,0,198676501
12327,0,3279737631
12328,0,2063396240
12329,0,245192919
12330,0,360360084
12331,0,1298734240
12332,0,2975354910
12333,0,3491920851
12334,0,1951587231
12335,0,3406081519
12336,0,2308256979
12337,0,3471256020
12338,0,1349139322
12339,0,4155207672
12340,0,3503323282
12341,0,663271699
12342,0,636676486
12343,0,1619044615
12344,0,3249408311
12345,0,295028499
12346,0,2273937064
12347,0,1556577734
12348,0,3699600217
12349,0,2364171789
12350,0,3311363352
12351,0,376589606
12352,0,2881708362
12353,0,983700831
12354,0,2033246779
12355,0,3414270080
12356,0,229258824
12357,0,654404825
12358,0,1507031828
12359,0,3767396812
12360,0,3946620374
12361,0,2404194485
12362,0,2804841880
12363,0,2067034902
12364,0,1603272221
12365,0,2848835931
12366,0,204637224
12367,0,3393381395
12368,0,1322852627
12369,0,899021230
12370,0,3736068926
12371,0,2077128986
12372,0,692129516
12373,0,453893858
12374,0,3135774666
12375,0,2603707138
12376,0,2088727914
12377,0,3365796963
12378,0,2502253195
12379,0,4042298257
12380,0,3000670416
12381,0,3655200304
12382,0,3881851805
12383,0,1851932436
12384,0,429248852
12385,0,3563000299
12386,0,4197396890
12387,0,2677247252
12388,0,673069964
12389,0,43404123
12390,0,3025443333
12391,0,3314620527
12392,0,890105601
12393,0,2505893271
12394,0,875441504
12395,0,3251167617
12396,0,1659715805
12397,0,2485530982
12398,0,324129795
12399,0,333823371
12400,0,784694145
12401,0,3071701051
12402,0,1530182355
12403,0,1102651492
12404,0,3540501886
12405,0,1588200938
12406,0,3707639489
12407,0,3672179602
12408,0,2834621883
12409,0,3157290202
12410,0,2227566063
12411,0,1970868915
12412,0,2999221668
12413,0,2473361564
12414,0,1822369091
12415,0,2396465752
12416,0,3017575452
12417,0,1773976403
12418,0,604119864
12419,0,1825010250
12420,0,3544191661
12421,0,4088307399
12422,0,784052604
12423,0,1243069430
12424,0,273517826
12425,0,2623415156
12426,0,1579246316
12427,0,1038590354
12428,0,4083493496
12429,0,2473209037
12430,0,143593780
12431,0,3214239840
12432,0,1102398636
12433,0,3442915260
12434,0,1676046812
12435,0,375996786
12436,0,4137997425
12437,0,3916599012
12438,0,2909013203
12439,0,2452633516
12440,0,209339406
12441,0,3683608595
12442,0,3878648309
12443,0,170549853
12444,0,2321403085
12445,0,1263194319
12446,0,993277094
12447,0,162915510
12448,0,290241223
12449,0,1150754925
12450,0,3015758880
12451,0,2178191554
12452,0,1784151460
12453,0,696638965
12454,0,3579685352
12455,0,1819517656
12456,0,490567500
12457,0,3376511590
12458,0,666166624
12459,0,3624904044
12460,0,3101971613
12461,0,2089441638
12462,0,3279344661
12463,0,662398223
12464,0,814660770
12465,0,72051407
12466,0,1262843526
12467,0,1462586828
12468,0,738386502
12469,0,2030654979
12470,0,720036615
12471,0,2815242242
12472,0,946039908
12473,0,3893826803
12474,0,1537689431
12475,0,3673301201
12476,0,1138866949
12477,0,3836021221
12478,0,4138266121
12479,0,2254359581
12480,0,396997007
12481,0,311453987
12482,0,3912554969
12483,0,871881502
12484,0,3659240916
12485,0,3163123972
12486,0,3349066320
12487,0,725872122
12488,0,2305578500
12489,0,1983262098
12490,0,3271736912
12491,0,232157876
12492,0,3012754932
12493,0,1772976034
12494,0,745788878
12495,0,2408442827
12496,0,1818674321
12497,0,711156619
12498,0,2220241090
12499,0,193228101
12500,0,1136477235
12501,0,2354144366
12502,0,3141694464
12503,0,1300484801
12504,0,3433483436
12505,0,3009118357
12506,0,2858510097
12507,0,1457753680
12508,0,3256493380
12509,0,1357784509
12510,0,526400945
12511,0,34876058
12512,0,1872891417
12513,0,3796245513
12514,0,421704106
12515,0,2917995009
12516,0,4195061559
12517,0,4131943137
12518,0,4203869067
12519,0,1493094043
12520,0,2760912813
12521,0,2380152063
12522,0,41861695
12523,0,2635115331
12524,0,2271830175
12525,0,3290460514
12526,0,2340870372
12527,0,1137993097
12528,0,599876955
12529,0,3794427694
12530,0,2419503849
12531,0,2333968988
12532,0,1888811415
12533,0,460039876
12534,0,2580624061
12535,0,1331651262
12536,0,3256259706
12537,0,60971766
12538,0,1466658696
12539,0,1775512165
12540,0,2139584777
12541,0,2221160986
12542,0,1741163177
12543,0,3040748807
12544,0,1441330503
12545,0,591801351
12546,0,1041322980
12547,0,2580997010
12548,0,4046760256
12549,0,3884970638
12550,0,572125761
12551,0,2523550025
12552,0,1411445352
12553,0,131546270
12554,0,3906280252
12555,0,1038443077
12556,0,2753353971
12557,0,3746974002
12558,0,3631235914
12559,0,3543401350
12560,0,1004121764
12561,0,3483901410
12562,0,1318274792
12563,0,4018465839
12564,0,841453775
12565,0,3355183824
12566,0,2455968227
12567,0,3669960908
12568,0,3413136639
12569,0,4229256456
12570,0,2151396370
12571,0,562587278
12572,0,2255467618
12573,0,1822051955
12574,0,2413012985
12575,0,2662578063
12576,0,3758511726
12577,0,1941693035
12578,0,4045813648
12579,0,3444679482
12580,0,3756354433
12581,0,540748715
12582,0,3968026764
12583,0,935576293
12584,0,3161972842
12585,0,1328188087
12586,0,3522221225
12587,0,2815931003
12588,0,1653058647
12589,0,1991114225
12590,0,3949237880
12591,0,1289682701
12592,0,4108174546
12593,0,3300130001
12594,0,3726223845
12595,0,2408247959
12596,0,3939972379
12597,0,2197698305
12598,0,3352859854
12599,0,2103899054
12600,0,3246335687
12601,0,2438813332
12602,0,1249288499
12603,0,1413565819
12604,0,3224134156
12605,0,3251979130
12606,0,1593623367
12607,0,337396141
12608,0,1291103710
12609,0,4038012505
12610,0,3118766475
12611,0,1885892801
12612,0,2961019097
12613,0,1320193194
12614,0,3147400248
12615,0,3905353559
12616,0,4088235105
12617,0,655440849
12618,0,218654564
12619,0,1031279958
12620,0,3314261343
12621,0,1915023279
12622,0,368996519
12623,0,2796902162
12624,0,2260022809
12625,0,783729250
12626,0,698735359
12627,0,3451126722
12628,0,4097884580
12629,0,1660077150
12630,0,1968846114
12631,0,1278474109
12632,0,1767214195
12633,0,3282797534
12634,0,3386072310
12635,0,3958667216
12636,0,3301371831
12637,0,1060136655
12638,0,1322940507
12639,0,1005719251
12640,0,1059203879
12641,0,848836228
12642,0,3177003168
12643,0,1399817476
12644,0,3659909251
12645,0,92715577
12646,0,2332006521
12647,0,1205867681
12648,0,3958822267
12649,0,443291447
12650,0,2313016626
12651,0,1544166767
12652,0,3948520764
12653,0,540480163
12654,0,2382455250
12655,0,3847579951
12656,0,1181028343
12657,0,350755706
12658,0,3882698649
12659,0,3159771798
12660,0,3583160980
12661,0,4224589300
12662,0,912308300
12663,0,206321656
12664,0,3705480833
12665,0,2041211495
12666,0,2822017684
12667,0,1990720327
12668,0,2955193248
12669,0,2403833864
12670,0,4103234379
12671,0,2811279862
12672,0,3919493215
12673,0,3963463093
12674,0,1240340464
12675,0,3910802808
12676,0,4229712994
12677,0,3348554730
12678,0,1721658879
12679,0,3474642319
12680,0,549753882
12681,0,4206242329
12682,0,3243747715
12683,0,3097339312
12684,0,2304759557
12685,0,72783258
12686,0,173171688
12687,0,2210881311
12688,0,1823861421
12689,0,3991169533
12690,0,2074397584
12691,0,3087132059
12692,0,317341570
12693,0,4132500719
12694,0,4049695145
12695,0,903085667
12696,0,166254316
12697,0,1973334454
12698,0,3601607714
12699,0,908129142
12700,0,562744689
12701,0,2092891395
12702,0,3234290956
12703,0,1203756895
12704,0,920145877
12705,0,3682400452
12706,0,3371107382
12707,0,626249794
12708,0,3022799375
12709,0,2983869209
12710,0,563439845
12711,0,498621057
12712,0,3420868437
12713,0,1133585459
12714,0,2247721144
12715,0,137728943
12716,0,4064673647
12717,0,4172222171
12718,0,939011649
12719,0,1949498489
12720,0,1543830855
12721,0,3055808177
12722,0,3040920107
12723,0,230384009
12724,0,1355045068
12725,0,2691371362
12726,0,2325821537
12727,0,402954327
12728,0,3939076048
12729,0,2622403561
12730,0,205875440
12731,0,2319201277
12732,0,2217815644
12733,0,2661624449
12734,0,1163393051
12735,0,4039926545
12736,0,16739801
12737,0,1170428955
12738,0,3343144155
12739,0,4131214516
12740,0,3386156737
12741,0,4237926567
12742,0,3643390145
12743,0,671880441
12744,0,4177483696
12745,0,1394772020
12746,0,1185230310
12747,0,2150240554
12748,0,2213098893
12749,0,239084289
12750,0,1310770225
12751,0,2189370146
12752,0,2775668175
12753,0,1993783115
12754,0,2815389140
12755,0,80532782
12756,0,1396840794
12757,0,490962094
12758,0,671497573
12759,0,452443312
12760,0,1096321536
12761,0,1393353612
12762,0,551387762
12763,0,2195901787
12764,0,2993807135
12765,0,3151823126
12766,0,1678135753
12767,0,1776024598
12768,0,3716141178
12769,0,3378576258
12770,0,336249290
12771,0,3393674675
12772,0,534021163
12773,0,1701172195
12774,0,1008882063
12775,0,3026377286
12776,0,174577587
12777,0,3802673307
12778,0,1944025606
12779,0,258047337
12780,0,960883951
12781,0,533831395
12782,0,2914055237
12783,0,3560552185
12784,0,3191477962
12785,0,1619410907
12786,0,1222410437
12787,0,3226327111
12788,0,333822277
12789,0,1029975875
12790,0,2836296613
12791,0,2284249880
12792,0,3707563642
12793,0,1732399747
12794,0,2404820298
12795,0,604429845
12796,0,121913111
12797,0,2490726340
12798,0,1798355650
12799,0,4050672182
12800,0,3155521364
12801,0,771953355
12802,0,3339765798
12803,0,479756972
12804,0,2506988938
12805,0,4249162340
12806,0,3191734752
12807,0,3192251073
12808,0,1101380143
12809,0,719588031
12810,0,3720631206
12811,0,2712123326
12812,0,3176914646
12813,0,380555094
12814,0,667514484
12815,0,704228375
12816,0,2467497834
12817,0,2352606261
12818,0,2254277034
12819,0,3664941534
12820,0,2171316922
12821,0,1940816932
12822,0,3328238481
12823,0,2554822040
12824,0,2306640418
12825,0,522191358
12826,0,4242931793
12827,0,2708208327
12828,0,408800798
12829,0,2455078129
12830,0,2075985684
12831,0,2963455451
12832,0,70018231
12833,0,2682445226
12834,0,1319636897
12835,0,2765949423
12836,0,3120400639
12837,0,347077966
12838,0,2345619821
12839,0,1572532764
12840,0,2094469088
12841,0,943943637
12842,0,3800384553
12843,0,168322057
12844,0,3617697517
12845,0,2918417843
12846,0,1978984753
12847,0,4068808280
12848,0,1502212511
12849,0,2432592386
12850,0,3934166909
12851,0,196433173
12852,0,2212697694
12853,0,3292299146
12854,0,846092268
12855,0,3940998917
12856,0,298489670
12857,0,661433399
12858,0,4020813058
12859,0,4179141062
12860,0,1227029910
12861,0,3298225438
12862,0,1066471684
12863,0,2877449308
12864,0,3123577740
12865,0,833120963
12866,0,2733802459
12867,0,2746927487
12868,0,2822754965
12869,0,533082051
12870,0,2650437980
12871,0,2296616628
12872,0,3164085870
12873,0,1441118532
12874,0,3143912546
12875,0,1877653462
12876,0,454885534
12877,0,3671932473
12878,0,3730716212
12879,0,193983864
12880,0,1362195176
12881,0,2464540318
12882,0,3908043045
12883,0,4065229999
12884,0,2259405314
12885,0,43338519
12886,0,3574080364
12887,0,4259098654
12888,0,272104401
12889,0,116925079
12890,0,1475525506
12891,0,282952611
12892,0,3047148823
12893,0,3416025641
12894,0,2650030565
12895,0,2899675937
12896,0,2877627097
12897,0,320465014
12898,0,3975205085
12899,0,730496680
12900,0,4021738599
12901,0,3011438906
12902,0,2775211222
12903,0,820878958
12904,0,3877888062
12905,0,4289321004
12906,0,1361802554
12907,0,3456726396
12908,0,4101382351
12909,0,1033160696
12910,0,135871725
12911,0,3742756559
12912,0,994822793
12913,0,21216004
12914,0,2990736053
12915,0,2427239519
12916,0,3821839948
12917,0,2544280590
12918,0,667940413
12919,0,4161760665
12920,0,2721361831
12921,0,3486178471
12922,0,529573768
12923,0,1733682488
12924,0,2778960097
12925,0,541375742
12926,0,1287636339
12927,0,908988443
12928,0,3416410145
12929,0,3596814130
12930,0,1713803888
12931,0,963756228
12932,0,742477424
12933,0,3026639447
12934,0,2326640097
12935,0,3189831369
12936,0,3217641493
12937,0,750576880
12938,0,3027574977
12939,0,499914263
12940,0,2128186256
12941,0,3135120613
12942,0,3054879556
12943,0,3252013882
12944,0,1860459267
12945,0,1426944481
12946,0,2635375449
12947,0,646937382
12948,0,4103087539
12949,0,4108421536
12950,0,2137555466
12951,0,2316781150
12952,0,961171760
12953,0,518092870
12954,0,215856882
12955,0,4202091923
12956,0,944774097
12957,0,1584328388
12958,0,4118007039
12959,0,291584937
12960,0,4103345347
12961,0,3078993765
12962,0,743173617
12963,0,1867072619
12964,0,3208967849
12965,0,329845313
12966,0,1858557201
12967,0,147051331
12968,0,668649686
12969,0,2798043510
12970,0,2750414402
12971,0,3637877361
12972,0,418019388
12973,0,2857872010
12974,0,3219022889
12975,0,406113540
12976,0,3004544014
12977,0,3071979076
12978,0,3097082509
12979,0,1992552521
12980,0,294670764
12981,0,1864258494
12982,0,139583562
12983,0,3209688742
12984,0,1928977163
12985,0,2055956263
12986,0,3684568592
12987,0,1373398270
12988,0,1966768575
12989,0,2225280025
12990,0,573089321
12991,0,3948820159
12992,0,1460897594
12993,0,3647884480
12994,0,238998491
12995,0,1560209113
12996,0,2224381867
12997,0,3278187387
12998,0,2806347710
12999,0,1071964039
13000,0,647617581
13001,0,3197249219
13002,0,3003991846
13003,0,1725485202
13004,0,3852431383
13005,0,2016358137
13006,0,603471905
13007,0,1416810047
13008,0,3138401349
13009,0,243375017
13010,0,2204110643
13011,0,3527663728
13012,0,1744526742
13013,0,2239426034
13014,0,3227317136
13015,0,2616544359
13016,0,2102337083
13017,0,1334714015
13018,0,132820625
13019,0,355227181
13020,0,1658749689
13021,0,3804138649
13022,0,1453004015
13023,0,3034264428
13024,0,2221776087
13025,0,3374023340
13026,0,2424676203
13027,0,1316304191
13028,0,4068903830
13029,0,1568610284
13030,0,1339805069
13031,0,4213481912
13032,0,2371964945
13033,0,1258772384
13034,0,2677271673
13035,0,2710246295
13036,0,3167477515
13037,0,577851230
13038,0,2026625267
13039,0,2036505145
13040,0,1854949963
13041,0,2633641287
13042,0,4077296686
13043,0,820691343
13044,0,1941547426
13045,0,2536805988
13046,0,3136980888
13047,0,2872549660
13048,0,3180715094
13049,0,3321689209
13050,0,890028480
13051,0,195460122
13052,0,1083088648
13053,0,4271178079
13054,0,2305232384
13055,0,2084597811
13056,0,1838189610
13057,0,4272666144
13058,0,2240917751
13059,0,3262000944
13060,0,4136481396
13061,0,1486966965
13062,0,609154094
13063,0,2745327659
13064,0,457804024
13065,0,1619339187
13066,0,1243059402
13067,0,2841614637
13068,0,356029968
13069,0,4171769933
13070,0,1235166525
13071,0,170043265
13072,0,2223486440
13073,0,896209493
13074,0,3004342629
13075,0,15740346
13076,0,2913635385
13077,0,2039977935
13078,0,3869801848
13079,0,3387307675
13080,0,3919540513
13081,0,4040232316
13082,0,4272053667
13083,0,400196136
13084,0,3026951431
13085,0,1051247266
13086,0,4184779356
13087,0,2827138446
13088,0,944920695
13089,0,416070393
13090,0,2112387888
13091,0,591793303
13092,0,3091669597
13093,0,3717801787
13094,0,3602467588
13095,0,82782696
13096,0,3684268321
13097,0,1662602399
13098,0,467382938
13099,0,3700445086
13100,0,2032091343
13101,0,2983977420
13102,0,1906499741
13103,0,2610667237
13104,0,3769504262
13105,0,2134289745
13106,0,4178041855
13107,0,1300193955
13108,0,2218857718
13109,0,2100262073
13110,0,3837505989
13111,0,3270002692
13112,0,3070039024
13113,0,2229284753
13114,0,2740694040
13115,0,230697460
13116,0,388701419
13117,0,3799945392
13118,0,1031378948
13119,0,3243964472
13120,0,947640828
13121,0,734753694
13122,0,4071274754
13123,0,350212903
13124,0,970181434
13125,0,1445054304
13126,0,3077828806
13127,0,3825326611
13128,0,926508018
13129,0,1940055153
13130,0,3400969991
13131,0,4120794412
13132,0,3628244113
13133,0,4056929881
13134,0,1805289659
13135,0,1798523485
13136,0,1298499393
13137,0,1278667111
13138,0,2991750314
13139,0,1160711017
13140,0,739070024
13141,0,1183218186
13142,0,2972230601
13143,0,258735425
13144,0,1757364512
13145,0,2482711757
13146,0,977012860
13147,0,3712575813
13148,0,4233600981
13149,0,4194973795
13150,0,499571424
13151,0,365792269
13152,0,767802187
13153,0,267662814
13154,0,2696519257
13155,0,4247522272
13156,0,4132867272
13157,0,3728505551
13158,0,2111045085
13159,0,1331937737
13160,0,3691362020
13161,0,838431368
13162,0,3936868060
13163,0,536314530
13164,0,466950931
13165,0,2924727880
13166,0,617485605
13167,0,724698128
13168,0,498469064
13169,0,1229174143
13170,0,3261406121
13171,0,1125216001
13172,0,2967369561
13173,0,3096993827
13174,0,655824845
13175,0,2016703098
13176,0,957505959
13177,0,3522289076
13178,0,2728540791
13179,0,1484372129
13180,0,2195213815
13181,0,3887849668
13182,0,4022767541
13183,0,4164297997
13184,0,2518624890
13185,0,425339282
13186,0,3512775526
13187,0,646843616
13188,0,90018377
13189,0,1435095459
13190,0,2551007709
13191,0,401136006
13192,0,2547770026
13193,0,2589211341
13194,0,3166641451
13195,0,3159361126
13196,0,789552424
13197,0,1240767709
13198,0,2542103722
13199,0,2014709218
13200,0,2917740375
13201,0,2289230230
13202,0,1548303734
13203,0,119525413
13204,0,1585109928
13205,0,2767518927
13206,0,1456287321
13207,0,2479393946
13208,0,3374988119
13209,0,1179849367
13210,0,2755523191
13211,0,1410397838
13212,0,316894766
13213,0,2616501789
13214,0,3923194182
13215,0,4026605977
13216,0,1384061824
13217,0,2431067111
13218,0,3890531562
13219,0,2974796054
13220,0,1170770208
13221,0,3380136342
13222,0,3641071571
13223,0,1820064653
13224,0,1916801800
13225,0,1946437656
13226,0,1575085563
13227,0,1250435028
13228,0,1730533069
13229,0,1652498003
13230,0,3071471529
13231,0,3054559642
13232,0,3999098347
13233,0,518305787
13234,0,2338975030
13235,0,1864481905
13236,0,1297724646
13237,0,57436548
13238,0,1170832362
13239,0,1010161840
13240,0,1666252545
13241,0,3937192569
13242,0,261726856
13243,0,1121932012
13244,0,3100791565
13245,0,2764226772
13246,0,1742727608
13247,0,3355196748
13248,0,3707313116
13249,0,266233789
13250,0,2786943753
13251,0,1173651671
13252,0,1747930656
13253,0,3163214965
13254,0,646244759
13255,0,3447512524
13256,0,2389418862
13257,0,3133526989
13258,0,389153267
13259,0,3062170837
13260,0,3588904090
13261,0,1884438502
13262,0,3262276113
13263,0,1211147305
13264,0,3389056019
13265,0,115279122
13266,0,702280620
13267,0,2724550427
13268,0,406870104
13269,0,2049011293
13270,0,2864074920
13271,0,1959755737
13272,0,4256586275
13273,0,3904244250
13274,0,392069856
13275,0,660524353
13276,0,539284858
13277,0,3958558687
13278,0,4079463867
13279,0,3565752467
13280,0,637169694
13281,0,348731810
13282,0,1280404444
13283,0,1148301929
13284,0,900318615
13285,0,2927575130
13286,0,2297450336
13287,0,2728260142
13288,0,2279584770
13289,0,1520851213
13290,0,2708572174
13291,0,2658141942
13292,0,1266662785
13293,0,624410406
13294,0,2293358511
13295,0,3687360429
13296,0,680617555
13297,0,2403044286
13298,0,936028056
13299,0,67851908
13300,0,3047677129
13301,0,2313527574
13302,0,2234024277
13303,0,894374228
13304,0,1004185126
13305,0,2362729609
13306,0,149803467
13307,0,3897162881
13308,0,753883853
13309,0,828750806
13310,0,1173890041
13311,0,1902331002
13312,0,4170449616
13313,0,1628039255
13314,0,3697798294
13315,0,525513196
13316,0,1687010875
13317,0,3122414686
13318,0,1617182645
13319,0,365913084
13320,0,3483597732
13321,0,3122844207
13322,0,3968795036
13323,0,2603384706
13324,0,2405075052
13325,0,347836327
13326,0,3433364736
13327,0,866010306
13328,0,2613662049
13329,0,2369788915
13330,0,1241096556
13331,0,3344428870
13332,0,1834578233
13333,0,749756486
13334,0,934196058
13335,0,3648386232
13336,0,2612670057
13337,0,278612754
13338,0,1189071406
13339,0,1288759683
13340,0,1844743955
13341,0,2126819864
13342,0,4169076027
13343,0,584342327
13344,0,2683245102
13345,0,3371660187
13346,0,4127464441
13347,0,3659213252
13348,0,1532837109
13349,0,1690284052
13350,0,3306311690
13351,0,1836689379
13352,0,1765314305
13353,0,1674247885
13354,0,3195754564
13355,0,2063986013
13356,0,325840714
13357,0,3201407339
13358,0,845892917
13359,0,578149043
13360,0,3177001570
13361,0,2034139818
13362,0,2216252927
13363,0,2054862636
13364,0,3212512515
13365,0,96161710
13366,0,3852044457
13367,0,1158979343
13368,0,139958997
13369,0,2594549043
13370,0,3480784114
13371,0,36885409
13372,0,1352478658
13373,0,1506261872
13374,0,2073323684
13375,0,647163748
13376,0,3961523051
13377,0,1156490349
13378,0,2617952220
13379,0,1523945764
13380,0,4141731548
13381,0,2949333695
13382,0,872738641
13383,0,2487086950
13384,0,334907982
13385,0,2369979697
13386,0,1364143011
13387,0,861480574
13388,0,3846920981
13389,0,1260272673
13390,0,533796844
13391,0,2562565690
13392,0,2737107175
13393,0,2587476251
13394,0,3779392214
13395,0,2631902841
13396,0,1778842705
13397,0,68965495
13398,0,1556911358
13399,0,70601015
13400,0,258738302
13401,0,1108502191
13402,0,3593975884
13403,0,117125811
13404,0,1963015749
13405,0,201282305
13406,0,3531569678
13407,0,2599040689
13408,0,1538485583
13409,0,4115160578
13410,0,797198726
13411,0,1882161500
13412,0,2156685982
13413,0,3056214609
13414,0,3194951489
13415,0,3429120322
13416,0,583516260
13417,0,2209254689
13418,0,324665508
13419,0,983271779
13420,0,1028545464
13421,0,823997476
13422,0,1688601320
13423,0,999375413
13424,0,1764397086
13425,0,1577123018
13426,0,1923751110
13427,0,392843199
13428,0,2368577233
13429,0,3758331114
13430,0,3243059461
13431,0,3923434835
13432,0,4234963211
13433,0,1491797005
13434,0,893239096
13435,0,3649385717
13436,0,2624504952
13437,0,3638372104
13438,0,4223613910
13439,0,2222670644
13440,0,2206931217
13441,0,4118831589
13442,0,3458931291
13443,0,23441803
13444,0,1573244417
13445,0,1689656419
13446,0,1082118206
13447,0,4117884226
13448,0,3554733294
13449,0,30683600
13450,0,2048931527
13451,0,3823501275
13452,0,3754462036
13453,0,451931301
13454,0,136109080
13455,0,3765251895
13456,0,4109783986
13457,0,4001469106
13458,0,1176512505
13459,0,423359574
13460,0,2442262094
13461,0,1146379682
13462,0,871313426
13463,0,1749960292
13464,0,2966442629
13465,0,3935655781
13466,0,1329806457
13467,0,827132927
13468,0,2523324198
13469,0,4257547527
13470,0,4057775381
13471,0,2847665002
13472,0,1309597985
13473,0,3615198900
13474,0,1929830818
13475,0,1231827291
13476,0,664922616
13477,0,1229091415
13478,0,3860507571
13479,0,3741242021
13480,0,2447666928
13481,0,2608233805
13482,0,3475051362
13483,0,1156160836
13484,0,2674260580
13485,0,621028464
13486,0,2428822037
13487,0,2622410390
13488,0,4128876376
13489,0,2628387329
13490,0,1101251316
13491,0,106340170
13492,0,1648953141
13493,0,392120866
13494,0,1031131343
13495,0,1793203289
13496,0,72103245
13497,0,3730789343
13498,0,2964426861
13499,0,3576846163
13500,0,1691840351
13501,0,2930095073
13502,0,65695277
13503,0,2345848442
13504,0,304746725
13505,0,1457882942
13506,0,642036703
13507,0,3084809152
13508,0,1299164531
13509,0,2700325747
13510,0,86687645
13511,0,167766225
13512,0,1750329027
13513,0,2247760966
13514,0,136663199
13515,0,3840594180
13516,0,1737212481
13517,0,3888011680
13518,0,3183719237
13519,0,3200623760
13520,0,1084462811
13521,0,2103776007
13522,0,1068895269
13523,0,946386108
13524,0,4045101987
13525,0,3615597588
13526,0,2204755765
13527,0,1315702450
13528,0,436083727
13529,0,2509092656
13530,0,1310684709
13531,0,3148566344
13532,0,2584144713
13533,0,2861758270
13534,0,2061299076
13535,0,183490674
13536,0,3453874370
13537,0,192195872
13538,0,1154263880
13539,0,3843928282
13540,0,870183545
13541,0,1069548208
13542,0,3444945435
13543,0,432741776
13544,0,895300908
13545,0,3974588112
13546,0,126992142
13547,0,1048347126
13548,0,1711328311
13549,0,2403626356
13550,0,1605856289
13551,0,4098994744
13552,0,2160899411
13553,0,3669824096
13554,0,1725230360
13555,0,2508555459
13556,0,2258845677
13557,0,3397584642
13558,0,3858846803
13559,0,1575030998
13560,0,2156268107
13561,0,2015764268
13562,0,3283852141
13563,0,2853831622
13564,0,2788452375
13565,0,1306864652
13566,0,3841974270
13567,0,4278329278
13568,0,812624289
13569,0,1848019596
13570,0,1369306071
13571,0,319545508
13572,0,2364912203
13573,0,1831153077
13574,0,3673085564
13575,0,67869676
13576,0,2578590391
13577,0,1081097317
13578,0,3094039803
13579,0,4017931297
13580,0,2296587389
13581,0,1643297579
13582,0,3832532064
13583,0,2711326897
13584,0,2721511319
13585,0,3829471061
13586,0,332485632
13587,0,326655400
13588,0,23554062
13589,0,1623005597
13590,0,2991969050
13591,0,249853729
13592,0,2147676929
13593,0,305478192
13594,0,455045545
13595,0,1349471420
13596,0,2263521344
13597,0,1773970577
13598,0,1492236998
13599,0,2592141138
13600,0,1782018055
13601,0,47026588
13602,0,2939647363
13603,0,1902222656
13604,0,469645476
13605,0,1102056689
13606,0,1173327910
13607,0,1250587059
13608,0,2470342221
13609,0,2148255734
13610,0,3864660492
13611,0,1147201953
13612,0,1942504555
13613,0,333848809
13614,0,680921492
13615,0,3711653254
13616,0,1190266403
13617,0,3237659192
13618,0,2399945382
13619,0,3964182602
13620,0,4034007338
13621,0,4172679201
13622,0,267693048
13623,0,3421974813
13624,0,2537847063
13625,0,347353508
13626,0,3265258596
13627,0,4235990733
13628,0,2853485183
13629,0,2519981714
13630,0,1373430818
13631,0,1715508046
13632,0,3245075387
13633,0,1065771797
13634,0,2406737415
13635,0,2245821470
13636,0,3199637649
13637,0,3644147235
13638,0,1339213243
13639,0,4224741161
13640,0,814985811
13641,0,2649216735
13642,0,2159848801
13643,0,3070261961
13644,0,3011107397
13645,0,2383869437
13646,0,1166461065
13647,0,241401474
13648,0,1473430843
13649,0,3787584161
13650,0,757207051
13651,0,2336994522
13652,0,1203883122
13653,0,3082410485
13654,0,476105078
13655,0,2895081969
13656,0,345990537
13657,0,4259908190
13658,0,1224091119
13659,0,87816842
13660,0,926576735
13661,0,1594111015
13662,0,3919029255
13663,0,3221101324
13664,0,4016770339
13665,0,1462395588
13666,0,1966014685
13667,0,866755239
13668,0,4166347385
13669,0,4132863604
13670,0,176469432
13671,0,441225089
13672,0,4230062527
13673,0,3402797876
13674,0,2386539182
13675,0,1965268475
13676,0,3573753877
13677,0,2956710581
13678,0,2278549475
13679,0,491058490
13680,0,4288507307
13681,0,388805471
13682,0,2846190716
13683,0,2172068681
13684,0,3336046854
13685,0,955119034
13686,0,1292117111
13687,0,4175345394
13688,0,3994869682
13689,0,3367898535
13690,0,676842850
13691,0,4001846911
13692,0,2371764027
13693,0,496383623
13694,0,3012681636
13695,0,2227595606
13696,0,3038171675
13697,0,2246390673
13698,0,1366771994
13699,0,3000955696
13700,0,4221593836
13701,0,554690034
13702,0,1804119658
13703,0,3070228552
13704,0,1999456979
13705,0,278919400
13706,0,533948937
13707,0,551295808
13708,0,3577551322
13709,0,3066706425
13710,0,3478733155
13711,0,165612025
13712,0,4109102249
13713,0,2796522198
13714,0,2841199788
13715,0,3093040394
13716,0,106393460
13717,0,2626342824
13718,0,1787432951
13719,0,1173074925
13720,0,1096240870
13721,0,3119550147
13722,0,2906644535
13723,0,1981562315
13724,0,3305211449
13725,0,1293764506
13726,0,1478547661
13727,0,605188977
13728,0,636530607
13729,0,816816653
13730,0,1495428922
13731,0,2355203672
13732,0,149995821
13733,0,175653287
13734,0,1272492193
13735,0,3831199399
13736,0,3681923040
13737,0,3216673828
13738,0,703667291
13739,0,1161123238
13740,0,532524710
13741,0,3880667602
13742,0,3774333928
13743,0,164837901
13744,0,3167159748
13745,0,3549090971
13746,0,2854744823
13747,0,3680379307
13748,0,4060253662
13749,0,3566902338
13750,0,1698784939
13751,0,2064674369
13752,0,2916536461
13753,0,2402166446
13754,0,881043763
13755,0,1964561857
13756,0,2612559921
13757,0,4234303534
13758,0,1537191997
13759,0,512792785
13760,0,164343439
13761,0,4283719874
13762,0,449787364
13763,0,1913303165
13764,0,2762296735
13765,0,2948843924
13766,0,148209516
13767,0,1076703984
13768,0,672889065
13769,0,2814973482
13770,0,613318956
13771,0,1640240217
13772,0,2326264382
13773,0,3386906894
13774,0,2465608110
13775,0,3434652207
13776,0,3344491633
13777,0,2701368026
13778,0,2572078390
13779,0,1575847170
13780,0,1157351204
13781,0,3220470859
13782,0,1071483605
13783,0,1584062294
13784,0,3045306198
13785,0,3444106018
13786,0,4105551156
13787,0,561023773
13788,0,846549396
13789,0,2427726679
13790,0,2919691960
13791,0,1793594576
13792,0,1714830793
13793,0,2422664398
13794,0,4062071825
13795,0,1209158207
13796,0,736163893
13797,0,2821589638
13798,0,1184971033
13799,0,1372000984
13800,0,3222612438
13801,0,3235165025
13802,0,2175778717
13803,0,3185095379
13804,0,3687998802
13805,0,2020979502
13806,0,202543334
13807,0,2680259521
13808,0,1485273021
13809,0,2019630117
13810,0,660056887
13811,0,2484430799
13812,0,629140633
13813,0,3313024271
13814,0,2315237379
13815,0,2701330684
13816,0,3280074418
13817,0,1471073081
13818,0,1476143101
13819,0,3011387900
13820,0,2675102172
13821,0,1819237496
13822,0,2078535304
13823,0,3228524465
13824,0,1367313234
13825,0,2728849496
13826,0,3910406094
13827,0,1968344248
13828,0,3161867674
13829,0,3965894904
13830,0,1003405830
13831,0,2453670881
13832,0,4105186719
13833,0,3514111710
13834,0,108203561
13835,0,2440405938
13836,0,2239616851
13837,0,3445799832
13838,0,3626968208
13839,0,2870633230
13840,0,134334163
13841,0,732719486
13842,0,1996275167
13843,0,3382870780
13844,0,2790559298
13845,0,3288753164
13846,0,410773935
13847,0,3431553544
13848,0,516756588
13849,0,878281676
13850,0,2149595740
13851,0,1779745993
13852,0,2738760815
13853,0,2966166006
13854,0,1303036399
13855,0,2809286564
13856,0,1045537799
13857,0,1358523535
13858,0,3497981275
13859,0,3563574289
13860,0,4065955587
13861,0,3028833599
13862,0,2077404968
13863,0,3904945747
13864,0,509516566
13865,0,1790676104
13866,0,2121966269
13867,0,1871700683
13868,0,3910119200
13869,0,2174716917
13870,0,1824744229
13871,0,341814710
13872,0,3704272130
13873,0,3342644951
13874,0,1831451300
13875,0,366994650
13876,0,3252608888
13877,0,1544265312
13878,0,3610687971
13879,0,22144294
13880,0,2203205724
13881,0,2691505136
13882,0,1634751833
13883,0,280188468
13884,0,885557966
13885,0,2545572038
13886,0,1224483959
13887,0,1109846926
13888,0,616852439
13889,0,2657435144
13890,0,220232090
13891,0,1081354995
13892,0,1617896614
13893,0,462388667
13894,0,1932825415
13895,0,3403448009
13896,0,3853186347
13897,0,3673611564
13898,0,725151013
13899,0,3843463947
13900,0,4169918000
13901,0,234432214
13902,0,224246439
13903,0,4213830595
13904,0,1869601803
13905,0,154155516
13906,0,3489161627
13907,0,3131535294
13908,0,3175089878
13909,0,248093563
13910,0,2306494632
13911,0,2928218879
13912,0,369108500
13913,0,1251426773
13914,0,4145783011
13915,0,3824659808
13916,0,3710873581
13917,0,713565956
13918,0,3816732208
13919,0,2192388460
13920,0,3029649068
13921,0,2758492428
13922,0,1159610889
13923,0,649834598
13924,0,1180458909
13925,0,2019340298
13926,0,636314532
13927,0,3131918952
13928,0,1877487768
13929,0,1453033669
13930,0,3622067076
13931,0,3456781326
13932,0,1995585195
13933,0,885955000
13934,0,415539908
13935,0,521205194
13936,0,882841310
13937,0,517145212
13938,0,2903186290
13939,0,46314560
13940,0,3709424325
13941,0,527476165
13942,0,1925710849
13943,0,994818437
13944,0,3273443512
13945,0,460804637
13946,0,3617970791
13947,0,4056452723
13948,0,3772076144
13949,0,297129661
13950,0,3341173388
13951,0,3784270807
13952,0,2541833050
13953,0,1671483855
13954,0,1253616995
13955,0,3179855817
13956,0,3829961937
13957,0,747321528
13958,0,941601718
13959,0,55280834
13960,0,162289739
13961,0,3591002681
13962,0,887859071
13963,0,1082689757
13964,0,1676870292
13965,0,2006051780
13966,0,398497968
13967,0,2651177403
13968,0,3764709090
13969,0,3953889150
13970,0,3536079324
13971,0,604201027
13972,0,1232055430
13973,0,588869081
13974,0,3672841096
13975,0,2329063397
13976,0,987917874
13977,0,2477171104
13978,0,3049443145
13979,0,1767420636
13980,0,2674042621
13981,0,3155232579
13982,0,64753375
13983,0,3270661212
13984,0,2269879392
13985,0,1815815779
13986,0,371130648
13987,0,833829574
13988,0,2341595091
13989,0,1511018662
13990,0,1351855140
13991,0,2280713039
13992,0,3383854691
13993,0,3603874173
13994,0,3536693165
13995,0,2705236625
13996,0,3640376519
13997,0,1124230582
13998,0,4179685356
13999,0,2139008450
14000,0,4061244545
14001,0,935069537
14002,0,1566565865
14003,0,2645571096
14004,0,4112256897
14005,0,3916344087
14006,0,3179738929
14007,0,259798689
14008,0,3164740821
14009,0,404793961
14010,0,2698778431
14011,0,1699160674
14012,0,2691661319
14013,0,3126363088
14014,0,4000845537
14015,0,456097619
14016,0,4226320459
14017,0,3067230811
14018,0,3267194999
14019,0,4207371246
14020,0,3253714643
14021,0,4035804393
14022,0,3172867905
14023,0,2687895418
14024,0,2079823318
14025,0,2700033904
14026,0,2804056816
14027,0,417583246
14028,0,1018568471
14029,0,365205277
14030,0,1674175822
14031,0,3009500478
14032,0,2703090301
14033,0,3072054868
14034,0,2012686140
14035,0,4044175412
14036,0,2541352209
14037,0,2460728956
14038,0,1240323342
14039,0,2596403624
14040,0,459391250
14041,0,1261536979
14042,0,110149606
14043,0,1021484368
14044,0,2254304372
14045,0,582904765
14046,0,385759097
14047,0,3527315793
14048,0,42113595
14049,0,1769966073
14050,0,2421972729
14051,0,1810699320
14052,0,3827589421
14053,0,1748979853
14054,0,3354952410
14055,0,601262187
14056,0,2846470598
14057,0,1840709582
14058,0,4221811657
14059,0,394357028
14060,0,1847294646
14061,0,687536144
14062,0,2296430188
14063,0,2055425722
14064,0,2043995408
14065,0,1269064395
14066,0,944850837
14067,0,81663812
14068,0,15237055
14069,0,3974929968
14070,0,2591986949
14071,0,1394359338
14072,0,1203493542
14073,0,2702155505
14074,0,149120185
14075,0,3942295267
14076,0,2062919664
14077,0,259251797
14078,0,3817981225
14079,0,3181747923
14080,0,979913767
14081,0,1316622321
14082,0,4278267475
14083,0,2209302006
14084,0,153599934
14085,0,617617942
14086,0,3586912831
14087,0,3657742553
14088,0,4008211606
14089,0,4012003787
14090,0,108465030
14091,0,133216421
14092,0,208013879
14093,0,1764825159
14094,0,218265147
14095,0,996396281
14096,0,493190503
14097,0,3958457443
14098,0,2899705469
14099,0,1884334576
14100,0,3367891879
14101,0,2951491747
14102,0,384880575
14103,0,4024577980
14104,0,3903499382
14105,0,430075492
14106,0,3652603443
14107,0,510977899
14108,0,3516990151
14109,0,3469401435
14110,0,962529931
14111,0,3654211340
14112,0,1724220923
14113,0,422270470
14114,0,245256595
14115,0,1361455973
14116,0,487778624
14117,0,1197728509
14118,0,1555542787
14119,0,4029107048
14120,0,805486189
14121,0,2653592778
14122,0,2076506227
14123,0,2107091158
14124,0,2569584272
14125,0,1369818189
14126,0,3433958331
14127,0,3069495223
14128,0,3997443702
14129,0,1003533651
14130,0,2183314990
14131,0,1761972093
14132,0,3315737096
14133,0,3180281305
14134,0,481437859
14135,0,1835723376
14136,0,884653602
14137,0,212286525
14138,0,2403195917
14139,0,2737876019
14140,0,1617197672
14141,0,168342140
14142,0,2493560767
14143,0,3367355412
14144,0,1286648264
14145,0,196742412
14146,0,158246945
14147,0,1362502804
14148,0,557393542
14149,0,3100994098
14150,0,2817998747
14151,0,1082887353
14152,0,311046871
14153,0,3469733727
14154,0,1470549869
14155,0,1194205512
14156,0,3823860139
14157,0,387295044
14158,0,3696468474
14159,0,2784627788
14160,0,1779183829
14161,0,1858747678
14162,0,72670442
14163,0,1727247054
14164,0,98904571
14165,0,3147377494
14166,0,1082597839
14167,0,862773648
14168,0,1149792735
14169,0,482681926
14170,0,2985997408
14171,0,162413755
14172,0,152981319
14173,0,3727632572
14174,0,1546522912
14175,0,1598134917
14176,0,3996163373
14177,0,1329413895
14178,0,4083729993
14179,0,2677268665
14180,0,2467470875
14181,0,3672264723
14182,0,2364503043
14183,0,797672372
14184,0,2690163978
14185,0,734941622
14186,0,3739535370
14187,0,3142636792
14188,0,2554267647
14189,0,1625008255
14190,0,2942046261
14191,0,2249094552
14192,0,1595369734
14193,0,4106875837
14194,0,2641947298
14195,0,2243017780
14196,0,4108042447
14197,0,344896366
14198,0,2659275263
14199,0,593731488
14200,0,1113672331
14201,0,221511027
14202,0,556344221
14203,0,2919933744
14204,0,2809631366
14205,0,4056447669
14206,0,759831226
14207,0,2914048820
14208,0,547797623
14209,0,183243235
14210,0,2463532267
14211,0,187923470
14212,0,4074980535
14213,0,3569932333
14214,0,913237675
14215,0,3183840566
14216,0,2148150247
14217,0,1805877980
14218,0,1694100256
14219,0,1780824622
14220,0,1634930526
14221,0,327232850
14222,0,4081434279
14223,0,3602833679
14224,0,1501531200
14225,0,3054296923
14226,0,2433916072
14227,0,2457354379
14228,0,3611613791
14229,0,3454834520
14230,0,3220218811
14231,0,3681900920
14232,0,2065058805
14233,0,4286507745
14234,0,1719248368
14235,0,171319027
14236,0,4109064935
14237,0,1766412988
14238,0,549492051
14239,0,2134335654
14240,0,4150185943
14241,0,4196608037
14242,0,2078224758
14243,0,600198734
14244,0,2884670057
14245,0,2382379095
14246,0,2824406674
14247,0,2582337591
14248,0,2941643105
14249,0,1564593149
14250,0,3824510370
14251,0,2808169026
14252,0,1778515734
14253,0,3917588743
14254,0,1216728503
14255,0,3612995822
14256,0,3251424716
14257,0,1457086262
14258,0,3670774921
14259,0,2735141924
14260,0,3452638789
14261,0,1333778756
14262,0,1052208783
14263,0,3216638140
14264,0,168956458
14265,0,1119467041
14266,0,4224200703
14267,0,952216676
14268,0,2766697090
14269,0,4256472094
14270,0,2832862117
14271,0,3698667826
14272,0,278689036
14273,0,1502279762
14274,0,3600275794
14275,0,2584509964
14276,0,2893244842
14277,0,3918489641
14278,0,2512586732
14279,0,1390498579
14280,0,1759700242
14281,0,3159841138
14282,0,3093261070
14283,0,4075729841
14284,0,3079192157
14285,0,2821358076
14286,0,4206543670
14287,0,4183169368
14288,0,1977452710
14289,0,1575776898
14290,0,2755080412
14291,0,129935498
14292,0,2271197821
14293,0,1913941205
14294,0,240701778
14295,0,2585916939
14296,0,955796251
14297,0,50153750
14298,0,3492037593
14299,0,1404481846
14300,0,932596798
14301,0,1009751542
14302,0,481781118
14303,0,4077089586
14304,0,835374464
14305,0,1730530845
14306,0,36056238
14307,0,834822551
14308,0,3286717071
14309,0,526544084
14310,0,232812712
14311,0,2103139090
14312,0,3508212174
14313,0,3614671807
14314,0,1199716253
14315,0,792949637
14316,0,1733136540
14317,0,2123447379
14318,0,2054515486
14319,0,902746677
14320,0,512277457
14321,0,933329448
14322,0,74104090
14323,0,720587582
14324,0,822211700
14325,0,4267771347
14326,0,96099710
14327,0,2359489780
14328,0,2512363690
14329,0,1425072031
14330,0,2942311390
14331,0,795490227
14332,0,1511001309
14333,0,721134104
14334,0,2309563844
14335,0,254778060
14336,0,1646694171
14337,0,3413338585
14338,0,1867203933
14339,0,4227609357
14340,0,3458733475
14341,0,1595829837
14342,0,3358024678
14343,0,2938996907
14344,0,3643019607
14345,0,987055824
14346,0,3555652919
14347,0,2756338163
14348,0,3875196137
14349,0,1402066970
14350,0,2059871795
14351,0,1579167571
14352,0,579220598
14353,0,1696090162
14354,0,4024039837
14355,0,3450604776
14356,0,3390338288
14357,0,3586162709
14358,0,2106203252
14359,0,4271173046
14360,0,123836615
14361,0,3142925723
14362,0,2150379240
14363,0,3151277584
14364,0,3972110971
14365,0,777790012
14366,0,3915714833
14367,0,598049522
14368,0,3968527087
14369,0,2336035460
14370,0,81608818
14371,0,918132091
14372,0,2261260656
14373,0,959261667
14374,0,376552619
14375,0,494749561
14376,0,131435440
14377,0,1658440897
14378,0,863628609
14379,0,3572010761
14380,0,1680899117
14381,0,487118615
14382,0,4205619362
14383,0,2560831678
14384,0,673543012
14385,0,1333770304
14386,0,3062590235
14387,0,2800007951
14388,0,19741293
14389,0,1786372861
14390,0,2464896046
14391,0,4122209081
14392,0,2454021427
14393,0,3800060418
14394,0,4039944738
14395,0,3566453798
14396,0,788338573
14397,0,227721451
14398,0,3833515948
14399,0,2363587657
14400,0,2890874182
14401,0,924634645
14402,0,1964578362
14403,0,2886846325
14404,0,186289226
14405,0,149930339
14406,0,3904436546
14407,0,92836810
14408,0,3922386546
14409,0,4070320496
14410,0,2180007817
14411,0,2837791273
14412,0,762065337
14413,0,3224618644
14414,0,2764195428
14415,0,1842920451
14416,0,826590415
14417,0,2457039873
14418,0,1654023544
14419,0,1763671780
14420,0,1588858149
14421,0,1023973133
14422,0,3536666585
14423,0,3555888386
14424,0,3355642187
14425,0,2355987998
14426,0,2841989481
14427,0,1782999405
14428,0,1243136472
14429,0,375321065
14430,0,3289714392
14431,0,3691625439
14432,0,2235032230
14433,0,1426119927
14434,0,2640145592
14435,0,696577917
14436,0,956939336
14437,0,3734493704
14438,0,2668614787
14439,0,3597619148
14440,0,3444363495
14441,0,3176362671
14442,0,3017383596
14443,0,2173144042
14444,0,1873052023
14445,0,248105202
14446,0,3441815609
14447,0,394255528
14448,0,1908404605
14449,0,2106769429
14450,0,2543724925
14451,0,75867269
14452,0,2998848879
14453,0,158336038
14454,0,929880924
14455,0,753313471
14456,0,4262882887
14457,0,1208771240
14458,0,1333334020
14459,0,3259855288
14460,0,3811751717
14461,0,253752334
14462,0,3260536033
14463,0,565639172
14464,0,2218381817
14465,0,2127786426
14466,0,207814856
14467,0,3812419669
14468,0,3103301262
14469,0,3456657498
14470,0,2741662395
14471,0,1251074181
14472,0,2796421989
14473,0,3197145220
14474,0,1015586372
14475,0,3342939492
14476,0,3696588754
14477,0,659480101
14478,0,1841957984
14479,0,2760200739
14480,0,3605503267
14481,0,2369658818
14482,0,2517200001
14483,0,3367713005
14484,0,1535060222
14485,0,1920355854
14486,0,3444418933
14487,0,1946525124
14488,0,806534490
14489,0,2424315462
14490,0,4200229794
14491,0,1390442133
14492,0,3664636172
14493,0,2395410410
14494,0,2289399447
14495,0,4065803588
14496,0,2852733147
14497,0,3227409298
14498,0,1857019524
14499,0,983405403
14500,0,2518700832
14501,0,348634434
14502,0,2392724053
14503,0,3594916831
14504,0,2474820065
14505,0,3161326590
14506,0,4264444726
14507,0,4284193362
14508,0,237115162
14509,0,3572457018
14510,0,3660067950
14511,0,1209458108
14512,0,3884161516
14513,0,57943507
14514,0,2114896052
14515,0,1696228536
14516,0,404979646
14517,0,2370047700
14518,0,2672794619
14519,0,3928584579
14520,0,1194787439
14521,0,1210878866
14522,0,4069146781
14523,0,3920496625
14524,0,55990393
14525,0,3279591157
14526,0,2771106503
14527,0,2618641470
14528,0,66689518
14529,0,676098060
14530,0,1878640234
14531,0,2980123632
14532,0,3895728639
14533,0,175260474
14534,0,11625520
14535,0,2866362187
14536,0,171064115
14537,0,3889942201
14538,0,1603835487
14539,0,3879292470
14540,0,285393001
14541,0,1761040686
14542,0,4186554407
14543,0,4028980417
14544,0,739734271
14545,0,2337704123
14546,0,309950203
14547,0,2825330088
14548,0,831860833
14549,0,1689398797
14550,0,251676724
14551,0,3336547799
14552,0,1607456965
14553,0,1043496814
14554,0,1244624801
14555,0,1069268044
14556,0,1316033269
14557,0,3923712162
14558,0,1403053351
14559,0,2944431621
14560,0,2303742469
14561,0,3775316525
14562,0,288141068
14563,0,492879914
14564,0,2849362328
14565,0,1866323211
14566,0,1711744869
14567,0,3750954000
14568,0,1564092568
14569,0,487437580
14570,0,3726670746
14571,0,4214830419
14572,0,1878280410
14573,0,989859341
14574,0,1660411597
14575,0,3169351962
14576,0,3399974687
14577,0,2379561501
14578,0,2017944982
14579,0,172495468
14580,0,146234286
14581,0,2610930607
14582,0,2460286746
14583,0,2779811481
14584,0,941449640
14585,0,288185404
14586,0,4026182729
14587,0,4094295920
14588,0,3071593187
14589,0,3881764135
14590,0,4169612698
14591,0,4189729280
14592,0,1129204659
14593,0,3442850639
14594,0,835758657
14595,0,3079379373
14596,0,1400186290
14597,0,262198323
14598,0,2985388704
14599,0,134331058
14600,0,3584771641
14601,0,283847023
14602,0,3440935436
14603,0,1987377312
14604,0,3312520720
14605,0,1927083369
14606,0,1648740721
14607,0,3055230020
14608,0,1743595309
14609,0,2719232905
14610,0,2831496923
14611,0,3453250388
14612,0,1466411627
14613,0,3883529406
14614,0,3827650921
14615,0,2399312845
14616,0,1393683440
14617,0,2744402983
14618,0,1225163855
14619,0,2825533832
14620,0,70421125
14621,0,4179756724
14622,0,2272236430
14623,0,3604171041
14624,0,1091693978
14625,0,3908102827
14626,0,1092353881
14627,0,3773350913
14628,0,4118519445
14629,0,1401341409
14630,0,3966676988
14631,0,196564404
14632,0,3241477044
14633,0,1228263861
14634,0,2472677044
14635,0,2217220654
14636,0,1792977560
14637,0,1311989406
14638,0,2582708654
14639,0,2169976012
14640,0,2652791371
14641,0,414336864
14642,0,1536394927
14643,0,1132991116
14644,0,2062548576
14645,0,559162065
14646,0,79977110
14647,0,2102228733
14648,0,2714065332
14649,0,1418216813
14650,0,3634144415
14651,0,3454218648
14652,0,3520916080
14653,0,3737864985
14654,0,1118710125
14655,0,2012913452
14656,0,3836797680
14657,0,3846000231
14658,0,3535834111
14659,0,3026079264
14660,0,3470028109
14661,0,750809747
14662,0,1892841626
14663,0,3353724986
14664,0,2729729579
14665,0,122976499
14666,0,2164377110
14667,0,2175271959
14668,0,2759734466
14669,0,1043264401
14670,0,3955807327
14671,0,3643462462
14672,0,3941007768
14673,0,1347721906
14674,0,2740313427
14675,0,118068396
14676,0,2250097186
14677,0,4117380302
14678,0,3968275287
14679,0,3545460737
14680,0,389209000
14681,0,3300412651
14682,0,1770784089
14683,0,3452790922
14684,0,2069824612
14685,0,3786078253
14686,0,1800398906
14687,0,1599373534
14688,0,648792153
14689,0,2880976553
14690,0,12927999
14691,0,3219391458
14692,0,3432241646
14693,0,1113982233
14694,0,3664374555
14695,0,106294110
14696,0,3706760929
14697,0,3971064983
14698,0,3695589446
14699,0,1922058689
14700,0,245552821
14701,0,3674197359
14702,0,1226155014
14703,0,1328956236
14704,0,1823448195
14705,0,2026492060
14706,0,429150161
14707,0,2645220134
14708,0,520188001
14709,0,279204871
14710,0,3736853429
14711,0,476578611
14712,0,2646854580
14713,0,1913783342
14714,0,1617719749
14715,0,616594191
14716,0,1603294527
14717,0,4089735972
14718,0,2864339700
14719,0,3715230406
14720,0,28500578
14721,0,3794739005
14722,0,954156281
14723,0,3628177401
14724,0,3177616998
14725,0,2598787027
14726,0,1402987645
14727,0,1293053269
14728,0,396454953
14729,0,2125362779
14730,0,3167519561
14731,0,3088258683
14732,0,2170517941
14733,0,2740207265
14734,0,3028390081
14735,0,1437041197
14736,0,430730076
14737,0,204703455
14738,0,3789770187
14739,0,2199344422
14740,0,1606917663
14741,0,746662845
14742,0,925329286
14743,0,2704181197
14744,0,1261763558
14745,0,1564633474
14746,0,506861275
14747,0,1095634189
14748,0,2635219514
14749,0,2146990736
14750,0,1709316709
14751,0,4084961138
14752,0,3492038968
14753,0,2037371545
14754,0,3836400615
14755,0,1679555852
14756,0,1827957489
14757,0,3572334244
14758,0,469869624
14759,0,944815899
14760,0,3653947522
14761,0,4169202831
14762,0,87855079
14763,0,214209895
14764,0,1399812147
14765,0,272670311
14766,0,1912834945
14767,0,1829170488
14768,0,2761365608
14769,0,3034402565
14770,0,3129070331
14771,0,2600509460
14772,0,1867420981
14773,0,15012833
14774,0,4055185165
14775,0,3183683655
14776,0,3250528354
14777,0,2480743899
14778,0,3685585768
14779,0,1372870280
14780,0,3147979338
14781,0,3985057247
14782,0,782559585
14783,0,3264906245
14784,0,3504680554
14785,0,3491941182
14786,0,2716646428
14787,0,4220240459
14788,0,4221474538
14789,0,20679467
14790,0,2072294276
14791,0,1400695486
14792,0,188938443
14793,0,3744329254
14794,0,1070265618
14795,0,1282945382
14796,0,13524428
14797,0,2776675991
14798,0,3641960702
14799,0,629351928
14800,0,1723640230
14801,0,2190089250
14802,0,3771312133
14803,0,1826963137
14804,0,2895253695
14805,0,1043691613
14806,0,3068954754
14807,0,3630675196
14808,0,4059845504
14809,0,167880326
14810,0,3841868846
14811,0,2735329395
14812,0,3120063216
14813,0,23149635
14814,0,4223707607
14815,0,834530282
14816,0,350051530
14817,0,1472999016
14818,0,2452204136
14819,0,1274790554
14820,0,1186722446
14821,0,632287643
14822,0,2818799349
14823,0,493553403
14824,0,3409927169
14825,0,928180126
14826,0,528702350
14827,0,3936788247
14828,0,298325269
14829,0,2117937312
14830,0,3187794868
14831,0,3432215407
14832,0,4247158800
14833,0,2310424258
14834,0,1823140053
14835,0,129651117
14836,0,4235541034
14837,0,1027252722
14838,0,1235123056
14839,0,1492597000
14840,0,1159379587
14841,0,1527818086
14842,0,2960413592
14843,0,2062458363
14844,0,2204402483
14845,0,1935654130
14846,0,485911762
14847,0,4242852068
14848,0,168957810
14849,0,1467093644
14850,0,2974849981
14851,0,3872014190
14852,0,2245152861
14853,0,887841169
14854,0,1140118109
14855,0,3999059650
14856,0,2266109184
14857,0,1945931001
14858,0,2920834248
14859,0,4071064712
14860,0,1155938291
14861,0,3239758111
14862,0,2669004131
14863,0,3499057503
14864,0,2822209197
14865,0,3149747932
14866,0,1035801487
14867,0,1717252425
14868,0,238042992
14869,0,840517759
14870,0,2042764148
14871,0,1866220130
14872,0,159271578
14873,0,3313515276
14874,0,2665125372
14875,0,1087048206
14876,0,282166187
14877,0,876252377
14878,0,3516030761
14879,0,3566301266
14880,0,2851270399
14881,0,1904470473
14882,0,2615360788
14883,0,1954129332
14884,0,1496301491
14885,0,1978176319
14886,0,2523357176
14887,0,3465824180
14888,0,2319348773
14889,0,3554949496
14890,0,3450433725
14891,0,2490010914
14892,0,2082166629
14893,0,3356000222
14894,0,965236935
14895,0,1619300463
14896,0,2745707595
14897,0,1644360763
14898,0,2889139545
14899,0,2808094166
14900,0,1066105051
14901,0,1117135603
14902,0,1606955895
14903,0,1836649252
14904,0,3483895914
14905,0,436258872
14906,0,1677655771
14907,0,949869033
14908,0,4156014361
14909,0,180844883
14910,0,1480597253
14911,0,800245877
14912,0,2871271737
14913,0,3479290296
14914,0,495057011
14915,0,1937682356
14916,0,2005394160
14917,0,4042081436
14918,0,1470364867
14919,0,793416478
14920,0,3624197322
14921,0,808066436
14922,0,13512041
14923,0,1762563288
14924,0,3375164242
14925,0,3700862801
14926,0,653129231
14927,0,2644973881
14928,0,2927675737
14929,0,1121837836
14930,0,692033042
14931,0,2756363884
14932,0,1818246607
14933,0,283438147
14934,0,552965205
14935,0,3717255210
14936,0,892047328
14937,0,3726777579
14938,0,710505652
14939,0,2637245619
14940,0,2890206432
14941,0,3069725580
14942,0,1320885576
14943,0,2404611041
14944,0,3301658038
14945,0,46578184
14946,0,1702742443
14947,0,1431320175
14948,0,539102081
14949,0,1259437608
14950,0,4267557890
14951,0,2640923372
14952,0,849776182
14953,0,2405945158
14954,0,2808722465
14955,0,2891335223
14956,0,4135721887
14957,0,197496199
14958,0,4107478813
14959,0,2519281573
14960,0,3362201387
14961,0,1540306858
14962,0,444534743
14963,0,2335690933
14964,0,1426607237
14965,0,3481312233
14966,0,1128753015
14967,0,1519633603
14968,0,1669139718
14969,0,2573738344
14970,0,904435338
14971,0,3221317590
14972,0,1937892555
14973,0,2886519719
14974,0,2591953531
14975,0,1578799619
14976,0,740315351
14977,0,3782138506
14978,0,2110747957
14979,0,4267314337
14980,0,1174412166
14981,0,3949977342
14982,0,112378470
14983,0,2168163897
14984,0,4016447143
14985,0,3136288574
14986,0,3305812602
14987,0,4226990296
14988,0,3738940588
14989,0,2709680619
14990,0,408133812
14991,0,3840394326
14992,0,2446083680
14993,0,956896992
14994,0,1635154506
14995,0,1775421429
14996,0,346264323
14997,0,3199978530
14998,0,549591069
14999,0,468760157
15000,0,2857961664
15001,0,3815301472
15002,0,399984258
15003,0,535320865
15004,0,2369919911
15005,0,149228348
15006,0,2581143645
15007,0,126421044
15008,0,4152161555
15009,0,1376427644
15010,0,963038558
15011,0,4184005176
15012,0,3868520042
15013,0,275507974
15014,0,3429412323
15015,0,3812655145
15016,0,2617174251
15017,0,2593577178
15018,0,1882897308
15019,0,3463196472
15020,0,988435805
15021,0,2021155549
15022,0,4032618828
15023,0,3806312886
15024,0,2831620866
15025,0,1061725425
15026,0,1359262298
15027,0,784182877
15028,0,4122885926
15029,0,2030446443
15030,0,8923742
15031,0,3183411039
15032,0,686874837
15033,0,2845904544
15034,0,2262571482
15035,0,3104587273
15036,0,3882691727
15037,0,492917713
15038,0,3564528604
15039,0,430970010
15040,0,1399335100
15041,0,2576348131
15042,0,2575803226
15043,0,3497418796
15044,0,2450402485
15045,0,2760656985
15046,0,2640883162
15047,0,2460393427
15048,0,1791439069
15049,0,390463699
15050,0,1021142237
15051,0,2560037694
15052,0,619521670
15053,0,2273932696
15054,0,2390622629
15055,0,2266650240
15056,0,1955347653
15057,0,2441628847
15058,0,2611082369
15059,0,50414905
15060,0,1600679338
15061,0,159226948
15062,0,3831326462
15063,0,1490212191
15064,0,1298118659
15065,0,4054786220
15066,0,2733630545
15067,0,2463663875
15068,0,3308021247
15069,0,2078771190
15070,0,3896069434
15071,0,4065579861
15072,0,2401230441
15073,0,4002038784
15074,0,1732835237
15075,0,1311835163
15076,0,3103275778
15077,0,1285340430
15078,0,3164537488
15079,0,3311972918
15080,0,3069013889
15081,0,2025128943
15082,0,3252256491
15083,0,780752073
15084,0,2250157793
15085,0,731268864
15086,0,2377179611
15087,0,2700274398
15088,0,1216599370
15089,0,2004551615
15090,0,3859899225
15091,0,2235493092
15092,0,1412078709
15093,0,4079209287
15094,0,3274088994
15095,0,4215266291
15096,0,142000563
15097,0,3629775859
15098,0,64676960
15099,0,3046093483
15100,0,948214662
15101,0,3581264380
15102,0,3288636537
15103,0,2801360956
15104,0,2252481951
15105,0,2630170631
15106,0,1132296517
15107,0,1725973135
15108,0,3095605047
15109,0,1909559589
15110,0,1029114687
15111,0,1512055239
15112,0,2634364843
15113,0,1173946419
15114,0,3658812236
15115,0,350906546
15116,0,1719438796
15117,0,258716654
15118,0,1541383109
15119,0,1531827926
15120,0,3548095933
15121,0,1581686075
15122,0,836158123
15123,0,3656981290
15124,0,2836982500
15125,0,1019357190
15126,0,1100498951
15127,0,1535706411
15128,0,514281245
15129,0,534119263
15130,0,671882401
15131,0,3633661133
15132,0,1905739179
15133,0,3178188410
15134,0,3232014698
15135,0,3316690670
15136,0,3721256408
15137,0,2829791875
15138,0,295537214
15139,0,3147386931
15140,0,2725275516
15141,0,2104079955
15142,0,1071481794
15143,0,2064975376
15144,0,2704938139
15145,0,2525605039
15146,0,3231693057
15147,0,3226458398
15148,0,1458344360
15149,0,1609009988
15150,0,2137316451
15151,0,2045840631
15152,0,1436014784
15153,0,2138996583
15154,0,2731156206
15155,0,879076613
15156,0,2557340039
15157,0,2399043081
15158,0,1724951638
15159,0,403761819
15160,0,2905771898
15161,0,1735103380
15162,0,3057269272
15163,0,3729856036
15164,0,1848173998
15165,0,557744352
15166,0,3581802065
15167,0,491492042
15168,0,185362620
15169,0,1164893585
15170,0,1162538271
15171,0,97070091
15172,0,692312527
15173,0,490213042
15174,0,2166773861
15175,0,259093360
15176,0,49486879
15177,0,1332303943
15178,0,3897607319
15179,0,3901342262
15180,0,3374456945
15181,0,681875975
15182,0,3345013077
15183,0,1426651504
15184,0,251482115
15185,0,995175901
15186,0,3283802024
15187,0,2965175023
15188,0,3552620287
15189,0,100307952
15190,0,2803089010
15191,0,3413071260
15192,0,440691506
15193,0,1936618691
15194,0,54463800
15195,0,2979525364
15196,0,3068393232
15197,0,3358847248
15198,0,1948576024
15199,0,3388223227
15200,0,3376837934
15201,0,4220874047
15202,0,2422629094
15203,0,3681227675
15204,0,2585644535
15205,0,1472510182
15206,0,3688565194
15207,0,3869279195
15208,0,766021238
15209,0,2964084965
15210,0,1303134877
15211,0,2047839266
15212,0,4210734343
15213,0,656041578
15214,0,288711585
15215,0,358792481
15216,0,437335042
15217,0,2931565322
15218,0,1903409892
15219,0,3284666259
15220,0,2759509966
15221,0,1827424367
15222,0,1507494271
15223,0,374918565
15224,0,4066451507
15225,0,444746496
15226,0,799947985
15227,0,4005130667
15228,0,3506588749
15229,0,2315231496
15230,0,3322766087
15231,0,668692497
15232,0,2046526433
15233,0,963855202
15234,0,1929008717
15235,0,1045340372
15236,0,2698963518
15237,0,3468397234
15238,0,1113537988
15239,0,421136855
15240,0,1547205927
15241,0,537536969
15242,0,3277082960
15243,0,1722861583
15244,0,2308173111
15245,0,1922798221
15246,0,428634088
15247,0,441819088
15248,0,2622925799
15249,0,1818722610
15250,0,342912338
15251,0,580785759
15252,0,3940894933
15253,0,1007086698
15254,0,3505408335
15255,0,3806425539
15256,0,1475838543
15257,0,1350042512
15258,0,1364154677
15259,0,4150076449
15260,0,687641709
15261,0,4099687413
15262,0,4168704356
15263,0,1592058510
15264,0,2484943188
15265,0,1438890287
15266,0,2117026780
15267,0,1556452918
15268,0,778504151
15269,0,489526201
15270,0,1141270164
15271,0,2453732670
15272,0,822608493
15273,0,435348271
15274,0,4151516516
15275,0,254097003
15276,0,2498253183
15277,0,1178090908
15278,0,1895315065
15279,0,2966585634
15280,0,4263549561
15281,0,1083593998
15282,0,3436040885
15283,0,2784130808
15284,0,2391633582
15285,0,1213161282
15286,0,3612253361
15287,0,2681169277
15288,0,528442733
15289,0,2307206148
15290,0,2897410758
15291,0,2392991059
15292,0,2332830391
15293,0,3305340634
15294,0,4057275766
15295,0,486898987
15296,0,2673035514
15297,0,1069680732
15298,0,2818527288
15299,0,4076252740
15300,0,3237578427
15301,0,4127017772
15302,0,3481553248
15303,0,2477075636
15304,0,4031070733
15305,0,1486688239
15306,0,3581081791
15307,0,3335449645
15308,0,1914925192
15309,0,2591927473
15310,0,3533239236
15311,0,1357030196
15312,0,2483031990
15313,0,723922157
15314,0,969182640
15315,0,2787764393
15316,0,4239139799
15317,0,1644759100
15318,0,584818395
15319,0,1897536827
15320,0,1695672517
15321,0,1495661793
15322,0,831281181
15323,0,3950710298
15324,0,3719914374
15325,0,3371349794
15326,0,1556200713
15327,0,125157273
15328,0,2690530458
15329,0,2657394940
15330,0,1159699937
15331,0,1658794160
15332,0,501688404
15333,0,3847704674
15334,0,3829001775
15335,0,3866114289
15336,0,3433259142
15337,0,3066948415
15338,0,2129384362
15339,0,2538384709
15340,0,1583712983
15341,0,148681800
15342,0,1424660258
15343,0,3352580229
15344,0,4116585095
15345,0,4157788544
15346,0,296905041
15347,0,3482617021
15348,0,3210898620
15349,0,2890345734
15350,0,1964963669
15351,0,3581171535
15352,0,2888730785
15353,0,3664269756
15354,0,3685256179
15355,0,2416401816
15356,0,221800450
15357,0,121449438
15358,0,3935429981
15359,0,293594688
15360,0,3289828097
15361,0,3014284026
15362,0,3344477696
15363,0,2172661452
15364,0,258240736
15365,0,2927508444
15366,0,1236559006
15367,0,1642006445
15368,0,2759196728
15369,0,3931599360
15370,0,2264494443
15371,0,2992432417
15372,0,4058159613
15373,0,4184898291
15374,0,870473060
15375,0,1905445155
15376,0,1046549112
15377,0,2582483343
15378,0,1347479617
15379,0,3863294797
15380,0,1169872955
15381,0,3372964805
15382,0,3959879036
15383,0,1736763688
15384,0,2928876408
15385,0,1920191814
15386,0,1891245515
15387,0,1399844106
15388,0,1997649869
15389,0,2096025625
15390,0,2069483151
15391,0,327808683
15392,0,2261549221
15393,0,3453833961
15394,0,2542298121
15395,0,4196939821
15396,0,1485910491
15397,0,2884091726
15398,0,3720640617
15399,0,199708845
15400,0,3751971540
15401,0,1374812328
15402,0,2994549914
15403,0,2300683085
15404,0,339992777
15405,0,1661233252
15406,0,790328160
15407,0,1872570555
15408,0,2614071870
15409,0,1485093306
15410,0,968905219
15411,0,1132811171
15412,0,3621366843
15413,0,2844336020
15414,0,3305148297
15415,0,1254718417
15416,0,3554560008
15417,0,1094183303
15418,0,1022207748
15419,0,2309030722
15420,0,2431378278
15421,0,2087580037
15422,0,2314937803
15423,0,1157914154
15424,0,3539507979
15425,0,4071285543
15426,0,1996807232
15427,0,2098850502
15428,0,1214273062
15429,0,372398580
15430,0,4237433138
15431,0,1228200936
15432,0,2608851788
15433,0,2765967527
15434,0,3623833507
15435,0,4285342822
15436,0,668531542
15437,0,787924719
15438,0,859890362
15439,0,3454079761
15440,0,535551696
15441,0,3792467400
15442,0,4196217298
15443,0,3637290977
15444,0,3391397593
15445,0,1712183014
15446,0,1191078222
15447,0,4046092293
15448,0,2071618832
15449,0,3436683644
15450,0,671063296
15451,0,1604391631
15452,0,3269544531
15453,0,2663427910
15454,0,3995955346
15455,0,1205666093
15456,0,417499377
15457,0,1986858479
15458,0,767575783
15459,0,2257205577
15460,0,4123806360
15461,0,4017221175
15462,0,2220591852
15463,0,1439202703
15464,0,357541587
15465,0,3542316345
15466,0,218461339
15467,0,3512659792
15468,0,2586429514
15469,0,3342590618
15470,0,3598129902
15471,0,2423443227
15472,0,4222136755
15473,0,1581926652
15474,0,4260211094
15475,0,1396110041
15476,0,551491983
15477,0,3191707512
15478,0,2525016881
15479,0,2621225730
15480,0,1623403308
15481,0,2977142303
15482,0,3048402727
15483,0,3801684620
15484,0,4174886760
15485,0,3379347157
15486,0,2289041486
15487,0,2269710898
15488,0,3038028958
15489,0,292159485
15490,0,4234108534
15491,0,3852673662
15492,0,3162043272
15493,0,3812487948
15494,0,4141345250
15495,0,1990078199
15496,0,3679616439
15497,0,142487397
15498,0,2144328748
15499,0,218750761
15500,0,3950014399
15501,0,913859452
15502,0,2028482711
15503,0,2712081066
15504,0,1035737395
15505,0,1843325374
15506,0,2915518602
15507,0,3725817537
15508,0,2846546468
15509,0,2938784051
15510,0,663166101
15511,0,1185811839
15512,0,1731490079
15513,0,3421198100
15514,0,2151249296
15515,0,2146400373
15516,0,2362675365
15517,0,640595718
15518,0,3910132545
15519,0,3114203058
15520,0,2323121350
15521,0,3606099830
15522,0,3286038617
15523,0,3324588146
15524,0,3838250049
15525,0,2896884262
15526,0,2938577265
15527,0,707639893
15528,0,831375398
15529,0,2577448994
15530,0,3040665328
15531,0,4072405409
15532,0,1014789030
15533,0,4078288610
15534,0,3723643974
15535,0,455215387
15536,0,438945659
15537,0,2047898904
15538,0,3805980513
15539,0,1894601530
15540,0,2344989087
15541,0,2201986020
15542,0,2669678821
15543,0,983773467
15544,0,3431961659
15545,0,4279602399
15546,0,2672244888
15547,0,1926533874
15548,0,4057920599
15549,0,3319037021
15550,0,27318066
15551,0,1939196081
15552,0,803641198
15553,0,1550718091
15554,0,1092109684
15555,0,2137707599
15556,0,2575823230
15557,0,2460506090
15558,0,2466128832
15559,0,2252806371
15560,0,3459384206
15561,0,1177751887
15562,0,2806418178
15563,0,3002659377
15564,0,997067182
15565,0,2972525795
15566,0,2744682843
15567,0,3838160962
15568,0,192347556
15569,0,1283518309
15570,0,2095095219
15571,0,2240776472
15572,0,3778730638
15573,0,4144214235
15574,0,2718603959
15575,0,3671867705
15576,0,227688644
15577,0,4107706913
15578,0,851500904
15579,0,211072062
15580,0,3631488983
15581,0,710184976
15582,0,2995735387
15583,0,660919177
15584,0,530582883
15585,0,3749719749
15586,0,2437193417
15587,0,1361727335
15588,0,1229700
15589,0,1412405525
15590,0,1184905459
15591,0,1987149228
15592,0,1633613966
15593,0,2007208585
15594,0,3148136048
15595,0,2705301733
15596,0,4047922420
15597,0,2261235992
15598,0,1299496106
15599,0,2262018714
15600,0,2207447066
15601,0,1319836690
15602,0,2281708102
15603,0,3797640098
15604,0,1271132693
15605,0,2242400885
15606,0,1932526918
15607,0,8875466
15608,0,1257583093
15609,0,1974932880
15610,0,2007931986
15611,0,548750912
15612,0,2279427518
15613,0,3812215787
15614,0,2463899625
15615,0,889706585
15616,0,544859089
15617,0,2625271760
15618,0,2189675664
15619,0,2569507352
15620,0,133190378
15621,0,3088028604
15622,0,92202624
15623,0,3967795383
15624,0,2571926243
15625,0,3557960843
15626,0,2716044554
15627,0,3625320523
15628,0,468903108
15629,0,2854398289
15630,0,504769653
15631,0,2827277977
15632,0,2024413682
15633,0,1226621752
15634,0,4262386469
15635,0,2284280720
15636,0,167259514
15637,0,2260337009
15638,0,337380699
15639,0,38981376
15640,0,770619897
15641,0,2699916977
15642,0,3377554476
15643,0,1598443014
15644,0,1180593637
15645,0,4155738772
15646,0,1523086692
15647,0,3640604054
15648,0,4159749296
15649,0,3971964131
15650,0,3812938034
15651,0,1429675491
15652,0,1743778406
15653,0,2915870807
15654,0,537711284
15655,0,4045143225
15656,0,1595925535
15657,0,3491164145
15658,0,2968644005
15659,0,895805351
15660,0,2610577039
15661,0,1430103530
15662,0,3516018794
15663,0,1685606149
15664,0,3733184745
15665,0,4048332134
15666,0,3656033622
15667,0,625237302
15668,0,1924891303
15669,0,1594038736
15670,0,3139042892
15671,0,517453988
15672,0,3517629669
15673,0,2951884734
15674,0,2864106812
15675,0,289399348
15676,0,1113294216
15677,0,1874395997
15678,0,3045200436
15679,0,257544982
15680,0,2988694330
15681,0,3789229208
15682,0,2302794556
15683,0,4142286799
15684,0,4259881152
15685,0,3622458168
15686,0,741253694
15687,0,4115324746
15688,0,2061159291
15689,0,1426255489
15690,0,311138280
15691,0,1856134579
15692,0,2274478105
15693,0,1824808272
15694,0,179040775
15695,0,3918407218
15696,0,2219205206
15697,0,1234979920
15698,0,3268650811
15699,0,1889998849
15700,0,3880340370
15701,0,156695919
15702,0,160805970
15703,0,1558892669
15704,0,3662353135
15705,0,3133370980
15706,0,1165794371
15707,0,140931097
15708,0,180573771
15709,0,1632292750
15710,0,802777523
15711,0,1594757188
15712,0,1037895207
15713,0,1043119563
15714,0,2602871073
15715,0,3457239553
15716,0,225586313
15717,0,1418082296
15718,0,3713443396
15719,0,979006443
15720,0,4039251704
15721,0,4055150902
15722,0,2514099487
15723,0,424366659
15724,0,325219202
15725,0,4283546731
15726,0,3544955045
15727,0,800463818
15728,0,1965725709
15729,0,3813558296
15730,0,1676081918
15731,0,731246818
15732,0,615956198
15733,0,2653613363
15734,0,2987487829
15735,0,388502392
15736,0,3181650619
15737,0,127440386
15738,0,3192080750
15739,0,984791545
15740,0,3694676191
15741,0,1901824910
15742,0,90388731
15743,0,770789733
15744,0,1312848081
15745,0,1779791868
15746,0,1505240233
15747,0,4169690591
15748,0,1397563270
15749,0,3876150488
15750,0,1591044273
15751,0,2342853456
15752,0,825158103
15753,0,1855685757
15754,0,3700508055
15755,0,1884827462
15756,0,3282724446
15757,0,1667095598
15758,0,3285612546
15759,0,2517758793
15760,0,2808637909
15761,0,3758162812
15762,0,3451030059
15763,0,33762896
15764,0,2666179380
15765,0,3120926898
15766,0,174670811
15767,0,1616144530
15768,0,1166907409
15769,0,662153622
15770,0,2598704692
15771,0,1012059781
15772,0,3586774212
15773,0,91573996
15774,0,968593336
15775,0,1104795742
15776,0,546735063
15777,0,3983503233
15778,0,326546958
15779,0,1934986869
15780,0,2448599096
15781,0,1514963458
15782,0,2342012804
15783,0,4000858160
15784,0,699945711
15785,0,1599193277
15786,0,2408329438
15787,0,996767413
15788,0,2722386218
15789,0,608282202
15790,0,30879231
15791,0,1769948843
15792,0,3035015614
15793,0,1543140246
15794,0,2761921298
15795,0,2302866924
15796,0,672980083
15797,0,3251524346
15798,0,2041835890
15799,0,4096517436
15800,0,2567441978
15801,0,2167359997
15802,0,1779131221
15803,0,3394882757
15804,0,2346955141
15805,0,1203667692
15806,0,1804233405
15807,0,4251378611
15808,0,1296206986
15809,0,2259394179
15810,0,1510671358
15811,0,1961821764
15812,0,283002551
15813,0,3641810131
15814,0,3153771350
15815,0,2123476702
15816,0,570631195
15817,0,2525793339
15818,0,3866499198
15819,0,2319487618
15820,0,2583908298
15821,0,2360651991
15822,0,1332080000
15823,0,2825324970
15824,0,1663028579
15825,0,3436177274
15826,0,876040746
15827,0,272490355
15828,0,3517888986
15829,0,3559565456
15830,0,2787502476
15831,0,2040063174
15832,0,3305299590
15833,0,1150839823
15834,0,1781315811
15835,0,1529112859
15836,0,384508184
15837,0,734730236
15838,0,1872945062
15839,0,3197547565
15840,0,1786193060
15841,0,1386191221
15842,0,2543606797
15843,0,2678305379
15844,0,3558568980
15845,0,3920396888
15846,0,1158704075
15847,0,1162661919
15848,0,916760760
15849,0,3586970945
15850,0,2751368339
15851,0,1073111301
15852,0,2298586414
15853,0,153306236
15854,0,1412588010
15855,0,434802765
15856,0,931242556
15857,0,2063751231
15858,0,816949149
15859,0,2348986940
15860,0,2465119454
15861,0,3957232356
15862,0,163826309
15863,0,1660488524
15864,0,830863876
15865,0,1449300390
15866,0,2392597037
15867,0,1374252897
15868,0,4239088899
15869,0,1986373190
15870,0,2534270224
15871,0,1582426151
15872,0,1152418983
15873,0,3501037589
15874,0,374223234
15875,0,3753717277
15876,0,900257634
15877,0,3352598720
15878,0,3445286502
15879,0,2740697869
15880,0,1400132368
15881,0,4224830715
15882,0,2341959260
15883,0,3468974770
15884,0,4157945627
15885,0,2012843904
15886,0,2268871684
15887,0,388708122
15888,0,1220653118
15889,0,2786043133
15890,0,9804565
15891,0,3441114926
15892,0,4113293425
15893,0,2912229507
15894,0,3727329249
15895,0,1410003402
15896,0,1279602355
15897,0,3690231098
15898,0,4281396723
15899,0,3008457268
15900,0,1558381279
15901,0,2879876323
15902,0,2170474558
15903,0,813600722
15904,0,3507707152
15905,0,3968928072
15906,0,2058722580
15907,0,3958917759
15908,0,3024928676
15909,0,1421730168
15910,0,4206899985
15911,0,1760544064
15912,0,2562072835
15913,0,3462104648
15914,0,1825175841
15915,0,777251383
15916,0,833704989
15917,0,2104346884
15918,0,1307070306
15919,0,3296821600
15920,0,1628610038
15921,0,1730465952
15922,0,1529178424
15923,0,910185753
15924,0,2693662312
15925,0,1747320681
15926,0,786310445
15927,0,2768630288
15928,0,1941440979
15929,0,583549650
15930,0,2026956027
15931,0,3988352348
15932,0,3259181045
15933,0,1896301003
15934,0,3203647444
15935,0,120438480
15936,0,3938170732
15937,0,379146663
15938,0,2836943313
15939,0,3345360960
15940,0,1336608663
15941,0,3295147867
15942,0,1797114301
15943,0,2540311976
15944,0,1848678311
15945,0,3830280549
15946,0,106921717
15947,0,3652512917
15948,0,3236675142
15949,0,1397202743
15950,0,3028599687
15951,0,2993850973
15952,0,2215781345
15953,0,3449952534
15954,0,1586713750
15955,0,3023068246
15956,0,1222816491
15957,0,3376704308
15958,0,3229347205
15959,0,78217056
15960,0,1139290754
15961,0,4071775134
15962,0,2180589758
15963,0,960095209
15964,0,2916935723
15965,0,736860327
15966,0,1192611800
15967,0,590914895
15968,0,3317337703
15969,0,447918044
15970,0,2791835512
15971,0,1986909019
15972,0,1289518680
15973,0,2717181363
15974,0,2500983122
15975,0,3980813743
15976,0,528564118
15977,0,906991183
15978,0,1543803308
15979,0,136290356
15980,0,2134022456
15981,0,2930010482
15982,0,1389178455
15983,0,401674068
15984,0,4117307257
15985,0,105698170
15986,0,408449035
15987,0,3715792839
15988,0,3268937286
15989,0,2147765902
15990,0,862242532
15991,0,3703206968
15992,0,3583678950
15993,0,1382370325
15994,0,2266344742
15995,0,1688206270
15996,0,3873881866
15997,0,301668009
15998,0,384821502
15999,0,2516319686
16000,0,1217520491
16001,0,3949697973
16002,0,2612232411
16003,0,2663003375
16004,0,3704661884
16005,0,3486985987
16006,0,1826363672
16007,0,269660679
16008,0,2350666990
16009,0,3602080366
16010,0,3844152625
16011,0,376213554
16012,0,154718951
16013,0,2145604085
16014,0,2925697147
16015,0,1356685165
16016,0,2636176469
16017,0,1408098048
16018,0,3921202118
16019,0,3905816422
16020,0,746110359
16021,0,1115835954
16022,0,1673886096
16023,0,1377100427
16024,0,117002377
16025,0,2984556893
16026,0,4281224570
16027,0,3869495674
16028,0,219625660
16029,0,2853796412
16030,0,780774131
16031,0,1630479384
16032,0,807452430
16033,0,3756847406
16034,0,2028677258
16035,0,2729879703
16036,0,2200574949
16037,0,3398279694
16038,0,2806509672
16039,0,1880180077
16040,0,1327886163
16041,0,2872127668
16042,0,702100167
16043,0,4290475495
16044,0,2986111460
16045,0,3353161348
16046,0,599683010
16047,0,646792385
16048,0,1286691499
16049,0,2607096441
16050,0,3664355436
16051,0,586071198
16052,0,1524482592
16053,0,2981093100
16054,0,71106933
16055,0,644717820
16056,0,733517477
16057,0,350840947
16058,0,84247680
16059,0,120461066
16060,0,2083096653
16061,0,3911308669
16062,0,2722991098
16063,0,1969917443
16064,0,4184118781
16065,0,280691216
16066,0,1876850668
16067,0,2237090013
16068,0,3856073115
16069,0,3110604361
16070,0,2895065401
16071,0,531544525
16072,0,3665349958
16073,0,3118332270
16074,0,3640096982
16075,0,3394881312
16076,0,2768925118
16077,0,2357542944
16078,0,3031113312
16079,0,998887347
16080,0,1300922124
16081,0,1326725401
16082,0,3470318914
16083,0,2070808762
16084,0,4116424006
16085,0,3214381663
16086,0,4132881041
16087,0,4003088371
16088,0,1793780961
16089,0,3651943450
16090,0,2613392045
16091,0,2407596229
16092,0,1554454057
16093,0,1915701784
16094,0,4142723694
16095,0,2088878590
16096,0,3548010369
16097,0,2832028612
16098,0,1410302302
16099,0,547781324
16100,0,269364051
16101,0,2044730817
16102,0,827858253
16103,0,1824858773
16104,0,3664461086
16105,0,81583290
16106,0,1982968063
16107,0,1172336104
16108,0,1140093190
16109,0,2001611372
16110,0,4068318925
16111,0,1965547007
16112,0,1570188499
16113,0,3115256437
16114,0,1154565797
16115,0,3971990599
16116,0,2463294940
16117,0,55140328
16118,0,1044200946
16119,0,2850363219
16120,0,1793140820
16121,0,2996468609
16122,0,1085180916
16123,0,2883068060
16124,0,1454708825
16125,0,1115034182
16126,0,2280446329
16127,0,2226983960
16128,0,412774938
16129,0,2381985718
16130,0,2862535728
16131,0,1929735100
16132,0,270668837
16133,0,108344246
16134,0,2692207959
16135,0,25042713
16136,0,2436273335
16137,0,933951879
16138,0,2078250122
16139,0,2694616461
16140,0,2005450747
16141,0,1854543808
16142,0,2721201881
16143,0,1489299853
16144,0,2068858263
16145,0,263262374
16146,0,2568816884
16147,0,946932309
16148,0,1045397448
16149,0,3883201907
16150,0,1116707422
16151,0,2302956860
16152,0,2140753261
16153,0,2427193495
16154,0,644016456
16155,0,305219917
16156,0,1476816097
16157,0,651871148
16158,0,2873156507
16159,0,1363728450
16160,0,39260450
16161,0,3994485371
16162,0,3310669751
16163,0,3370269990
16164,0,1737615909
16165,0,7966383
16166,0,69384537
16167,0,843033469
16168,0,761098869
16169,0,3781291132
16170,0,1093550955
16171,0,2704252554
16172,0,220203349
16173,0,2371831120
16174,0,3680207594
16175,0,3419699785
16176,0,3610409191
16177,0,2650032880
16178,0,2179093509
16179,0,2804983604
16180,0,3373901119
16181,0,1249462240
16182,0,841720546
16183,0,2291137273
16184,0,2379006769
16185,0,2700596580
16186,0,288649577
16187,0,2084225605
16188,0,2856091644
16189,0,2646494909
16190,0,3645986217
16191,0,2405795643
16192,0,3611792800
16193,0,2609081465
16194,0,931846303
16195,0,4290303155
16196,0,1089864356
16197,0,2499451989
16198,0,695968333
16199,0,4218926676
16200,0,3122340298
16201,0,442750395
16202,0,2051293169
16203,0,1257653420
16204,0,3457365565
16205,0,2991360183
16206,0,1209358938
16207,0,2291340629
16208,0,2902575465
16209,0,297323679
16210,0,223230410
16211,0,2224325329
16212,0,2367405686
16213,0,2692047004
16214,0,2159686479
16215,0,480621798
16216,0,3978108602
16217,0,2542092863
16218,0,3348432414
16219,0,2374517525
16220,0,952016352
16221,0,2338317377
16222,0,2368211690
16223,0,47486672
16224,0,2446656567
16225,0,455896926
16226,0,1312514973
16227,0,1800570265
16228,0,1205253449
16229,0,3196347190
16230,0,1857417895
16231,0,3436060727
16232,0,298864179
16233,0,449996088
16234,0,2564591170
16235,0,730698696
16236,0,2809084274
16237,0,1214935826
16238,0,3339596502
16239,0,734707196
16240,0,4074076934
16241,0,3943116380
16242,0,3612970618
16243,0,876682001
16244,0,4081393792
16245,0,3186912874
16246,0,924842166
16247,0,3374500594
16248,0,2682559308
16249,0,2637085770
16250,0,509409849
16251,0,2724777012
16252,0,3324783011
16253,0,538275279
16254,0,943040569
16255,0,728439456
16256,0,2560589055
16257,0,2534688927
16258,0,3740488732
16259,0,979454628
16260,0,1972217086
16261,0,3813837463
16262,0,4060496247
16263,0,2134847491
16264,0,3202125596
16265,0,3369863395
16266,0,1909050467
16267,0,1089765473
16268,0,3487681469
16269,0,609488438
16270,0,398525215
16271,0,3288195342
16272,0,2220868320
16273,0,4236009665
16274,0,2095802003
16275,0,387506031
16276,0,2454854581
16277,0,4122916807
16278,0,1267632868
16279,0,3231364653
16280,0,1572142402
16281,0,2173130188
16282,0,216197683
16283,0,1697709761
16284,0,670340373
16285,0,530290814
16286,0,4263094452
16287,0,2867260243
16288,0,2249892405
16289,0,2580613243
16290,0,2736305812
16291,0,210231889
16292,0,3917151447
16293,0,1793635143
16294,0,3968716263
16295,0,4078037151
16296,0,240098398
16297,0,1161852220
16298,0,924698927
16299,0,1228253267
16300,0,2076803020
16301,0,3525996372
16302,0,1741993524
16303,0,3545995549
16304,0,2943700225
16305,0,3698893579
16306,0,3408742375
16307,0,434329583
16308,0,282018400
16309,0,3907320321
16310,0,2201541555
16311,0,2442134804
16312,0,3077274669
16313,0,3308829466
16314,0,2569655511
16315,0,3588211918
16316,0,2240045005
16317,0,3250775699
16318,0,1057606523
16319,0,3400769864
16320,0,4116333146
16321,0,523945618
16322,0,3137079718
16323,0,1121082370
16324,0,588320203
16325,0,1470496639
16326,0,3775332378
16327,0,562844568
16328,0,3558853255
16329,0,2225649696
16330,0,3862089526
16331,0,1163807580
16332,0,176432518
16333,0,1218507036
16334,0,2263355901
16335,0,506036566
16336,0,3999898807
16337,0,1646091080
16338,0,3891511730
16339,0,1736180816
16340,0,423133899
16341,0,626862363
16342,0,2411670948
16343,0,729320577
16344,0,1744736085
16345,0,1956315071
16346,0,1187793705
16347,0,982029149
16348,0,881312428
16349,0,1452719205
16350,0,2723267048
16351,0,3623687966
16352,0,3603128241
16353,0,462488651
16354,0,1477919015
16355,0,3058491134
16356,0,2683440855
16357,0,456702371
16358,0,2375494405
16359,0,1979732158
16360,0,4276254741
16361,0,2381356101
16362,0,1366695001
16363,0,3444822471
16364,0,1510351922
16365,0,1317356850
16366,0,575517251
16367,0,347508833
16368,0,299939004
16369,0,3918649319
16370,0,3200685169
16371,0,3847801077
16372,0,1954860054
16373,0,1305028661
16374,0,1899509266
16375,0,2293493775
16376,0,553582998
16377,0,3648626672
16378,0,3128605907
16379,0,1375071811
16380,0,1803744253
16381,0,2320787811
16382,0,3900264767
16383,0,2307183120
16384,0,2655512521
16385,0,895493206
16386,0,213215427
16387,0,2483444405
16388,0,3041556157
16389,0,2284373267
16390,0,2178369430
16391,0,1301533572
16392,0,3414836949
16393,0,3913566429
16394,0,1805960882
16395,0,2636979819
16396,0,3807134331
16397,0,1052897898
16398,0,286980012
16399,0,2986695483
16400,0,891602634
16401,0,306697908
16402,0,4206198140
16403,0,4131400145
16404,0,2620685804
16405,0,1656189224
16406,0,517266241
16407,0,841714303
16408,0,804074093
16409,0,3183083805
16410,0,1319249393
16411,0,1234968351
16412,0,2240601632
16413,0,3612537220
16414,0,2770637717
16415,0,3717410814
16416,0,3053112008
16417,0,2027171769
16418,0,1498240040
16419,0,2328728652
16420,0,818218414
16421,0,2657173334
16422,0,2298466803
16423,0,720411379
16424,0,208806564
16425,0,1291210839
16426,0,1499633161
16427,0,2144717016
16428,0,521919583
16429,0,4136750327
16430,0,786834800
16431,0,2739034836
16432,0,3943527896
16433,0,4085036899
16434,0,3616297163
16435,0,4013350433
16436,0,2863558488
16437,0,2414789562
16438,0,2762778294
16439,0,1060483051
16440,0,3554270063
16441,0,4265453973
16442,0,720023122
16443,0,2604329346
16444,0,122919527
16445,0,4160179560
16446,0,3574729445
16447,0,496171138
16448,0,2358658666
16449,0,3477056679
16450,0,1874948018
16451,0,81189769
16452,0,726998810
16453,0,2658497377
16454,0,858793677
16455,0,3403299353
16456,0,1051903605
16457,0,2851535915
16458,0,3087484242
16459,0,1158188420
16460,0,3283934424
16461,0,1557785003
16462,0,1551602429
16463,0,3936393231
16464,0,3447824191
16465,0,849740172
16466,0,2691227687
16467,0,837262385
16468,0,2388294945
16469,0,4265182750
16470,0,297667843
16471,0,3554583692
16472,0,4004233803
16473,0,1254084218
16474,0,3714723714
16475,0,2346605103
16476,0,1407768098
16477,0,1824187444
16478,0,934541674
16479,0,1531787653
16480,0,1942032603
16481,0,1787911926
16482,0,1756918897
16483,0,2700773930
16484,0,3326733397
16485,0,2208630580
16486,0,1261519925
16487,0,357394478
16488,0,2975233354
16489,0,2149473301
16490,0,940040891
16491,0,1313665779
16492,0,3528304058
16493,0,3114274343
16494,0,3035820213
16495,0,3059784999
16496,0,490854245
16497,0,3523343059
16498,0,1730640702
16499,0,2153716958
16500,0,458836668
16501,0,1943315675
16502,0,247027964
16503,0,2441056207
16504,0,1884139020
16505,0,1946539402
16506,0,405448912
16507,0,3944826696
16508,0,3133993772
16509,0,2978303608
16510,0,285346301
16511,0,1468906883
16512,0,1797150807
16513,0,2726945789
16514,0,1077386310
16515,0,3294607033
16516,0,1671000157
16517,0,4291568660
16518,0,312324051
16519,0,1267994720
16520,0,4204192044
16521,0,4041030869
16522,0,3216071094
16523,0,75345237
16524,0,2336088702
16525,0,3644129575
16526,0,1529505871
16527,0,3528714398
16528,0,1196398846
16529,0,1045452822
16530,0,2667763039
16531,0,1887676139
16532,0,2407947332
16533,0,3318822435
16534,0,2175914633
16535,0,3354738777
16536,0,2419368806
16537,0,2404665354
16538,0,3438571296
16539,0,1662630568
16540,0,3722346830
16541,0,3005198613
16542,0,3801826027
16543,0,3523909256
16544,0,2611022405
16545,0,3889631505
16546,0,3142798987
16547,0,2194325130
16548,0,1986598119
16549,0,3394112829
16550,0,1994174953
16551,0,4242395833
16552,0,2547052156
16553,0,3388622099
16554,0,2857685599
16555,0,872046672
16556,0,2180754088
16557,0,1635045151
16558,0,3934075348
16559,0,3853808023
16560,0,458370772
16561,0,2409149328
16562,0,2763330501
16563,0,3749422275
16564,0,3616651122
16565,0,3465510509
16566,0,152770380
16567,0,363262997
16568,0,2946629991
16569,0,509362848
16570,0,1460223268
16571,0,1696410418
16572,0,3474615023
16573,0,3401495116
16574,0,2182134487
16575,0,1007164978
16576,0,2904040226
16577,0,2264581148
16578,0,291262240
16579,0,2411228412
16580,0,3335655439
16581,0,514195110
16582,0,2405215710
16583,0,1175155981
16584,0,1039329880
16585,0,2005047940
16586,0,3197310285
16587,0,1533129040
16588,0,3292232021
16589,0,3374323581
16590,0,2989851098
16591,0,1138154365
16592,0,2409616129
16593,0,3389453886
16594,0,2363930526
16595,0,415107092
16596,0,3995106698
16597,0,3552109826
16598,0,738235214
16599,0,4081107770
16600,0,2413372297
16601,0,3735199229
16602,0,783422739
16603,0,3994558587
16604,0,2834406256
16605,0,3898933599
16606,0,1100376696
16607,0,402435732
16608,0,3353583587
16609,0,938154092
16610,0,3358650879
16611,0,400565752
16612,0,2025498295
16613,0,2716221601
16614,0,1471733592
16615,0,3324827473
16616,0,3290300274
16617,0,92525547
16618,0,2150567572
16619,0,1581937450
16620,0,365452445
16621,0,3576006064
16622,0,3622131801
16623,0,3777397742
16624,0,439366435
16625,0,2531261481
16626,0,1107818500
16627,0,501479015
16628,0,114022896
16629,0,3276342858
16630,0,2475083466
16631,0,548130757
16632,0,1933258476
16633,0,3392280191
16634,0,2538336801
16635,0,3371922022
16636,0,1884014237
16637,0,462698737
16638,0,230719540
16639,0,2768753719
16640,0,45762101
16641,0,98869867
16642,0,2761481567
16643,0,1499412998
16644,0,2112554025
16645,0,2964027742
16646,0,798623070
16647,0,2299505158
16648,0,4121284609
16649,0,3139382707
16650,0,2340765191
16651,0,2768030853
16652,0,2430743635
16653,0,460313479
16654,0,3270976008
16655,0,4033878835
16656,0,2446742968
16657,0,927889672
16658,0,4119831263
16659,0,995886229
16660,0,3255949106
16661,0,3859448425
16662,0,2126041098
16663,0,4086163606
16664,0,2642343161
16665,0,1071600681
16666,0,2115620356
16667,0,3170160872
16668,0,4224823324
16669,0,2006485077
16670,0,3033626780
16671,0,3818134237
16672,0,2034163194
16673,0,4072168442
16674,0,3240854585
16675,0,2217959695
16676,0,3930871238
16677,0,2120225340
16678,0,4174522831
16679,0,10055802
16680,0,4233281809
16681,0,711382537
16682,0,3830859034
16683,0,2992078688
16684,0,3939591709
16685,0,71698324
16686,0,1378376718
16687,0,1822403482
16688,0,2759346924
16689,0,160830398
16690,0,3084353422
16691,0,1559552061
16692,0,3734448324
16693,0,1249449315
16694,0,1920819241
16695,0,293457333
16696,0,2980840400
16697,0,185957467
16698,0,928484500
16699,0,510169398
16700,0,2240066865
16701,0,2003896480
16702,0,2596360658
16703,0,2945612879
16704,0,3789300279
16705,0,3603230650
16706,0,759352899
16707,0,3856143558
16708,0,257182630
16709,0,1111088758
16710,0,1192457005
16711,0,128857430
16712,0,3784716116
16713,0,2884309034
16714,0,4096307069
16715,0,3643313246
16716,0,3703974383
16717,0,646145874
16718,0,122244774
16719,0,4247692520
16720,0,533050897
16721,0,2315227346
16722,0,123226400
16723,0,3254095326
16724,0,2038483673
16725,0,2074119220
16726,0,786505159
16727,0,2791740939
16728,0,3764275032
16729,0,1042232130
16730,0,3600085081
16731,0,1533114070
16732,0,3268021611
16733,0,4018321368
16734,0,2521073636
16735,0,3518534584
16736,0,3123820991
16737,0,767948988
16738,0,3365145461
16739,0,1990950536
16740,0,909390997
16741,0,2759808006
16742,0,2433342553
16743,0,4208429592
16744,0,2030400914
16745,0,559716201
16746,0,3314301073
16747,0,291045918
16748,0,306284787
16749,0,1218499292
16750,0,227807105
16751,0,15294419
16752,0,1232494874
16753,0,804853168
16754,0,2762830327
16755,0,1491141502
16756,0,1766922265
16757,0,1162032
16758,0,3649286635
16759,0,1483620532
16760,0,2674497928
16761,0,658586404
16762,0,76733942
16763,0,3131735648
16764,0,1504091827
16765,0,3295136491
16766,0,2590784182
16767,0,3127144779
16768,0,1546667258
16769,0,3242916621
16770,0,1531549464
16771,0,1560205933
16772,0,1909722932
16773,0,4134277773
16774,0,4086078195
16775,0,2055969242
16776,0,1068203330
16777,0,1348582691
16778,0,2675455713
16779,0,2905545811
16780,0,2584623905
16781,0,4029450004
16782,0,2030622995
16783,0,662407366
16784,0,2584681751
16785,0,1276508641
16786,0,2518527701
16787,0,1529149942
16788,0,1196500123
16789,0,462215738
16790,0,2578485695
16791,0,4217486332
16792,0,1339417491
16793,0,2270736960
16794,0,3004146632
16795,0,2846264851
16796,0,1962841601
16797,0,1642219230
16798,0,235657730
16799,0,3695162439
16800,0,2086625948
16801,0,2442787290
16802,0,2063548395
16803,0,1027619882
16804,0,1651066952
16805,0,661508856
16806,0,996216897
16807,0,877568597
16808,0,3767154871
16809,0,1410196569
16810,0,4166038362
16811,0,692784295
16812,0,1395053000
16813,0,2867674535
16814,0,2791488107
16815,0,3571187068
16816,0,3320918022
16817,0,2646720062
16818,0,3938667677
16819,0,3913616277
16820,0,1321631310
16821,0,2700093417
16822,0,631760911
16823,0,3429560284
16824,0,2746598804
16825,0,2079214327
16826,0,3836642895
16827,0,3095983100
16828,0,2014523495
16829,0,3722719848
16830,0,780855356
16831,0,36138682
16832,0,1305163256
16833,0,1173366786
16834,0,1593395002
16835,0,3050945173
16836,0,3554681296
16837,0,747834781
16838,0,3912362669
16839,0,1491088255
16840,0,2406513464
16841,0,2196790611
16842,0,2719303230
16843,0,1350756791
16844,0,3140870861
16845,0,3940838939
16846,0,2210434184
16847,0,3630789024
16848,0,1039948622
16849,0,1680720004
16850,0,1536753114
16851,0,3226494635
16852,0,1546223049
16853,0,27059233
16854,0,1040834317
16855,0,3102196441
16856,0,1462014567
16857,0,1751780019
16858,0,246659981
16859,0,1099352812
16860,0,2210125473
16861,0,3567175894
16862,0,3171273876
16863,0,2524878143
16864,0,3757292851
16865,0,2732894777
16866,0,3285298408
16867,0,1071001102
16868,0,3102077861
16869,0,3569044813
16870,0,524602180
16871,0,1135411730
16872,0,2651410245
16873,0,1272390165
16874,0,1563389503
16875,0,2918326059
16876,0,754322464
16877,0,1128081849
16878,0,658844988
16879,0,3737085421
16880,0,1918452076
16881,0,350840470
16882,0,1062005739
16883,0,3825894547
16884,0,663708991
16885,0,2922706379
16886,0,557595693
16887,0,1904222545
16888,0,3236776708
16889,0,1479673730
16890,0,9123715
16891,0,2836919166
16892,0,3095068802
16893,0,3574512215
16894,0,1255093717
16895,0,583908879
16896,0,2034610257
16897,0,649136438
16898,0,4117665117
16899,0,3747737951
16900,0,3355860666
16901,0,2045965586
16902,0,3443814906
16903,0,739842215
16904,0,4004649729
16905,0,396349672
16906,0,1574331145
16907,0,2807460242
16908,0,1172611360
16909,0,3923374528
16910,0,735239216
16911,0,2059954010
16912,0,2990576939
16913,0,3159428729
16914,0,777156214
16915,0,1930182968
16916,0,2655824141
16917,0,1724685275
16918,0,1128767744
16919,0,1536732371
16920,0,2388627858
16921,0,4056947492
16922,0,2754129342
16923,0,2189007697
16924,0,2473564376
16925,0,1860285602
16926,0,1456393112
16927,0,2014053510
16928,0,3943408072
16929,0,2037326961
16930,0,566762145
16931,0,1897485839
16932,0,550233987
16933,0,3679361630
16934,0,145659356
16935,0,2562351638
16936,0,1273087274
16937,0,466824584
16938,0,2988459417
16939,0,3908313808
16940,0,4184638567
16941,0,1441415799
16942,0,2838575109
16943,0,1208630461
16944,0,4230935827
16945,0,1931218677
16946,0,2862097684
16947,0,1768207145
16948,0,524056969
16949,0,2444173423
16950,0,3254627710
16951,0,4263034295
16952,0,3698001248
16953,0,606878563
16954,0,3410055843
16955,0,3283945225
16956,0,148816455
16957,0,3261008780
16958,0,1191041403
16959,0,1200240082
16960,0,1585146971
16961,0,1307746755
16962,0,546531814
16963,0,4166936849
16964,0,2599822927
16965,0,2579678032
16966,0,4106015492
16967,0,3041978666
16968,0,2798280464
16969,0,1210915076
16970,0,2326822082
16971,0,539473046
16972,0,1500748
16973,0,1195248707
16974,0,1349766168
16975,0,401327328
16976,0,2173278267
16977,0,3814362876
16978,0,3794772094
16979,0,3526166190
16980,0,770114962
16981,0,1743864888
16982,0,2713326563
16983,0,2600878592
16984,0,998973379
16985,0,1444490426
16986,0,38075101
16987,0,1056808466
16988,0,718047533
16989,0,3334991865
16990,0,1545772741
16991,0,4038925880
16992,0,1010616101
16993,0,1071553641
16994,0,1714061888
16995,0,4197562193
16996,0,1470486204
16997,0,1127620773
16998,0,1668982196
16999,0,3461084178
17000,0,2851365558
17001,0,2448735367
17002,0,3404704021
17003,0,3329214611
17004,0,3502985869
17005,0,3922679744
17006,0,1709022523
17007,0,422074054
17008,0,1843624190
17009,0,1567328640
17010,0,2804443661
17011,0,3881465881
17012,0,2742586005
17013,0,4150526848
17014,0,2509453642
17015,0,2784625399
17016,0,1362531461
17017,0,4150845334
17018,0,2144817851
17019,0,630159131
17020,0,2799838989
17021,0,2726115212
17022,0,2501512330
17023,0,1173356335
17024,0,2772003633
17025,0,2210327774
17026,0,2592438860
17027,0,2354116074
17028,0,3478286108
17029,0,3565446852
17030,0,1405458346
17031,0,3341042034
17032,0,2924410903
17033,0,1489516177
17034,0,2640120348
17035,0,3217823347
17036,0,2639230642
17037,0,12116158
17038,0,2303390665
17039,0,826585680
17040,0,1188223799
17041,0,2872215629
17042,0,3176267600
17043,0,3586949037
17044,0,487040145
17045,0,3677092667
17046,0,768993981
17047,0,2160221564
17048,0,2799346058
17049,0,2946008863
17050,0,1344023778
17051,0,1702937186
17052,0,3294309380
17053,0,2594464201
17054,0,3308526183
17055,0,2305028667
17056,0,330947721
17057,0,758512445
17058,0,3624947860
17059,0,2455079733
17060,0,1163161388
17061,0,3732989428
17062,0,2248055179
17063,0,2402652012
17064,0,3856273408
17065,0,1553088077
17066,0,1881796576
17067,0,4151109706
17068,0,651571832
17069,0,4088464564
17070,0,3084536263
17071,0,582484086
17072,0,1953297549
17073,0,3042516883
17074,0,1137552390
17075,0,1072689952
17076,0,4042911557
17077,0,1865683053
17078,0,1241585873
17079,0,1249544156
17080,0,1252022556
17081,0,1912390269
17082,0,3755065892
17083,0,355666990
17084,0,3798481109
17085,0,1261414380
17086,0,1167947941
17087,0,3149664705
17088,0,2889410130
17089,0,2930588491
17090,0,827304585
17091,0,1204025414
17092,0,565157955
17093,0,1632827536
17094,0,4133228976
17095,0,4180630309
17096,0,1530245632
17097,0,1137529850
17098,0,3757998915
17099,0,4249515400
17100,0,3432948437
17101,0,4577367
17102,0,3533954032
17103,0,2456579294
17104,0,3775121285
17105,0,2811643132
17106,0,2386009208
17107,0,3400332836
17108,0,3647200784
17109,0,4136658752
17110,0,3044759036
17111,0,659814878
17112,0,1433053354
17113,0,260241973
17114,0,1212823735
17115,0,3838262329
17116,0,1799597753
17117,0,3422863251
17118,0,623427432
17119,0,1785816906
17120,0,2509800646
17121,0,620809862
17122,0,2798783790
17123,0,159411253
17124,0,2229209334
17125,0,3724458198
17126,0,1449904420
17127,0,3332673251
17128,0,3093327551
17129,0,55400676
17130,0,2724205900
17131,0,3119603752
17132,0,728854674
17133,0,2835707459
17134,0,4268728581
17135,0,1135575138
17136,0,3352342483
17137,0,2541649414
17138,0,1332533625
17139,0,1546778712
17140,0,73658725
17141,0,866313218
17142,0,2339430899
17143,0,2123858132
17144,0,1596306898
17145,0,3664749245
17146,0,3912933761
17147,0,475086724
17148,0,1335224532
17149,0,2741838835
17150,0,3850063674
17151,0,521496564
17152,0,1654954099
17153,0,3304756326
17154,0,1488319741
17155,0,594467560
17156,0,4266096849
17157,0,989290399
17158,0,4053677245
17159,0,3594020889
17160,0,3160380676
17161,0,2434366747
17162,0,1777470086
17163,0,1022952503
17164,0,2474814216
17165,0,446351193
17166,0,206113345
17167,0,2368120033
17168,0,1861201852
17169,0,4162069552
17170,0,4006696281
17171,0,1262025700
17172,0,3704514822
17173,0,742039505
17174,0,2278589969
17175,0,1968135832
17176,0,1293822742
17177,0,2280213032
17178,0,2066723518
17179,0,578729026
17180,0,1780959513
17181,0,3816897531
17182,0,1530464516
17183,0,959395080
17184,0,776274735
17185,0,1244931039
17186,0,129711096
17187,0,2017818842
17188,0,1016348117
17189,0,3740715010
17190,0,4180145369
17191,0,4029036519
17192,0,3984809418
17193,0,1097958455
17194,0,1327285580
17195,0,554761302
17196,0,3990765691
17197,0,2683789555
17198,0,248388071
17199,0,1939963102
17200,0,3681077923
17201,0,2242231325
17202,0,1994826958
17203,0,3986262993
17204,0,1083928992
17205,0,4215519255
17206,0,73586903
17207,0,2960849419
17208,0,138829654
17209,0,3056807552
17210,0,2945165649
17211,0,2392679457
17212,0,1630793869
17213,0,4218010780
17214,0,1404110529
17215,0,508228053
17216,0,752538686
17217,0,3187199248
17218,0,789149853
17219,0,54643344
17220,0,2020156601
17221,0,3275452934
17222,0,34042843
17223,0,1676728645
17224,0,1674633225
17225,0,2246968257
17226,0,4149616714
17227,0,1487947077
17228,0,1392600169
17229,0,2382564943
17230,0,379170026
17231,0,1134252136
17232,0,459198659
17233,0,3919371360
17234,0,806111336
17235,0,2569243112
17236,0,3955310855
17237,0,3218726423
17238,0,125108058
17239,0,2338427317
17240,0,2478493406
17241,0,2253133358
17242,0,2511558954
17243,0,744139329
17244,0,1531211720
17245,0,18716246
17246,0,3375822877
17247,0,3500094439
17248,0,3936016982
17249,0,2346194302
17250,0,2810554725
17251,0,1200162321
17252,0,2385093428
17253,0,4087397491
17254,0,1643864804
17255,0,3109774039
17256,0,1966924471
17257,0,3290740290
17258,0,259471796
17259,0,3765993236
17260,0,483103737
17261,0,3089371331
17262,0,2108806781
17263,0,2830429570
17264,0,2509395712
17265,0,825569177
17266,0,202308282
17267,0,3093541334
17268,0,91998650
17269,0,4124722204
17270,0,376097968
17271,0,2959180430
17272,0,2251313238
17273,0,190848811
17274,0,405411401
17275,0,109083704
17276,0,703098843
17277,0,2792400786
17278,0,3805635763
17279,0,2250723794
17280,0,3278047330
17281,0,4018942965
17282,0,1470514828
17283,0,1904652247
17284,0,738173129
17285,0,591071354
17286,0,79250784
17287,0,2931768874
17288,0,1714489463
17289,0,2697377512
17290,0,3043635525
17291,0,2602562660
17292,0,3623588621
17293,0,383146432
17294,0,1613287895
17295,0,945002270
17296,0,482228870
17297,0,2788981073
17298,0,199227034
17299,0,1419071388
17300,0,1370526927
17301,0,637795899
17302,0,1632823801
17303,0,2983669295
17304,0,3595460838
17305,0,1342641199
17306,0,3805741230
17307,0,1520105519
17308,0,3061597920
17309,0,3937103792
17310,0,1828237278
17311,0,1500068031
17312,0,2980190080
17313,0,2568989449
17314,0,3819510774
17315,0,3659581501
17316,0,2814786670
17317,0,1764902187
17318,0,326207968
17319,0,1811841030
17320,0,3292373721
17321,0,2092033962
17322,0,1221883528
17323,0,111649994
17324,0,3052218229
17325,0,829583732
17326,0,2495944090
17327,0,4173306497
17328,0,1981305270
17329,0,4193999745
17330,0,3287116356
17331,0,3122560982
17332,0,3379831204
17333,0,3847251844
17334,0,3719494100
17335,0,3549375120
17336,0,3984264766
17337,0,455967840
17338,0,3751536560
17339,0,3470489286
17340,0,2692693543
17341,0,2965652154
17342,0,720421011
17343,0,1857389986
17344,0,3713529472
17345,0,1400573731
17346,0,1634843628
17347,0,2542669226
17348,0,2438443095
17349,0,2364611801
17350,0,1109853932
17351,0,4255131057
17352,0,3688455802
17353,0,4074416209
17354,0,1573629081
17355,0,592154133
17356,0,61468017
17357,0,4278033458
17358,0,3791956847
17359,0,2588371899
17360,0,2436248643
17361,0,2691795996
17362,0,2948257861
17363,0,1660043676
17364,0,1929071484
17365,0,1762398326
17366,0,2337676055
17367,0,1320107693
17368,0,2250475536
17369,0,320832384
17370,0,2391913687
17371,0,3110736530
17372,0,2621296334
17373,0,2573704124
17374,0,672528436
17375,0,1970619421
17376,0,1663555110
17377,0,2777153591
17378,0,341372144
17379,0,823913075
17380,0,3336578937
17381,0,2212735422
17382,0,743852116
17383,0,1321985466
17384,0,2112564228
17385,0,354395665
17386,0,3663931679
17387,0,1465008479
17388,0,4031541891
17389,0,3180960813
17390,0,1301487427
17391,0,3776341950
17392,0,2446825614
17393,0,973821005
17394,0,1087987084
17395,0,108392248
17396,0,3385126097
17397,0,3749853502
17398,0,2350061804
17399,0,248709643
17400,0,3168337154
17401,0,3429202814
17402,0,39572891
17403,0,1710863375
17404,0,1014483923
17405,0,1689576437
17406,0,3784166800
17407,0,1606668399
17408,0,1096647944
17409,0,3462611766
17410,0,1723848372
17411,0,290064512
17412,0,1528706317
17413,0,709140882
17414,0,1889627017
17415,0,3890006337
17416,0,2691567963
17417,0,720195417
17418,0,3821270426
17419,0,862953314
17420,0,3505675075
17421,0,673105709
17422,0,4019778896
17423,0,3613603049
17424,0,2386022102
17425,0,2320208160
17426,0,4120006647
17427,0,837994977
17428,0,1897229638
17429,0,1258659864
17430,0,534588667
17431,0,4060097178
17432,0,489764691
17433,0,1085414782
17434,0,1621508848
17435,0,3086665484
17436,0,209526945
17437,0,2772682293
17438,0,1831081495
17439,0,322354532
17440,0,1473362441
17441,0,1921376865
17442,0,402458021
17443,0,1584807457
17444,0,2952269304
17445,0,1722548667
17446,0,905530422
17447,0,2475672361
17448,0,380636508
17449,0,4100676849
17450,0,1632850539
17451,0,1759038308
17452,0,1194984574
17453,0,4044174116
17454,0,3126495888
17455,0,2316770708
17456,0,1561362822
17457,0,3912009174
17458,0,1264147133
17459,0,1641520634
17460,0,3749317902
17461,0,1168887299
17462,0,2971514614
17463,0,4289583095
17464,0,4013014686
17465,0,3298840335
17466,0,1702427727
17467,0,617940951
17468,0,31137216
17469,0,772190929
17470,0,4089524511
17471,0,1773520430
17472,0,3189782878
17473,0,2558467771
17474,0,245378703
17475,0,1699261911
17476,0,1857863790
17477,0,547233270
17478,0,2268405926
17479,0,1193269238
17480,0,29911494
17481,0,2464503934
17482,0,79304171
17483,0,2263714792
17484,0,3313669152
17485,0,2010983363
17486,0,2248241329
17487,0,2868351994
17488,0,1234634878
17489,0,3146455666
17490,0,3227776016
17491,0,1658111840
17492,0,3174036988
17493,0,832230068
17494,0,306220306
17495,0,2142982275
17496,0,2697752726
17497,0,4111096025
17498,0,2083905009
17499,0,922245300
17500,0,2151026211
17501,0,2142999962
17502,0,2886906078
17503,0,3140007578
17504,0,311405703
17505,0,83418632
17506,0,4161004308
17507,0,138741156
17508,0,3066817116
17509,0,3145858076
17510,0,71695805
17511,0,3316779204
17512,0,301177009
17513,0,1045737891
17514,0,2758817779
17515,0,4082028596
17516,0,4249232
17517,0,1221173497
17518,0,3858853074
17519,0,3102894847
17520,0,1075049737
17521,0,3907747920
17522,0,2228766752
17523,0,912119566
17524,0,456555344
17525,0,1608400574
17526,0,2571101690
17527,0,3583144058
17528,0,3895642932
17529,0,2614517854
17530,0,2892823984
17531,0,1216770045
17532,0,709371233
17533,0,4066791539
17534,0,896378023
17535,0,3201929019
17536,0,3603662202
17537,0,1794531144
17538,0,2197747495
17539,0,3747421290
17540,0,3873186370
17541,0,807285256
17542,0,1035365831
17543,0,4056960448
17544,0,4117630836
17545,0,2761044916
17546,0,3195836934
17547,0,2327175064
17548,0,429793371
17549,0,1865481393
17550,0,1685747874
17551,0,1185648565
17552,0,3707484027
17553,0,3901017169
17554,0,1356090902
17555,0,4224364861
17556,0,273006251
17557,0,1434525955
17558,0,1166951347
17559,0,854903983
17560,0,3343801087
17561,0,2384863767
17562,0,116917125
17563,0,3617372385
17564,0,1352117377
17565,0,100408898
17566,0,1085781592
17567,0,2044805542
17568,0,1801486540
17569,0,341742448
17570,0,3079528
17571,0,804374409
17572,0,4145900841
17573,0,229928661
17574,0,2378125986
17575,0,2593065911
17576,0,79896363
17577,0,2213534648
17578,0,1803819380
17579,0,4260841729
17580,0,2386234922
17581,0,272171893
17582,0,983617694
17583,0,919803943
17584,0,4012739404
17585,0,2529208750
17586,0,4249887444
17587,0,3629192305
17588,0,2704698078
17589,0,3789423080
17590,0,495006265
17591,0,1124594842
17592,0,252289104
17593,0,1534330865
17594,0,2864909492
17595,0,2716388062
17596,0,2933491303
17597,0,1555039437
17598,0,3642282489
17599,0,2815794474
17600,0,1285664808
17601,0,775234106
17602,0,3291924323
17603,0,2274330830
17604,0,2757231397
17605,0,597874267
17606,0,1415108367
17607,0,2577078835
17608,0,2709384445
17609,0,2158629644
17610,0,2612379465
17611,0,2815272327
17612,0,2094320409
17613,0,1397006722
17614,0,702858552
17615,0,2570071737
17616,0,1005962
17617,0,2364796597
17618,0,3582194375
17619,0,3501433450
17620,0,992522933
17621,0,2193524042
17622,0,283796577
17623,0,3500875794
17624,0,562983558
17625,0,335964233
17626,0,4176198926
17627,0,1712156619
17628,0,3044617233
17629,0,2408827372
17630,0,594044379
17631,0,3585168498
17632,0,416421453
17633,0,426308416
17634,0,3877562560
17635,0,2060996003
17636,0,518952629
17637,0,1261585801
17638,0,1945103688
17639,0,1184098059
17640,0,1948376178
17641,0,3126382341
17642,0,3569346041
17643,0,672853721
17644,0,3456070425
17645,0,1343494199
17646,0,2973804158
17647,0,342467481
17648,0,591978772
17649,0,3525683841
17650,0,2311233115
17651,0,2604398783
17652,0,1637957513
17653,0,2354555009
17654,0,1370566754
17655,0,2148809788
17656,0,4125376853
17657,0,3289721330
17658,0,1145075079
17659,0,350662431
17660,0,3785415741
17661,0,3200722158
17662,0,285471139
17663,0,2311283000
17664,0,365419170
17665,0,1022251147
17666,0,689321332
17667,0,413177768
17668,0,1088930498
17669,0,2940472637
17670,0,4069848012
17671,0,4047893242
17672,0,2890414999
17673,0,3429584714
17674,0,365554923
17675,0,583500001
17676,0,2309158924
17677,0,46233853
17678,0,2517044306
17679,0,2250474772
17680,0,648983764
17681,0,4139635982
17682,0,3482997504
17683,0,985149021
17684,0,3506548068
17685,0,1896266098
17686,0,1665001126
17687,0,583033618
17688,0,4209294371
17689,0,3246242035
17690,0,3122633602
17691,0,1687165333
17692,0,2482225860
17693,0,2664289585
17694,0,2836858756
17695,0,1964232087
17696,0,2558808871
17697,0,1324871863
17698,0,2898808871
17699,0,2135984993
17700,0,2846823327
17701,0,809900113
17702,0,2596568855
17703,0,2985567492
17704,0,2680375918
17705,0,659608585
17706,0,2280437441
17707,0,933713211
17708,0,2097884379
17709,0,177754867
17710,0,402677904
17711,0,2522823097
17712,0,1550581933
17713,0,1396710577
17714,0,1242861466
17715,0,2803101513
17716,0,2242831540
17717,0,2117160232
17718,0,2769861282
17719,0,4225291012
17720,0,3602667736
17721,0,3913922411
17722,0,724807577
17723,0,2262089689
17724,0,886931086
17725,0,4203909640
17726,0,2997553729
17727,0,2945136048
17728,0,4216368716
17729,0,1035106560
17730,0,551176553
17731,0,1461514194
17732,0,2520751745
17733,0,3625845430
17734,0,290528466
17735,0,1805906775
17736,0,2901028819
17737,0,3407302715
17738,0,51656403
17739,0,1007456948
17740,0,1695741625
17741,0,1132240955
17742,0,940497734
17743,0,2410361941
17744,0,3441293413
17745,0,809323725
17746,0,2905646079
17747,0,2427253848
17748,0,3403258411
17749,0,3389807173
17750,0,1776256519
17751,0,3136977800
17752,0,1156262125
17753,0,522558166
17754,0,597594569
17755,0,3311331930
17756,0,446786640
17757,0,3527774053
17758,0,378194065
17759,0,3162580221
17760,0,2613565106
17761,0,1126523258
17762,0,239110431
17763,0,4077892462
17764,0,2838252095
17765,0,756874058
17766,0,4241075312
17767,0,3787379379
17768,0,1191004071
17769,0,791921859
17770,0,2732223958
17771,0,58431142
17772,0,1145217105
17773,0,425297621
17774,0,434466964
17775,0,1224918671
17776,0,733405862
17777,0,195654583
17778,0,2653923928
17779,0,133653162
17780,0,2682828827
17781,0,2509771182
17782,0,1646187896
17783,0,2927668512
17784,0,3753567986
17785,0,4026011456
17786,0,740258120
17787,0,2230590003
17788,0,4059907242
17789,0,1953311710
17790,0,4089899509
17791,0,4059271081
17792,0,2072753318
17793,0,2935043849
17794,0,2316972833
17795,0,1135662814
17796,0,1946973963
17797,0,2805999069
17798,0,3699462176
17799,0,639649570
17800,0,4131788864
17801,0,2626575879
17802,0,3197903264
17803,0,1873781364
17804,0,3888946948
17805,0,4054353746
17806,0,3373549971
17807,0,1156004224
17808,0,3644482827
17809,0,653440774
17810,0,1918611183
17811,0,4149209260
17812,0,1092083105
17813,0,4007116528
17814,0,943717620
17815,0,864222116
17816,0,4064278079
17817,0,2482640931
17818,0,3476823004
17819,0,3299869215
17820,0,1518570662
17821,0,1241283725
17822,0,198854875
17823,0,450903771
17824,0,3125893254
17825,0,3111900390
17826,0,3205093301
17827,0,974756874
17828,0,981712902
17829,0,317131175
17830,0,2309069198
17831,0,3901791238
17832,0,2568228942
17833,0,2024170944
17834,0,937018927
17835,0,3969389953
17836,0,723521589
17837,0,233975910
17838,0,874800825
17839,0,2794472128
17840,0,2009768228
17841,0,1579690675
17842,0,884115084
17843,0,3892683549
17844,0,3500378350
17845,0,2524782097
17846,0,2187050254
17847,0,1253767571
17848,0,2761619895
17849,0,2384521281
17850,0,4130913141
17851,0,3415937054
17852,0,2592611986
17853,0,2987939295
17854,0,2900285518
17855,0,2368952069
17856,0,1713941962
17857,0,28005442
17858,0,256318387
17859,0,1779480779
17860,0,3694473135
17861,0,1105107631
17862,0,3287109290
17863,0,759123318
17864,0,1454115070
17865,0,566740935
17866,0,4275445848
17867,0,1635425270
17868,0,1921784948
17869,0,3512629845
17870,0,3700326079
17871,0,2020308339
17872,0,3462847537
17873,0,2852007649
17874,0,3898943216
17875,0,3688568077
17876,0,2519195568
17877,0,3622617688
17878,0,3143324907
17879,0,3909999880
17880,0,120749982
17881,0,1358095422
17882,0,2194760324
17883,0,2125925700
17884,0,2095553451
17885,0,2110074914
17886,0,2749539714
17887,0,486628171
17888,0,4218171295
17889,0,2908875472
17890,0,2538601325
17891,0,1819246844
17892,0,309958212
17893,0,915522972
17894,0,3395949357
17895,0,2314277482
17896,0,3694981428
17897,0,22042393
17898,0,2111646400
17899,0,3358430914
17900,0,608738488
17901,0,3425660343
17902,0,313143835
17903,0,3385226639
17904,0,3917828276
17905,0,837672669
17906,0,3438363398
17907,0,1991235726
17908,0,980784241
17909,0,2542137740
17910,0,523816854
17911,0,3750466195
17912,0,384641951
17913,0,3226261584
17914,0,865618835
17915,0,1739385382
17916,0,2816654610
17917,0,4166001522
17918,0,2080223437
17919,0,1902817759
17920,0,2874253661
17921,0,1882428128
17922,0,1335748919
17923,0,2782231850
17924,0,1148664402
17925,0,3298316876
17926,0,350687652
17927,0,749646701
17928,0,2729357196
17929,0,2629668931
17930,0,4161340473
17931,0,3376891838
17932,0,396524454
17933,0,1107586669
17934,0,922523817
17935,0,416588285
17936,0,293844616
17937,0,2365726977
17938,0,3983464336
17939,0,3288680350
17940,0,4062219589
17941,0,2458111137
17942,0,2313469034
17943,0,3545733278
17944,0,684547900
17945,0,3866708873
17946,0,772378029
17947,0,3896011795
17948,0,1391830798
17949,0,613848196
17950,0,919314279
17951,0,3788301172
17952,0,3387549957
17953,0,1844404033
17954,0,1189131266
17955,0,1551587954
17956,0,3516218600
17957,0,3070818924
17958,0,2699093902
17959,0,1044269382
17960,0,365472621
17961,0,335834335
17962,0,2858926608
17963,0,379095874
17964,0,4192854010
17965,0,2160664785
17966,0,1052313016
17967,0,3754909023
17968,0,3102755533
17969,0,2225074489
17970,0,765812933
17971,0,3054338939
17972,0,3393120522
17973,0,4109103653
17974,0,3746429234
17975,0,1830463975
17976,0,1022159732
17977,0,2445626645
17978,0,882496998
17979,0,3397864564
17980,0,1110598640
17981,0,3351313942
17982,0,3628601591
17983,0,2424645212
17984,0,382243398
17985,0,2492092614
17986,0,214765167
17987,0,219653391
17988,0,3480290132
17989,0,207974393
17990,0,2463758772
17991,0,269141795
17992,0,1430186452
17993,0,2290194198
17994,0,4127346375
17995,0,1149555818
17996,0,523671214
17997,0,1904556991
17998,0,145008646
17999,0,690027604
18000,0,3823535905
18001,0,1398106784
18002,0,1042522528
18003,0,149361099
18004,0,2971570212
18005,0,6165641
18006,0,2602952750
18007,0,3794230526
18008,0,1051434082
18009,0,3923289297
18010,0,1428010096
18011,0,2448126617
18012,0,146638309
18013,0,3090040133
18014,0,1616739782
18015,0,861838516
18016,0,4190500560
18017,0,2766503615
18018,0,1835139046
18019,0,20956072
18020,0,3491585709
18021,0,47229545
18022,0,3828200775
18023,0,36371621
18024,0,3933224250
18025,0,1463185905
18026,0,3087774677
18027,0,6285645
18028,0,1404094774
18029,0,408134621
18030,0,3912142057
18031,0,784705200
18032,0,3631127705
18033,0,1951044999
18034,0,4189501882
18035,0,4273746362
18036,0,1776480799
18037,0,3279958063
18038,0,1966337869
18039,0,328412960
18040,0,3096811387
18041,0,1160034950
18042,0,2633393212
18043,0,1581796484
18044,0,2898528872
18045,0,2628421932
18046,0,2086834827
18047,0,3897513938
18048,0,1121932750
18049,0,2763980381
18050,0,366550791
18051,0,4043663227
18052,0,3769571406
18053,0,2004740669
18054,0,2373962528
18055,0,4150645901
18056,0,4085128343
18057,0,762345665
18058,0,1868658517
18059,0,1895105936
18060,0,3635076051
18061,0,4191141211
18062,0,3271530313
18063,0,851658498
18064,0,507930739
18065,0,3125041975
18066,0,360109926
18067,0,1020552651
18068,0,3183927901
18069,0,1344479739
18070,0,3080136021
18071,0,881341867
18072,0,1972689429
18073,0,873964222
18074,0,3359658334
18075,0,2400582923
18076,0,639905649
18077,0,3665923092
18078,0,2339130165
18079,0,1129819184
18080,0,1827609688
18081,0,1676617386
18082,0,1618904023
18083,0,2961391989
18084,0,3441174851
18085,0,1320797817
18086,0,3098375426
18087,0,3618307716
18088,0,2268949913
18089,0,2068136734
18090,0,3086727981
18091,0,3545306914
18092,0,3339768056
18093,0,2096656799
18094,0,733919162
18095,0,1417194206
18096,0,1699349423
18097,0,2193741616
18098,0,3168202563
18099,0,1189692508
18100,0,2721881805
18101,0,222421471
18102,0,507065634
18103,0,724583660
18104,0,1444377210
18105,0,3008734358
18106,0,4281043413
18107,0,1279047037
18108,0,2298248884
18109,0,3799341313
18110,0,1677650123
18111,0,1646076088
18112,0,1167942099
18113,0,3712603392
18114,0,450721908
18115,0,262664509
18116,0,3246724701
18117,0,178157754
18118,0,1956779454
18119,0,4104919092
18120,0,2197741505
18121,0,2044508930
18122,0,959252444
18123,0,2735713751
18124,0,2149168941
18125,0,1769326131
18126,0,3888780202
18127,0,308228053
18128,0,52131047
18129,0,3715360420
18130,0,2504128663
18131,0,3761961598
18132,0,1373232452
18133,0,610035708
18134,0,3168126477
18135,0,2258167015
18136,0,3666703685
18137,0,4036494775
18138,0,4127009184
18139,0,1240021316
18140,0,3069201060
18141,0,1261845430
18142,0,72814422
18143,0,1376390280
18144,0,1627106789
18145,0,3181899654
18146,0,1253505549
18147,0,722800182
18148,0,3500335295
18149,0,438147653
18150,0,2214114063
18151,0,649732515
18152,0,859860068
18153,0,3880948546
18154,0,309047871
18155,0,3785385225
18156,0,1294418601
18157,0,187970064
18158,0,599318987
18159,0,3484573547
18160,0,263247300
18161,0,3020142400
18162,0,2677084309
18163,0,234759380
18164,0,3858549926
18165,0,4050542802
18166,0,2482238312
18167,0,1582182727
18168,0,2494903284
18169,0,1807677617
18170,0,565763653
18171,0,1954286813
18172,0,1226642414
18173,0,2272554398
18174,0,1379055453
18175,0,2684072721
18176,0,2671279534
18177,0,2167621864
18178,0,3991511839
18179,0,3905934490
18180,0,1506749236
18181,0,697784672
18182,0,2514239389
18183,0,1474119626
18184,0,464221016
18185,0,3452534456
18186,0,2715810135
18187,0,2152985485
18188,0,979877660
18189,0,2098160158
18190,0,3100753336
18191,0,1673116523
18192,0,3461009697
18193,0,431610326
18194,0,1927420535
18195,0,70301313
18196,0,1324573137
18197,0,2078492181
18198,0,1998331685
18199,0,1809870457
18200,0,2747322542
18201,0,2205992132
18202,0,1735225334
18203,0,2565512543
18204,0,2741110559
18205,0,2478001471
18206,0,3096368789
18207,0,701804763
18208,0,1178495164
18209,0,3994814504
18210,0,2352925476
18211,0,4262875305
18212,0,3027124136
18213,0,16501445
18214,0,1305056404
18215,0,2487110681
18216,0,3927251495
18217,0,1667895151
18218,0,1920482220
18219,0,3569198186
18220,0,1714051634
18221,0,2163055620
18222,0,1590539250
18223,0,4274221771
18224,0,2211514950
18225,0,4054514250
18226,0,1922976347
18227,0,3246096785
18228,0,2557927317
18229,0,856659127
18230,0,4072381211
18231,0,3134178583
18232,0,265125889
18233,0,1181876999
18234,0,3293503950
18235,0,378704725
18236,0,3690607625
18237,0,839912500
18238,0,1094986271
18239,0,1156754332
18240,0,3197973874
18241,0,509367307
18242,0,259175109
18243,0,2087580752
18244,0,2652188995
18245,0,1066723069
18246,0,3391749208
18247,0,1106401193
18248,0,1810446186
18249,0,3985534184
18250,0,578609345
18251,0,1928814995
18252,0,1181520081
18253,0,1521321898
18254,0,2706301510
18255,0,3720709221
18256,0,3295365857
18257,0,198226746
18258,0,2873639361
18259,0,3447078745
18260,0,1497258231
18261,0,3594439943
18262,0,4233851848
18263,0,3596968441
18264,0,823518804
18265,0,909850587
18266,0,1221560539
18267,0,2202153489
18268,0,1695441585
18269,0,2186991037
18270,0,3310231723
18271,0,708001990
18272,0,123706291
18273,0,1897510215
18274,0,2980029823
18275,0,3812399879
18276,0,2077500937
18277,0,498747875
18278,0,3292952480
18279,0,1560030681
18280,0,4054535738
18281,0,2514748300
18282,0,2804195718
18283,0,1369143692
18284,0,3958783481
18285,0,2775085181
18286,0,3348577294
18287,0,583756965
18288,0,2762115658
18289,0,1218291551
18290,0,1924208100
18291,0,1371144610
18292,0,541550021
18293,0,1393284346
18294,0,453281328
18295,0,4087003633
18296,0,809353155
18297,0,2138445825
18298,0,851091834
18299,0,3023017008
18300,0,2476694500
18301,0,1688147253
18302,0,1090990857
18303,0,1269716986
18304,0,367429728
18305,0,1505208501
18306,0,948601413
18307,0,1887490724
18308,0,811113998
18309,0,1353758594
18310,0,2388279522
18311,0,243932129
18312,0,4080385626
18313,0,3676657797
18314,0,1989006207
18315,0,1353249998
18316,0,2282973462
18317,0,1124772430
18318,0,3727641743
18319,0,3228065104
18320,0,3011849873
18321,0,3703026426
18322,0,2012485198
18323,0,1384658640
18324,0,3725689817
18325,0,590367084
18326,0,1772507170
18327,0,3622469523
18328,0,2601656447
18329,0,1017663953
18330,0,3839834520
18331,0,2120955310
18332,0,50446817
18333,0,1552053151
18334,0,1287833095
18335,0,2487725254
18336,0,1513412873
18337,0,3819350499
18338,0,3854600046
18339,0,1351254776
18340,0,442880210
18341,0,2944916813
18342,0,3521428506
18343,0,2325494281
18344,0,3061743623
18345,0,2847159352
18346,0,3377944449
18347,0,1464577042
18348,0,2079740854
18349,0,2174330294
18350,0,281598721
18351,0,2125931637
18352,0,3707823177
18353,0,4038931757
18354,0,2500819457
18355,0,866354150
18356,0,942875433
18357,0,3599994178
18358,0,1078478143
18359,0,1428138056
18360,0,2731143203
18361,0,91625189
18362,0,854618928
18363,0,2925249051
18364,0,352447479
18365,0,664594120
18366,0,3555907114
18367,0,2949481617
18368,0,3779871902
18369,0,1378467409
18370,0,3650500768
18371,0,3469003713
18372,0,2686764031
18373,0,859620754
18374,0,3662994165
18375,0,1614877808
18376,0,455710711
18377,0,322633884
18378,0,373266440
18379,0,1122220151
18380,0,2286228129
18381,0,1748357769
18382,0,2667048155
18383,0,251334861
18384,0,4038218044
18385,0,3894674102
18386,0,1714169711
18387,0,3136780271
18388,0,3579642026
18389,0,3695655886
18390,0,1558326385
18391,0,887887911
18392,0,1258084787
18393,0,3901815702
18394,0,195710087
18395,0,90914522
18396,0,884588482
18397,0,1803432482
18398,0,176075615
18399,0,1588762613
18400,0,2244610995
18401,0,1396520013
18402,0,1126775927
18403,0,4032440996
18404,0,349238339
18405,0,1095416975
18406,0,3450973090
18407,0,3765923776
18408,0,3160558055
18409,0,1585756744
18410,0,4034268014
18411,0,308391811
18412,0,3584709931
18413,0,2128621356
18414,0,465028974
18415,0,2283056803
18416,0,2782447651
18417,0,658653165
18418,0,2001361394
18419,0,3002400456
18420,0,2291196830
18421,0,143545359
18422,0,2213901320
18423,0,2214081778
18424,0,698416737
18425,0,4227100599
18426,0,3058967158
18427,0,1900385307
18428,0,3138661112
18429,0,4146957949
18430,0,2594417804
18431,0,158939573
18432,0,116529228
18433,0,4203539601
18434,0,2227248350
18435,0,1275814163
18436,0,621490663
18437,0,633995260
18438,0,1559768583
18439,0,2116334075
18440,0,3949927222
18441,0,154286450
18442,0,2375520764
18443,0,2326653736
18444,0,3470190924
18445,0,1813214931
18446,0,1542185303
18447,0,3756213335
18448,0,1515586435
18449,0,3739483280
18450,0,2403608872
18451,0,1178906392
18452,0,2808029099
18453,0,3521241662
18454,0,1500301645
18455,0,3370394767
18456,0,3267998741
18457,0,2099685424
18458,0,2889840672
18459,0,609250845
18460,0,468222036
18461,0,2007150853
18462,0,297941316
18463,0,2344145937
18464,0,3060608268
18465,0,1784166826
18466,0,3234114716
18467,0,4290232535
18468,0,4060693281
18469,0,2546781431
18470,0,3289862174
18471,0,3968099732
18472,0,1726768239
18473,0,2791299775
18474,0,4228551515
18475,0,1649748235
18476,0,703691921
18477,0,3389565856
18478,0,820266974
18479,0,3152323057
18480,0,3565704604
18481,0,424471201
18482,0,118070541
18483,0,2712456313
18484,0,1012792680
18485,0,4259786384
18486,0,512848842
18487,0,770530430
18488,0,1245263535
18489,0,4050713593
18490,0,804926270
18491,0,1512389104
18492,0,1584638173
18493,0,1181462601
18494,0,1010009976
18495,0,3611853782
18496,0,662974947
18497,0,2528650975
18498,0,3725750830
18499,0,2594749093
18500,0,846714683
18501,0,3666525459
18502,0,675015527
18503,0,4289927244
18504,0,199234609
18505,0,631251138
18506,0,381055966
18507,0,3245746360
18508,0,2286189448
18509,0,3784997458
18510,0,1960692346
18511,0,2144303827
18512,0,2185167289
18513,0,587859741
18514,0,517688265
18515,0,2213040920
18516,0,3102338173
18517,0,698865422
18518,0,3146361613
18519,0,1407304537
18520,0,449840412
18521,0,1409453189
18522,0,3084380108
18523,0,786827579
18524,0,400737723
18525,0,2783297585
18526,0,2711500480
18527,0,2407966979
18528,0,242904656
18529,0,901365384
18530,0,1333741628
18531,0,1768684288
18532,0,3614830757
18533,0,1162733237
18534,0,3405542776
18535,0,3459890545
18536,0,3412842234
18537,0,2267875872
18538,0,3947510676
18539,0,723868808
18540,0,2520221330
18541,0,3126544864
18542,0,3213044275
18543,0,2187447665
18544,0,3258557014
18545,0,940586127
18546,0,4005081647
18547,0,3881362545
18548,0,2164361946
18549,0,3137915927
18550,0,4089829138
18551,0,1842463649
18552,0,3776767763
18553,0,3257500780
18554,0,2787891966
18555,0,1945828548
18556,0,2687448149
18557,0,2450741223
18558,0,3843471760
18559,0,1991291074
18560,0,1379197877
18561,0,101103124
18562,0,3360657590
18563,0,1903230682
18564,0,3151673455
18565,0,1983049348
18566,0,1470961109
18567,0,1475224734
18568,0,4240967968
18569,0,1080200470
18570,0,701037366
18571,0,3815386177
18572,0,2057943344
18573,0,4236009751
18574,0,2072616504
18575,0,1100610047
18576,0,2858611500
18577,0,1961241807
18578,0,2660047472
18579,0,2242090673
18580,0,432827499
18581,0,476679979
18582,0,2618541133
18583,0,2010699264
18584,0,3456430348
18585,0,1418623710
18586,0,3781890484
18587,0,3907507034
18588,0,1126160796
18589,0,3182212298
18590,0,1300876112
18591,0,3902657793
18592,0,361127935
18593,0,289654947
18594,0,1654918536
18595,0,2176515138
18596,0,409516091
18597,0,3801361932
18598,0,2380671334
18599,0,1368616291
18600,0,3151854844
18601,0,2619092349
18602,0,801355044
18603,0,1971596151
18604,0,3988575042
18605,0,2369895848
18606,0,3832085138
18607,0,2623678191
18608,0,3477798064
18609,0,2336894750
18610,0,462979338
18611,0,2088853014
18612,0,3207922519
18613,0,4104287224
18614,0,3782802518
18615,0,549070543
18616,0,3894242110
18617,0,3928734179
18618,0,1072003688
18619,0,2242803132
18620,0,673437232
18621,0,240785154
18622,0,3690224319
18623,0,1154600750
18624,0,2307318913
18625,0,4157288266
18626,0,3597069627
18627,0,1945146299
18628,0,1367321720
18629,0,988757504
18630,0,2026193527
18631,0,3253898354
18632,0,2683047372
18633,0,3571834406
18634,0,2332303222
18635,0,363969379
18636,0,2036632493
18637,0,3929713413
18638,0,1410384296
18639,0,3365474554
18640,0,3124925081
18641,0,3928560817
18642,0,3746909486
18643,0,2833677462
18644,0,2313513644
18645,0,2997872244
18646,0,2185849284
18647,0,1095135740
18648,0,1615822400
18649,0,2137000419
18650,0,3050737517
18651,0,3814241136
18652,0,1408234635
18653,0,44467380
18654,0,2487081004
18655,0,3358702000
18656,0,536805459
18657,0,22473353
18658,0,1559442890
18659,0,1929868559
18660,0,696098908
18661,0,867938823
18662,0,4204097466
18663,0,3139601771
18664,0,2591917356
18665,0,1910118464
18666,0,1754407945
18667,0,2926662144
18668,0,34804504
18669,0,1853114144
18670,0,882293096
18671,0,2495798805
18672,0,788736821
18673,0,114323175
18674,0,1788733249
18675,0,415245083
18676,0,2294998026
18677,0,1563560911
18678,0,2503432362
18679,0,3127300315
18680,0,1875745861
18681,0,1424957063
18682,0,1355482648
18683,0,822861212
18684,0,498557120
18685,0,3293321975
18686,0,2773087934
18687,0,3897627985
18688,0,471314733
18689,0,2893996724
18690,0,1965231776
18691,0,2316804027
18692,0,1173924395
18693,0,1191292117
18694,0,570263192
18695,0,3036090351
18696,0,4099041322
18697,0,2478433441
18698,0,1251997143
18699,0,814528357
18700,0,1785253621
18701,0,92058350
18702,0,4144387262
18703,0,2409678006
18704,0,1912580749
18705,0,291984282
18706,0,2576985104
18707,0,795130301
18708,0,2990274324
18709,0,1476083320
18710,0,917563938
18711,0,1432569048
18712,0,2196971172
18713,0,3319408855
18714,0,2563874391
18715,0,3363721370
18716,0,1338975276
18717,0,3256139945
18718,0,439908489
18719,0,2952991165
18720,0,2494549063
18721,0,3385081940
18722,0,2014508755
18723,0,4292358999
18724,0,3488046670
18725,0,2717845369
18726,0,1662056913
18727,0,4185268036
18728,0,1766769515
18729,0,2505868474
18730,0,3165851071
18731,0,2106909853
18732,0,3252795358
18733,0,341542451
18734,0,4146551773
18735,0,2546092947
18736,0,146333099
18737,0,1924870541
18738,0,2245649096
18739,0,2308407048
18740,0,2831141459
18741,0,1866848137
18742,0,1663514419
18743,0,1038331827
18744,0,1252564121
18745,0,2118750340
18746,0,3347047336
18747,0,1515535245
18748,0,1505249023
18749,0,2107000780
18750,0,412889627
18751,0,1161606132
18752,0,2803802584
18753,0,395743498
18754,0,1933691377
18755,0,92689678
18756,0,735682877
18757,0,3762280066
18758,0,1193076053
18759,0,2910009678
18760,0,2164854787
18761,0,3257733479
18762,0,1614409095
18763,0,3970779939
18764,0,4243075367
18765,0,2740528225
18766,0,2105390827
18767,0,3216430171
18768,0,3264044645
18769,0,1098420837
18770,0,901211167
18771,0,4289329189
18772,0,3574216211
18773,0,3939229975
18774,0,1270875651
18775,0,721957859
18776,0,2214391417
18777,0,3628854624
18778,0,420498931
18779,0,90870052
18780,0,3196676835
18781,0,3917292073
18782,0,3929846293
18783,0,4089162090
18784,0,1413737985
18785,0,435716800
18786,0,1034961936
18787,0,2474217385
18788,0,4078117647
18789,0,2032377462
18790,0,1464220416
18791,0,2498236787
18792,0,1308719120
18793,0,1097489073
18794,0,1303611983
18795,0,2746544754
18796,0,2192522607
18797,0,3311342126
18798,0,3292722627
18799,0,3315715966
18800,0,1971346041
18801,0,2804410078
18802,0,612200224
18803,0,3132905068
18804,0,1044907220
18805,0,3833719837
18806,0,4182127388
18807,0,3683663182
18808,0,1527511314
18809,0,2703018950
18810,0,887548276
18811,0,3503009680
18812,0,33971340
18813,0,4217417895
18814,0,1139860925
18815,0,3081382366
18816,0,129835918
18817,0,3663396712
18818,0,859835347
18819,0,1970547470
18820,0,4071093124
18821,0,2520369167
18822,0,1211600371
18823,0,2294257623
18824,0,854332501
18825,0,3166396582
18826,0,3310802641
18827,0,3994278903
18828,0,952326497
18829,0,772096598
18830,0,1337454417
18831,0,4193212831
18832,0,1229631185
18833,0,2390791097
18834,0,34096514
18835,0,1572346654
18836,0,2242214419
18837,0,1980162912
18838,0,3879501045
18839,0,2097151012
18840,0,3961294521
18841,0,3300498396
18842,0,260990877
18843,0,2898879043
18844,0,2426995299
18845,0,2890037297
18846,0,2344688627
18847,0,3210402348
18848,0,1744448579
18849,0,1815736890
18850,0,497941413
18851,0,4193801193
18852,0,2200194891
18853,0,1399353229
18854,0,2376464609
18855,0,1703015965
18856,0,856493116
18857,0,3285346905
18858,0,1572384693
18859,0,1099651538
18860,0,2089852362
18861,0,2316607902
18862,0,3670720301
18863,0,683962106
18864,0,108327575
18865,0,2632814084
18866,0,2291010258
18867,0,1935255864
18868,0,2309999335
18869,0,1855013214
18870,0,2448351843
18871,0,4193661682
18872,0,3399862758
18873,0,12531050
18874,0,609405443
18875,0,3745514954
18876,0,551316726
18877,0,85831863
18878,0,3530174322
18879,0,1728098992
18880,0,1547365109
18881,0,770507431
18882,0,982330139
18883,0,1647221100
18884,0,2439740493
18885,0,582403260
18886,0,3188067372
18887,0,2415251021
18888,0,4055031603
18889,0,3771312441
18890,0,1748146702
18891,0,1427878231
18892,0,1159289135
18893,0,2846705681
18894,0,356671622
18895,0,1929578959
18896,0,1432812178
18897,0,3433762440
18898,0,36789909
18899,0,362718948
18900,0,3909783269
18901,0,2719490894
18902,0,1749532342
18903,0,1840717502
18904,0,1114875982
18905,0,3627290003
18906,0,1766746960
18907,0,547557634
18908,0,317552675
18909,0,12688439
18910,0,1537988372
18911,0,140620208
18912,0,4104289787
18913,0,3635760853
18914,0,1553275426
18915,0,99982474
18916,0,2062839992
18917,0,1753371625
18918,0,2098409558
18919,0,2015774362
18920,0,2925429472
18921,0,3193242049
18922,0,3553161239
18923,0,1954850994
18924,0,3552679707
18925,0,3312613066
18926,0,4274327807
18927,0,3347123410
18928,0,628933695
18929,0,43262594
18930,0,1581260256
18931,0,3799666910
18932,0,2757318958
18933,0,1625754768
18934,0,2950482282
18935,0,3905146962
18936,0,3421700086
18937,0,360893424
18938,0,3546373198
18939,0,3858032506
18940,0,1516823831
18941,0,2676942898
18942,0,328837046
18943,0,3397514273
18944,0,680165558
18945,0,1796465656
18946,0,4210155918
18947,0,516431662
18948,0,3096962744
18949,0,3428341656
18950,0,332246381
18951,0,1785435645
18952,0,38996855
18953,0,75925449
18954,0,1535537974
18955,0,704626950
18956,0,3929167049
18957,0,3050288924
18958,0,648988618
18959,0,883483841
18960,0,774556665
18961,0,2649741875
18962,0,3013125511
18963,0,1110103155
18964,0,204717057
18965,0,231185112
18966,0,754997078
18967,0,3669627075
18968,0,2363862738
18969,0,516013037
18970,0,507373907
18971,0,3253519320
18972,0,1802112371
18973,0,1917549105
18974,0,3165110871
18975,0,3645703169
18976,0,1080951815
18977,0,2637834864
18978,0,3606875914
18979,0,2761980932
18980,0,3476396820
18981,0,4138959583
18982,0,1542198475
18983,0,4158002769
18984,0,2526656319
18985,0,2948523776
18986,0,411372367
18987,0,2222604441
18988,0,1095357197
18989,0,505519545
18990,0,2672018738
18991,0,458960576
18992,0,2933989793
18993,0,3497909675
18994,0,316244399
18995,0,2137156601
18996,0,1907821591
18997,0,2525046189
18998,0,4105128535
18999,0,2706452485
19000,0,1835771405
19001,0,753619416
19002,0,2631804080
19003,0,1363745300
19004,0,864010545
19005,0,2691241789
19006,0,3545250106
19007,0,1519743777
19008,0,1113490127
19009,0,3538047564
19010,0,2379767097
19011,0,1234763462
19012,0,2655168806
19013,0,2812780085
19014,0,3628307621
19015,0,4030421006
19016,0,4234176499
19017,0,3813771324
19018,0,2560246775
19019,0,3430791973
19020,0,406713225
19021,0,1876727119
19022,0,1406432597
19023,0,1923729066
19024,0,99143956
19025,0,3867246801
19026,0,98744348
19027,0,247676140
19028,0,1116700707
19029,0,3824981414
19030,0,1480969538
19031,0,3696380724
19032,0,866432110
19033,0,915898
19034,0,1483088583
19035,0,468654040
19036,0,3684237586
19037,0,2363270447
19038,0,391146355
19039,0,1576979436
19040,0,350370829
19041,0,1058341436
19042,0,1963687733
19043,0,1196923427
19044,0,912762218
19045,0,2610562543
19046,0,3218507772
19047,0,2316254568
19048,0,3655564441
19049,0,2020668289
19050,0,2786914465
19051,0,957437957
19052,0,1345310893
19053,0,3984495536
19054,0,3726183092
19055,0,380721011
19056,0,3082420956
19057,0,199154860
19058,0,3643647401
19059,0,3733905349
19060,0,2881082046
19061,0,2888110953
19062,0,3343826413
19063,0,244426516
19064,0,1947500429
19065,0,2270293407
19066,0,3869789486
19067,0,246591400
19068,0,867681131
19069,0,2961315398
19070,0,3139388163
19071,0,1017011516
19072,0,1381232751
19073,0,2812202560
19074,0,3028868107
19075,0,1312070255
19076,0,1918602931
19077,0,1915748821
19078,0,861504208
19079,0,1668540785
19080,0,3588558271
19081,0,4261946710
19082,0,2935068903
19083,0,541848625
19084,0,2272432567
19085,0,2110224821
19086,0,3435366765
19087,0,2131162
19088,0,130178151
19089,0,3315454528
19090,0,2238208234
19091,0,1088333264
19092,0,418976674
19093,0,1797558884
19094,0,3563435216
19095,0,1024405583
19096,0,3151037516
19097,0,4030854624
19098,0,290439518
19099,0,3320498284
19100,0,509439
19101,0,4021513667
19102,0,3278033926
19103,0,2779334167
19104,0,538440930
19105,0,267431751
19106,0,1494223659
19107,0,1457366321
19108,0,2902816140
19109,0,1965719190
19110,0,1710022314
19111,0,956684150
19112,0,4269901539
19113,0,99465325
19114,0,4008207037
19115,0,3041513378
19116,0,453310076
19117,0,1018013625
19118,0,2197991700
19119,0,1898654468
19120,0,2638185729
19121,0,3731745294
19122,0,112158872
19123,0,2621420934
19124,0,996628705
19125,0,3742960476
19126,0,808220869
19127,0,1503947967
19128,0,1380921958
19129,0,880190599
19130,0,4229999220
19131,0,3299182243
19132,0,4199174139
19133,0,3306926593
19134,0,3626155564
19135,0,1929921087
19136,0,1089445111
19137,0,3713371311
19138,0,4106945327
19139,0,24872568
19140,0,1193503458
19141,0,1704510589
19142,0,3757835318
19143,0,2955385579
19144,0,740405654
19145,0,1484582783
19146,0,2013191030
19147,0,1050274558
19148,0,2063812797
19149,0,1351145303
19150,0,102784678
19151,0,3009909724
19152,0,1654282514
19153,0,515486734
19154,0,791962194
19155,0,3434090061
19156,0,1648416465
19157,0,1807980828
19158,0,81967340
19159,0,740111219
19160,0,3289505546
19161,0,32308914
19162,0,1499776079
19163,0,4232434585
19164,0,2162999490
19165,0,107289528
19166,0,123432721
19167,0,1033253869
19168,0,2257988888
19169,0,630496450
19170,0,2006744900
19171,0,4142197950
19172,0,84949479
19173,0,1203226321
19174,0,1390056839
19175,0,220513266
19176,0,1040442047
19177,0,147870005
19178,0,1546189198
19179,0,540678210
19180,0,92230331
19181,0,169926863
19182,0,3508040115
19183,0,987871908
19184,0,3138565054
19185,0,1103471756
19186,0,1608489702
19187,0,1021483079
19188,0,2460203506
19189,0,1445784764
19190,0,3168412993
19191,0,4131214968
19192,0,3267196961
19193,0,3667177821
19194,0,3680098114
19195,0,3616347354
19196,0,3621495921
19197,0,3387911867
19198,0,2738587719
19199,0,2488478366
19200,0,2449296681
19201,0,861295013
19202,0,3576901524
19203,0,2835286388
19204,0,1944329756
19205,0,4108003311
19206,0,2499244156
19207,0,635530496
19208,0,7097632
19209,0,2965975364
19210,0,1256111284
19211,0,877015056
19212,0,3134025586
19213,0,4081563779
19214,0,2393673640
19215,0,4100554884
19216,0,1263875512
19217,0,1370106473
19218,0,2282160986
19219,0,1709349612
19220,0,3781113811
19221,0,4077900833
19222,0,955640932
19223,0,710735320
19224,0,672291531
19225,0,170550958
19226,0,2567913457
19227,0,2698326441
19228,0,3672263161
19229,0,3900252919
19230,0,1221802084
19231,0,3559546603
19232,0,1629049616
19233,0,605397773
19234,0,2667392471
19235,0,1404952308
19236,0,3825627749
19237,0,1662136128
19238,0,4189961117
19239,0,2533991354
19240,0,3433624229
19241,0,2373664955
19242,0,1223037869
19243,0,3639421540
19244,0,3381854772
19245,0,2473528606
19246,0,726825848
19247,0,3818153382
19248,0,2335364342
19249,0,3827562528
19250,0,4291888083
19251,0,717917382
19252,0,287071375
19253,0,3409168617
19254,0,4160261694
19255,0,567843073
19256,0,1844228061
19257,0,4210624790
19258,0,2695838619
19259,0,3159586517
19260,0,2210287025
19261,0,184638997
19262,0,951984372
19263,0,1757088292
19264,0,2817726610
19265,0,1489397410
19266,0,375388619
19267,0,3317383800
19268,0,326534338
19269,0,3191473045
19270,0,928205457
19271,0,2653550513
19272,0,3140451358
19273,0,3242090312
19274,0,1346117187
19275,0,2910249113
19276,0,1574632779
19277,0,1275073074
19278,0,2257114929
19279,0,297376198
19280,0,1923635270
19281,0,1303656022
19282,0,2762796745
19283,0,399481875
19284,0,1845250197
19285,0,2034091682
19286,0,4241829014
19287,0,1908393621
19288,0,2764662339
19289,0,2284390947
19290,0,2227891253
19291,0,4039652083
19292,0,609427128
19293,0,3070464570
19294,0,1842520984
19295,0,227956296
19296,0,750356743
19297,0,2931138219
19298,0,2977887099
19299,0,2368027283
19300,0,1688124072
19301,0,3401026285
19302,0,1185731608
19303,0,1507392495
19304,0,2449616669
19305,0,735934797
19306,0,443022807
19307,0,1584433177
19308,0,2701294496
19309,0,548904955
19310,0,3126484415
19311,0,3428150377
19312,0,1524100133
19313,0,1295052300
19314,0,1322879220
19315,0,2267141623
19316,0,242355256
19317,0,2974831490
19318,0,3744042066
19319,0,987028323
19320,0,2527435871
19321,0,2162407368
19322,0,893604965
19323,0,2788469698
19324,0,1523760868
19325,0,2898867203
19326,0,3278583239
19327,0,530801390
19328,0,2883510691
19329,0,2327703702
19330,0,2706010849
19331,0,231901226
19332,0,3324718689
19333,0,3742150098
19334,0,477092265
19335,0,202099332
19336,0,3728045321
19337,0,1645856035
19338,0,218925021
19339,0,588926438
19340,0,1047637525
19341,0,2110943820
19342,0,1088854945
19343,0,3788291944
19344,0,2987461496
19345,0,4239792679
19346,0,3249430046
19347,0,1205796392
19348,0,2607675013
19349,0,2450902843
19350,0,1436934786
19351,0,3612285304
19352,0,3093326408
19353,0,269429596
19354,0,1509878830
19355,0,186035315
19356,0,227329247
19357,0,939173076
19358,0,258128356
19359,0,1402776747
19360,0,121395791
19361,0,46822101
19362,0,3733874493
19363,0,1599082281
19364,0,2283081235
19365,0,322446840
19366,0,3882019163
19367,0,4084423583
19368,0,2552104063
19369,0,1252576983
19370,0,1026747054
19371,0,1820608829
19372,0,1372644972
19373,0,4004863138
19374,0,3775330418
19375,0,4280043958
19376,0,3011307203
19377,0,3677795121
19378,0,2806130361
19379,0,2436602131
19380,0,2703789055
19381,0,3132180820
19382,0,3773535161
19383,0,3238241303
19384,0,94553143
19385,0,4188364293
19386,0,517943767
19387,0,3830454533
19388,0,157916445
19389,0,1670262648
19390,0,1783559496
19391,0,672286811
19392,0,3924091796
19393,0,3344790207
19394,0,1214144890
19395,0,173869826
19396,0,3432959260
19397,0,2996156354
19398,0,2312326004
19399,0,4144684650
19400,0,876529961
19401,0,1315466020
19402,0,580230882
19403,0,3095092870
19404,0,2798984499
19405,0,2870775498
19406,0,1652532904
19407,0,1140281949
19408,0,2653452003
19409,0,2390724025
19410,0,2262489597
19411,0,1632106223
19412,0,1825668450
19413,0,752781148
19414,0,2056933766
19415,0,637252531
19416,0,573748437
19417,0,3786276513
19418,0,2437399101
19419,0,1225425181
19420,0,1007459497
19421,0,1554286533
19422,0,1205107851
19423,0,3236588937
19424,0,641363876
19425,0,303403555
19426,0,2858804075
19427,0,3608774031
19428,0,313187643
19429,0,1757326877
19430,0,316097731
19431,0,3013895524
19432,0,3726092000
19433,0,1941816101
19434,0,2969165801
19435,0,3952342795
19436,0,992570354
19437,0,3702733817
19438,0,3259270655
19439,0,227728578
19440,0,2539409191
19441,0,3383537435
19442,0,3585328828
19443,0,31855054
19444,0,3089740801
19445,0,1536408053
19446,0,3104635843
19447,0,3907360729
19448,0,432914454
19449,0,2552581841
19450,0,236041198
19451,0,903976152
19452,0,3894967237
19453,0,222668237
19454,0,2255978323
19455,0,1513642045
19456,0,2669750134
19457,0,3258509489
19458,0,989479910
19459,0,575794693
19460,0,3988355181
19461,0,2485362647
19462,0,486050651
19463,0,3220070354
19464,0,4136672984
19465,0,1278632925
19466,0,2315123867
19467,0,4223562284
19468,0,2324099825
19469,0,3485985597
19470,0,1722425293
19471,0,2401632740
19472,0,2890820425
19473,0,1170735258
19474,0,4273417367
19475,0,2141053349
19476,0,3062705745
19477,0,2074606002
19478,0,380535994
19479,0,17650534
19480,0,3344505878
19481,0,2142134555
19482,0,3257287549
19483,0,1131752825
19484,0,1033223316
19485,0,3404221303
19486,0,3009387572
19487,0,1543419736
19488,0,799787922
19489,0,2381168446
19490,0,2068194651
19491,0,1112428301
19492,0,4267372954
19493,0,2908083310
19494,0,3973836738
19495,0,3042905395
19496,0,3419516591
19497,0,1048708109
19498,0,3195075212
19499,0,2231658908
19500,0,248143207
19501,0,3920979284
19502,0,3873914043
19503,0,796646499
19504,0,3389347096
19505,0,1953156139
19506,0,2417549660
19507,0,173527013
19508,0,2261372976
19509,0,624837815
19510,0,1488100867
19511,0,1697484026
19512,0,1122398915
19513,0,460637980
19514,0,4051164215
19515,0,1423315119
19516,0,1320469006
19517,0,140003316
19518,0,343814983
19519,0,2428629964
19520,0,3869086182
19521,0,3230535030
19522,0,624521510
19523,0,1756045736
19524,0,2673531655
19525,0,1131510362
19526,0,3950740647
19527,0,3859415888
19528,0,1785355360
19529,0,489676531
19530,0,952663275
19531,0,3723882337
19532,0,1663439565
19533,0,2390993970
19534,0,2612504496
19535,0,2272498192
19536,0,1393359240
19537,0,1267625302
19538,0,1119430340
19539,0,2857577332
19540,0,679760298
19541,0,4103691954
19542,0,916542389
19543,0,2250786334
19544,0,1402203147
19545,0,3963747138
19546,0,3054733334
19547,0,624187486
19548,0,1774593889
19549,0,140537716
19550,0,3025361875
19551,0,973331623
19552,0,1937019372
19553,0,3362080840
19554,0,1289971518
19555,0,546459836
19556,0,976837182
19557,0,1051509409
19558,0,2045676157
19559,0,3163470733
19560,0,337305650
19561,0,1267467196
19562,0,3028758113
19563,0,2016411204
19564,0,2063633239
19565,0,656511522
19566,0,3118385808
19567,0,1897111574
19568,0,2805805406
19569,0,600361845
19570,0,1852355302
19571,0,2126352764
19572,0,1591513493
19573,0,1361357730
19574,0,1312929994
19575,0,1379944614
19576,0,834667660
19577,0,459413668
19578,0,1453336447
19579,0,464659800
19580,0,3157807188
19581,0,1885594349
19582,0,2348210866
19583,0,1152839330
19584,0,1403203989
19585,0,2275467517
19586,0,3965626722
19587,0,388779707
19588,0,1100437766
19589,0,4232988669
19590,0,2727233797
19591,0,511002258
19592,0,1649206753
19593,0,552069561
19594,0,1740918129
19595,0,589910724
19596,0,659233276
19597,0,3403924230
19598,0,3806859943
19599,0,4146912729
19600,0,4268669394
19601,0,63521400
19602,0,1531748571
19603,0,631458160
19604,0,3709897206
19605,0,1339805913
19606,0,2380115225
19607,0,934065638
19608,0,2199161006
19609,0,1378448494
19610,0,3895840188
19611,0,1640942301
19612,0,2855527543
19613,0,17861129
19614,0,442885633
19615,0,1914126131
19616,0,735292587
19617,0,2526712456
19618,0,1572203853
19619,0,3818624291
19620,0,3066563132
19621,0,1182133915
19622,0,2407045704
19623,0,436952656
19624,0,1240314032
19625,0,8529645
19626,0,3484105858
19627,0,2942188415
19628,0,1846281095
19629,0,569246617
19630,0,3526834615
19631,0,2503583191
19632,0,2447488982
19633,0,1149218619
19634,0,2190108951
19635,0,984954531
19636,0,272763635
19637,0,1922305501
19638,0,2530565386
19639,0,2482271664
19640,0,3037534513
19641,0,3545069220
19642,0,3466642792
19643,0,397960110
19644,0,1652057928
19645,0,3166392320
19646,0,31215869
19647,0,4088731292
19648,0,772950618
19649,0,2357069622
19650,0,3750022714
19651,0,2385907323
19652,0,2966452583
19653,0,1080300985
19654,0,2562313936
19655,0,2366657089
19656,0,1818102861
19657,0,388542054
19658,0,1583975828
19659,0,2495378777
19660,0,1492931090
19661,0,2238780141
19662,0,1118883355
19663,0,889452514
19664,0,873320893
19665,0,1232921248
19666,0,1882820276
19667,0,2081089059
19668,0,958160580
19669,0,3931403110
19670,0,3811094074
19671,0,723336429
19672,0,479956749
19673,0,3258527664
19674,0,505730743
19675,0,448589070
19676,0,1689304704
19677,0,527458608
19678,0,2040232955
19679,0,3395682729
19680,0,1077392512
19681,0,1650070963
19682,0,1029758309
19683,0,4282494563
19684,0,2604191621
19685,0,3687707329
19686,0,3609846123
19687,0,2342152649
19688,0,314997144
19689,0,1666710306
19690,0,441274971
19691,0,2966102360
19692,0,1223241256
19693,0,3366915966
19694,0,22781982
19695,0,3729984754
19696,0,1181708692
19697,0,2749960954
19698,0,3077854721
19699,0,2335798203
19700,0,210133660
19701,0,3664108598
19702,0,1569109031
19703,0,3946849638
19704,0,310296720
19705,0,2281181542
19706,0,1061609996
19707,0,2212848239
19708,0,3669631707
19709,0,1119926475
19710,0,4008163015
19711,0,533987800
19712,0,1276428693
19713,0,1357347654
19714,0,1316189345
19715,0,1007672978
19716,0,1013076732
19717,0,2978010530
19718,0,3450652472
19719,0,4231421501
19720,0,3385679205
19721,0,777537269
19722,0,4132979574
19723,0,954823117
19724,0,3435892229
19725,0,476405888
19726,0,3201445882
19727,0,2660196332
19728,0,3677245429
19729,0,1221342525
19730,0,51753736
19731,0,468312050
19732,0,585527513
19733,0,1935274567
19734,0,4013403439
19735,0,1222266022
19736,0,681511969
19737,0,3933363500
19738,0,2602972455
19739,0,3990718246
19740,0,4195639034
19741,0,1219487231
19742,0,907780375
19743,0,85287275
19744,0,2385701655
19745,0,3109827935
19746,0,3238960676
19747,0,1267269473
19748,0,3640287027
19749,0,4036141341
19750,0,849034213
19751,0,3910243286
19752,0,3054301699
19753,0,568083077
19754,0,2551873059
19755,0,739298380
19756,0,2259912320
19757,0,974932881
19758,0,3735582438
19759,0,3740206428
19760,0,4141340094
19761,0,2153931342
19762,0,1230196539
19763,0,909366081
19764,0,3340859628
19765,0,4021097138
19766,0,4069916079
19767,0,3911671007
19768,0,1428884897
19769,0,2809776686
19770,0,1505026864
19771,0,2139273977
19772,0,862739575
19773,0,2763972806
19774,0,1818594869
19775,0,1774935140
19776,0,111719474
19777,0,368146565
19778,0,1725528917
19779,0,2144079372
19780,0,1068748874
19781,0,4075610231
19782,0,2997147590
19783,0,601652968
19784,0,740570600
19785,0,4189418532
19786,0,2970232892
19787,0,1974965626
19788,0,1678395446
19789,0,2359249072
19790,0,3567662324
19791,0,1429143784
19792,0,326702161
19793,0,261536168
19794,0,3436800729
19795,0,3519379736
19796,0,2720959243
19797,0,448104236
19798,0,3763999364
19799,0,3813847969
19800,0,301985650
19801,0,1848309306
19802,0,760768460
19803,0,362747036
19804,0,378604634
19805,0,3562057015
19806,0,4281570380
19807,0,988807345
19808,0,1713472898
19809,0,2225878922
19810,0,1240703524
19811,0,2337317663
19812,0,2035457094
19813,0,1905486923
19814,0,2673494662
19815,0,391565795
19816,0,1613774230
19817,0,2547713207
19818,0,519994673
19819,0,4200498749
19820,0,2042584401
19821,0,3501440827
19822,0,1304764081
19823,0,746225336
19824,0,369402542
19825,0,3363132230
19826,0,564783944
19827,0,2229026856
19828,0,2549190340
19829,0,1661134800
19830,0,3236429228
19831,0,3575521957
19832,0,941345280
19833,0,1780924173
19834,0,86998062
19835,0,3220432411
19836,0,2771130339
19837,0,3722241387
19838,0,1866801075
19839,0,1523590314
19840,0,2420412090
19841,0,870973459
19842,0,249783559
19843,0,708128998
19844,0,153053362
19845,0,1696730230
19846,0,2973178400
19847,0,471158841
19848,0,1951878448
19849,0,600931016
19850,0,2642930956
19851,0,1693318911
19852,0,3179028390
19853,0,4019248290
19854,0,1956131488
19855,0,726496006
19856,0,546554768
19857,0,1155273696
19858,0,313419440
19859,0,293156876
19860,0,4184655152
19861,0,1486114677
19862,0,4264197832
19863,0,2409095185
19864,0,19579579
19865,0,1993100965
19866,0,470463497
19867,0,469604556
19868,0,3027098494
19869,0,4014048031
19870,0,996384078
19871,0,1367694411
19872,0,3146017005
19873,0,3852707713
19874,0,3140102696
19875,0,864417535
19876,0,638605842
19877,0,2266209243
19878,0,2037955599
19879,0,2983462163
19880,0,532269224
19881,0,4080510014
19882,0,4055669542
19883,0,970269450
19884,0,724670416
19885,0,548994453
19886,0,3728867344
19887,0,1447668016
19888,0,245139559
19889,0,1838469711
19890,0,208960897
19891,0,4215771139
19892,0,565797024
19893,0,3087116470
19894,0,804448669
19895,0,720334685
19896,0,663828287
19897,0,799811332
19898,0,3268585186
19899,0,1473974597
19900,0,2340871228
19901,0,1345319868
19902,0,1700574864
19903,0,2186749367
19904,0,714842269
19905,0,2408436985
19906,0,2538545264
19907,0,459416528
19908,0,3155789788
19909,0,279606285
19910,0,2606012440
19911,0,44309075
19912,0,3156831780
19913,0,2891545746
19914,0,4205106071
19915,0,2048294012
19916,0,112029872
19917,0,3219110221
19918,0,1446091766
19919,0,3433186161
19920,0,491258871
19921,0,3152756972
19922,0,2904787959
19923,0,1476247289
19924,0,3833541608
19925,0,1111781321
19926,0,941107959
19927,0,2510053076
19928,0,3600609047
19929,0,616267688
19930,0,579148783
19931,0,3203389811
19932,0,4260555251
19933,0,3109546805
19934,0,3256634509
19935,0,976543787
19936,0,1611380051
19937,0,3264880227
19938,0,2878465992
19939,0,2055021564
19940,0,509301597
19941,0,4062831077
19942,0,212990735
19943,0,1238392327
19944,0,229103
19945,0,2483783936
19946,0,1079281973
19947,0,4282019852
19948,0,2521742001
19949,0,1645215133
19950,0,708737827
19951,0,1310152782
19952,0,113742561
19953,0,1742921004
19954,0,3031376623
19955,0,1320138838
19956,0,2365699076
19957,0,3417067844
19958,0,1897578822
19959,0,259042879
19960,0,1281306596
19961,0,2648481173
19962,0,3282661090
19963,0,551445208
19964,0,2082965466
19965,0,390903604
19966,0,3034876865
19967,0,2517342447
19968,0,1833756281
19969,0,3254020536
19970,0,3567957241
19971,0,3297732995
19972,0,509392604
19973,0,2557026687
19974,0,882210012
19975,0,3688465083
19976,0,2589751548
19977,0,3174939133
19978,0,1245807484
19979,0,1072296715
19980,0,815458863
19981,0,3594036416
19982,0,2528671632
19983,0,2433568021
19984,0,760338690
19985,0,3628324218
19986,0,4285810060
19987,0,2407150510
19988,0,3908923913
19989,0,2435996599
19990,0,2464023605
19991,0,424226361
19992,0,2907447230
19993,0,4190295171
19994,0,3373154410
19995,0,560143755
19996,0,412729506
19997,0,826248292
19998,0,3604933533
19999,0,2114225963
20000,0,852728635
20001,0,1999611841
20002,0,4180607850
20003,0,822851243
20004,0,3154140612
20005,0,1084769560
20006,0,1231504061
20007,0,2267477637
20008,0,1731802558
20009,0,1884584537
20010,0,486252310
20011,0,2352249818
20012,0,1789425117
20013,0,3866041684
20014,0,3178654070
20015,0,2068494874
20016,0,2905894878
20017,0,959989913
20018,0,893739276
20019,0,3052477054
20020,0,1097643265
20021,0,777200135
20022,0,141493966
20023,0,4267761717
20024,0,2929725894
20025,0,1065907914
20026,0,460644898
20027,0,1630328570
20028,0,2240711523
20029,0,3367691090
20030,0,248368762
20031,0,1465412251
20032,0,1982018087
20033,0,480024724
20034,0,2118497587
20035,0,3566573826
20036,0,2433266136
20037,0,1632483937
20038,0,373284161
20039,0,1600584394
20040,0,2277548149
20041,0,3926358994
20042,0,2866418924
20043,0,3770415407
20044,0,1817479904
20045,0,1544976612
20046,0,4066155841
20047,0,1600469723
20048,0,4294639172
20049,0,2792875517
20050,0,63273913
20051,0,989049312
20052,0,3577571175
20053,0,1139198575
20054,0,3485958266
20055,0,3335728222
20056,0,3360621490
20057,0,789815918
20058,0,815249377
20059,0,185953876
20060,0,2099780187
20061,0,2987124778
20062,0,785857037
20063,0,4215875078
20064,0,783856002
20065,0,697652486
20066,0,3851372316
20067,0,2700408042
20068,0,4082946078
20069,0,1119597201
20070,0,2849543237
20071,0,3512554573
20072,0,21888327
20073,0,1649214613
20074,0,2569501370
20075,0,3094360514
20076,0,2001596966
20077,0,3894641378
20078,0,2542687613
20079,0,4179273293
20080,0,398017572
20081,0,3632704762
20082,0,2921637046
20083,0,1828537359
20084,0,1273233425
20085,0,3073309090
20086,0,1800091727
20087,0,2216235950
20088,0,1811714968
20089,0,3362915519
20090,0,2488383853
20091,0,3438629555
20092,0,2999139746
20093,0,2073424953
20094,0,1732534448
20095,0,2165356089
20096,0,453989813
20097,0,3330809929
20098,0,2460827689
20099,0,1873269469
20100,0,712719427
20101,0,4087098874
20102,0,2991164299
20103,0,3828214007
20104,0,2136451502
20105,0,3324493695
20106,0,146846971
20107,0,3584336212
20108,0,1884173299
20109,0,1882264971
20110,0,42714539
20111,0,1038978612
20112,0,155339777
20113,0,1485553760
20114,0,813552707
20115,0,3561739801
20116,0,2140965629
20117,0,917040668
20118,0,1174670985
20119,0,1031594243
20120,0,2328290317
20121,0,2661976814
20122,0,823300021
20123,0,2087184167
20124,0,2431364006
20125,0,1450980425
20126,0,3462068819
20127,0,3003812283
20128,0,2777582597
20129,0,4123842114
20130,0,2408618432
20131,0,162669844
20132,0,4009816092
20133,0,3512867645
20134,0,3535517151
20135,0,604044351
20136,0,1265057404
20137,0,968224040
20138,0,101010208
20139,0,1128435344
20140,0,1082162392
20141,0,2893033973
20142,0,3818282642
20143,0,549805232
20144,0,3778034233
20145,0,681199938
20146,0,1475676923
20147,0,602416238
20148,0,3420130396
20149,0,3763075060
20150,0,1209150830
20151,0,3124927889
20152,0,3622429769
20153,0,2272693977
20154,0,2199729263
20155,0,2542277191
20156,0,769109063
20157,0,3552259432
20158,0,1960360451
20159,0,277189167
20160,0,3788185370
20161,0,3341541326
20162,0,647656775
20163,0,1852213918
20164,0,1503114628
20165,0,1271603447
20166,0,3580835005
20167,0,1290347873
20168,0,1625495843
20169,0,2066243776
20170,0,2436575320
20171,0,288961472
20172,0,3747882080
20173,0,652819220
20174,0,821871089
20175,0,2962491280
20176,0,1017506755
20177,0,3127160461
20178,0,3642110903
20179,0,4084948199
20180,0,2216288788
20181,0,3007117593
20182,0,2951097814
20183,0,566740984
20184,0,4264413156
20185,0,2633889036
20186,0,1775296610
20187,0,3461335820
20188,0,3538174971
20189,0,167434358
20190,0,208801932
20191,0,2182430749
20192,0,1757960150
20193,0,610697007
20194,0,2617161518
20195,0,4000409027
20196,0,2615537735
20197,0,2555204753
20198,0,1764938302
20199,0,1574206212
20200,0,2217138590
20201,0,3182687380
20202,0,2802038148
20203,0,3889755901
20204,0,3655493054
20205,0,1072172436
20206,0,4110992793
20207,0,1523186628
20208,0,3549981340
20209,0,129710809
20210,0,2095415177
20211,0,2979198563
20212,0,75683916
20213,0,2934277801
20214,0,3626344337
20215,0,287753530
20216,0,4189970106
20217,0,255676015
20218,0,2028953591
20219,0,4046403999
20220,0,3582361777
20221,0,3078942041
20222,0,1876218254
20223,0,1229456636
20224,0,2464726509
20225,0,805222311
20226,0,3629076322
20227,0,96592339
20228,0,109590766
20229,0,858455204
20230,0,4218885531
20231,0,558585433
20232,0,998908089
20233,0,2352664983
20234,0,386074867
20235,0,3048680541
20236,0,1470639139
20237,0,396411797
20238,0,4120833020
20239,0,885952012
20240,0,1155591659
20241,0,1927907813
20242,0,963906031
20243,0,2977893547
20244,0,1302519582
20245,0,3731067902
20246,0,798800880
20247,0,2763921313
20248,0,2936706052
20249,0,1288123105
20250,0,4193497644
20251,0,2037959447
20252,0,1666807898
20253,0,3323056147
20254,0,2120879450
20255,0,3354068474
20256,0,1305926736
20257,0,1573812414
20258,0,3387411346
20259,0,573040856
20260,0,950824838
20261,0,516050984
20262,0,3425186603
20263,0,2213279661
20264,0,1591414114
20265,0,3516729849
20266,0,1692411048
20267,0,1859618514
20268,0,1606202196
20269,0,4078739551
20270,0,2247690580
20271,0,1051245725
20272,0,240781312
20273,0,2753550861
20274,0,3029656034
20275,0,1035862902
20276,0,1204227678
20277,0,1738487384
20278,0,2883233970
20279,0,660499796
20280,0,3026689518
20281,0,3163930211
20282,0,1617076783
20283,0,2966183868
20284,0,1547929089
20285,0,3170220096
20286,0,1951009406
20287,0,2512375676
20288,0,1958211129
20289,0,2808208033
20290,0,444802011
20291,0,2717378631
20292,0,3273384248
20293,0,1487628902
20294,0,2299634229
20295,0,398249822
20296,0,1153320661
20297,0,15776775
20298,0,4185563231
20299,0,55822855
20300,0,946992846
20301,0,3551430362
20302,0,1842162528
20303,0,3699943728
20304,0,4235686151
20305,0,1487183276
20306,0,2839444644
20307,0,3019059665
20308,0,1827020181
20309,0,1170845151
20310,0,2117912870
20311,0,68628458
20312,0,3702127871
20313,0,2247868900
20314,0,1159782375
20315,0,2237530537
20316,0,3893059740
20317,0,118288528
20318,0,3133751295
20319,0,1004846564
20320,0,659886792
20321,0,612784526
20322,0,424289525
20323,0,3879856639
20324,0,2511535296
20325,0,2407113589
20326,0,3657204030
20327,0,1924652979
20328,0,2709428595
20329,0,944294715
20330,0,81317420
20331,0,3199554786
20332,0,2433400886
20333,0,3900764848
20334,0,738702011
20335,0,2420592115
20336,0,1188770031
20337,0,941543692
20338,0,2782601843
20339,0,4080104857
20340,0,1841647704
20341,0,1040729183
20342,0,3874774238
20343,0,3231377225
20344,0,302163824
20345,0,2608596166
20346,0,1736306612
20347,0,2347457745
20348,0,3998257609
20349,0,1901080669
20350,0,2620315120
20351,0,2492342712
20352,0,858774365
20353,0,3234328735
20354,0,3830837589
20355,0,361820458
20356,0,2097359600
20357,0,335150366
20358,0,2803846483
20359,0,2551466793
20360,0,1063063985
20361,0,805609348
20362,0,3715989950
20363,0,3288634491
20364,0,2280667390
20365,0,2635639209
20366,0,2375318111
20367,0,1496120624
20368,0,400117973
20369,0,2243831988
20370,0,1438225632
20371,0,2207336754
20372,0,4233941321
20373,0,2832043027
20374,0,817100340
20375,0,2162127054
20376,0,3054924301
20377,0,1923754726
20378,0,3374895805
20379,0,3164371778
20380,0,1299215800
20381,0,992862011
20382,0,2576684190
20383,0,1541401277
20384,0,2005608153
20385,0,2035409233
20386,0,3926367852
20387,0,545801129
20388,0,928222519
20389,0,2556200941
20390,0,478499869
20391,0,1993559262
20392,0,4133022778
20393,0,2418336629
20394,0,2231562064
20395,0,3321423780
20396,0,4170018658
20397,0,4181835666
20398,0,415269291
20399,0,373907441
20400,0,2338014314
20401,0,2568537505
20402,0,3023571863
20403,0,471635826
20404,0,1352700267
20405,0,322426253
20406,0,3645253774
20407,0,2527801861
20408,0,3986072688
20409,0,437233532
20410,0,854217100
20411,0,1671844289
20412,0,2589623502
20413,0,2460423247
20414,0,1979139928
20415,0,1050489622
20416,0,3022489876
20417,0,3852491094
20418,0,1071066227
20419,0,2440891071
20420,0,896837610
20421,0,2428457710
20422,0,649550975
20423,0,1780713091
20424,0,1150194874
20425,0,1428842870
20426,0,412093428
20427,0,608069475
20428,0,4070314570
20429,0,1786261024
20430,0,2554275390
20431,0,3823357954
20432,0,2778219155
20433,0,344259254
20434,0,4053636287
20435,0,574681722
20436,0,3187287005
20437,0,3384679613
20438,0,1327402121
20439,0,1332976142
20440,0,3128608503
20441,0,3056509701
20442,0,730363490
20443,0,2378218688
20444,0,3511077996
20445,0,295848233
20446,0,1215293482
20447,0,406102399
20448,0,259778866
20449,0,972002204
20450,0,3088235538
20451,0,495055002
20452,0,1371966259
20453,0,2494940931
20454,0,2799932425
20455,0,1480137016
20456,0,416985687
20457,0,2627655423
20458,0,2388897343
20459,0,2401390157
20460,0,463088184
20461,0,2239606678
20462,0,560041457
20463,0,187373150
20464,0,1442625390
20465,0,2704525862
20466,0,3600524733
20467,0,3886465483
20468,0,3429400196
20469,0,3031135320
20470,0,2653106248
20471,0,4251174909
20472,0,907576147
20473,0,3895262506
20474,0,2260294446
20475,0,373650880
20476,0,2807570046
20477,0,912657045
20478,0,296677615
20479,0,970822134
20480,0,1134960115
20481,0,2199880223
20482,0,416755089
20483,0,1372264259
20484,0,1464775826
20485,0,3125427196
20486,0,1535994278
20487,0,562269626
20488,0,1453871520
20489,0,3474162222
20490,0,1435872549
20491,0,3860781725
20492,0,2497831771
20493,0,3117429982
20494,0,1446954011
20495,0,1493273573
20496,0,1742660795
20497,0,3530750719
20498,0,679924041
20499,0,2807991262
20500,0,2995480908
20501,0,737301821
20502,0,1273853815
20503,0,1165974326
20504,0,1830833018
20505,0,3987215101
20506,0,286221766
20507,0,1263319229
20508,0,1463133328
20509,0,2539486499
20510,0,668543679
20511,0,1398256888
20512,0,483665308
20513,0,2493176911
20514,0,762848006
20515,0,168167114
20516,0,2436585221
20517,0,2158680040
20518,0,2426462883
20519,0,309092345
20520,0,2884982064
20521,0,725214905
20522,0,3929498766
20523,0,3530710141
20524,0,2789974243
20525,0,2560790728
20526,0,2646951733
20527,0,2438744356
20528,0,392193560
20529,0,1875776233
20530,0,536862752
20531,0,2626267773
20532,0,2433584478
20533,0,879623341
20534,0,4110103409
20535,0,3225296219
20536,0,1899687601
20537,0,2977415207
20538,0,1729337182
20539,0,2868111842
20540,0,775389861
20541,0,302710548
20542,0,4041434592
20543,0,398086703
20544,0,2712279843
20545,0,3138339524
20546,0,967476879
20547,0,1175524466
20548,0,4151550365
20549,0,3947382685
20550,0,2496224832
20551,0,1596012992
20552,0,2067381324
20553,0,3669186708
20554,0,2240907460
20555,0,631440000
20556,0,4220989273
20557,0,3522956423
20558,0,1576293009
20559,0,593834242
20560,0,769869728
20561,0,3892035659
20562,0,1638865394
20563,0,3501330426
20564,0,3102600412
20565,0,2881200775
20566,0,579765042
20567,0,2952786566
20568,0,1682722929
20569,0,637726032
20570,0,246595588
20571,0,2164195581
20572,0,2096267565
20573,0,3056721798
20574,0,904557990
20575,0,277842217
20576,0,3572622972
20577,0,4026293763
20578,0,3820851133
20579,0,453694872
20580,0,1988582852
20581,0,986576955
20582,0,1016168734
20583,0,2600120231
20584,0,785067040
20585,0,581843303
20586,0,1440210790
20587,0,1766999835
20588,0,395825059
20589,0,572050130
20590,0,1393588499
20591,0,3665090122
20592,0,1460368532
20593,0,178578264
20594,0,1329246175
20595,0,1122571615
20596,0,1746561726
20597,0,2365242136
20598,0,2829257812
20599,0,3960795328
20600,0,865464582
20601,0,991661148
20602,0,412421012
20603,0,2233285511
20604,0,1876204689
20605,0,1956549874
20606,0,1712355762
20607,0,1307027713
20608,0,26698241
20609,0,1462872490
20610,0,580898216
20611,0,3195971485
20612,0,992700859
20613,0,2509796373
20614,0,4165577368
20615,0,1849904821
20616,0,4113056415
20617,0,1375754338
20618,0,2022352996
20619,0,2638342727
20620,0,2703364643
20621,0,2410049936
20622,0,1931377178
20623,0,938599092
20624,0,2135657351
20625,0,3377922010
20626,0,3273336076
20627,0,1357130993
20628,0,2050404300
20629,0,1444969803
20630,0,1756299375
20631,0,2633376766
20632,0,1236285690
20633,0,2604968461
20634,0,3466898671
20635,0,1008029459
20636,0,723245288
20637,0,1356393867
20638,0,3764178143
20639,0,1092949948
20640,0,2576231669
20641,0,3724868957
20642,0,1950403786
20643,0,3605987046
20644,0,796226975
20645,0,3105651452
20646,0,4265597565
20647,0,2877251685
20648,0,2836371548
20649,0,444767902
20650,0,1669217526
20651,0,955612742
20652,0,1887653592
20653,0,844106996
20654,0,1243363187
20655,0,1387532362
20656,0,3340384916
20657,0,2304224432
20658,0,3841181904
20659,0,551109284
20660,0,422910626
20661,0,4131517906
20662,0,3615614031
20663,0,2315667627
20664,0,561130850
20665,0,4279615149
20666,0,1355244397
20667,0,704199224
20668,0,3648622983
20669,0,2187952195
20670,0,4267087635
20671,0,3123234921
20672,0,3322274970
20673,0,675652593
20674,0,457338988
20675,0,4239688619
20676,0,4110118059
20677,0,3030795164
20678,0,3865723702
20679,0,1872122416
20680,0,533732312
20681,0,2311693357
20682,0,348589035
20683,0,1123563510
20684,0,3302779733
20685,0,2137726542
20686,0,2298008575
20687,0,3261607228
20688,0,1043731899
20689,0,1822454939
20690,0,609719746
20691,0,186148885
20692,0,3309545496
20693,0,3093231416
20694,0,2978040036
20695,0,2334986730
20696,0,186181922
20697,0,3517507004
20698,0,1862231379
20699,0,3372075865
20700,0,1129095634
20701,0,967296841
20702,0,3902700078
20703,0,3702428067
20704,0,3720620846
20705,0,1285105854
20706,0,1481986905
20707,0,3053404806
20708,0,3898222193
20709,0,1042175835
20710,0,1784473857
20711,0,418047327
20712,0,3429222559
20713,0,3686028964
20714,0,2105490580
20715,0,3344158114
20716,0,1646102769
20717,0,3011243888
20718,0,472158074
20719,0,884652671
20720,0,492313381
20721,0,3651810139
20722,0,1742900187
20723,0,3852984951
20724,0,617144035
20725,0,3716189257
20726,0,1295025133
20727,0,4109149227
20728,0,1834448895
20729,0,4138865483
20730,0,800984550
20731,0,777381383
20732,0,3225200365
20733,0,3368337213
20734,0,3141870892
20735,0,3824546140
20736,0,537939273
20737,0,513166133
20738,0,702585197
20739,0,1667868011
20740,0,2941861801
20741,0,2636588063
20742,0,1295769965
20743,0,333276454
20744,0,1346808282
20745,0,717801444
20746,0,1958707518
20747,0,395865394
20748,0,1576674701
20749,0,809151528
20750,0,3528212503
20751,0,329198384
20752,0,701716940
20753,0,532017049
20754,0,3935652346
20755,0,921644495
20756,0,3112315108
20757,0,1866728395
20758,0,144678645
20759,0,2473142773
20760,0,2091747614
20761,0,2085344505
20762,0,3695838707
20763,0,40983209
20764,0,229222747
20765,0,685274714
20766,0,3833040691
20767,0,2813155995
20768,0,2470027364
20769,0,1100680254
20770,0,596073008
20771,0,3504796752
20772,0,3287457702
20773,0,2428822277
20774,0,2553081783
20775,0,3197871642
20776,0,2169038326
20777,0,591071917
20778,0,264239322
20779,0,3829191048
20780,0,3215998798
20781,0,3010318114
20782,0,1538836134
20783,0,787006736
20784,0,4279310485
20785,0,1551434772
20786,0,3817666377
20787,0,3520648859
20788,0,2859577566
20789,0,288220043
20790,0,113668485
20791,0,3592423998
20792,0,999526445
20793,0,2069137446
20794,0,2690096334
20795,0,704696329
20796,0,809298217
20797,0,237660933
20798,0,706199200
20799,0,1706678369
20800,0,2820635922
20801,0,2954807116
20802,0,1981355479
20803,0,3235393350
20804,0,1663120926
20805,0,4189604111
20806,0,3819174179
20807,0,209533792
20808,0,3376198632
20809,0,3077707080
20810,0,1320590085
20811,0,655935534
20812,0,4257215264
20813,0,2024123245
20814,0,1959124137
20815,0,625212193
20816,0,517550194
20817,0,574287673
20818,0,2221140535
20819,0,3716915717
20820,0,2426505952
20821,0,2655427038
20822,0,3805451104
20823,0,2808589535
20824,0,225497473
20825,0,4284464641
20826,0,460116878
20827,0,2729915136
20828,0,3728030731
20829,0,1329101553
20830,0,1286152834
20831,0,2010351934
20832,0,3632071364
20833,0,2089968662
20834,0,839335902
20835,0,1785606432
20836,0,621184933
20837,0,1270478556
20838,0,3643523533
20839,0,2203326916
20840,0,234858418
20841,0,3627744758
20842,0,1997256884
20843,0,62533626
20844,0,2397886424
20845,0,2532075443
20846,0,1499159934
20847,0,1818494084
20848,0,1919593790
20849,0,3731006936
20850,0,3521508916
20851,0,2336978181
20852,0,1486838256
20853,0,3347121184
20854,0,128680930
20855,0,2368272681
20856,0,3552548303
20857,0,30067916
20858,0,1379892293
20859,0,189256030
20860,0,3705754856
20861,0,972674326
20862,0,1748599771
20863,0,1343959226
20864,0,1604215086
20865,0,3838244499
20866,0,2022045881
20867,0,902157680
20868,0,1645857381
20869,0,838712879
20870,0,1094433619
20871,0,4234792731
20872,0,1960015390
20873,0,1476909526
20874,0,3298050376
20875,0,3675358678
20876,0,2664247395
20877,0,552127587
20878,0,368225009
20879,0,1429864007
20880,0,886328543
20881,0,347192696
20882,0,1087058455
20883,0,4155632435
20884,0,2418681176
20885,0,1151904792
20886,0,1952126253
20887,0,3374937106
20888,0,314818343
20889,0,3251297076
20890,0,3475954210
20891,0,2570621687
20892,0,3886079940
20893,0,2002525416
20894,0,1827518344
20895,0,2575796806
20896,0,1897970177
20897,0,2859831057
20898,0,1768159642
20899,0,3695633650
20900,0,466368350
20901,0,969965677
20902,0,310093027
20903,0,3122202000
20904,0,3485618277
20905,0,1008263874
20906,0,676785826
20907,0,1171806211
20908,0,2514219663
20909,0,2596703754
20910,0,737843881
20911,0,1834965310
20912,0,1231264322
20913,0,2136157623
20914,0,1180555365
20915,0,1467080557
20916,0,4279594307
20917,0,85567421
20918,0,204338698
20919,0,4017160444
20920,0,582094379
20921,0,228371856
20922,0,2649936231
20923,0,1007944584
20924,0,818866938
20925,0,1604999794
20926,0,2288390144
20927,0,111186771
20928,0,3523985112
20929,0,533555760
20930,0,3823984085
20931,0,1118627390
20932,0,318924907
20933,0,2683030252
20934,0,812715863
20935,0,585569498
20936,0,3489310820
20937,0,3292186367
20938,0,4749613
20939,0,3805679099
20940,0,1313273263
20941,0,2392385302
20942,0,3711413067
20943,0,595932132
20944,0,986173976
20945,0,3490904346
20946,0,1762537154
20947,0,907095433
20948,0,1738575737
20949,0,3216842654
20950,0,2509563545
20951,0,566199674
20952,0,4077196210
20953,0,2132548203
20954,0,1987152931
20955,0,3108779257
20956,0,3316803856
20957,0,2593490520
20958,0,1636629911
20959,0,972174216
20960,0,2413987177
20961,0,917934862
20962,0,2117275077
20963,0,4009746944
20964,0,1161986239
20965,0,3220711605
20966,0,3878972802
20967,0,973537472
20968,0,2582828079
20969,0,2912806676
20970,0,1049795275
20971,0,3568454126
20972,0,746005001
20973,0,3472532562
20974,0,3563422762
20975,0,4177411354
20976,0,3572577332
20977,0,3163450607
20978,0,1399142566
20979,0,2051133790
20980,0,1294736395
20981,0,453931261
20982,0,1999041749
20983,0,2654732651
20984,0,3694961155
20985,0,1205871005
20986,0,967290612
20987,0,1129337288
20988,0,1682430716
20989,0,2082126704
20990,0,1172404106
20991,0,152060482
20992,0,4166246902
20993,0,163650496
20994,0,2107170076
20995,0,2706812449
20996,0,3871619432
20997,0,1556625948
20998,0,720989433
20999,0,3954157066
21000,0,4071874077
21001,0,2809622021
21002,0,474644638
21003,0,3346378994
21004,0,1544732839
21005,0,2227336740
21006,0,2329212871
21007,0,2444208113
21008,0,3479641721
21009,0,3115134349
21010,0,2676814819
21011,0,1071837307
21012,0,1549381933
21013,0,637052531
21014,0,401409000
21015,0,1167809568
21016,0,3992334031
21017,0,768901592
21018,0,1325775
21019,0,1862186057
21020,0,3062810162
21021,0,2807993302
21022,0,3517530564
21023,0,3416661132
21024,0,247761527
21025,0,1859032050
21026,0,715208938
21027,0,3123951796
21028,0,1770953446
21029,0,3767727727
21030,0,1974886720
21031,0,2321124463
21032,0,3243376933
21033,0,2947207774
21034,0,1238138222
21035,0,173675934
21036,0,1440205994
21037,0,605653995
21038,0,3120089721
21039,0,3057712738
21040,0,2551299620
21041,0,1433948174
21042,0,2957920754
21043,0,1467390986
21044,0,436490321
21045,0,2445882006
21046,0,1156481595
21047,0,27043215
21048,0,814541881
21049,0,209243452
21050,0,2922888627
21051,0,1774182163
21052,0,3655545245
21053,0,1170800853
21054,0,3751925180
21055,0,1204994519
21056,0,448662453
21057,0,2731543665
21058,0,3364996638
21059,0,4196251863
21060,0,3991450836
21061,0,2503697613
21062,0,3455433628
21063,0,709287231
21064,0,3452566575
21065,0,3149972521
21066,0,3421701355
21067,0,3332905692
21068,0,2072837253
21069,0,1738145771
21070,0,1425197305
21071,0,2958045167
21072,0,2044441
21073,0,768624599
21074,0,2155617538
21075,0,2019017068
21076,0,2402954097
21077,0,2161747259
21078,0,1001226116
21079,0,535494890
21080,0,2168036657
21081,0,3781389246
21082,0,243882804
21083,0,2551640483
21084,0,2188698866
21085,0,3284130663
21086,0,582469326
21087,0,2544047321
21088,0,1378977509
21089,0,1062200819
21090,0,3184354667
21091,0,1029813947
21092,0,2104278880
21093,0,3130625568
21094,0,3773086286
21095,0,2181395096
21096,0,2795172563
21097,0,3772594387
21098,0,3207077168
21099,0,759573911
21100,0,4133717069
21101,0,1537638456
21102,0,4288248040
21103,0,3221620202
21104,0,399766359
21105,0,1587402475
21106,0,1817730475
21107,0,2588722685
21108,0,1553986564
21109,0,3791357035
21110,0,3215144656
21111,0,4132575212
21112,0,559315675
21113,0,799069821
21114,0,2558719370
21115,0,4785395
21116,0,976873368
21117,0,3751181149
21118,0,256358211
21119,0,3428505876
21120,0,1657031709
21121,0,2209656446
21122,0,3642215715
21123,0,918819386
21124,0,618792731
21125,0,3828086395
21126,0,3330259497
21127,0,376099892
21128,0,3512875522
21129,0,1382290291
21130,0,3511252406
21131,0,426857
21132,0,3708985564
21133,0,2821058392
21134,0,2886881887
21135,0,761392915
21136,0,15953170
21137,0,3346164986
21138,0,3611318284
21139,0,1417114540
21140,0,4200037133
21141,0,3018646358
21142,0,3745556021
21143,0,3142196534
21144,0,3849881920
21145,0,2119081576
21146,0,502979977
21147,0,2402290476
21148,0,1156336838
21149,0,1676256764
21150,0,3180840119
21151,0,3844194519
21152,0,2052228874
21153,0,2093586483
21154,0,3056870740
21155,0,1632190331
21156,0,2456418600
21157,0,81354318
21158,0,3439440134
21159,0,2667617878
21160,0,361307731
21161,0,4264545074
21162,0,4000881238
21163,0,1534508335
21164,0,380662662
21165,0,14107430
21166,0,4274854047
21167,0,3859028080
21168,0,3293541461
21169,0,1920853975
21170,0,510358036
21171,0,1964018176
21172,0,3997678888
21173,0,632589049
21174,0,697688332
21175,0,590434582
21176,0,727787135
21177,0,4202099880
21178,0,3097443833
21179,0,3139862345
21180,0,3978543342
21181,0,855049297
21182,0,2647974031
21183,0,962923981
21184,0,3783563742
21185,0,626225313
21186,0,598332738
21187,0,959619458
21188,0,3445110627
21189,0,3174196633
21190,0,3248920185
21191,0,2120107629
21192,0,1692670372
21193,0,500016076
21194,0,2671416790
21195,0,2105954774
21196,0,1076202248
21197,0,3654977258
21198,0,2851589961
21199,0,1405497222
21200,0,1357002557
21201,0,3602258911
21202,0,2893272601
21203,0,10696033
21204,0,2817256102
21205,0,2371336409
21206,0,869800479
21207,0,602384402
21208,0,173404000
21209,0,1083122492
21210,0,972478536
21211,0,3171586007
21212,0,1928539215
21213,0,4162992562
21214,0,1569775928
21215,0,2001730947
21216,0,2533680764
21217,0,1923551417
21218,0,2260690113
21219,0,784944018
21220,0,4040819119
21221,0,2904064728
21222,0,356012889
21223,0,4114408176
21224,0,1161305697
21225,0,2557984379
21226,0,2561006919
21227,0,1118352609
21228,0,3533922715
21229,0,1822131379
21230,0,2645605397
21231,0,3430512780
21232,0,2390339128
21233,0,3428880135
21234,0,1837119783
21235,0,1043948245
21236,0,1578809188
21237,0,372265215
21238,0,2581095400
21239,0,553651834
21240,0,958700989
21241,0,4177426036
21242,0,4029497580
21243,0,1580036724
21244,0,4229087973
21245,0,763897986
21246,0,999810318
21247,0,570332213
21248,0,2113234295
21249,0,4196816538
21250,0,777310944
21251,0,890868836
21252,0,4114080366
21253,0,641662131
21254,0,3434409095
21255,0,1973462709
21256,0,1336997838
21257,0,2020274730
21258,0,3822814877
21259,0,4060449849
21260,0,869479160
21261,0,3826196478
21262,0,4192951494
21263,0,3691604511
21264,0,3625231866
21265,0,3654530639
21266,0,1280981378
21267,0,1713765079
21268,0,4136745832
21269,0,4268206422
21270,0,1658909424
21271,0,3949418831
21272,0,161059944
21273,0,1501935010
21274,0,151111034
21275,0,75311117
21276,0,2397556435
21277,0,2425306349
21278,0,2504412132
21279,0,3680918233
21280,0,395520551
21281,0,673815244
21282,0,1970469364
21283,0,1673655954
21284,0,4284521339
21285,0,1845371644
21286,0,2644456364
21287,0,112936313
21288,0,2896043027
21289,0,2358589501
21290,0,1505964916
21291,0,3390585058
21292,0,1837617760
21293,0,1857595685
21294,0,135965067
21295,0,4166452446
21296,0,22405048
21297,0,4008894409
21298,0,343870668
21299,0,1228419551
21300,0,2944220574
21301,0,286377689
21302,0,278181308
21303,0,1112384269
21304,0,866351995
21305,0,3309999805
21306,0,1681052435
21307,0,4098173787
21308,0,1960974924
21309,0,3269178041
21310,0,622188319
21311,0,1631151204
21312,0,2264461321
21313,0,2278167253
21314,0,2005586877
21315,0,2454834467
21316,0,3578455033
21317,0,2944756483
21318,0,1581532241
21319,0,252701174
21320,0,3021688110
21321,0,1784847825
21322,0,46958237
21323,0,3522338258
21324,0,3411739190
21325,0,3366936760
21326,0,3015061092
21327,0,3106422393
21328,0,1645174858
21329,0,1321897577
21330,0,4294155434
21331,0,11913657
21332,0,2312379000
21333,0,1509489045
21334,0,2676303088
21335,0,1484527325
21336,0,2388437582
21337,0,2042208068
21338,0,7763948
21339,0,536446345
21340,0,3328112525
21341,0,222568602
21342,0,2746458641
21343,0,701289673
21344,0,3655336195
21345,0,3787567491
21346,0,700904731
21347,0,467155849
21348,0,2307632765
21349,0,1959427007
21350,0,1275939393
21351,0,1306920067
21352,0,598893880
21353,0,2378106098
21354,0,3373219362
21355,0,4154868135
21356,0,3452269486
21357,0,362859702
21358,0,2331467533
21359,0,1137655622
21360,0,550635509
21361,0,1706978179
21362,0,2969936740
21363,0,2823625680
21364,0,1842665259
21365,0,285760211
21366,0,1343539386
21367,0,3917376347
21368,0,2796958577
21369,0,2078032061
21370,0,2327360088
21371,0,42760193
21372,0,1007666727
21373,0,1571015682
21374,0,2689621107
21375,0,3490929180
21376,0,1471709501
21377,0,3028245682
21378,0,2731498374
21379,0,2118669433
21380,0,3962473818
21381,0,2369757336
21382,0,1556028878
21383,0,1607912429
21384,0,1406025656
21385,0,320323876
21386,0,2371199773
21387,0,536211270
21388,0,3786585928
21389,0,1546022981
21390,0,3623727890
21391,0,1382529149
21392,0,140579817
21393,0,1771633159
21394,0,2916879371
21395,0,2817670789
21396,0,3833543700
21397,0,2085224618
21398,0,3082063397
21399,0,3900153533
21400,0,1873174221
21401,0,730477234
21402,0,3595882460
21403,0,3124914539
21404,0,444672348
21405,0,3405539241
21406,0,2267410701
21407,0,428735599
21408,0,1711907471
21409,0,425009091
21410,0,4010373173
21411,0,3774457586
21412,0,1356206273
21413,0,3405860198
21414,0,3071441456
21415,0,4074030426
21416,0,629783749
21417,0,1345563757
21418,0,2457716978
21419,0,1192244515
21420,0,2000341721
21421,0,3797827785
21422,0,1655294122
21423,0,740822004
21424,0,2273654463
21425,0,185205974
21426,0,965526238
21427,0,2604471445
21428,0,207265794
21429,0,1392724431
21430,0,2104241810
21431,0,4017900397
21432,0,2754270405
21433,0,687044636
21434,0,3119228772
21435,0,1844411655
21436,0,3417593888
21437,0,1455388536
21438,0,2991931728
21439,0,1435943311
21440,0,1861422561
21441,0,3869926022
21442,0,4121168027
21443,0,3797748416
21444,0,597705474
21445,0,1405274786
21446,0,1481077449
21447,0,1977561350
21448,0,3959990233
21449,0,3867971488
21450,0,2557360028
21451,0,2368635538
21452,0,4074858924
21453,0,625233542
21454,0,1041219916
21455,0,48392639
21456,0,3042993397
21457,0,2251135306
21458,0,2510076616
21459,0,1517473514
21460,0,1985898653
21461,0,3539939931
21462,0,2721925153
21463,0,1813305885
21464,0,498546550
21465,0,2422788506
21466,0,3240182359
21467,0,3289451170
21468,0,1306671104
21469,0,1453691729
21470,0,2100815862
21471,0,3102049618
21472,0,28831701
21473,0,1978339219
21474,0,2536887935
21475,0,2461937858
21476,0,3228371121
21477,0,1310202252
21478,0,3894303768
21479,0,1345648406
21480,0,337403869
21481,0,1662105070
21482,0,3760699448
21483,0,4080453288
21484,0,1469692025
21485,0,1917038194
21486,0,4130364212
21487,0,1468143231
21488,0,3170002937
21489,0,4054499359
21490,0,2626153899
21491,0,1197808498
21492,0,1701709719
21493,0,369761913
21494,0,3982985211
21495,0,2928005079
21496,0,4170951016
21497,0,996874707
21498,0,1383852699
21499,0,3392879855
21500,0,427281852
21501,0,4173825628
21502,0,160188698
21503,0,2504417517
21504,0,483748257
21505,0,2378382193
21506,0,3204491975
21507,0,3780895371
21508,0,1012092366
21509,0,3904782427
21510,0,907227169
21511,0,1391476074
21512,0,4277645124
21513,0,1761244075
21514,0,4151254380
21515,0,2358277805
21516,0,3405211247
21517,0,3781704498
21518,0,667881109
21519,0,94666491
21520,0,3306169094
21521,0,4016108670
21522,0,3423002025
21523,0,3788322928
21524,0,2661316913
21525,0,2705600434
21526,0,3002974347
21527,0,1467488861
21528,0,3527514308
21529,0,3396625768
21530,0,2649851524
21531,0,151736980
21532,0,140870712
21533,0,2763641193
21534,0,1275296323
21535,0,1244296998
21536,0,2635603297
21537,0,1211774299
21538,0,3703246963
21539,0,1745930761
21540,0,1533773441
21541,0,1556994268
21542,0,487804375
21543,0,3785058275
21544,0,563047248
21545,0,1346677090
21546,0,1752822038
21547,0,2637716827
21548,0,1157477458
21549,0,3162906697
21550,0,1768472014
21551,0,2767787622
21552,0,1082604284
21553,0,1556466448
21554,0,1364230563
21555,0,1845289777
21556,0,3268265084
21557,0,839734013
21558,0,2449826900
21559,0,4017133939
21560,0,2005822684
21561,0,4171467542
21562,0,2984309046
21563,0,1460321397
21564,0,268933847
21565,0,2298242137
21566,0,2325711394
21567,0,10817071
21568,0,2443314398
21569,0,4127990786
21570,0,587724228
21571,0,1784445051
21572,0,1329475730
21573,0,2896868484
21574,0,3178461881
21575,0,2527217355
21576,0,286422838
21577,0,2707915084
21578,0,2022380683
21579,0,1498761542
21580,0,4291026552
21581,0,94311358
21582,0,452765962
21583,0,1953002084
21584,0,1052582326
21585,0,3422433939
21586,0,3089554661
21587,0,351529528
21588,0,1596916386
21589,0,1343799039
21590,0,3207126684
21591,0,999985345
21592,0,1506935808
21593,0,856890761
21594,0,1155575512
21595,0,1984646885
21596,0,3983262958
21597,0,725585077
21598,0,2407628225
21599,0,2803414653
21600,0,2336136278
21601,0,1312453004
21602,0,24494249
21603,0,2507620153
21604,0,546629713
21605,0,239879518
21606,0,1511981965
21607,0,4155582970
21608,0,2202933021
21609,0,1948217003
21610,0,2692877198
21611,0,3750024599
21612,0,3824481932
21613,0,3649850334
21614,0,1308874501
21615,0,2827928564
21616,0,1862208012
21617,0,2020046771
21618,0,1153090459
21619,0,2247889439
21620,0,4030843328
21621,0,3863741180
21622,0,2758119253
21623,0,2758514642
21624,0,78000090
21625,0,3942441460
21626,0,2928216117
21627,0,2121404850
21628,0,3033382288
21629,0,1820867023
21630,0,495742711
21631,0,2584354078
21632,0,2101185620
21633,0,1515858927
21634,0,4225715196
21635,0,1186502444
21636,0,3757743426
21637,0,100791819
21638,0,550618891
21639,0,505792883
21640,0,1182049334
21641,0,2360583343
21642,0,4242616124
21643,0,4192121951
21644,0,3321707861
21645,0,681714622
21646,0,4134498132
21647,0,1798942806
21648,0,4216882991
21649,0,2619296977
21650,0,3308229747
21651,0,3281787843
21652,0,1550790033
21653,0,2188869279
21654,0,3643908589
21655,0,1283627531
21656,0,3887941802
21657,0,2611859518
21658,0,350887307
21659,0,3157365478
21660,0,1137684432
21661,0,1888185738
21662,0,3128836599
21663,0,978551351
21664,0,146645149
21665,0,694519690
21666,0,2869289792
21667,0,4207998518
21668,0,1725875101
21669,0,1795859883
21670,0,3359937780
21671,0,27069113
21672,0,3112509788
21673,0,2826657515
21674,0,3077421112
21675,0,222149037
21676,0,4211134857
21677,0,3338773297
21678,0,2677582530
21679,0,3537198050
21680,0,1284358646
21681,0,1658588751
21682,0,2175166309
21683,0,3826702784
21684,0,3673558199
21685,0,2004664807
21686,0,122330791
21687,0,3344222696
21688,0,2471837020
21689,0,2871673667
21690,0,2332561058
21691,0,3512562252
21692,0,2643293446
21693,0,1452818064
21694,0,2013843605
21695,0,559051416
21696,0,4061424204
21697,0,2498193826
21698,0,1135721515
21699,0,4071104529
21700,0,602215364
21701,0,2988945994
21702,0,3384074205
21703,0,463833530
21704,0,4173398675
21705,0,3404912026
21706,0,2558159610
21707,0,1905085800
21708,0,3693350520
21709,0,3767480621
21710,0,3556302200
21711,0,3265303347
21712,0,3356881232
21713,0,2982577071
21714,0,1473854902
21715,0,2107078049
21716,0,4148206128
21717,0,1692134995
21718,0,992074171
21719,0,46239664
21720,0,1438995275
21721,0,170254141
21722,0,2307316828
21723,0,329506330
21724,0,1685450602
21725,0,3934304102
21726,0,1911366480
21727,0,1701739507
21728,0,3893989787
21729,0,2675510606
21730,0,1690490598
21731,0,4259263689
21732,0,1938109482
21733,0,1963183082
21734,0,2209298293
21735,0,3447005045
21736,0,3186265912
21737,0,1840439038
21738,0,4224564424
21739,0,3334981282
21740,0,4234194123
21741,0,3603873495
21742,0,597661181
21743,0,4113297613
21744,0,3983589332
21745,0,2881622193
21746,0,3546074939
21747,0,499828390
21748,0,3873087753
21749,0,3984643828
21750,0,479954491
21751,0,3888566965
21752,0,2409489373
21753,0,1328357358
21754,0,1992661318
21755,0,2018135472
21756,0,242678926
21757,0,3977108445
21758,0,2562477094
21759,0,908596218
21760,0,1286216125
21761,0,4230639635
21762,0,4146162151
21763,0,2577496521
21764,0,1704481317
21765,0,2487516331
21766,0,1643329827
21767,0,3694924616
21768,0,2498932770
21769,0,2619652729
21770,0,1712875084
21771,0,820754340
21772,0,2247983563
21773,0,2371591689
21774,0,767748548
21775,0,1873831577
21776,0,252547624
21777,0,340876556
21778,0,3253247092
21779,0,2661866919
21780,0,647207433
21781,0,4018179296
21782,0,1031966254
21783,0,3836246445
21784,0,2552766467
21785,0,422169847
21786,0,911255852
21787,0,1305619030
21788,0,461712730
21789,0,2078833645
21790,0,3861501255
21791,0,1286224871
21792,0,1896685452
21793,0,2372020402
21794,0,3337985416
21795,0,3721413226
21796,0,1714453540
21797,0,1596839742
21798,0,1552342715
21799,0,1835949939
21800,0,1989012051
21801,0,3006929328
21802,0,4051720054
21803,0,2528359137
21804,0,4245925974
21805,0,3896479386
21806,0,611618796
21807,0,77852712
21808,0,780100123
21809,0,2242904997
21810,0,1029228967
21811,0,2850769329
21812,0,3682349631
21813,0,4198787298
21814,0,2623175310
21815,0,2993795691
21816,0,61775573
21817,0,3741223695
21818,0,4235392192
21819,0,4290646805
21820,0,2252935835
21821,0,660484694
21822,0,3280263516
21823,0,1296159851
21824,0,3270993808
21825,0,4004209362
21826,0,3705476842
21827,0,3188544682
21828,0,2275131942
21829,0,70305001
21830,0,2299575647
21831,0,1238979138
21832,0,297095882
21833,0,3328551100
21834,0,489697701
21835,0,2073499847
21836,0,2306417792
21837,0,281492724
21838,0,476130392
21839,0,78390541
21840,0,2176148587
21841,0,2319076375
21842,0,3030480043
21843,0,3703533457
21844,0,417837527
21845,0,897184153
21846,0,1645237180
21847,0,1687885423
21848,0,3431488964
21849,0,556234204
21850,0,1007603794
21851,0,647530832
21852,0,3252732841
21853,0,3945030403
21854,0,2411865217
21855,0,2703115304
21856,0,1526033477
21857,0,415975579
21858,0,1255808663
21859,0,672643187
21860,0,1009731615
21861,0,1890882473
21862,0,3136920553
21863,0,3105561163
21864,0,2417031970
21865,0,1642819480
21866,0,2400541460
21867,0,2861493455
21868,0,2515656644
21869,0,1864896704
21870,0,3409243480
21871,0,2238121207
21872,0,3670218603
21873,0,3186312444
21874,0,2078369414
21875,0,2969579230
21876,0,799875795
21877,0,4111983144
21878,0,588134049
21879,0,1586949580
21880,0,3872040763
21881,0,4154350477
21882,0,2702400186
21883,0,2194377880
21884,0,2554745780
21885,0,338669356
21886,0,3632375529
21887,0,1740826663
21888,0,2700335700
21889,0,2896152200
21890,0,3717429583
21891,0,3856843346
21892,0,145968198
21893,0,1179396027
21894,0,2514483750
21895,0,972743179
21896,0,3536693782
21897,0,2523161585
21898,0,1498648956
21899,0,1157405826
21900,0,989483444
21901,0,1766970258
21902,0,928316003
21903,0,2868970383
21904,0,3848560855
21905,0,1185429864
21906,0,1898327274
21907,0,601743447
21908,0,1698609212
21909,0,4111811872
21910,0,3952874744
21911,0,1231499097
21912,0,1023900415
21913,0,2571536819
21914,0,1181318379
21915,0,1467034161
21916,0,886134378
21917,0,3718198756
21918,0,1599514325
21919,0,4194574707
21920,0,3144004262
21921,0,2870998014
21922,0,4184027278
21923,0,1898273239
21924,0,2581942232
21925,0,869575991
21926,0,1748099022
21927,0,718205802
21928,0,1624960603
21929,0,2669906611
21930,0,549858473
21931,0,1329380864
21932,0,3345391038
21933,0,2398858518
21934,0,2423982074
21935,0,3758344376
21936,0,3145990770
21937,0,1115794807
21938,0,2462165728
21939,0,1411570926
21940,0,4166810897
21941,0,2285026094
21942,0,901088293
21943,0,589148445
21944,0,854928322
21945,0,1713971332
21946,0,84521624
21947,0,1477430677
21948,0,2518324267
21949,0,1466784484
21950,0,2047163260
21951,0,1882221801
21952,0,1760620427
21953,0,3577156715
21954,0,3237452150
21955,0,1223775194
21956,0,869167487
21957,0,1104944751
21958,0,2149741447
21959,0,67920238
21960,0,2350729918
21961,0,2350488443
21962,0,1369586880
21963,0,3514616957
21964,0,1452951684
21965,0,4006752097
21966,0,3438609726
21967,0,3859583479
21968,0,4068161070
21969,0,57225809
21970,0,2168658112
21971,0,2838910029
21972,0,340228050
21973,0,2903776012
21974,0,3770944246
21975,0,1388690779
21976,0,1220235884
21977,0,2083430903
21978,0,2853349919
21979,0,360153943
21980,0,1186933497
21981,0,3756735017
21982,0,2909178302
21983,0,4135552342
21984,0,3699212732
21985,0,3842819257
21986,0,3470824692
21987,0,1404117931
21988,0,2404086121
21989,0,3449952922
21990,0,1355981218
21991,0,2553977329
21992,0,2879345171
21993,0,2055163229
21994,0,3913298519
21995,0,241049490
21996,0,2016088516
21997,0,1482687853
21998,0,1098688619
21999,0,1514530867
22000,0,255625682
22001,0,1591106801
22002,0,1011809525
22003,0,2580909757
22004,0,675638588
22005,0,968316525
22006,0,3156829648
22007,0,2197200569
22008,0,1964200713
22009,0,4047366832
22010,0,3239205925
22011,0,3628176558
22012,0,2958039364
22013,0,3697336312
22014,0,879246039
22015,0,1433053838
22016,0,1873205112
22017,0,477640284
22018,0,1287969701
22019,0,565321693
22020,0,729305561
22021,0,154095224
22022,0,4243062536
22023,0,1675177963
22024,0,2192176089
22025,0,646134704
22026,0,2136371722
22027,0,2482649761
22028,0,1096838710
22029,0,3631711429
22030,0,889792242
22031,0,725265721
22032,0,2905341079
22033,0,2241318059
22034,0,4233152490
22035,0,1897087548
22036,0,869080150
22037,0,2562005717
22038,0,1176191842
22039,0,3767902073
22040,0,1009274436
22041,0,2314879540
22042,0,4129882026
22043,0,3529810884
22044,0,2241599882
22045,0,3540386140
22046,0,1989972362
22047,0,1897519196
22048,0,140367861
22049,0,3871799844
22050,0,164543045
22051,0,239654342
22052,0,2331240574
22053,0,141960064
22054,0,1288631779
22055,0,3693692826
22056,0,1872085783
22057,0,689853804
22058,0,2512859669
22059,0,53530935
22060,0,1003588156
22061,0,1482154391
22062,0,684664581
22063,0,1238614866
22064,0,109767246
22065,0,597946959
22066,0,3769478138
22067,0,4018856819
22068,0,3481242273
22069,0,4217176884
22070,0,1011776393
22071,0,2497405142
22072,0,3774499446
22073,0,2670660396
22074,0,3072079145
22075,0,110670677
22076,0,246513324
22077,0,234434014
22078,0,538822175
22079,0,2199069808
22080,0,2073130758
22081,0,4215417470
22082,0,2142968440
22083,0,2188809282
22084,0,1327594397
22085,0,1779408180
22086,0,2894294496
22087,0,3873350303
22088,0,1663443193
22089,0,1075003333
22090,0,3667528240
22091,0,3763649566
22092,0,2369763669
22093,0,951168959
22094,0,2777639580
22095,0,1397035186
22096,0,3677760379
22097,0,3581005495
22098,0,2018264164
22099,0,3906419844
22100,0,3887128519
22101,0,1967160707
22102,0,619986843
22103,0,3286682904
22104,0,1392363386
22105,0,2823601171
22106,0,3323379060
22107,0,650018984
22108,0,601130077
22109,0,3635463090
22110,0,3625622001
22111,0,4022038531
22112,0,3067169566
22113,0,1776966695
22114,0,1874530064
22115,0,3312979900
22116,0,1433555611
22117,0,4211514475
22118,0,972484078
22119,0,1830856363
22120,0,1196077169
22121,0,970425011
22122,0,4189145107
22123,0,3336259850
22124,0,1353809943
22125,0,1993955726
22126,0,3774765114
22127,0,1423488262
22128,0,225629050
22129,0,3031082612
22130,0,3975061126
22131,0,3640025657
22132,0,2191017025
22133,0,3356756073
22134,0,1782091845
22135,0,2117175293
22136,0,2534282202
22137,0,4225389920
22138,0,2679617211
22139,0,1165796203
22140,0,4079277955
22141,0,1397026377
22142,0,523798767
22143,0,3397947485
22144,0,3011094682
22145,0,1262476879
22146,0,2923077812
22147,0,3215452642
22148,0,300588367
22149,0,170447278
22150,0,331230624
22151,0,390238725
22152,0,3846176772
22153,0,1298048548
22154,0,2866231241
22155,0,3387427358
22156,0,3722340139
22157,0,911931766
22158,0,1207284812
22159,0,3740652210
22160,0,4040670339
22161,0,4022090528
22162,0,1943660236
22163,0,2936563916
22164,0,3760619844
22165,0,835531043
22166,0,1791639607
22167,0,2069535601
22168,0,782320139
22169,0,3672378907
22170,0,1070543496
22171,0,3931477671
22172,0,1219102215
22173,0,87467122
22174,0,3869841774
22175,0,1964232236
22176,0,2518630567
22177,0,3212340194
22178,0,4069142240
22179,0,1570298923
22180,0,2242804613
22181,0,285287338
22182,0,2616941328
22183,0,3820832988
22184,0,511401071
22185,0,3408286740
22186,0,893275142
22187,0,1801501049
22188,0,4122692766
22189,0,422613962
22190,0,1651710894
22191,0,568180365
22192,0,1468458219
22193,0,3898863014
22194,0,792432365
22195,0,2183541342
22196,0,3386367336
22197,0,2099400437
22198,0,2875352555
22199,0,473020036
22200,0,1992646004
22201,0,1881000929
22202,0,3847251313
22203,0,3593994318
22204,0,268747158
22205,0,2399073325
22206,0,1595211280
22207,0,3657781531
22208,0,3349053586
22209,0,3860177364
22210,0,399380643
22211,0,1855542158
22212,0,3657338554
22213,0,219193198
22214,0,3243725328
22215,0,1237169370
22216,0,469230185
22217,0,283936564
22218,0,2168627473
22219,0,2038275969
22220,0,2604040743
22221,0,624604254
22222,0,93912390
22223,0,1547058078
22224,0,4092817852
22225,0,626218142
22226,0,3084311742
22227,0,3831789918
22228,0,46011353
22229,0,3631162587
22230,0,2726235777
22231,0,911140246
22232,0,3044429288
22233,0,3852796461
22234,0,4193295229
22235,0,3111553138
22236,0,1734833550
22237,0,3003702725
22238,0,3199539773
22239,0,2745445444
22240,0,3820705042
22241,0,2855494238
22242,0,157347106
22243,0,2354073408
22244,0,851033628
22245,0,2856167553
22246,0,4204619255
22247,0,2455138854
22248,0,3728808399
22249,0,1382574355
22250,0,3054432374
22251,0,1744865974
22252,0,1402516925
22253,0,3771322986
22254,0,2317031976
22255,0,3264462439
22256,0,515874248
22257,0,1306231339
22258,0,2386649188
22259,0,3959134466
22260,0,2208905359
22261,0,866767027
22262,0,1044986348
22263,0,937566102
22264,0,4128003678
22265,0,3828527005
22266,0,2313926877
22267,0,553423621
22268,0,3775996715
22269,0,1810895793
22270,0,1497819442
22271,0,142445378
22272,0,1547300442
22273,0,1604405955
22274,0,2849711711
22275,0,1862580791
22276,0,4026983638
22277,0,3206177176
22278,0,2517244300
22279,0,1917161777
22280,0,3424252160
22281,0,3037236124
22282,0,722496897
22283,0,4071326961
22284,0,3297335435
22285,0,479307687
22286,0,617554229
22287,0,3721775457
22288,0,4223842493
22289,0,914134071
22290,0,1002368778
22291,0,765745285
22292,0,1881264191
22293,0,249868460
22294,0,2262754900
22295,0,412950686
22296,0,760833529
22297,0,1026483274
22298,0,3579660217
22299,0,3370218732
22300,0,703364498
22301,0,1838397725
22302,0,1286773989
22303,0,4209532210
22304,0,3632453429
22305,0,3470980839
22306,0,2549449208
22307,0,3734557117
22308,0,1364029098
22309,0,1871858726
22310,0,3838147213
22311,0,957028263
22312,0,604279128
22313,0,1943438255
22314,0,3620044222
22315,0,1981985127
22316,0,566652256
22317,0,1630106101
22318,0,2917743038
22319,0,3507037937
22320,0,1329135450
22321,0,1252094291
22322,0,4126097878
22323,0,2808375484
22324,0,1678527781
22325,0,1488709073
22326,0,2755341809
22327,0,4045982547
22328,0,3759747378
22329,0,31283085
22330,0,3468222843
22331,0,2154491440
22332,0,1748802598
22333,0,2361138874
22334,0,3791681775
22335,0,1319117377
22336,0,1272262607
22337,0,733717497
22338,0,2807115643
22339,0,3581921956
22340,0,2839595665
22341,0,2990858648
22342,0,3767083715
22343,0,1593128395
22344,0,4056486989
22345,0,3143327821
22346,0,1023924068
22347,0,982361777
22348,0,1159983644
22349,0,1466800684
22350,0,1629843256
22351,0,1417880185
22352,0,693066239
22353,0,2355871783
22354,0,2038700048
22355,0,2857029427
22356,0,2251688517
22357,0,2830087866
22358,0,2439244102
22359,0,1696641795
22360,0,459128515
22361,0,1010079905
22362,0,1262291217
22363,0,2851397598
22364,0,1945099769
22365,0,2185724913
22366,0,889898829
22367,0,3515442748
22368,0,1419611131
22369,0,1504819274
22370,0,3114347990
22371,0,527423675
22372,0,1801558631
22373,0,1569167441
22374,0,2133855735
22375,0,2941551792
22376,0,3348230513
22377,0,3460962414
22378,0,632571757
22379,0,107973089
22380,0,489265992
22381,0,3864068456
22382,0,166733974
22383,0,2428449287
22384,0,2835531384
22385,0,3363466590
22386,0,1072437622
22387,0,613574135
22388,0,1840942529
22389,0,3159673792
22390,0,2159539094
22391,0,2791608948
22392,0,2976580673
22393,0,3985300144
22394,0,1833744926
22395,0,3153060921
22396,0,2859734573
22397,0,1048964309
22398,0,3774785050
22399,0,3011673220
22400,0,899153122
22401,0,2339431687
22402,0,1842975503
22403,0,2830354099
22404,0,3705413281
22405,0,3188340101
22406,0,4024947416
22407,0,2720520390
22408,0,2128199545
22409,0,1877067682
22410,0,3047172392
22411,0,2687196202
22412,0,3194046045
22413,0,1140788232
22414,0,3988126679
22415,0,187262128
22416,0,3495008911
22417,0,2197908207
22418,0,1707566561
22419,0,2786798300
22420,0,2874778876
22421,0,1728776447
22422,0,3297350997
22423,0,843744964
22424,0,819250733
22425,0,2855761541
22426,0,3625544246
22427,0,1587921849
22428,0,1015057104
22429,0,2525567901
22430,0,178703712
22431,0,2992519237
22432,0,3749904174
22433,0,2357763261
22434,0,2096174450
22435,0,2511352317
22436,0,3799310202
22437,0,1257231703
22438,0,3102262229
22439,0,3000254492
22440,0,1613525911
22441,0,629306296
22442,0,358452738
22443,0,925767116
22444,0,1198133223
22445,0,3561716012
22446,0,3602528251
22447,0,2565268729
22448,0,3410312805
22449,0,4257000449
22450,0,1873525759
22451,0,39757109
22452,0,167094121
22453,0,503571781
22454,0,935720464
22455,0,2851201267
22456,0,672565892
22457,0,3515396807
22458,0,1037440207
22459,0,381609576
22460,0,2214848881
22461,0,3701147911
22462,0,181226650
22463,0,3365272469
22464,0,3197931588
22465,0,3189032910
22466,0,4216292280
22467,0,1814577828
22468,0,3957515226
22469,0,1151793878
22470,0,3832713768
22471,0,1892609875
22472,0,163570145
22473,0,1173675808
22474,0,470201640
22475,0,2665078617
22476,0,57087424
22477,0,3660824783
22478,0,3882109594
22479,0,2832240033
22480,0,2516243315
22481,0,1024344985
22482,0,1524514247
22483,0,833945076
22484,0,1867478225
22485,0,3145175899
22486,0,1787178357
22487,0,1244890817
22488,0,1738329396
22489,0,964458249
22490,0,1144820775
22491,0,29093915
22492,0,2293061415
22493,0,1803380323
22494,0,832426715
22495,0,4078440504
22496,0,3539107415
22497,0,975358379
22498,0,31759392
22499,0,3732567824
22500,0,2208290012
22501,0,1502176158
22502,0,3400119555
22503,0,2101136359
22504,0,1816879399
22505,0,228565776
22506,0,3326485038
22507,0,1115653839
22508,0,3865168924
22509,0,598105677
22510,0,3852387642
22511,0,2584407910
22512,0,992992821
22513,0,3721057889
22514,0,1741687202
22515,0,3127582928
22516,0,274248424
22517,0,3333655722
22518,0,1408528409
22519,0,1662050978
22520,0,2547465472
22521,0,2123866715
22522,0,3511443861
22523,0,4070771306
22524,0,3996020797
22525,0,621921545
22526,0,2880279025
22527,0,736369208
22528,0,39195405
22529,0,3335369174
22530,0,1847491597
22531,0,2456687746
22532,0,1328669533
22533,0,404038896
22534,0,769928213
22535,0,2763906278
22536,0,4211310006
22537,0,34277996
22538,0,194101807
22539,0,1230193509
22540,0,113347770
22541,0,3716953393
22542,0,1047342116
22543,0,3872775120
22544,0,3897644519
22545,0,2673297073
22546,0,2276127569
22547,0,3788982673
22548,0,340316547
22549,0,3245236575
22550,0,2784327773
22551,0,1428519266
22552,0,3139553446
22553,0,3298590268
22554,0,539011505
22555,0,2546267258
22556,0,540912447
22557,0,1041904594
22558,0,1953084322
22559,0,27756332
22560,0,3641544237
22561,0,1909150569
22562,0,1869195770
22563,0,277765873
22564,0,2974972025
22565,0,905563575
22566,0,2242533776
22567,0,497018204
22568,0,3350637830
22569,0,1356522925
22570,0,2173120730
22571,0,2484347284
22572,0,351508839
22573,0,2620791688
22574,0,3080827211
22575,0,2962923631
22576,0,1987147428
22577,0,1277068342
22578,0,261702970
22579,0,3237790213
22580,0,1328907579
22581,0,230802610
22582,0,2678349113
22583,0,2490208312
22584,0,3946504877
22585,0,1519139418
22586,0,1696957337
22587,0,2140139378
22588,0,3462145538
22589,0,420752076
22590,0,368146858
22591,0,1648410056
22592,0,3365892793
22593,0,4290804349
22594,0,3782993274
22595,0,659134864
22596,0,2601117197
22597,0,1590339785
22598,0,1906452768
22599,0,2755682051
22600,0,1538093747
22601,0,1251369358
22602,0,1381742973
22603,0,2348118823
22604,0,2543959055
22605,0,2753662975
22606,0,773490448
22607,0,2716841452
22608,0,3172062949
22609,0,2120979811
22610,0,2486801152
22611,0,1835124140
22612,0,4015622022
22613,0,713826834
22614,0,1997052885
22615,0,3929224300
22616,0,459322451
22617,0,2964358758
22618,0,2952715608
22619,0,4276685106
22620,0,640416885
22621,0,1829463111
22622,0,838014022
22623,0,1006912155
22624,0,1052274352
22625,0,1587582951
22626,0,3352717545
22627,0,1403190284
22628,0,2286696893
22629,0,3758644736
22630,0,2462930788
22631,0,1008248308
22632,0,1012925767
22633,0,2782371651
22634,0,2445631452
22635,0,2112264867
22636,0,2028409530
22637,0,3434341282
22638,0,2822276065
22639,0,2967144355
22640,0,3587111220
22641,0,1474819136
22642,0,2224799255
22643,0,2558382299
22644,0,1857199336
22645,0,2564803999
22646,0,1290778633
22647,0,3325459006
22648,0,658927174
22649,0,3142957857
22650,0,2315401753
22651,0,1701768089
22652,0,3148834167
22653,0,3073667095
22654,0,535239948
22655,0,1956284111
22656,0,1689426839
22657,0,3486281367
22658,0,30104728
22659,0,559243060
22660,0,3703625677
22661,0,18583281
22662,0,1752646899
22663,0,2646996071
22664,0,1248443811
22665,0,3328281325
22666,0,280395539
22667,0,903505817
22668,0,1543903917
22669,0,1965905284
22670,0,741012234
22671,0,993710031
22672,0,983616366
22673,0,1517177736
22674,0,4043260647
22675,0,215382134
22676,0,3099847386
22677,0,1988217558
22678,0,3032386139
22679,0,3679374465
22680,0,1493389358
22681,0,1406647309
22682,0,782207718
22683,0,665290215
22684,0,880460586
22685,0,4025028997
22686,0,1994603081
22687,0,619200796
22688,0,3048290393
22689,0,3320869252
22690,0,3016890596
22691,0,3910332643
22692,0,1456973796
22693,0,3880102097
22694,0,430677566
22695,0,669059592
22696,0,3533775448
22697,0,732003469
22698,0,2183859253
22699,0,2518049155
22700,0,518241936
22701,0,1325452040
22702,0,2589845304
22703,0,4058282181
22704,0,2707427547
22705,0,3424587174
22706,0,2563814675
22707,0,1075894122
22708,0,58391436
22709,0,3714180265
22710,0,3747757619
22711,0,2351324737
22712,0,3123047286
22713,0,3996005043
22714,0,661690223
22715,0,2251348353
22716,0,1024874273
22717,0,162764760
22718,0,308143612
22719,0,1923375917
22720,0,1111797370
22721,0,653996639
22722,0,1454289639
22723,0,2662351198
22724,0,1172473971
22725,0,2305860261
22726,0,967690967
22727,0,2652520236
22728,0,3859130803
22729,0,894428522
22730,0,4122669819
22731,0,3613206057
22732,0,10470213
22733,0,3860134142
22734,0,1483442971
22735,0,135728255
22736,0,3666579155
22737,0,3244741659
22738,0,1733461193
22739,0,3468450476
22740,0,4174836568
22741,0,4043432134
22742,0,1848741642
22743,0,2781674658
22744,0,1900843086
22745,0,2346785900
22746,0,2784346906
22747,0,2940680177
22748,0,2124371597
22749,0,496577002
22750,0,740999864
22751,0,4223854662
22752,0,2139430723
22753,0,1372536789
22754,0,1888312623
22755,0,3190999003
22756,0,1072907103
22757,0,2760481523
22758,0,1830916632
22759,0,3006597257
22760,0,1453331195
22761,0,3407104004
22762,0,9029838
22763,0,194155718
22764,0,2017816611
22765,0,510532451
22766,0,2101389730
22767,0,1726967448
22768,0,3971566534
22769,0,2113719782
22770,0,1817151238
22771,0,156115825
22772,0,1764547009
22773,0,2961480107
22774,0,1435297299
22775,0,3767710772
22776,0,1956219134
22777,0,4115344797
22778,0,2413853121
22779,0,2614832141
22780,0,889493280
22781,0,1543003856
22782,0,1416408801
22783,0,4155320601
22784,0,1091470820
22785,0,2818304669
22786,0,2410471145
22787,0,2588897009
22788,0,2243940889
22789,0,2154131719
22790,0,3874833029
22791,0,2585624375
22792,0,2324380810
22793,0,1314605799
22794,0,3354432996
22795,0,2093192962
22796,0,3394884211
22797,0,4075718008
22798,0,1785929560
22799,0,983263508
22800,0,2692848584
22801,0,3974272180
22802,0,1895643726
22803,0,556180244
22804,0,1573875574
22805,0,3021937574
22806,0,3122000499
22807,0,2401868702
22808,0,924496851
22809,0,1300008707
22810,0,1326229741
22811,0,2554190149
22812,0,1102606639
22813,0,3156961985
22814,0,4279725432
22815,0,1169481892
22816,0,3986785012
22817,0,1645407595
22818,0,3360539700
22819,0,1772418673
22820,0,440341828
22821,0,3932866799
22822,0,3717815252
22823,0,714585093
22824,0,1593326542
22825,0,1773876942
22826,0,3812417183
22827,0,1695506408
22828,0,1353779889
22829,0,1292196354
22830,0,786976032
22831,0,3469184582
22832,0,3739576801
22833,0,150434221
22834,0,1050082124
22835,0,3726540243
22836,0,623293729
22837,0,2212458720
22838,0,3584788001
22839,0,143746646
22840,0,2938977051
22841,0,25540796
22842,0,1692278101
22843,0,1240019727
22844,0,2660531627
22845,0,889434715
22846,0,710315039
22847,0,2172071765
22848,0,3055852447
22849,0,2411351988
22850,0,265895634
22851,0,678310067
22852,0,561829487
22853,0,3449560407
22854,0,2297271244
22855,0,1746263622
22856,0,2826142376
22857,0,3707451867
22858,0,3284173659
22859,0,2799360846
22860,0,1272960887
22861,0,2535232015
22862,0,2935186561
22863,0,2382861232
22864,0,4064550024
22865,0,1265739810
22866,0,2966369304
22867,0,2681207038
22868,0,2060524118
22869,0,1793402363
22870,0,85882902
22871,0,2307358232
22872,0,2932730490
22873,0,1675023579
22874,0,2431707101
22875,0,225131224
22876,0,741472192
22877,0,1274423844
22878,0,1492075229
22879,0,2787371623
22880,0,3062078928
22881,0,1644566220
22882,0,3139900099
22883,0,1989448188
22884,0,1908872841
22885,0,4057571138
22886,0,2215015706
22887,0,503781704
22888,0,1491246143
22889,0,1741309997
22890,0,4147123722
22891,0,1272230578
22892,0,1842418195
22893,0,3187273370
22894,0,2239184751
22895,0,835136098
22896,0,1173030087
22897,0,2332899774
22898,0,2875661251
22899,0,1274324556
22900,0,949253010
22901,0,1781232833
22902,0,2463729048
22903,0,4012917005
22904,0,86229541
22905,0,3515666006
22906,0,1082352853
22907,0,2938341881
22908,0,495196183
22909,0,1313889748
22910,0,4172618497
22911,0,561499019
22912,0,1861922071
22913,0,1347569627
22914,0,227301999
22915,0,1593759983
22916,0,965491166
22917,0,1749251621
22918,0,3598547366
22919,0,1350116674
22920,0,4009409130
22921,0,2403561617
22922,0,3413452569
22923,0,2639276690
22924,0,2554787059
22925,0,2647540863
22926,0,4251997503
22927,0,221123668
22928,0,993690438
22929,0,18656015
22930,0,467478289
22931,0,1490307406
22932,0,3997292464
22933,0,1111490699
22934,0,142177731
22935,0,4276212419
22936,0,1401144191
22937,0,1449846697
22938,0,1499962918
22939,0,4274152855
22940,0,4234889551
22941,0,1025416750
22942,0,901644579
22943,0,1188652590
22944,0,697235232
22945,0,440081973
22946,0,1179507627
22947,0,1512072151
22948,0,2635052986
22949,0,350259846
22950,0,3015263134
22951,0,3801284891
22952,0,3568576547
22953,0,1740406683
22954,0,3785497660
22955,0,3869010158
22956,0,464664814
22957,0,3377791385
22958,0,1168420970
22959,0,2795155070
22960,0,2583162196
22961,0,4025921594
22962,0,130839682
22963,0,2731701676
22964,0,1620570239
22965,0,1301526867
22966,0,1837188591
22967,0,3802949969
22968,0,2672405714
22969,0,4037316315
22970,0,1317278436
22971,0,1472619912
22972,0,4119998035
22973,0,3143293343
22974,0,3980426443
22975,0,3119831367
22976,0,396591134
22977,0,2477656590
22978,0,252939353
22979,0,2911564213
22980,0,2218337547
22981,0,3013262759
22982,0,1642846640
22983,0,1097289502
22984,0,3089084636
22985,0,2391206942
22986,0,866498076
22987,0,698933583
22988,0,2242013807
22989,0,3574738200
22990,0,2258488640
22991,0,3650062746
22992,0,1059546436
22993,0,2726173923
22994,0,1571540562
22995,0,2823950370
22996,0,2693956649
22997,0,4075575394
22998,0,1172616914
22999,0,3035461357
23000,0,1546364245
23001,0,950219701
23002,0,2221025087
23003,0,3492890845
23004,0,3698859336
23005,0,637478560
23006,0,3829629077
23007,0,511458589
23008,0,2720395186
23009,0,3852970811
23010,0,148416571
23011,0,2787581012
23012,0,4028264130
23013,0,93090883
23014,0,3951978977
23015,0,4042853816
23016,0,4169320191
23017,0,2884873457
23018,0,332503847
23019,0,907543773
23020,0,3874769948
23021,0,2173210439
23022,0,2623850903
23023,0,2945666236
23024,0,110188670
23025,0,2656000145
23026,0,3740599775
23027,0,3080029688
23028,0,3799665613
23029,0,3413407692
23030,0,4097274954
23031,0,1299782581
23032,0,2952665842
23033,0,4172151010
23034,0,2978151546
23035,0,800367868
23036,0,3729019977
23037,0,3446053839
23038,0,3723619520
23039,0,3982099060
23040,0,405654304
23041,0,2289756932
23042,0,1985622185
23043,0,967711054
23044,0,2859673005
23045,0,370850574
23046,0,1846554067
23047,0,518355142
23048,0,2386683704
23049,0,3866194699
23050,0,3391002467
23051,0,112040026
23052,0,24564649
23053,0,3144702760
23054,0,2998232930
23055,0,3581682062
23056,0,2029317160
23057,0,1262636176
23058,0,1490678520
23059,0,3059676891
23060,0,2016539065
23061,0,2262345210
23062,0,3734124009
23063,0,2646894142
23064,0,829847903
23065,0,903948369
23066,0,227214500
23067,0,3471439691
23068,0,4028433963
23069,0,1272022695
23070,0,464404357
23071,0,1468056810
23072,0,2896809956
23073,0,1073065102
23074,0,3336642108
23075,0,1106999631
23076,0,4102245094
23077,0,640107817
23078,0,516050792
23079,0,2999188255
23080,0,2041562159
23081,0,2758210554
23082,0,958943286
23083,0,1459600769
23084,0,2293656038
23085,0,4108054339
23086,0,2940907674
23087,0,3530033910
23088,0,3051540173
23089,0,1800930000
23090,0,189062513
23091,0,2377913732
23092,0,4003385922
23093,0,2919730441
23094,0,2876692890
23095,0,2029098680
23096,0,250660555
23097,0,3541833279
23098,0,1788871826
23099,0,746340587
23100,0,676276667
23101,0,1652412391
23102,0,2879981255
23103,0,3846556831
23104,0,3728447316
23105,0,922314428
23106,0,1609801419
23107,0,2843210526
23108,0,3046574612
23109,0,3462508478
23110,0,2304007381
23111,0,1527860210
23112,0,1065970277
23113,0,1249747943
23114,0,1042718727
23115,0,2933954452
23116,0,1046182461
23117,0,1921164499
23118,0,3842124863
23119,0,2956334045
23120,0,1006425499
23121,0,2293449404
23122,0,4235389710
23123,0,2205944679
23124,0,1074636687
23125,0,1803256785
23126,0,2067031153
23127,0,16632364
23128,0,2394605808
23129,0,590399330
23130,0,1078971148
23131,0,2632770811
23132,0,235084930
23133,0,3757974315
23134,0,1760727590
23135,0,1820303581
23136,0,2498613519
23137,0,4148751177
23138,0,2920707449
23139,0,2006303109
23140,0,990235831
23141,0,3506360894
23142,0,1570503458
23143,0,2097865213
23144,0,127892871
23145,0,3990018960
23146,0,1655740608
23147,0,1153213076
23148,0,3441890947
23149,0,3508227704
23150,0,2723565650
23151,0,1675144188
23152,0,2722432335
23153,0,1601200921
23154,0,830355600
23155,0,1004812134
23156,0,471700898
23157,0,2073680950
23158,0,1140374297
23159,0,3354237908
23160,0,3866301055
23161,0,61520961
23162,0,3497294928
23163,0,2687772239
23164,0,3142013457
23165,0,1907230963
23166,0,2796955083
23167,0,602008908
23168,0,159365180
23169,0,829466368
23170,0,2542144712
23171,0,2516311847
23172,0,771116328
23173,0,1848958753
23174,0,1337998569
23175,0,1140465703
23176,0,4163287256
23177,0,3364374406
23178,0,3479441658
23179,0,3793075879
23180,0,3991927975
23181,0,1561962202
23182,0,1368954203
23183,0,625560706
23184,0,2549634862
23185,0,1051127200
23186,0,2168527113
23187,0,4000149273
23188,0,843298078
23189,0,3639261870
23190,0,2019070801
23191,0,744640328
23192,0,3571764269
23193,0,3779598653
23194,0,2945894730
23195,0,2705977525
23196,0,1958542426
23197,0,2379149793
23198,0,766376728
23199,0,3407412639
23200,0,1103466122
23201,0,4068632192
23202,0,1947536521
23203,0,1695321899
23204,0,1775976127
23205,0,3482840729
23206,0,2061377755
23207,0,1718020249
23208,0,3586601283
23209,0,1309040180
23210,0,1037239892
23211,0,4264342488
23212,0,1655142803
23213,0,1061074041
23214,0,3750622337
23215,0,1117873647
23216,0,2911563457
23217,0,4194593768
23218,0,2555599572
23219,0,2453522768
23220,0,1240221627
23221,0,3799228918
23222,0,1609068752
23223,0,1874418953
23224,0,3339960229
23225,0,2886712598
23226,0,772229312
23227,0,620380847
23228,0,4183624696
23229,0,1550244553
23230,0,1623757718
23231,0,636957611
23232,0,3132868374
23233,0,2306187642
23234,0,2516911415
23235,0,3806081702
23236,0,4119911586
23237,0,781819808
23238,0,2967450582
23239,0,2450472964
23240,0,1005608291
23241,0,1004047597
23242,0,1658978351
23243,0,2115623644
23244,0,3977082845
23245,0,1026044646
23246,0,1441334492
23247,0,3676664517
23248,0,3670075163
23249,0,39806282
23250,0,809243665
23251,0,3849569422
23252,0,564856223
23253,0,1644193651
23254,0,3005755524
23255,0,304458008
23256,0,1205447163
23257,0,775479688
23258,0,1932978444
23259,0,1827733223
23260,0,380160337
23261,0,4292820112
23262,0,300623478
23263,0,3516809316
23264,0,734746893
23265,0,1571944056
23266,0,212221735
23267,0,2736122438
23268,0,3589900392
23269,0,2053879890
23270,0,2707301026
23271,0,3292550343
23272,0,365078219
23273,0,1650929286
23274,0,1900152573
23275,0,36337747
23276,0,3911706275
23277,0,2877425434
23278,0,2269603818
23279,0,486036695
23280,0,3660923686
23281,0,946273230
23282,0,83247201
23283,0,1404749212
23284,0,1780564760
23285,0,168699161
23286,0,453061551
23287,0,4042147381
23288,0,1027063297
23289,0,2483590202
23290,0,1467840733
23291,0,4105320750
23292,0,3244538949
23293,0,1803788592
23294,0,3943723682
23295,0,1305231360
23296,0,3337861424
23297,0,2338970266
23298,0,3076690535
23299,0,1089347312
23300,0,3845894760
23301,0,4255744435
23302,0,2121230588
23303,0,4251224516
23304,0,3889939114
23305,0,1851220173
23306,0,3416177834
23307,0,2641733455
23308,0,437658529
23309,0,305135248
23310,0,1380746670
23311,0,2648555154
23312,0,1811061045
23313,0,575704767
23314,0,1130993916
23315,0,2125608999
23316,0,258890620
23317,0,1144428284
23318,0,1271065736
23319,0,3694072705
23320,0,4122655086
23321,0,4034014341
23322,0,163059956
23323,0,1584736583
23324,0,2431330761
23325,0,1335629600
23326,0,1651917340
23327,0,3968300998
23328,0,1300851161
23329,0,1996310912
23330,0,644475558
23331,0,2090451000
23332,0,3611470999
23333,0,3637621279
23334,0,1020694422
23335,0,1235425668
23336,0,2028082541
23337,0,1941610762
23338,0,3571821095
23339,0,1435378711
23340,0,2963087025
23341,0,2049824148
23342,0,3547958971
23343,0,3078447724
23344,0,2100105588
23345,0,1065099349
23346,0,3584909358
23347,0,1287324602
23348,0,3041324636
23349,0,2032539994
23350,0,4222455772
23351,0,9663511
23352,0,2888155391
23353,0,2474604194
23354,0,3368683159
23355,0,2332881403
23356,0,3007379234
23357,0,423157744
23358,0,1511853299
23359,0,2346792818
23360,0,3390613093
23361,0,72960239
23362,0,2245228525
23363,0,2398809402
23364,0,3102037524
23365,0,1457274855
23366,0,4113979799
23367,0,4270879797
23368,0,4072877054
23369,0,1613276192
23370,0,3779023030
23371,0,1847275874
23372,0,249158233
23373,0,2278486672
23374,0,1778849182
23375,0,2653333828
23376,0,718247075
23377,0,3542649166
23378,0,2183405966
23379,0,3299455492
23380,0,2948605296
23381,0,3332401191
23382,0,3208205141
23383,0,1059358332
23384,0,1384210601
23385,0,2887484291
23386,0,1360673654
23387,0,3639278028
23388,0,2108980869
23389,0,3203420503
23390,0,797412474
23391,0,521981118
23392,0,1474474139
23393,0,1070324739
23394,0,3443022566
23395,0,184271700
23396,0,549337500
23397,0,372539674
23398,0,1156038705
23399,0,550925921
23400,0,761138412
23401,0,1958521645
23402,0,3673555937
23403,0,1271921188
23404,0,636431425
23405,0,3431653938
23406,0,2303828180
23407,0,337948753
23408,0,3354720646
23409,0,1078372708
23410,0,942021105
23411,0,2551237597
23412,0,2886616680
23413,0,4239258921
23414,0,51802509
23415,0,1775326430
23416,0,706484763
23417,0,2193291316
23418,0,1782500266
23419,0,3660682223
23420,0,3788308201
23421,0,3157122497
23422,0,4113186667
23423,0,3928475400
23424,0,2147984750
23425,0,3789666395
23426,0,196925166
23427,0,3175781790
23428,0,282947106
23429,0,506946926
23430,0,2713802819
23431,0,3555121607
23432,0,320440488
23433,0,1671408750
23434,0,1414974343
23435,0,703319956
23436,0,1396020376
23437,0,3581570347
23438,0,2201446852
23439,0,2952005283
23440,0,3408811859
23441,0,960676241
23442,0,1332409353
23443,0,747651964
23444,0,3137728867
23445,0,2686184727
23446,0,1788156587
23447,0,4056143659
23448,0,4026049976
23449,0,2461326335
23450,0,816634970
23451,0,3487494377
23452,0,699980040
23453,0,1637992644
23454,0,1335228312
23455,0,3719785035
23456,0,792482996
23457,0,284838465
23458,0,1878693272
23459,0,2490952892
23460,0,3020562731
23461,0,4123532988
23462,0,904090579
23463,0,2897911807
23464,0,400886781
23465,0,1707402928
23466,0,3678526745
23467,0,4239597672
23468,0,2406738647
23469,0,3070692259
23470,0,2551927770
23471,0,3194828714
23472,0,194447142
23473,0,2231755135
23474,0,476684458
23475,0,669148692
23476,0,255501060
23477,0,807132041
23478,0,640752060
23479,0,2782264543
23480,0,1401695992
23481,0,473694193
23482,0,460860531
23483,0,3225297416
23484,0,2342201047
23485,0,125280151
23486,0,1680195445
23487,0,2862982288
23488,0,1489338245
23489,0,293677055
23490,0,2594534720
23491,0,3047196550
23492,0,257077486
23493,0,1889850729
23494,0,2872675789
23495,0,3398201645
23496,0,3516374105
23497,0,1636370359
23498,0,1854350856
23499,0,3263825483
23500,0,3391605290
23501,0,1597038843
23502,0,651922668
23503,0,3213020847
23504,0,750578948
23505,0,2459600074
23506,0,2188844203
23507,0,1571538714
23508,0,2354717310
23509,0,3399829748
23510,0,348445705
23511,0,1743965899
23512,0,4217211422
23513,0,164859185
23514,0,1992798315
23515,0,2576912846
23516,0,4286814174
23517,0,578436386
23518,0,3726095981
23519,0,865747456
23520,0,9798221
23521,0,2874359363
23522,0,1610365390
23523,0,3229032492
23524,0,2854547637
23525,0,2994413356
23526,0,3795848067
23527,0,2234734971
23528,0,764772565
23529,0,744664146
23530,0,1156760678
23531,0,2478784889
23532,0,161204881
23533,0,1777568853
23534,0,391982409
23535,0,3967734355
23536,0,4037116009
23537,0,3577006047
23538,0,4096730680
23539,0,233695180
23540,0,2475939718
23541,0,3306096087
23542,0,2466977453
23543,0,3389457922
23544,0,1915567937
23545,0,1835778499
23546,0,3206989354
23547,0,2610237115
23548,0,1913389274
23549,0,2968519665
23550,0,2705395062
23551,0,2636000545
23552,0,389771641
23553,0,1536807827
23554,0,1553723302
23555,0,210296113
23556,0,4075823718
23557,0,556777016
23558,0,200441036
23559,0,3373269465
23560,0,3963874508
23561,0,2862522369
23562,0,2907264654
23563,0,1954708738
23564,0,1600533235
23565,0,3191591823
23566,0,1291871466
23567,0,1916633252
23568,0,2265274288
23569,0,2476435561
23570,0,743494498
23571,0,4054681596
23572,0,1796656629
23573,0,3886981249
23574,0,1148039838
23575,0,3053419425
23576,0,199600740
23577,0,1804063536
23578,0,2916279232
23579,0,3304716725
23580,0,2183900690
23581,0,182135078
23582,0,2416182777
23583,0,132028708
23584,0,1270093945
23585,0,3755006116
23586,0,1547919878
23587,0,812972775
23588,0,1243734803
23589,0,3191127666
23590,0,380091247
23591,0,3633273546
23592,0,1226204929
23593,0,993442490
23594,0,1615863242
23595,0,516221950
23596,0,4107677251
23597,0,315920204
23598,0,3834942610
23599,0,3067813297
23600,0,2026354663
23601,0,1230573498
23602,0,2103510605
23603,0,3904478137
23604,0,2719227294
23605,0,358507757
23606,0,3786844556
23607,0,2757839407
23608,0,700021533
23609,0,3716273776
23610,0,247144247
23611,0,3336895161
23612,0,1875720800
23613,0,3635059232
23614,0,4130678071
23615,0,15623102
23616,0,1218054859
23617,0,833530730
23618,0,2091956331
23619,0,469785365
23620,0,4215071780
23621,0,2427627768
23622,0,1880395758
23623,0,3704544346
23624,0,4025901304
23625,0,1590120588
23626,0,772265479
23627,0,1278005476
23628,0,272057468
23629,0,4021271584
23630,0,492680853
23631,0,3664193810
23632,0,3622543536
23633,0,3695433870
23634,0,1293627335
23635,0,882421110
23636,0,133808205
23637,0,3254749461
23638,0,729488923
23639,0,1605571239
23640,0,2165991124
23641,0,1976600244
23642,0,3317740247
23643,0,2698860634
23644,0,1897245585
23645,0,1218108898
23646,0,2012486225
23647,0,1668694478
23648,0,3266664777
23649,0,1511390567
23650,0,1385470171
23651,0,4034698140
23652,0,48916859
23653,0,3076586937
23654,0,2988880786
23655,0,4006409912
23656,0,1935808533
23657,0,1014277253
23658,0,3027127831
23659,0,3359541473
23660,0,1031154288
23661,0,4281506796
23662,0,631698603
23663,0,2639187826
23664,0,3501525346
23665,0,1119306862
23666,0,3982556947
23667,0,2732469266
23668,0,2362943548
23669,0,1137872468
23670,0,1360587864
23671,0,3739912241
23672,0,1920014119
23673,0,1110323917
23674,0,177065526
23675,0,3659638259
23676,0,1030350140
23677,0,939712187
23678,0,426009969
23679,0,747371796
23680,0,2124009035
23681,0,2906730883
23682,0,3847459675
23683,0,1882169383
23684,0,21709938
23685,0,1365451408
23686,0,2467707144
23687,0,3537203571
23688,0,3818835662
23689,0,1923444301
23690,0,855154331
23691,0,72757198
23692,0,4099828793
23693,0,49498741
23694,0,470166219
23695,0,4072401636
23696,0,1929547767
23697,0,2104733609
23698,0,408417962
23699,0,920287371
23700,0,1085254062
23701,0,115105539
23702,0,716393021
23703,0,1030599463
23704,0,3928736451
23705,0,3691943098
23706,0,3718491446
23707,0,2829197236
23708,0,2177477086
23709,0,716457799
23710,0,3921820489
23711,0,2076364700
23712,0,1679461892
23713,0,2392361417
23714,0,1805460793
23715,0,678835748
23716,0,954920669
23717,0,3273585893
23718,0,2915638948
23719,0,1302785258
23720,0,2538043927
23721,0,2024891573
23722,0,3503962726
23723,0,1698726925
23724,0,3454190413
23725,0,619583624
23726,0,403834263
23727,0,1287254311
23728,0,557327689
23729,0,2545149857
23730,0,2209477186
23731,0,46431102
23732,0,953436363
23733,0,2288219533
23734,0,1015446116
23735,0,2325410721
23736,0,1228505878
23737,0,1379174619
23738,0,2799608012
23739,0,707013711
23740,0,1511975097
23741,0,1715006621
23742,0,247814216
23743,0,474832750
23744,0,1025613109
23745,0,3730863286
23746,0,3459073389
23747,0,3063550861
23748,0,1771239160
23749,0,3740288670
23750,0,308173935
23751,0,3819552838
23752,0,2945245014
23753,0,3097930181
23754,0,3730431562
23755,0,1468890306
23756,0,4206713288
23757,0,1628065866
23758,0,1264827563
23759,0,2720962768
23760,0,1470146826
23761,0,314097930
23762,0,1504251014
23763,0,2131223514
23764,0,3974147812
23765,0,3736476986
23766,0,3208324594
23767,0,2871266864
23768,0,1990292321
23769,0,1096982503
23770,0,1095803816
23771,0,4053053050
23772,0,4011873975
23773,0,1529761228
23774,0,3227980903
23775,0,2140620626
23776,0,2027213164
23777,0,3185386000
23778,0,712701247
23779,0,4017669489
23780,0,218451418
23781,0,863350565
23782,0,1421394381
23783,0,3702109741
23784,0,2816475259
23785,0,1510556172
23786,0,995597864
23787,0,3670914625
23788,0,3971065891
23789,0,4009835481
23790,0,3342173028
23791,0,2625511880
23792,0,1353101451
23793,0,1346759120
23794,0,1116500623
23795,0,1466132673
23796,0,1964108412
23797,0,1134003251
23798,0,3508931291
23799,0,533806661
23800,0,992594793
23801,0,1255777067
23802,0,2837672661
23803,0,676305993
23804,0,2736579818
23805,0,3484868202
23806,0,2601066167
23807,0,2737568216
23808,0,1663299813
23809,0,3134492986
23810,0,915107107
23811,0,1053505076
23812,0,1505680498
23813,0,3291181098
23814,0,4024615581
23815,0,1100354021
23816,0,4143248944
23817,0,1852475145
23818,0,4026315212
23819,0,1097115886
23820,0,1532582034
23821,0,2033137239
23822,0,1666624773
23823,0,1748801982
23824,0,2591007579
23825,0,2929360761
23826,0,3486570403
23827,0,1908374289
23828,0,1165990815
23829,0,2005414841
23830,0,1310344070
23831,0,3409614547
23832,0,2784493123
23833,0,499767516
23834,0,4238032149
23835,0,4228104617
23836,0,48420338
23837,0,1405846108
23838,0,1401053212
23839,0,4022080604
23840,0,3418618407
23841,0,611273956
23842,0,1938221501
23843,0,2022883909
23844,0,999569192
23845,0,324819856
23846,0,2649548647
23847,0,553712391
23848,0,4066411223
23849,0,2776132234
23850,0,2902895966
23851,0,1829203976
23852,0,3821011179
23853,0,2558472613
23854,0,3074326144
23855,0,1696996375
23856,0,1915832293
23857,0,57973475
23858,0,2503928855
23859,0,1597579625
23860,0,429105283
23861,0,3724361218
23862,0,1033183388
23863,0,2841339839
23864,0,1882212425
23865,0,1578356341
23866,0,3698511611
23867,0,806381965
23868,0,2568697021
23869,0,236028955
23870,0,3972894994
23871,0,2198876869
23872,0,1332817060
23873,0,911647510
23874,0,2763412364
23875,0,3057350927
23876,0,4198778306
23877,0,763079484
23878,0,1537007986
23879,0,837457867
23880,0,23793154
23881,0,1975825591
23882,0,2299954910
23883,0,1616915768
23884,0,3710182587
23885,0,2009540642
23886,0,3399944483
23887,0,1542250658
23888,0,954247326
23889,0,2476520071
23890,0,3158727745
23891,0,2382803814
23892,0,1428272435
23893,0,326859504
23894,0,4170045602
23895,0,816747694
23896,0,2774504403
23897,0,3013529697
23898,0,1539985832
23899,0,773092279
23900,0,2889528134
23901,0,2954085263
23902,0,3291132030
23903,0,3598849260
23904,0,400818819
23905,0,1630601849
23906,0,1857968646
23907,0,438818777
23908,0,4216090967
23909,0,3652441956
23910,0,3368017835
23911,0,1511942094
23912,0,1243249437
23913,0,2856512897
23914,0,161773944
23915,0,1475116445
23916,0,3551102962
23917,0,2309062009
23918,0,1741668798
23919,0,1626441218
23920,0,1443638618
23921,0,2806486441
23922,0,3953227088
23923,0,1684663669
23924,0,1630229334
23925,0,1668499510
23926,0,1153707148
23927,0,3958130918
23928,0,1021807198
23929,0,2016001416
23930,0,3163280068
23931,0,481625101
23932,0,984332535
23933,0,4212833165
23934,0,553843384
23935,0,3035461586
23936,0,394349917
23937,0,4218731336
23938,0,4021036422
23939,0,143053064
23940,0,2253435707
23941,0,2529492768
23942,0,759139760
23943,0,1303747956
23944,0,1031220569
23945,0,3276818391
23946,0,3203564098
23947,0,971773695
23948,0,3712403366
23949,0,3019025055
23950,0,847642671
23951,0,2733683886
23952,0,952171804
23953,0,3406740237
23954,0,2441982586
23955,0,3751727867
23956,0,3187127163
23957,0,948314199
23958,0,1830517809
23959,0,1362555551
23960,0,1674571917
23961,0,639488546
23962,0,392322510
23963,0,3350054851
23964,0,2514916681
23965,0,2931641134
23966,0,4241068162
23967,0,368003630
23968,0,1777629979
23969,0,880435792
23970,0,2117834568
23971,0,2525017345
23972,0,2218424113
23973,0,2438625727
23974,0,332605353
23975,0,2481044346
23976,0,895192733
23977,0,3582564345
23978,0,162417666
23979,0,3320049333
23980,0,3197585231
23981,0,2578383472
23982,0,1170665088
23983,0,2596467691
23984,0,1396819764
23985,0,524889607
23986,0,1806940963
23987,0,2251127880
23988,0,489257946
23989,0,2014739603
23990,0,1192013169
23991,0,2264817696
23992,0,364048125
23993,0,1170224043
23994,0,890977361
23995,0,12031545
23996,0,3161009953
23997,0,2821013255
23998,0,4152280133
23999,0,3510109310
24000,0,4039341400
24001,0,1399814124
24002,0,264736133
24003,0,815596926
24004,0,2523079047
24005,0,3089411438
24006,0,2628128490
24007,0,4061620919
24008,0,4151388151
24009,0,2725931056
24010,0,16772686
24011,0,1543260789
24012,0,2229462700
24013,0,3738590295
24014,0,3200936409
24015,0,2379691009
24016,0,28513514
24017,0,115526365
24018,0,2828133665
24019,0,310667355
24020,0,1852290076
24021,0,2221634990
24022,0,2970015969
24023,0,692285548
24024,0,2928978603
24025,0,1140538923
24026,0,2750925492
24027,0,244161380
24028,0,30013204
24029,0,3662051489
24030,0,3206025992
24031,0,307297076
24032,0,2885273679
24033,0,3439085527
24034,0,3302375252
24035,0,1688954762
24036,0,52320071
24037,0,4146897980
24038,0,382314697
24039,0,1506000129
24040,0,3792882736
24041,0,3372658362
24042,0,2263743122
24043,0,239824877
24044,0,359217398
24045,0,2089539693
24046,0,4148760174
24047,0,101712044
24048,0,3333813870
24049,0,2004434962
24050,0,2954811983
24051,0,28767076
24052,0,614043049
24053,0,2964865247
24054,0,2900127054
24055,0,264373108
24056,0,3124244706
24057,0,950137072
24058,0,3510732367
24059,0,3498756075
24060,0,2257295824
24061,0,1133347336
24062,0,2320729646
24063,0,2823903173
24064,0,660345321
24065,0,156043385
24066,0,2685269848
24067,0,3258580299
24068,0,1334612963
24069,0,1675837051
24070,0,2175259085
24071,0,139971650
24072,0,3391185165
24073,0,639038381
24074,0,4094090268
24075,0,3744215070
24076,0,2094288297
24077,0,1497625657
24078,0,3747364027
24079,0,1101359902
24080,0,1948087005
24081,0,2458992702
24082,0,3897390037
24083,0,2160716046
24084,0,15108282
24085,0,4022708226
24086,0,41773408
24087,0,1165420488
24088,0,2826619631
24089,0,3586989564
24090,0,3089530469
24091,0,2327205776
24092,0,1221231090
24093,0,107838600
24094,0,2524522166
24095,0,3881321409
24096,0,186818161
24097,0,1165939431
24098,0,2070795190
24099,0,3799323739
24100,0,1597296804
24101,0,1629910196
24102,0,1503973100
24103,0,3478975696
24104,0,1763531347
24105,0,2294035576
24106,0,3361038145
24107,0,336895359
24108,0,1893526242
24109,0,1570461794
24110,0,3833030153
24111,0,511576082
24112,0,821613100
24113,0,2098571570
24114,0,3460442187
24115,0,3794448430
24116,0,835349785
24117,0,4047967885
24118,0,1631672198
24119,0,1032321438
24120,0,2487173188
24121,0,4207424959
24122,0,1938480000
24123,0,933441629
24124,0,1690282409
24125,0,2698177772
24126,0,1420647211
24127,0,113302831
24128,0,2527023572
24129,0,3893894982
24130,0,2514877822
24131,0,1661936443
24132,0,1785205103
24133,0,1627221229
24134,0,1635115517
24135,0,1947190360
24136,0,471122266
24137,0,63417317
24138,0,567633848
24139,0,694551561
24140,0,3574419386
24141,0,3820751143
24142,0,830723339
24143,0,795902938
24144,0,3731904447
24145,0,1149002364
24146,0,3460516549
24147,0,1147965512
24148,0,450532410
24149,0,1139012244
24150,0,2342315468
24151,0,4085818782
24152,0,5887587
24153,0,1746980361
24154,0,1306200537
24155,0,2967980681
24156,0,2137981970
24157,0,1649178468
24158,0,2024843188
24159,0,3833865079
24160,0,2108986178
24161,0,340275500
24162,0,1608170330
24163,0,512630594
24164,0,1906315217
24165,0,2065229948
24166,0,2767992215
24167,0,1805013680
24168,0,2579515472
24169,0,2307524245
24170,0,3795879193
24171,0,2929217896
24172,0,840263026
24173,0,1238773711
24174,0,165589720
24175,0,792624730
24176,0,4267477536
24177,0,2349795372
24178,0,3428674441
24179,0,1151539455
24180,0,3491860225
24181,0,3657049025
24182,0,768339200
24183,0,1561551765
24184,0,492486533
24185,0,535650512
24186,0,3440385099
24187,0,498760679
24188,0,168878596
24189,0,3697101996
24190,0,3436592968
24191,0,1826119735
24192,0,3986156172
24193,0,134889231
24194,0,2996103098
24195,0,3793068523
24196,0,2469770527
24197,0,2539568468
24198,0,1584904430
24199,0,2217715515
24200,0,1775703231
24201,0,3814101759
24202,0,270804251
24203,0,73851992
24204,0,3311177198
24205,0,3368916062
24206,0,847988445
24207,0,273266005
24208,0,4202939044
24209,0,3627514415
24210,0,3642930006
24211,0,1716431538
24212,0,3490632958
24213,0,1488136054
24214,0,3085095512
24215,0,1486697740
24216,0,967149650
24217,0,2640186533
24218,0,3315260096
24219,0,1183850881
24220,0,379861745
24221,0,2930774924
24222,0,888764524
24223,0,1701463894
24224,0,2643632982
24225,0,4143510250
24226,0,4229763512
24227,0,2607672077
24228,0,3884407147
24229,0,2582501630
24230,0,2092120423
24231,0,1751466408
24232,0,3394507136
24233,0,1155695602
24234,0,2265316924
24235,0,546187773
24236,0,1401855877
24237,0,2410776826
24238,0,1803313677
24239,0,9143283
24240,0,1850649257
24241,0,3630248868
24242,0,1017928046
24243,0,1203345262
24244,0,3755595076
24245,0,1263917180
24246,0,4213058161
24247,0,4099063417
24248,0,3492034903
24249,0,3067128016
24250,0,3667255189
24251,0,1301195750
24252,0,2260128895
24253,0,3675936259
24254,0,2861933358
24255,0,3237865110
24256,0,341565997
24257,0,1808839266
24258,0,3456457004
24259,0,3242040380
24260,0,637438273
24261,0,1846326890
24262,0,3773877066
24263,0,3399944006
24264,0,1672846913
24265,0,3754367391
24266,0,2724731717
24267,0,2166199141
24268,0,1565815165
24269,0,3154944192
24270,0,713174410
24271,0,2304252019
24272,0,3230766680
24273,0,3104244181
24274,0,2123113515
24275,0,3140361423
24276,0,1850724884
24277,0,363731538
24278,0,174200096
24279,0,1342183715
24280,0,934168209
24281,0,285162703
24282,0,464668924
24283,0,118609130
24284,0,2350763948
24285,0,2296577624
24286,0,840641612
24287,0,2780985125
24288,0,2415064182
24289,0,4277650888
24290,0,3482721039
24291,0,2450019316
24292,0,2527421999
24293,0,1987311871
24294,0,619681129
24295,0,504960840
24296,0,2733715248
24297,0,1710947291
24298,0,1790006779
24299,0,1103932028
24300,0,1156269981
24301,0,2936456113
24302,0,2573981993
24303,0,2879359438
24304,0,241891133
24305,0,1092784155
24306,0,1998506219
24307,0,1853620906
24308,0,722436734
24309,0,3007697950
24310,0,822349661
24311,0,2903577194
24312,0,1692314948
24313,0,2679687711
24314,0,1503020322
24315,0,3078355675
24316,0,3426690987
24317,0,830482958
24318,0,2902457774
24319,0,973641067
24320,0,675423284
24321,0,4099332246
24322,0,3351636404
24323,0,614059373
24324,0,3149405463
24325,0,3142484570
24326,0,196807896
24327,0,774308040
24328,0,166894903
24329,0,283005885
24330,0,2409251785
24331,0,998442808
24332,0,937524170
24333,0,194955078
24334,0,3183194461
24335,0,3114198581
24336,0,3461801913
24337,0,1184371657
24338,0,3636668057
24339,0,1041975985
24340,0,3202704375
24341,0,1105911290
24342,0,1357351632
24343,0,2517015502
24344,0,3935328081
24345,0,4013615852
24346,0,4269885503
24347,0,660520060
24348,0,3942237844
24349,0,2538528673
24350,0,3689014908
24351,0,49064075
24352,0,1749937621
24353,0,1796457198
24354,0,2056217193
24355,0,1317218312
24356,0,1539671273
24357,0,2151872997
24358,0,817429786
24359,0,3429824631
24360,0,2137139495
24361,0,1922847876
24362,0,4187601090
24363,0,515010498
24364,0,973785735
24365,0,135888490
24366,0,3713113472
24367,0,853325040
24368,0,740179185
24369,0,2609729297
24370,0,2139206374
24371,0,1920440072
24372,0,2454470435
24373,0,2695031575
24374,0,1171180311
24375,0,153144673
24376,0,17842631
24377,0,742133555
24378,0,379388446
24379,0,1829615441
24380,0,2803412706
24381,0,3931260800
24382,0,4141927665
24383,0,11399822
24384,0,1228142532
24385,0,3467044865
24386,0,1736375186
24387,0,3113227540
24388,0,3714832685
24389,0,1871407946
24390,0,1588030811
24391,0,3532050301
24392,0,1715745769
24393,0,3876920661
24394,0,3545005642
24395,0,3425112328
24396,0,4006004587
24397,0,4082906046
24398,0,3495095371
24399,0,916627046
24400,0,3366188785
24401,0,2043425839
24402,0,377281259
24403,0,689861403
24404,0,147944453
24405,0,3966313101
24406,0,3475256497
24407,0,2146712936
24408,0,4084296132
24409,0,393829088
24410,0,3096304306
24411,0,2024337599
24412,0,2975555552
24413,0,2386650323
24414,0,4189184638
24415,0,2050379937
24416,0,3026665136
24417,0,630454888
24418,0,17053671
24419,0,2028607355
24420,0,2057839961
24421,0,3194253656
24422,0,966936223
24423,0,1598184135
24424,0,2538383754
24425,0,1304493620
24426,0,315404759
24427,0,439641644
24428,0,1220806612
24429,0,3487734443
24430,0,172042992
24431,0,3438842527
24432,0,197698698
24433,0,4100231142
24434,0,3600275562
24435,0,2664127047
24436,0,1174130758
24437,0,3247634527
24438,0,1303623027
24439,0,1487198045
24440,0,2343426362
24441,0,567979679
24442,0,4113033211
24443,0,852025847
24444,0,4029990668
24445,0,1920671654
24446,0,544553793
24447,0,1689665839
24448,0,2011098210
24449,0,3759001643
24450,0,454768847
24451,0,4234034958
24452,0,1279506673
24453,0,1357721279
24454,0,1382821986
24455,0,1482903570
24456,0,2118135138
24457,0,107364884
24458,0,179307974
24459,0,1259395202
24460,0,1343660226
24461,0,98237029
24462,0,140022510
24463,0,1521394284
24464,0,1385154237
24465,0,3781050801
24466,0,73848229
24467,0,76628812
24468,0,3017962288
24469,0,1292219314
24470,0,2499956587
24471,0,1091003036
24472,0,130167542
24473,0,1913034040
24474,0,3029952616
24475,0,2869997794
24476,0,479814372
24477,0,679127622
24478,0,3682127679
24479,0,2440462448
24480,0,1852619084
24481,0,3522033710
24482,0,3018449946
24483,0,1647744591
24484,0,2937776176
24485,0,2978920190
24486,0,2373578646
24487,0,2716175795
24488,0,439310042
24489,0,4000955040
24490,0,4237758710
24491,0,3484559858
24492,0,3674847796
24493,0,1705430643
24494,0,829880487
24495,0,573545814
24496,0,3777201940
24497,0,2850599284
24498,0,1191951479
24499,0,539869845
24500,0,2543516650
24501,0,3558616249
24502,0,1626319868
24503,0,664553396
24504,0,1111003169
24505,0,1471127519
24506,0,785486677
24507,0,2346490888
24508,0,334468326
24509,0,3474436031
24510,0,1726614319
24511,0,3597723112
24512,0,3835919660
24513,0,3956387151
24514,0,293366803
24515,0,53874668
24516,0,2612412329
24517,0,3559194760
24518,0,4071844050
24519,0,1787135942
24520,0,2513991160
24521,0,4152373547
24522,0,3305117401
24523,0,1018295220
24524,0,1512646711
24525,0,2597389216
24526,0,3993927858
24527,0,4244842622
24528,0,2576886648
24529,0,35374435
24530,0,742694712
24531,0,1272700361
24532,0,1010719480
24533,0,457508936
24534,0,4089903278
24535,0,3065443879
24536,0,1714840030
24537,0,3954405336
24538,0,1330492284
24539,0,3714822733
24540,0,3479878748
24541,0,2228188588
24542,0,623039153
24543,0,2448256107
24544,0,2959235387
24545,0,2481838009
24546,0,172393908
24547,0,2231202124
24548,0,1883791590
24549,0,4140255052
24550,0,3690447675
24551,0,1367796883
24552,0,244160953
24553,0,182848484
24554,0,3100060425
24555,0,3915554458
24556,0,3967941506
24557,0,2915802426
24558,0,335213452
24559,0,4242668649
24560,0,2935686719
24561,0,162309377
24562,0,1016445799
24563,0,4107980283
24564,0,31101545
24565,0,560263138
24566,0,797361262
24567,0,375685771
24568,0,1082233777
24569,0,738644874
24570,0,948633233
24571,0,2353351325
24572,0,2278161110
24573,0,2868884863
24574,0,3596554679
24575,0,3109329891
24576,0,2341883195
24577,0,68192323
24578,0,3053763375
24579,0,222836863
24580,0,1119647452
24581,0,1083542799
24582,0,3619071797
24583,0,1766905149
24584,0,220124166
24585,0,609322729
24586,0,2233022799
24587,0,3827401399
24588,0,1519786252
24589,0,2941087543
24590,0,1473921570
24591,0,3965694029
24592,0,1351987622
24593,0,847338550
24594,0,972391957
24595,0,2950378318
24596,0,4292896119
24597,0,2593220304
24598,0,2133623637
24599,0,126667318
24600,0,1199763251
24601,0,1458881057
24602,0,413149785
24603,0,2693501228
24604,0,2271311643
24605,0,2580166810
24606,0,100395318
24607,0,1669316184
24608,0,36336706
24609,0,3638579315
24610,0,2401597828
24611,0,581490766
24612,0,226596702
24613,0,3525531019
24614,0,2866762114
24615,0,1560874837
24616,0,3767645604
24617,0,311330934
24618,0,3011846006
24619,0,487669539
24620,0,1683818873
24621,0,1799041984
24622,0,2770704705
24623,0,3619420839
24624,0,3037107408
24625,0,2483569886
24626,0,250255479
24627,0,3782116901
24628,0,82698480
24629,0,2793680297
24630,0,1158846993
24631,0,3695613465
24632,0,3727923771
24633,0,65092769
24634,0,2866077179
24635,0,471796878
24636,0,1280899945
24637,0,898346131
24638,0,1126465407
24639,0,1437915738
24640,0,2593526974
24641,0,1480519550
24642,0,1073536854
24643,0,652207869
24644,0,2584040541
24645,0,559116122
24646,0,3686345158
24647,0,783500870
24648,0,2299464219
24649,0,1640470941
24650,0,3430575111
24651,0,3198374842
24652,0,1314603984
24653,0,3792390336
24654,0,3916604521
24655,0,33851478
24656,0,4073602033
24657,0,2209358857
24658,0,1629074865
24659,0,2723705510
24660,0,764440736
24661,0,1393052962
24662,0,254291700
24663,0,1411635823
24664,0,3266025176
24665,0,3194557152
24666,0,446612410
24667,0,2681584398
24668,0,1043957204
24669,0,3739439157
24670,0,676389543
24671,0,3028749317
24672,0,4126627398
24673,0,4174160633
24674,0,4276429488
24675,0,215151305
24676,0,66357772
24677,0,3290245526
24678,0,1154808097
24679,0,2783326201
24680,0,1665057109
24681,0,3650332479
24682,0,66461989
24683,0,1032764236
24684,0,3054406111
24685,0,2174620389
24686,0,999355268
24687,0,2582401012
24688,0,306853981
24689,0,4252495197
24690,0,458615635
24691,0,1640288716
24692,0,2220403314
24693,0,3015900633
24694,0,1665980229
24695,0,3441785207
24696,0,595502642
24697,0,11214894
24698,0,4050951513
24699,0,959318774
24700,0,4133908238
24701,0,1265757037
24702,0,3046276099
24703,0,3093184586
24704,0,3760595199
24705,0,2734919299
24706,0,2292415146
24707,0,423584625
24708,0,1601569529
24709,0,2047131853
24710,0,2713659811
24711,0,3588626214
24712,0,4149823559
24713,0,342436495
24714,0,371363955
24715,0,3249970885
24716,0,1604897202
24717,0,2504783197
24718,0,2548315405
24719,0,972433487
24720,0,1661562928
24721,0,3974463575
24722,0,3238431264
24723,0,403882529
24724,0,1250853706
24725,0,3323349273
24726,0,3919101667
24727,0,919640545
24728,0,2558118391
24729,0,2309510100
24730,0,4185970077
24731,0,2236843140
24732,0,1303163589
24733,0,2776340703
24734,0,442658319
24735,0,2748784158
24736,0,1116421268
24737,0,2251058456
24738,0,2053272383
24739,0,3031740061
24740,0,226810862
24741,0,1238581970
24742,0,279662806
24743,0,746855502
24744,0,1321005768
24745,0,3428240890
24746,0,2832819918
24747,0,68975886
24748,0,4228047568
24749,0,2874076540
24750,0,2865469324
24751,0,3748989361
24752,0,3055666320
24753,0,1489238761
24754,0,3561483750
24755,0,379329147
24756,0,800400082
24757,0,4127966085
24758,0,1092596664
24759,0,1517676940
24760,0,264724462
24761,0,1667715987
24762,0,2881197113
24763,0,4272409671
24764,0,3804943824
24765,0,3059856616
24766,0,2674026070
24767,0,2796634050
24768,0,1212740441
24769,0,2455564616
24770,0,2194348338
24771,0,3695710532
24772,0,310325492
24773,0,2019070532
24774,0,672452300
24775,0,2289029994
24776,0,844621579
24777,0,409659984
24778,0,3778662592
24779,0,3205896016
24780,0,3262717038
24781,0,3747692052
24782,0,3973810917
24783,0,762044646
24784,0,2140537853
24785,0,1121353001
24786,0,588278160
24787,0,3933056673
24788,0,2827849437
24789,0,865234102
24790,0,3197560116
24791,0,607834540
24792,0,3219307467
24793,0,4226703174
24794,0,819359717
24795,0,1484562288
24796,0,3117264281
24797,0,2209349478
24798,0,4095945127
24799,0,3018302636
24800,0,2838685109
24801,0,1157878167
24802,0,3642028015
24803,0,3654065915
24804,0,141075890
24805,0,2265157757
24806,0,1418007963
24807,0,821550720
24808,0,2949699955
24809,0,723681932
24810,0,353687957
24811,0,1256320582
24812,0,2450239378
24813,0,415895982
24814,0,83912433
24815,0,840303070
24816,0,3080364488
24817,0,2547635001
24818,0,443160870
24819,0,1888503201
24820,0,2091872211
24821,0,3153963097
24822,0,3492244322
24823,0,2486013223
24824,0,2493940611
24825,0,3725524200
24826,0,871135233
24827,0,560777367
24828,0,3081822632
24829,0,3677567274
24830,0,1053999873
24831,0,2968050520
24832,0,2478485216
24833,0,180320179
24834,0,1835390839
24835,0,652266226
24836,0,3362533517
24837,0,2177581523
24838,0,3621515339
24839,0,2475315426
24840,0,3948542217
24841,0,1533990293
24842,0,3126499867
24843,0,3391642743
24844,0,4118628388
24845,0,3544524056
24846,0,2334507915
24847,0,1506016769
24848,0,3866782976
24849,0,3499959629
24850,0,4070790583
24851,0,2594885149
24852,0,2924018313
24853,0,2452210341
24854,0,3856385275
24855,0,903455097
24856,0,1059500482
24857,0,3402509549
24858,0,3844268996
24859,0,2451427913
24860,0,583543299
24861,0,3598934311
24862,0,3999027956
24863,0,3831430741
24864,0,1226584191
24865,0,761612598
24866,0,205171191
24867,0,2039008213
24868,0,2126065196
24869,0,887943634
24870,0,4027216793
24871,0,1901631493
24872,0,693709833
24873,0,2547599045
24874,0,1597411813
24875,0,742693728
24876,0,1513118324
24877,0,2124458923
24878,0,292173409
24879,0,2741079026
24880,0,3522157917
24881,0,1657366431
24882,0,2305732802
24883,0,2980917337
24884,0,3815074506
24885,0,2310911828
24886,0,3585226527
24887,0,4183967831
24888,0,3178691587
24889,0,1008927352
24890,0,3521750414
24891,0,1314583394
24892,0,383898713
24893,0,2704715756
24894,0,3987317929
24895,0,4272025303
24896,0,1068248266
24897,0,4237495248
24898,0,549577124
24899,0,2186843166
24900,0,2344129043
24901,0,2796380974
24902,0,1406955274
24903,0,429212308
24904,0,2301940887
24905,0,1734448580
24906,0,4009679400
24907,0,2193874517
24908,0,3626588401
24909,0,2513906730
24910,0,2048447587
24911,0,1912865033
24912,0,3062782843
24913,0,3250697451
24914,0,482953189
24915,0,2995405343
24916,0,2750558235
24917,0,1540718211
24918,0,1957295265
24919,0,226739807
24920,0,3695936411
24921,0,724436327
24922,0,2614133862
24923,0,3772528840
24924,0,2674159210
24925,0,1200472318
24926,0,232626647
24927,0,1644425764
24928,0,2494102759
24929,0,3988747997
24930,0,1878932111
24931,0,3177076184
24932,0,2336795498
24933,0,1519463288
24934,0,2151449703
24935,0,113109983
24936,0,3272380860
24937,0,1985748225
24938,0,1249163295
24939,0,1938940452
24940,0,3044932622
24941,0,1434130288
24942,0,3308559354
24943,0,2671110975
24944,0,1745967318
24945,0,578589491
24946,0,3008351486
24947,0,282401622
24948,0,3293565865
24949,0,4184308276
24950,0,3525301668
24951,0,1036222417
24952,0,353873773
24953,0,4290092304
24954,0,3470841979
24955,0,1746240268
24956,0,3606678006
24957,0,522221749
24958,0,384615790
24959,0,1181289358
24960,0,3148600456
24961,0,3865851573
24962,0,2012117992
24963,0,2868368257
24964,0,1081910146
24965,0,1436399876
24966,0,3038003994
24967,0,2475993473
24968,0,3526742195
24969,0,1817383138
24970,0,3349524325
24971,0,997195361
24972,0,1356085808
24973,0,634941145
24974,0,677904856
24975,0,573680593
24976,0,4265316084
24977,0,1934387654
24978,0,820906364
24979,0,3388981788
24980,0,104268418
24981,0,713099153
24982,0,1142388648
24983,0,4138105337
24984,0,179430293
24985,0,4004005492
24986,0,716184999
24987,0,161074565
24988,0,889702321
24989,0,1942071401
24990,0,2673461999
24991,0,1720403021
24992,0,3462302412
24993,0,4293373103
24994,0,1144748886
24995,0,1097101630
24996,0,658048383
24997,0,4115279924
24998,0,3671186386
24999,0,3570830311
25000,0,2967949170
25001,0,2016238902
25002,0,2733992595
25003,0,4215711040
25004,0,3526943831
25005,0,419300046
25006,0,3427958077
25007,0,4249224231
25008,0,2241700358
25009,0,175253480
25010,0,2674857295
25011,0,3307191852
25012,0,1772015457
25013,0,3190053976
25014,0,2152175471
25015,0,669223290
25016,0,2404426140
25017,0,4144949645
25018,0,1842663122
25019,0,1976594037
25020,0,2076228922
25021,0,3768494633
25022,0,2393475140
25023,0,1267442964
25024,0,1638252040
25025,0,452883066
25026,0,1117412450
25027,0,735380937
25028,0,3873468319
25029,0,2305603798
25030,0,3501754957
25031,0,4292353045
25032,0,1996653880
25033,0,3541519274
25034,0,1981859323
25035,0,3178087476
25036,0,3095633633
25037,0,2695148174
25038,0,3898103668
25039,0,3026346959
25040,0,4217636738
25041,0,152777544
25042,0,2167577297
25043,0,2675093317
25044,0,2581015304
25045,0,3933519667
25046,0,3486441146
25047,0,2536178294
25048,0,466780484
25049,0,884913049
25050,0,3144793375
25051,0,378631606
25052,0,1020435717
25053,0,2167627068
25054,0,3087115958
25055,0,372456317
25056,0,1523112371
25057,0,2116923596
25058,0,3468611094
25059,0,4177309864
25060,0,3017374812
25061,0,369425621
25062,0,3126664026
25063,0,1073524705
25064,0,3927672513
25065,0,3267272608
25066,0,941127589
25067,0,3950335667
25068,0,1975638562
25069,0,2654081376
25070,0,1607570063
25071,0,3716730287
25072,0,1133820305
25073,0,1081641858
25074,0,1880392646
25075,0,3991555568
25076,0,785900698
25077,0,2598206136
25078,0,2227597277
25079,0,1853915939
25080,0,2726254193
25081,0,1587222281
25082,0,3007254452
25083,0,201161936
25084,0,679670403
25085,0,2894566570
25086,0,2622328771
25087,0,2601179705
25088,0,2824562679
25089,0,1343836421
25090,0,1023430457
25091,0,2819218442
25092,0,3801246734
25093,0,1298959207
25094,0,1543547271
25095,0,1866321663
25096,0,178975822
25097,0,3493909951
25098,0,2484947012
25099,0,2679049998
25100,0,3079730441
25101,0,2399253425
25102,0,2542677578
25103,0,447720009
25104,0,322521850
25105,0,1990520553
25106,0,2219758069
25107,0,2424014701
25108,0,4066161638
25109,0,3760750390
25110,0,370660081
25111,0,1702436469
25112,0,2420390126
25113,0,4234648322
25114,0,4026289313
25115,0,2875436341
25116,0,107554999
25117,0,1283782664
25118,0,2738333834
25119,0,2466164921
25120,0,3655330669
25121,0,3002695604
25122,0,1022990163
25123,0,3429759770
25124,0,316592445
25125,0,3621502305
25126,0,2928567834
25127,0,737145020
25128,0,1794855488
25129,0,383324473
25130,0,2872787846
25131,0,2855773763
25132,0,2164444860
25133,0,3262216214
25134,0,1124735823
25135,0,203199678
25136,0,1340630171
25137,0,740262374
25138,0,1481036055
25139,0,3471471749
25140,0,2401764280
25141,0,1689765623
25142,0,289697955
25143,0,1968946795
25144,0,1347238688
25145,0,302077492
25146,0,540967095
25147,0,4113239235
25148,0,47707610
25149,0,1911928428
25150,0,540208112
25151,0,3570827158
25152,0,3622409587
25153,0,1303870928
25154,0,3819484694
25155,0,1479252163
25156,0,1296975386
25157,0,874897244
25158,0,1980567515
25159,0,691437600
25160,0,3748490137
25161,0,835723350
25162,0,2391125467
25163,0,1558501572
25164,0,947608698
25165,0,762480000
25166,0,3314931521
25167,0,2428819231
25168,0,1321300876
25169,0,1990768980
25170,0,1371749173
25171,0,3793063047
25172,0,590212581
25173,0,1286690573
25174,0,2890416261
25175,0,793700233
25176,0,2219340950
25177,0,3515141787
25178,0,1118231728
25179,0,3206714664
25180,0,1568382603
25181,0,4227322398
25182,0,926304836
25183,0,833100315
25184,0,1871122094
25185,0,1141094759
25186,0,1455906544
25187,0,507056124
25188,0,3340014591
25189,0,4160778250
25190,0,908601930
25191,0,1599016122
25192,0,1708812566
25193,0,938414122
25194,0,1756193087
25195,0,1440123962
25196,0,241192018
25197,0,4205574983
25198,0,1034448230
25199,0,814881252
25200,0,108701267
25201,0,78450283
25202,0,157788091
25203,0,1334286099
25204,0,298884481
25205,0,1316432529
25206,0,3482238819
25207,0,339261714
25208,0,1615195007
25209,0,2020006058
25210,0,3440044915
25211,0,2633804641
25212,0,998341257
25213,0,2396671169
25214,0,788783968
25215,0,1050054711
25216,0,2843303148
25217,0,3732352606
25218,0,1277330304
25219,0,2516793481
25220,0,3546177536
25221,0,4103313999
25222,0,2090667490
25223,0,2030390578
25224,0,3301951747
25225,0,2149140852
25226,0,2411995151
25227,0,1937602637
25228,0,1390573719
25229,0,2749520783
25230,0,4209653510
25231,0,1029671267
25232,0,1107452954
25233,0,3735373850
25234,0,2204125929
25235,0,3449344279
25236,0,552665994
25237,0,277363338
25238,0,3975634342
25239,0,4012924647
25240,0,2037735089
25241,0,2260855776
25242,0,3423302142
25243,0,3836279908
25244,0,2678341430
25245,0,270307831
25246,0,3328453670
25247,0,1073313558
25248,0,845958395
25249,0,3315421506
25250,0,2568091032
25251,0,1408659305
25252,0,1568345316
25253,0,2685780087
25254,0,461284154
25255,0,740889206
25256,0,3265101285
25257,0,3374089685
25258,0,1835477446
25259,0,2208960713
25260,0,4158214672
25261,0,1862051709
25262,0,3095147764
25263,0,3803700005
25264,0,599625292
25265,0,3707546038
25266,0,1887692595
25267,0,2161484065
25268,0,2864902265
25269,0,1836640767
25270,0,2023819868
25271,0,1690203017
25272,0,4079999790
25273,0,17432171
25274,0,3864305705
25275,0,946247969
25276,0,2199608448
25277,0,4193136741
25278,0,3283320084
25279,0,774162588
25280,0,4172033803
25281,0,3571663885
25282,0,808844732
25283,0,2143647197
25284,0,4272492834
25285,0,1294652388
25286,0,4254945711
25287,0,2730218779
25288,0,3674471415
25289,0,735342825
25290,0,485049261
25291,0,2802042243
25292,0,701137178
25293,0,1154891822
25294,0,380309159
25295,0,2558883352
25296,0,4270574171
25297,0,2145246939
25298,0,1155352536
25299,0,1759512747
25300,0,1465833073
25301,0,1065789337
25302,0,2244720195
25303,0,2474006402
25304,0,1765888865
25305,0,646384663
25306,0,666139957
25307,0,2856562364
25308,0,756838326
25309,0,3182757795
25310,0,3043772771
25311,0,3024543523
25312,0,2616432306
25313,0,3448890912
25314,0,3689304010
25315,0,1375723109
25316,0,3965076732
25317,0,3186820504
25318,0,1967983672
25319,0,1300671997
25320,0,2668723649
25321,0,2777265973
25322,0,4270100162
25323,0,2227426540
25324,0,899371939
25325,0,2718734036
25326,0,706206047
25327,0,4139149793
25328,0,1254150308
25329,0,1247502606
25330,0,3912037459
25331,0,2205376384
25332,0,4175844321
25333,0,1641496364
25334,0,1080916629
25335,0,147459146
25336,0,1630434699
25337,0,1551305412
25338,0,416636467
25339,0,3514798330
25340,0,1333323786
25341,0,491366390
25342,0,525932173
25343,0,2359140713
25344,0,3591312410
25345,0,2768602588
25346,0,2726293347
25347,0,2917643754
25348,0,805425319
25349,0,1219723277
25350,0,787855060
25351,0,2646614691
25352,0,2870330185
25353,0,2095166487
25354,0,101537254
25355,0,982103166
25356,0,2361933277
25357,0,3842561252
25358,0,219238126
25359,0,3177123208
25360,0,3240778783
25361,0,3751202859
25362,0,3085299362
25363,0,1275387130
25364,0,618992087
25365,0,1563026872
25366,0,1380219799
25367,0,2078823564
25368,0,1581541936
25369,0,3007477137
25370,0,1140147785
25371,0,2361289015
25372,0,1921881755
25373,0,3414966324
25374,0,852942801
25375,0,3434996647
25376,0,1777222563
25377,0,2463375022
25378,0,825955310
25379,0,999928813
25380,0,2976298751
25381,0,2425733443
25382,0,1057691325
25383,0,3863974451
25384,0,2503409367
25385,0,392908673
25386,0,2918271308
25387,0,533327648
25388,0,1737636086
25389,0,823262896
25390,0,3594044339
25391,0,127292948
25392,0,1740810110
25393,0,1451402216
25394,0,1561063543
25395,0,1134903125
25396,0,1840399154
25397,0,2673224408
25398,0,464387102
25399,0,568569641
25400,0,3570532458
25401,0,255740581
25402,0,188464016
25403,0,4118360884
25404,0,2967768539
25405,0,178279412
25406,0,453288187
25407,0,1818978742
25408,0,4243037698
25409,0,3957124017
25410,0,2750737508
25411,0,4051048536
25412,0,2111647142
25413,0,3579425746
25414,0,2270415395
25415,0,1022193704
25416,0,3488551644
25417,0,2602828998
25418,0,1814424088
25419,0,4256618443
25420,0,3468372460
25421,0,3680074191
25422,0,2021432351
25423,0,2485007840
25424,0,115444369
25425,0,3250952264
25426,0,727221486
25427,0,1131313292
25428,0,59271379
25429,0,3704880346
25430,0,3394585278
25431,0,575980639
25432,0,3778043696
25433,0,2954060091
25434,0,1522109185
25435,0,283788109
25436,0,1224355468
25437,0,2824776505
25438,0,3658416389
25439,0,2144878162
25440,0,2052720955
25441,0,1423172645
25442,0,582832590
25443,0,2552128524
25444,0,3345352227
25445,0,4092517298
25446,0,998862910
25447,0,2757354969
25448,0,2226371752
25449,0,2550030939
25450,0,756080545
25451,0,3933765299
25452,0,1348722916
25453,0,2744233403
25454,0,1391874984
25455,0,2296439497
25456,0,59284021
25457,0,151549970
25458,0,3343735287
25459,0,3791812110
25460,0,884993423
25461,0,3905112072
25462,0,3112375753
25463,0,3161543380
25464,0,1398317537
25465,0,2884692019
25466,0,1747761736
25467,0,333281978
25468,0,768015135
25469,0,2785618925
25470,0,3991765175
25471,0,3801253642
25472,0,15189585
25473,0,4255044263
25474,0,3733850370
25475,0,3932593269
25476,0,82587809
25477,0,3723651709
25478,0,2265826883
25479,0,3346173313
25480,0,1318992608
25481,0,2978856481
25482,0,3480894885
25483,0,2434130306
25484,0,2308134160
25485,0,2232792456
25486,0,1194403610
25487,0,429426835
25488,0,433550870
25489,0,363626012
25490,0,3617183307
25491,0,1195957379
25492,0,3351957263
25493,0,1531405146
25494,0,1386438988
25495,0,4023729961
25496,0,1312251153
25497,0,389076155
25498,0,3109158760
25499,0,1361787638
25500,0,4173977676
25501,0,3150384172
25502,0,303464621
25503,0,2188080172
25504,0,1899940155
25505,0,2871417815
25506,0,1808659673
25507,0,2139189298
25508,0,1633945297
25509,0,3597965262
25510,0,3575891080
25511,0,467720305
25512,0,489814214
25513,0,1728844690
25514,0,1253704845
25515,0,1331663512
25516,0,479547358
25517,0,414480457
25518,0,1612669303
25519,0,168372879
25520,0,3292756291
25521,0,3322073654
25522,0,349167252
25523,0,213387866
25524,0,3013269699
25525,0,4175125698
25526,0,4213831939
25527,0,1161206759
25528,0,1594632322
25529,0,2577183756
25530,0,3971695554
25531,0,480998851
25532,0,813086090
25533,0,1043815369
25534,0,2089565358
25535,0,2552866146
25536,0,1020531057
25537,0,1639427980
25538,0,478859343
25539,0,2531357390
25540,0,2946841810
25541,0,265314669
25542,0,2084950771
25543,0,90304062
25544,0,744521677
25545,0,1352666657
25546,0,2112148723
25547,0,136457870
25548,0,4085958295
25549,0,3226866779
25550,0,1500763029
25551,0,1127030965
25552,0,4560424
25553,0,3801686632
25554,0,475816258
25555,0,2667136632
25556,0,1895149827
25557,0,476315465
25558,0,316096268
25559,0,1408137079
25560,0,1025238807
25561,0,2128468619
25562,0,1947718125
25563,0,1265428984
25564,0,472111345
25565,0,2156177039
25566,0,2667370501
25567,0,3128108443
25568,0,113603995
25569,0,2797499808
25570,0,1765963013
25571,0,3686406260
25572,0,2385400302
25573,0,3328560903
25574,0,2401699941
25575,0,2874700144
25576,0,196237995
25577,0,1543782872
25578,0,1406817063
25579,0,778649848
25580,0,3367910307
25581,0,4135703686
25582,0,1312760654
25583,0,3766516421
25584,0,348981257
25585,0,205664015
25586,0,2111737886
25587,0,1417542128
25588,0,2201093745
25589,0,3161765487
25590,0,2106664275
25591,0,2119585806
25592,0,1051627141
25593,0,11894394
25594,0,1077367079
25595,0,3899613678
25596,0,2382813991
25597,0,4179632982
25598,0,1410933651
25599,0,2097418086
25600,0,1563066915
25601,0,2696050196
25602,0,543204524
25603,0,2857559062
25604,0,752595134
25605,0,55043800
25606,0,202357718
25607,0,2513816556
25608,0,3114527416
25609,0,1516605570
25610,0,3871421368
25611,0,3598462851
25612,0,570470117
25613,0,3428758635
25614,0,1084815682
25615,0,2945599170
25616,0,235198855
25617,0,867831997
25618,0,1142719755
25619,0,1124886005
25620,0,971433900
25621,0,1198633349
25622,0,1499729285
25623,0,3259825167
25624,0,3832246217
25625,0,3151194880
25626,0,13831033
25627,0,1446997831
25628,0,3240986412
25629,0,1221576392
25630,0,2999273123
25631,0,1479827147
25632,0,2923933853
25633,0,1389603415
25634,0,3568462587
25635,0,2756020141
25636,0,2192937813
25637,0,725240954
25638,0,873634080
25639,0,2179202523
25640,0,893697047
25641,0,4194804724
25642,0,3244146120
25643,0,2859749882
25644,0,690698815
25645,0,2213764137
25646,0,3870755410
25647,0,4166286380
25648,0,2380873540
25649,0,3929842372
25650,0,3001525046
25651,0,2527678134
25652,0,1350955049
25653,0,1049905737
25654,0,1283130695
25655,0,3064829678
25656,0,2323303958
25657,0,2763300490
25658,0,3688718904
25659,0,2228315989
25660,0,2940861000
25661,0,2417425224
25662,0,2693022231
25663,0,806385908
25664,0,2214103856
25665,0,3242626463
25666,0,240769349
25667,0,2606570589
25668,0,570599158
25669,0,2908221080
25670,0,1075584410
25671,0,3058218477
25672,0,3193829239
25673,0,382857966
25674,0,956887976
25675,0,3368149718
25676,0,1743801339
25677,0,3211561788
25678,0,4016610073
25679,0,2104714908
25680,0,633153484
25681,0,2849508014
25682,0,3107865576
25683,0,1496060521
25684,0,3075122425
25685,0,2573948787
25686,0,2200737937
25687,0,401121614
25688,0,2079159662
25689,0,2103125518
25690,0,717730467
25691,0,1323573674
25692,0,2431753346
25693,0,3478137714
25694,0,2382349261
25695,0,3310188750
25696,0,549794148
25697,0,1540861968
25698,0,392772026
25699,0,999445301
25700,0,1332589103
25701,0,3694000603
25702,0,29598288
25703,0,3300559380
25704,0,720395752
25705,0,149218446
25706,0,450410548
25707,0,3055150523
25708,0,3749109100
25709,0,2679160609
25710,0,2194651755
25711,0,3319723498
25712,0,1997845307
25713,0,3473396674
25714,0,2593040093
25715,0,2230394647
25716,0,1164328798
25717,0,3543825688
25718,0,264198612
25719,0,1949358422
25720,0,2355099067
25721,0,805123375
25722,0,2722800099
25723,0,950133208
25724,0,2546372917
25725,0,4192365413
25726,0,626832738
25727,0,3454353370
25728,0,2855246661
25729,0,1906699046
25730,0,1424549254
25731,0,1129854186
25732,0,4251948808
25733,0,4267477295
25734,0,2152893683
25735,0,3898345141
25736,0,2044251376
25737,0,1754883763
25738,0,3450582548
25739,0,3594788768
25740,0,3820395128
25741,0,801751684
25742,0,3836764232
25743,0,4288386708
25744,0,610489904
25745,0,2584436002
25746,0,3292781397
25747,0,1510849761
25748,0,1605152521
25749,0,2213588943
25750,0,1462345131
25751,0,4144313157
25752,0,2094712211
25753,0,2843624263
25754,0,1136978508
25755,0,254649418
25756,0,3476261528
25757,0,1920622760
25758,0,4085288063
25759,0,2750198392
25760,0,2178334089
25761,0,2593219066
25762,0,1667313421
25763,0,2526356973
25764,0,2000356313
25765,0,4282722137
25766,0,778795854
25767,0,1632756271
25768,0,4287739909
25769,0,3669947885
25770,0,2221517420
25771,0,2510957886
25772,0,3518833208
25773,0,3401121893
25774,0,3155129055
25775,0,415483221
25776,0,1833171265
25777,0,1595006708
25778,0,4246929139
25779,0,4251270701
25780,0,246865117
25781,0,1888476971
25782,0,3862276446
25783,0,819354353
25784,0,2324226453
25785,0,1106990024
25786,0,1539999529
25787,0,1859908990
25788,0,519280068
25789,0,3845087169
25790,0,3560467946
25791,0,3912066088
25792,0,1519321657
25793,0,3821507837
25794,0,979351153
25795,0,1588590361
25796,0,2849792223
25797,0,2637551036
25798,0,3620375005
25799,0,1490828805
25800,0,1015202027
25801,0,4151166500
25802,0,3129303024
25803,0,1041350381
25804,0,810507115
25805,0,3211299258
25806,0,1705790517
25807,0,1769594400
25808,0,84089022
25809,0,2760482100
25810,0,1925546691
25811,0,2435707437
25812,0,3261134521
25813,0,1245750434
25814,0,2219684552
25815,0,1887556482
25816,0,348613050
25817,0,3355114754
25818,0,2466567375
25819,0,976957473
25820,0,3688430078
25821,0,1477192237
25822,0,1953854889
25823,0,2194088425
25824,0,3116130324
25825,0,2187436971
25826,0,1955040385
25827,0,669658954
25828,0,577279787
25829,0,556794573
25830,0,207617369
25831,0,2371891395
25832,0,3833248415
25833,0,3590939243
25834,0,2999686761
25835,0,3235650346
25836,0,882254902
25837,0,4060290046
25838,0,3203332928
25839,0,1365228515
25840,0,1649579698
25841,0,538775792
25842,0,3261689809
25843,0,502545176
25844,0,3363421235
25845,0,776780
25846,0,319724109
25847,0,3366721454
25848,0,23569090
25849,0,1389138941
25850,0,3604555556
25851,0,3045464442
25852,0,2743412718
25853,0,3898895890
25854,0,3513091297
25855,0,1590368189
25856,0,3777404922
25857,0,1776358486
25858,0,638963075
25859,0,1796843633
25860,0,2632140858
25861,0,1231694792
25862,0,2390136289
25863,0,3315198724
25864,0,3889952888
25865,0,2185377362
25866,0,1435145942
25867,0,3982162622
25868,0,4087420088
25869,0,4160354371
25870,0,3603856219
25871,0,755492521
25872,0,3951519296
25873,0,4003715335
25874,0,636291846
25875,0,356294976
25876,0,2743654538
25877,0,2879478790
25878,0,2216320726
25879,0,937418742
25880,0,1208894758
25881,0,2515692307
25882,0,3399257147
25883,0,946075510
25884,0,2536477232
25885,0,3361583108
25886,0,3053251178
25887,0,1049000050
25888,0,3229636214
25889,0,2207291761
25890,0,2271270126
25891,0,576067600
25892,0,3420028922
25893,0,1626337481
25894,0,1076193778
25895,0,1316008095
25896,0,1410132334
25897,0,3976786494
25898,0,2594584761
25899,0,3952605761
25900,0,2401621486
25901,0,2258234210
25902,0,3310036376
25903,0,2666977764
25904,0,4236581665
25905,0,2747502321
25906,0,2443524127
25907,0,3799952076
25908,0,3552647871
25909,0,3796294772
25910,0,12604048
25911,0,1490595065
25912,0,3853705498
25913,0,2343454610
25914,0,685302204
25915,0,2835350187
25916,0,2213803553
25917,0,1539489786
25918,0,2340603236
25919,0,3068899987
25920,0,917075157
25921,0,508084556
25922,0,3393785340
25923,0,2502555879
25924,0,3969708637
25925,0,674893302
25926,0,1494998964
25927,0,2135201410
25928,0,1593878856
25929,0,253233116
25930,0,4086531469
25931,0,3882805148
25932,0,1211248658
25933,0,3359544906
25934,0,1141685521
25935,0,2792385542
25936,0,3589260862
25937,0,2284455402
25938,0,3664975233
25939,0,2695779808
25940,0,677281225
25941,0,453175674
25942,0,2208090092
25943,0,2001207772
25944,0,2567239365
25945,0,4233556043
25946,0,1773120996
25947,0,511647309
25948,0,1265554006
25949,0,3048145476
25950,0,3910319703
25951,0,1708664411
25952,0,1132309650
25953,0,723348293
25954,0,1220839327
25955,0,3738598148
25956,0,661162047
25957,0,4219539976
25958,0,3788481512
25959,0,2749861649
25960,0,313869427
25961,0,4250162350
25962,0,2415150734
25963,0,3818202780
25964,0,2945852127
25965,0,309530649
25966,0,2121337857
25967,0,2714860761
25968,0,1191797884
25969,0,459073119
25970,0,1971320596
25971,0,4164643226
25972,0,872677598
25973,0,938262769
25974,0,1369724424
25975,0,3082964218
25976,0,905120084
25977,0,3488465976
25978,0,2587168301
25979,0,1172752757
25980,0,97305905
25981,0,809491204
25982,0,2696473547
25983,0,100364363
25984,0,589293351
25985,0,546730906
25986,0,843962856
25987,0,2808297296
25988,0,4037256468
25989,0,70092180
25990,0,661955771
25991,0,3482334218
25992,0,3945988290
25993,0,3997937591
25994,0,3961343817
25995,0,4219337683
25996,0,3304096720
25997,0,1171774261
25998,0,1754638797
25999,0,1746961531
26000,0,1834278316
26001,0,717618524
26002,0,950585995
26003,0,516879511
26004,0,3419595673
26005,0,1670414697
26006,0,68062807
26007,0,1833210389
26008,0,533725014
26009,0,3834423236
26010,0,2130174014
26011,0,3707521414
26012,0,3965243232
26013,0,1126302458
26014,0,1825909700
26015,0,4229180754
26016,0,1316249645
26017,0,2353365941
26018,0,3126102060
26019,0,1098034436
26020,0,2392246989
26021,0,2921817194
26022,0,401253087
26023,0,899482599
26024,0,701795319
26025,0,2917975010
26026,0,2273557610
26027,0,4057860557
26028,0,739346046
26029,0,2266450481
26030,0,2759523897
26031,0,2349457159
26032,0,1254488723
26033,0,1198254936
26034,0,2048802136
26035,0,186192834
26036,0,88713522
26037,0,1032966565
26038,0,4077599895
26039,0,128667067
26040,0,2912898069
26041,0,3349417339
26042,0,2271379902
26043,0,1039165588
26044,0,750578757
26045,0,2545323839
26046,0,2356727543
26047,0,560652452
26048,0,4054481500
26049,0,1658126508
26050,0,2598164556
26051,0,998132838
26052,0,2896975615
26053,0,3892780294
26054,0,2136785525
26055,0,89140860
26056,0,325740627
26057,0,2456079107
26058,0,1804697249
26059,0,3437948131
26060,0,3215871832
26061,0,3203136314
26062,0,4028081276
26063,0,2543640624
26064,0,2026265181
26065,0,3258568955
26066,0,4244591080
26067,0,3465087913
26068,0,276289207
26069,0,3196665607
26070,0,3025921491
26071,0,3571307971
26072,0,2731924689
26073,0,816971446
26074,0,3816823205
26075,0,4130207263
26076,0,1428717416
26077,0,40833866
26078,0,3770829417
26079,0,2557012846
26080,0,631788652
26081,0,3416112190
26082,0,4283565139
26083,0,1155484767
26084,0,130786389
26085,0,459703125
26086,0,2860817587
26087,0,458155898
26088,0,865685994
26089,0,757578296
26090,0,2524591624
26091,0,3352335605
26092,0,2089128978
26093,0,250728753
26094,0,2922020890
26095,0,991846094
26096,0,3896193805
26097,0,1157648416
26098,0,2945090530
26099,0,18956089
26100,0,4261906202
26101,0,3531394408
26102,0,837613696
26103,0,1902727230
26104,0,918097065
26105,0,4071145695
26106,0,3168396614
26107,0,2388511422
26108,0,3595056731
26109,0,3236232538
26110,0,3065892189
26111,0,3990564886
26112,0,21328102
26113,0,1147473418
26114,0,1361291224
26115,0,2664305588
26116,0,3417243880
26117,0,1576055569
26118,0,969174488
26119,0,999934727
26120,0,1574724891
26121,0,4271036708
26122,0,326595615
26123,0,1131001413
26124,0,3246702133
26125,0,2651101076
26126,0,2452892687
26127,0,3775741301
26128,0,2463398564
26129,0,2912844004
26130,0,853277957
26131,0,3792964792
26132,0,333746777
26133,0,3025249102
26134,0,2268875026
26135,0,3453996477
26136,0,3110504105
26137,0,1606540400
26138,0,3987874999
26139,0,2377553029
26140,0,3152378326
26141,0,2401879193
26142,0,1089296324
26143,0,2829187854
26144,0,1875799342
26145,0,4011097979
26146,0,2141114310
26147,0,1789772373
26148,0,2382786534
26149,0,1017859451
26150,0,4119132377
26151,0,962748246
26152,0,597451858
26153,0,1306003705
26154,0,3559316954
26155,0,4230928532
26156,0,3233098314
26157,0,3665251892
26158,0,1166748268
26159,0,940702703
26160,0,3941536633
26161,0,411488281
26162,0,2453125691
26163,0,3412981987
26164,0,4198889915
26165,0,3945126722
26166,0,1509679076
26167,0,1659802119
26168,0,2775277648
26169,0,3846281440
26170,0,501451278
26171,0,4176345023
26172,0,2237440754
26173,0,828351507
26174,0,2120841565
26175,0,2031931004
26176,0,4226911315
26177,0,2232067246
26178,0,3799941185
26179,0,2090964538
26180,0,2193149993
26181,0,2399810199
26182,0,3796791643
26183,0,2697325129
26184,0,2887013743
26185,0,4052574291
26186,0,3982687376
26187,0,3974371560
26188,0,2430389652
26189,0,614952259
26190,0,3907146052
26191,0,4221207553
26192,0,3359948812
26193,0,1491627502
26194,0,4293226436
26195,0,296034186
26196,0,4174697120
26197,0,849125344
26198,0,2373526864
26199,0,2478655129
26200,0,1453399790
26201,0,3672141392
26202,0,845856101
26203,0,3708018502
26204,0,2072169043
26205,0,2078268887
26206,0,2362097989
26207,0,1218670004
26208,0,2276071678
26209,0,1375923748
26210,0,4144714023
26211,0,953158064
26212,0,86293795
26213,0,3264354307
26214,0,3017089418
26215,0,3949536632
26216,0,923668987
26217,0,1393583875
26218,0,2717202331
26219,0,3888961304
26220,0,3637696623
26221,0,4163914112
26222,0,3506835712
26223,0,2011499251
26224,0,31143022
26225,0,2374909797
26226,0,104198356
26227,0,3184178339
26228,0,2156560524
26229,0,3287707873
26230,0,2963313812
26231,0,3833263149
26232,0,3843957522
26233,0,250742316
26234,0,2294515671
26235,0,4279919275
26236,0,3668195980
26237,0,3813087926
26238,0,36343166
26239,0,589951804
26240,0,1332757160
26241,0,2743682682
26242,0,3817748729
26243,0,3065011345
26244,0,426140160
26245,0,1910971123
26246,0,3315549775
26247,0,2273356900
26248,0,3548432674
26249,0,2654560880
26250,0,4237316651
26251,0,746348897
26252,0,2857515113
26253,0,1186117126
26254,0,507361759
26255,0,2311562972
26256,0,3734966802
26257,0,2809447420
26258,0,3730887513
26259,0,1165605596
26260,0,912423533
26261,0,1557346746
26262,0,1198058824
26263,0,49923368
26264,0,1908922566
26265,0,3509905545
26266,0,3365420539
26267,0,734033768
26268,0,2155993662
26269,0,3272522877
26270,0,2225328541
26271,0,747754613
26272,0,3589312570
26273,0,956419041
26274,0,264278079
26275,0,2770904412
26276,0,2179780157
26277,0,491202344
26278,0,3454608601
26279,0,3342629984
26280,0,1589337912
26281,0,2664757078
26282,0,133750377
26283,0,2592865811
26284,0,1282701911
26285,0,2766242504
26286,0,60938772
26287,0,613124805
26288,0,4021487020
26289,0,1876854735
26290,0,1539322844
26291,0,3938991393
26292,0,1088493943
26293,0,439802512
26294,0,3992190562
26295,0,3586201821
26296,0,763540912
26297,0,497388906
26298,0,756807342
26299,0,705558121
26300,0,215162153
26301,0,2176276690
26302,0,1057529092
26303,0,3114885456
26304,0,1788222233
26305,0,2539164547
26306,0,540972023
26307,0,3124842551
26308,0,2562259604
26309,0,2058163521
26310,0,3635310883
26311,0,3351860902
26312,0,1319232808
26313,0,849303914
26314,0,4026319827
26315,0,2270534160
26316,0,3068625787
26317,0,2542847967
26318,0,1644653866
26319,0,2079274395
26320,0,920616341
26321,0,4108031299
26322,0,1208318266
26323,0,57352139
26324,0,1927004098
26325,0,2707183411
26326,0,1560182574
26327,0,4033159875
26328,0,3549459325
26329,0,1644694978
26330,0,364904282
26331,0,2697823344
26332,0,405931633
26333,0,1199393775
26334,0,773538063
26335,0,2171256914
26336,0,4118638754
26337,0,910868438
26338,0,1471786702
26339,0,778805310
26340,0,400944136
26341,0,3874725498
26342,0,850266212
26343,0,2281490197
26344,0,4241718234
26345,0,3869651918
26346,0,992188289
26347,0,1939996264
26348,0,3254244254
26349,0,1258669532
26350,0,2222570595
26351,0,3443865273
26352,0,433474928
26353,0,3749481676
26354,0,2453691518
26355,0,2687878073
26356,0,270474392
26357,0,2181090974
26358,0,3787140503
26359,0,87588339
26360,0,1514475184
26361,0,2315066457
26362,0,1689453858
26363,0,2264900105
26364,0,627691926
26365,0,4097366363
26366,0,225055890
26367,0,2968919726
26368,0,2110331846
26369,0,2291099486
26370,0,3908450540
26371,0,3533589561
26372,0,2016761621
26373,0,2284081598
26374,0,1080133207
26375,0,1707122242
26376,0,3071561094
26377,0,3929458772
26378,0,1421240458
26379,0,2907434873
26380,0,3291497035
26381,0,1129433751
26382,0,979494230
26383,0,3752845395
26384,0,1461166497
26385,0,3344553520
26386,0,1315616543
26387,0,161624123
26388,0,3138095817
26389,0,2148217824
26390,0,681532347
26391,0,3202552751
26392,0,1313153380
26393,0,2807258704
26394,0,1606302620
26395,0,2171799738
26396,0,3974310280
26397,0,3013591361
26398,0,1028610010
26399,0,557579264
26400,0,2311174397
26401,0,1695987154
26402,0,3325635716
26403,0,2526181200
26404,0,3615192812
26405,0,2373184991
26406,0,3922117339
26407,0,36370613
26408,0,4206015307
26409,0,933962214
26410,0,560909709
26411,0,3812437410
26412,0,2543882790
26413,0,962988628
26414,0,4256316930
26415,0,4097197147
26416,0,2870639269
26417,0,1838921922
26418,0,1258112483
26419,0,2859191459
26420,0,2886168284
26421,0,2051344498
26422,0,2989465399
26423,0,2028119475
26424,0,2798559417
26425,0,703497077
26426,0,3381373205
26427,0,696500065
26428,0,2476325526
26429,0,1034827411
26430,0,2499366541
26431,0,406762297
26432,0,2024697203
26433,0,353020307
26434,0,1193662575
26435,0,2032175387
26436,0,1752727130
26437,0,2446507491
26438,0,196699220
26439,0,3243052653
26440,0,1888705421
26441,0,1740388860
26442,0,4042980893
26443,0,1209547169
26444,0,2863397079
26445,0,1671377903
26446,0,967881438
26447,0,3532111947
26448,0,2069369996
26449,0,1090299240
26450,0,1583884096
26451,0,176245248
26452,0,1542072288
26453,0,4258473227
26454,0,3073589234
26455,0,3379553556
26456,0,2355265970
26457,0,1455512728
26458,0,3609076753
26459,0,1612559935
26460,0,228431634
26461,0,1351523597
26462,0,3871403994
26463,0,2621545127
26464,0,1303414925
26465,0,3363954045
26466,0,2532219306
26467,0,4272198567
26468,0,4141415471
26469,0,3270539425
26470,0,1902375987
26471,0,4082625505
26472,0,3411169908
26473,0,2727267770
26474,0,470791398
26475,0,3102946383
26476,0,288216370
26477,0,3673415191
26478,0,2266808175
26479,0,249279991
26480,0,1959285093
26481,0,2726104311
26482,0,2141081030
26483,0,1929120885
26484,0,2636672076
26485,0,2224367516
26486,0,749748815
26487,0,3150952019
26488,0,3988515569
26489,0,2354434787
26490,0,4147942663
26491,0,3591683817
26492,0,2029944749
26493,0,1450901800
26494,0,4254948071
26495,0,2398331239
26496,0,3650539643
26497,0,1890551639
26498,0,2296498645
26499,0,2327647800
26500,0,658129573
26501,0,2192865106
26502,0,2274893533
26503,0,205284220
26504,0,2317863413
26505,0,271802201
26506,0,13636629
26507,0,1208226492
26508,0,2150434101
26509,0,838671216
26510,0,3237549337
26511,0,2836578996
26512,0,3653466326
26513,0,1843762426
26514,0,808309671
26515,0,3245844459
26516,0,2228320494
26517,0,3528543240
26518,0,2178289120
26519,0,1294964597
26520,0,1206680117
26521,0,3724374624
26522,0,93863096
26523,0,1139313247
26524,0,113976014
26525,0,818455399
26526,0,2955835285
26527,0,2772563867
26528,0,3991507458
26529,0,714999574
26530,0,2783639336
26531,0,2600394575
26532,0,1676994372
26533,0,480182666
26534,0,1768539261
26535,0,1831853390
26536,0,1179424685
26537,0,1133700049
26538,0,3807463557
26539,0,3083871189
26540,0,3337722368
26541,0,1133378520
26542,0,1646670275
26543,0,668891724
26544,0,4201008871
26545,0,1156337786
26546,0,311268971
26547,0,2824105771
26548,0,2475860883
26549,0,1005890563
26550,0,1625816089
26551,0,1945560779
26552,0,1255537372
26553,0,1145963387
26554,0,330763
26555,0,2432935401
26556,0,1382027766
26557,0,1535230713
26558,0,402960854
26559,0,1241051113
26560,0,221219056
26561,0,2047814632
26562,0,1899949681
26563,0,853776681
26564,0,2031460490
26565,0,1838434056
26566,0,1272153074
26567,0,1310071460
26568,0,622419109
26569,0,3744630659
26570,0,2006363170
26571,0,3762624587
26572,0,717710413
26573,0,261769770
26574,0,2637824485
26575,0,2111775654
26576,0,2900246803
26577,0,4219371213
26578,0,2690602846
26579,0,472052356
26580,0,205005853
26581,0,533432384
26582,0,3065273089
26583,0,2270746763
26584,0,360129359
26585,0,3536438208
26586,0,3162989976
26587,0,1455291842
26588,0,3384598848
26589,0,3876436682
26590,0,1523486432
26591,0,3914049097
26592,0,769382792
26593,0,2343873885
26594,0,3724494866
26595,0,2875154412
26596,0,1425868829
26597,0,1243909794
26598,0,2783234074
26599,0,2685754185
26600,0,1693687831
26601,0,249054607
26602,0,3411898843
26603,0,3382857320
26604,0,2374944191
26605,0,4061719363
26606,0,24077211
26607,0,1318246325
26608,0,2565590375
26609,0,3383551300
26610,0,4119705350
26611,0,784826544
26612,0,82580696
26613,0,1218292611
26614,0,1079712725
26615,0,1192551141
26616,0,2991441761
26617,0,1587389457
26618,0,2850149086
26619,0,3841014627
26620,0,2956619533
26621,0,1185779168
26622,0,355416936
26623,0,3121220457
26624,0,2594309482
26625,0,2615813581
26626,0,892249828
26627,0,3753416125
26628,0,1826960506
26629,0,2267560111
26630,0,2274266769
26631,0,2647405151
26632,0,1803299868
26633,0,822392579
26634,0,1534335697
26635,0,3722743302
26636,0,3366546068
26637,0,1518900553
26638,0,1276361337
26639,0,1355578679
26640,0,842310338
26641,0,1811582836
26642,0,2023120318
26643,0,3608756718
26644,0,465252860
26645,0,3440732414
26646,0,1633257371
26647,0,1693656718
26648,0,75380095
26649,0,2565289719
26650,0,3104101515
26651,0,1361120609
26652,0,1630515655
26653,0,1978946508
26654,0,238562634
26655,0,2042394818
26656,0,573321616
26657,0,668078207
26658,0,3731198129
26659,0,3791869832
26660,0,2528144849
26661,0,4199156436
26662,0,3641326812
26663,0,1286570260
26664,0,757511442
26665,0,2333446864
26666,0,280903831
26667,0,3442824417
26668,0,2457969045
26669,0,1893272396
26670,0,1738854676
26671,0,1296291127
26672,0,3410032229
26673,0,1678485699
26674,0,862701834
26675,0,52373967
26676,0,586277212
26677,0,3315050513
26678,0,573020987
26679,0,4182958331
26680,0,217553405
26681,0,113280313
26682,0,3667029834
26683,0,2014837271
26684,0,1845390877
26685,0,2811125347
26686,0,3825401858
26687,0,73613923
26688,0,1936695198
26689,0,2468341200
26690,0,2602537538
26691,0,1135295433
26692,0,3197320608
26693,0,4258101075
26694,0,935388864
26695,0,1208392396
26696,0,4038441731
26697,0,3177899465
26698,0,3685028128
26699,0,1235522016
26700,0,2827450796
26701,0,2984875221
26702,0,3978156268
26703,0,2517503596
26704,0,2948011053
26705,0,3948987444
26706,0,2401338663
26707,0,1327654469
26708,0,2125607344
26709,0,671191986
26710,0,1418465193
26711,0,2052188085
26712,0,2454452262
26713,0,1151770273
26714,0,2032948760
26715,0,2383073807
26716,0,1562402154
26717,0,2267804588
26718,0,3533696867
26719,0,3238036378
26720,0,4278636355
26721,0,4214831796
26722,0,1368736995
26723,0,3626128519
26724,0,3303884318
26725,0,3925389609
26726,0,73414183
26727,0,1446918613
26728,0,2979986359
26729,0,3018699939
26730,0,2856523263
26731,0,3614351777
26732,0,1745518988
26733,0,1062776753
26734,0,2138949158
26735,0,815127226
26736,0,4086903867
26737,0,1993992244
26738,0,808908475
26739,0,853399723
26740,0,2966910383
26741,0,2453006686
26742,0,3436831985
26743,0,4172293778
26744,0,1881214147
26745,0,1720829951
26746,0,2477724104
26747,0,1129515363
26748,0,1838183388
26749,0,512984841
26750,0,2686490160
26751,0,3997116195
26752,0,584881168
26753,0,3146206175
26754,0,225236609
26755,0,1613436607
26756,0,1566707681
26757,0,2405045358
26758,0,1998709285
26759,0,667522423
26760,0,3112732484
26761,0,2238328180
26762,0,3630002134
26763,0,3243586981
26764,0,2614455541
26765,0,4281413072
26766,0,2346930741
26767,0,3574980103
26768,0,3027510477
26769,0,761138139
26770,0,1753654505
26771,0,1063290468
26772,0,3660457970
26773,0,3302849498
26774,0,526896937
26775,0,919671144
26776,0,2340387286
26777,0,3975476596
26778,0,957597561
26779,0,2120496999
26780,0,3919433539
26781,0,1589995609
26782,0,2315781758
26783,0,3526877373
26784,0,3928662541
26785,0,1929443896
26786,0,3837677435
26787,0,2272658355
26788,0,2802337363
26789,0,1468811250
26790,0,826237227
26791,0,2119670630
26792,0,710451867
26793,0,4285558366
26794,0,2780903267
26795,0,3868182613
26796,0,4012479863
26797,0,1835298100
26798,0,4170266613
26799,0,328261762
26800,0,4287909634
26801,0,3102913336
26802,0,1009601074
26803,0,939741287
26804,0,335328608
26805,0,793644744
26806,0,1014516195
26807,0,2646760289
26808,0,57415414
26809,0,3084932047
26810,0,245648739
26811,0,1711649287
26812,0,3638722181
26813,0,1902130844
26814,0,2176984549
26815,0,1789004826
26816,0,1842805978
26817,0,4226898556
26818,0,3345544771
26819,0,3988760819
26820,0,211374275
26821,0,4138030051
26822,0,3355094127
26823,0,3700928468
26824,0,80369442
26825,0,2347251349
26826,0,710988040
26827,0,947448872
26828,0,2588025878
26829,0,114419126
26830,0,1988110373
26831,0,51547399
26832,0,83546014
26833,0,4230808154
26834,0,3500925257
26835,0,1020294664
26836,0,1883016960
26837,0,3661824558
26838,0,4208294541
26839,0,3843750319
26840,0,4291285944
26841,0,3014327648
26842,0,1826088707
26843,0,2530094104
26844,0,988656254
26845,0,417640911
26846,0,1434436225
26847,0,148453078
26848,0,4001356599
26849,0,3057583835
26850,0,2322462857
26851,0,2598667479
26852,0,1169317096
26853,0,3418629151
26854,0,2814088252
26855,0,1924377314
26856,0,4195535797
26857,0,3487791847
26858,0,3074858424
26859,0,4207171520
26860,0,2008126494
26861,0,3816597095
26862,0,2176830047
26863,0,1719063173
26864,0,954449494
26865,0,2852282754
26866,0,544735739
26867,0,682183384
26868,0,1069223425
26869,0,2434475708
26870,0,1280792346
26871,0,1883032640
26872,0,3743656922
26873,0,3780075574
26874,0,2759685330
26875,0,1442907521
26876,0,2693973497
26877,0,4255032335
26878,0,183844992
26879,0,4266078130
26880,0,4969456
26881,0,1015559082
26882,0,1699787860
26883,0,144423577
26884,0,2262567645
26885,0,4151479006
26886,0,1661608074
26887,0,3296007143
26888,0,2805062787
26889,0,144681139
26890,0,1287616663
26891,0,3591692641
26892,0,220490717
26893,0,2343499186
26894,0,4127947006
26895,0,3146414836
26896,0,1849987934
26897,0,2043315305
26898,0,28420490
26899,0,2761853578
26900,0,3425828301
26901,0,2190255401
26902,0,3541584285
26903,0,2673546632
26904,0,1084687581
26905,0,2812439715
26906,0,2902019768
26907,0,552569295
26908,0,3944097188
26909,0,3690265813
26910,0,3382813346
26911,0,1128666968
26912,0,3020400206
26913,0,1493598985
26914,0,2778403066
26915,0,922899512
26916,0,3441964474
26917,0,3095207637
26918,0,1867633606
26919,0,4027454226
26920,0,2145717924
26921,0,403559996
26922,0,4220185721
26923,0,1723232283
26924,0,3189623905
26925,0,4121696905
26926,0,2841460503
26927,0,3645165896
26928,0,785641278
26929,0,901042724
26930,0,1374731868
26931,0,2170074465
26932,0,1768885755
26933,0,2463439859
26934,0,80152550
26935,0,1665993371
26936,0,2178906388
26937,0,2974024490
26938,0,352988410
26939,0,1111347888
26940,0,4112416293
26941,0,1635953224
26942,0,2914891149
26943,0,2056198507
26944,0,2913947914
26945,0,3058199405
26946,0,3751233823
26947,0,3760388837
26948,0,1354673690
26949,0,717764644
26950,0,2488891010
26951,0,3953398534
26952,0,1364728676
26953,0,346226110
26954,0,699801268
26955,0,2793249540
26956,0,3065979082
26957,0,107969209
26958,0,3460164229
26959,0,516101459
26960,0,4047513479
26961,0,1135023807
26962,0,2405721831
26963,0,1957191771
26964,0,1824832842
26965,0,2531106684
26966,0,2205397317
26967,0,1580603112
26968,0,25185085
26969,0,337249934
26970,0,3451285899
26971,0,1936005448
26972,0,3653393582
26973,0,3635242277
26974,0,4113963777
26975,0,4237436266
26976,0,3218610133
26977,0,427803076
26978,0,3382779271
26979,0,2820708719
26980,0,3668556233
26981,0,1603079969
26982,0,860050101
26983,0,2075007455
26984,0,2854295349
26985,0,2419693974
26986,0,3261729395
26987,0,3886110657
26988,0,1719352525
26989,0,1035017148
26990,0,3323203391
26991,0,3112850438
26992,0,2455199203
26993,0,1149969366
26994,0,1053787758
26995,0,239471759
26996,0,891742180
26997,0,3533206057
26998,0,1199223975
26999,0,740677200
27000,0,1260140999
27001,0,1219708277
27002,0,597907995
27003,0,1424216843
27004,0,4275449098
27005,0,1436116625
27006,0,1344552116
27007,0,568867533
27008,0,1563421247
27009,0,2908953451
27010,0,265130476
27011,0,66694548
27012,0,4281196689
27013,0,616808654
27014,0,3349150403
27015,0,540496544
27016,0,2248525233
27017,0,3905726440
27018,0,4194478064
27019,0,1902305614
27020,0,2217593483
27021,0,2464821909
27022,0,1135075817
27023,0,1288264356
27024,0,2485175338
27025,0,404589944
27026,0,2682908033
27027,0,3916040461
27028,0,2704562216
27029,0,1813572400
27030,0,1587847791
27031,0,2546844795
27032,0,3340028058
27033,0,2666747065
27034,0,2028330987
27035,0,2684555911
27036,0,2283923054
27037,0,694419224
27038,0,2258263896
27039,0,1666581984
27040,0,3735082677
27041,0,1253344590
27042,0,2578980928
27043,0,733855128
27044,0,500203647
27045,0,3056841872
27046,0,3566947520
27047,0,492919393
27048,0,4085338007
27049,0,2483787630
27050,0,975349693
27051,0,3027446327
27052,0,4152489741
27053,0,3848684573
27054,0,2438704911
27055,0,1945999122
27056,0,3806938173
27057,0,2277417034
27058,0,625933233
27059,0,3173806861
27060,0,1525981131
27061,0,3904828141
27062,0,3934943772
27063,0,486324216
27064,0,3397234137
27065,0,2266035578
27066,0,2923482373
27067,0,1273423957
27068,0,1265395523
27069,0,923333793
27070,0,436522383
27071,0,4112049909
27072,0,2351930089
27073,0,2434936656
27074,0,1304486836
27075,0,1736386191
27076,0,4135480408
27077,0,1163609570
27078,0,2433052977
27079,0,3679099552
27080,0,2344946511
27081,0,2134064441
27082,0,169230099
27083,0,1936917705
27084,0,1856998076
27085,0,1626402112
27086,0,3594694252
27087,0,4066548427
27088,0,2253316246
27089,0,299743928
27090,0,2010633821
27091,0,781855411
27092,0,306419189
27093,0,2136847595
27094,0,4057379179
27095,0,3632500822
27096,0,4222199634
27097,0,657694355
27098,0,3369814147
27099,0,2560914598
27100,0,3492235390
27101,0,473565610
27102,0,4242768525
27103,0,452918868
27104,0,1672971534
27105,0,4057439269
27106,0,1211407500
27107,0,2936756894
27108,0,1330114290
27109,0,3785818238
27110,0,884004330
27111,0,4022198124
27112,0,3730759108
27113,0,3106781655
27114,0,3439101276
27115,0,3602007447
27116,0,1579006071
27117,0,3413553982
27118,0,3208563574
27119,0,2891395998
27120,0,247334668
27121,0,94626883
27122,0,1549574678
27123,0,3420374329
27124,0,2084863013
27125,0,2345934181
27126,0,124752505
27127,0,1362744777
27128,0,462995753
27129,0,1946287639
27130,0,866403638
27131,0,3680095831
27132,0,2969091294
27133,0,1258734223
27134,0,4189720484
27135,0,2979308515
27136,0,350054686
27137,0,2250262977
27138,0,1813899245
27139,0,3437616189
27140,0,2603267596
27141,0,1887522777
27142,0,1983000548
27143,0,1243117155
27144,0,3729962281
27145,0,2517498642
27146,0,77224709
27147,0,2963358712
27148,0,2199911799
27149,0,3935651535
27150,0,198998729
27151,0,338037227
27152,0,1987800998
27153,0,1786506817
27154,0,3788207768
27155,0,1813910420
27156,0,1676955874
27157,0,3571771094
27158,0,1342069737
27159,0,350489768
27160,0,995722256
27161,0,1890303581
27162,0,3949174861
27163,0,1914941688
27164,0,2209017382
27165,0,329671473
27166,0,667268849
27167,0,2992640508
27168,0,3148280755
27169,0,3754199611
27170,0,2667209274
27171,0,2232690660
27172,0,1023165712
27173,0,1067317471
27174,0,2420984604
27175,0,485762795
27176,0,2634568991
27177,0,1658070922
27178,0,579307416
27179,0,2632530658
27180,0,3440492600
27181,0,1472326867
27182,0,556566078
27183,0,2357774251
27184,0,465592117
27185,0,351802342
27186,0,3323972644
27187,0,3438358217
27188,0,3425120765
27189,0,1762138833
27190,0,538177784
27191,0,2677481534
27192,0,160129846
27193,0,3630148032
27194,0,2173718803
27195,0,4261211530
27196,0,1778264108
27197,0,864302193
27198,0,339972212
27199,0,2951301394
27200,0,1266642313
27201,0,2131608366
27202,0,711226330
27203,0,670260085
27204,0,3743840859
27205,0,500129741
27206,0,820387350
27207,0,2544916228
27208,0,927181868
27209,0,436708527
27210,0,1020546854
27211,0,321544830
27212,0,3017028684
27213,0,2666033826
27214,0,2268276092
27215,0,2416329458
27216,0,1398666526
27217,0,1379286977
27218,0,738521574
27219,0,4113921978
27220,0,595677499
27221,0,1029736680
27222,0,2748204054
27223,0,47876016
27224,0,398031462
27225,0,641820060
27226,0,1420753989
27227,0,4024771350
27228,0,998186101
27229,0,3335246253
27230,0,591123858
27231,0,1757320086
27232,0,3813527792
27233,0,1932294009
27234,0,1168513688
27235,0,1482581410
27236,0,161977655
27237,0,2602573399
27238,0,2243753570
27239,0,1969733786
27240,0,602669600
27241,0,3600952692
27242,0,4069554866
27243,0,1158598257
27244,0,81044017
27245,0,2194376056
27246,0,3204150538
27247,0,3675388359
27248,0,1627656627
27249,0,2238842218
27250,0,2117850917
27251,0,2670844938
27252,0,849937426
27253,0,1464004071
27254,0,1430199192
27255,0,2143573886
27256,0,1347833995
27257,0,3534276776
27258,0,3154641846
27259,0,866987177
27260,0,1362145557
27261,0,2773770524
27262,0,126435655
27263,0,3684131959
27264,0,2673151250
27265,0,3760004937
27266,0,1031260371
27267,0,1238668869
27268,0,3096912555
27269,0,3297768842
27270,0,2112600629
27271,0,1594815235
27272,0,2897519924
27273,0,978656925
27274,0,2841164190
27275,0,1930425291
27276,0,598506352
27277,0,881299249
27278,0,1767407009
27279,0,3143742519
27280,0,822430276
27281,0,2449295906
27282,0,798742974
27283,0,3240775400
27284,0,2518046963
27285,0,4228569239
27286,0,1142229115
27287,0,1180255286
27288,0,3039418489
27289,0,1257329194
27290,0,1982884976
27291,0,208954447
27292,0,2672116241
27293,0,3622325202
27294,0,215939067
27295,0,2518557579
27296,0,528629052
27297,0,1553446126
27298,0,3947764875
27299,0,858944612
27300,0,3395788251
27301,0,37799829
27302,0,1291793228
27303,0,4165609191
27304,0,776310060
27305,0,1676155228
27306,0,2025229981
27307,0,2244624335
27308,0,2219074582
27309,0,269659861
27310,0,4241336849
27311,0,2021291030
27312,0,3924640298
27313,0,1957461310
27314,0,2591283163
27315,0,4052759679
27316,0,350900720
27317,0,2220600794
27318,0,3455201386
27319,0,4095313717
27320,0,1528294410
27321,0,1950947169
27322,0,2181470803
27323,0,2027326549
27324,0,2194892699
27325,0,707682795
27326,0,612183714
27327,0,3029131446
27328,0,2760484489
27329,0,2604734981
27330,0,3091015333
27331,0,2178454257
27332,0,3814301042
27333,0,3456177193
27334,0,2081165067
27335,0,1078931037
27336,0,354373503
27337,0,1659564519
27338,0,2786590220
27339,0,1662782983
27340,0,3108991561
27341,0,3083419786
27342,0,1691460518
27343,0,1141650804
27344,0,2532855941
27345,0,33513681
27346,0,1363407427
27347,0,3464183046
27348,0,2460914827
27349,0,1204110868
27350,0,267486071
27351,0,3429952440
27352,0,4059554907
27353,0,2733432389
27354,0,497563703
27355,0,1333033312
27356,0,3411751116
27357,0,85863373
27358,0,3432682558
27359,0,1572764976
27360,0,3508450236
27361,0,3931058440
27362,0,2175324383
27363,0,3990674886
27364,0,3135305844
27365,0,405502691
27366,0,2576550488
27367,0,3822497972
27368,0,2378522836
27369,0,438433627
27370,0,3180995326
27371,0,3245759900
27372,0,1384040254
27373,0,3652258866
27374,0,4275123465
27375,0,3598671633
27376,0,2385599039
27377,0,195819524
27378,0,3787655281
27379,0,2573232887
27380,0,333897192
27381,0,3274473829
27382,0,855708741
27383,0,549334177
27384,0,1080408244
27385,0,421208749
27386,0,3566812490
27387,0,2502991506
27388,0,1521557891
27389,0,2930681507
27390,0,891652190
27391,0,32457577
27392,0,2101953569
27393,0,3966015015
27394,0,2863228823
27395,0,1294160890
27396,0,3436972756
27397,0,4250087159
27398,0,2302530705
27399,0,1179796870
27400,0,3534937111
27401,0,2940168559
27402,0,4695206
27403,0,1857079087
27404,0,3170278565
27405,0,2200136084
27406,0,740445468
27407,0,3585999964
27408,0,3011794438
27409,0,299228708
27410,0,3895488172
27411,0,1498814366
27412,0,4011250636
27413,0,2558944795
27414,0,3705711385
27415,0,4194178264
27416,0,1472472106
27417,0,3143679178
27418,0,869071990
27419,0,604971191
27420,0,3274553307
27421,0,3473623856
27422,0,1808668870
27423,0,2986809613
27424,0,1978966622
27425,0,3596436129
27426,0,3206736133
27427,0,2722445444
27428,0,2950889454
27429,0,4093098945
27430,0,2507974982
27431,0,182011116
27432,0,1792961550
27433,0,1285557121
27434,0,4157710409
27435,0,3099907333
27436,0,1860756183
27437,0,620055118
27438,0,975527568
27439,0,2937445131
27440,0,2598541073
27441,0,3357192497
27442,0,1504123855
27443,0,3775558304
27444,0,1150977263
27445,0,2498409324
27446,0,2456623055
27447,0,571023141
27448,0,1012549043
27449,0,3916425061
27450,0,2783639844
27451,0,2735639587
27452,0,600865190
27453,0,2960217428
27454,0,3249053465
27455,0,2603684284
27456,0,3835047678
27457,0,141964570
27458,0,343366768
27459,0,14504460
27460,0,4178341634
27461,0,3916348404
27462,0,4229217148
27463,0,68867809
27464,0,2250107330
27465,0,1603485264
27466,0,863858172
27467,0,1184297277
27468,0,2391978437
27469,0,3454390160
27470,0,4142483195
27471,0,419395040
27472,0,1042470625
27473,0,4213593950
27474,0,142375096
27475,0,1779194541
27476,0,3395865121
27477,0,3065836887
27478,0,718678748
27479,0,506887770
27480,0,3998712356
27481,0,3698501773
27482,0,2768948156
27483,0,1943766466
27484,0,1864059411
27485,0,3447459551
27486,0,3630094604
27487,0,1821658835
27488,0,1283838708
27489,0,767433401
27490,0,868283501
27491,0,2229607339
27492,0,3583861763
27493,0,1522149677
27494,0,3966720674
27495,0,3763879647
27496,0,402001630
27497,0,328801480
27498,0,805346760
27499,0,1418202772
27500,0,4262339353
27501,0,2010045391
27502,0,979033876
27503,0,1454741192
27504,0,1777367870
27505,0,3026618069
27506,0,4080961003
27507,0,1409118570
27508,0,1205452738
27509,0,1947811218
27510,0,650239143
27511,0,3086185389
27512,0,3914420910
27513,0,2744817324
27514,0,3634540395
27515,0,616476748
27516,0,2757651447
27517,0,1295471495
27518,0,1337713828
27519,0,1455479635
27520,0,477037496
27521,0,2132265780
27522,0,1213204876
27523,0,1700006588
27524,0,1685909277
27525,0,3396946322
27526,0,2317647575
27527,0,3123517736
27528,0,940220460
27529,0,3991786315
27530,0,2803337641
27531,0,2456999352
27532,0,3497233050
27533,0,2234768202
27534,0,889612423
27535,0,4207437068
27536,0,995776824
27537,0,2144420294
27538,0,2866605170
27539,0,3708046523
27540,0,3337869490
27541,0,22875712
27542,0,2990448458
27543,0,1529486209
27544,0,320651820
27545,0,3766089600
27546,0,263880772
27547,0,2851593277
27548,0,477820325
27549,0,453045378
27550,0,3565508234
27551,0,3033603488
27552,0,2077201490
27553,0,2717355760
27554,0,1427995236
27555,0,2959175372
27556,0,715956752
27557,0,1664176519
27558,0,1764963815
27559,0,4269119008
27560,0,3666329464
27561,0,2155712588
27562,0,2096441270
27563,0,3631414615
27564,0,2094238171
27565,0,2968849103
27566,0,607166777
27567,0,853852018
27568,0,73339671
27569,0,562921769
27570,0,2763380317
27571,0,3518059810
27572,0,2579004840
27573,0,1470882670
27574,0,1392568109
27575,0,3007937343
27576,0,435449896
27577,0,1775649232
27578,0,2624468454
27579,0,9029999
27580,0,220365341
27581,0,4047542541
27582,0,2923974557
27583,0,1355560000
27584,0,44085402
27585,0,2194449059
27586,0,3313628175
27587,0,2601343087
27588,0,806661519
27589,0,285668605
27590,0,1019172113
27591,0,364830207
27592,0,237634847
27593,0,2679212347
27594,0,2084663408
27595,0,463762359
27596,0,797569694
27597,0,714961939
27598,0,133535132
27599,0,495954143
27600,0,4195593781
27601,0,1971089983
27602,0,2621840354
27603,0,3094674335
27604,0,3353742236
27605,0,3559166486
27606,0,2326287749
27607,0,2198733993
27608,0,821799396
27609,0,4247153639
27610,0,990440074
27611,0,3983445350
27612,0,2760389607
27613,0,4234465597
27614,0,2922054044
27615,0,218379408
27616,0,4183317051
27617,0,2985764276
27618,0,4252003732
27619,0,3901762389
27620,0,1386563752
27621,0,2377554800
27622,0,2244884380
27623,0,613373506
27624,0,111762753
27625,0,2368476129
27626,0,3847667049
27627,0,1837827732
27628,0,2791933752
27629,0,1196901279
27630,0,1270511021
27631,0,2767532650
27632,0,1437996534
27633,0,1981501490
27634,0,2680084924
27635,0,3584427256
27636,0,2987967204
27637,0,3804688134
27638,0,3688899125
27639,0,729501990
27640,0,1789493417
27641,0,221066007
27642,0,3267317936
27643,0,1031919716
27644,0,3609608034
27645,0,159684583
27646,0,4101992763
27647,0,1364958967
27648,0,1887971727
27649,0,3263666483
27650,0,94231939
27651,0,2073145397
27652,0,4285655358
27653,0,2292140725
27654,0,1492291697
27655,0,1433015535
27656,0,3909623188
27657,0,3186094569
27658,0,948236420
27659,0,1947228686
27660,0,2506428774
27661,0,3731919490
27662,0,1211508434
27663,0,292041764
27664,0,3933947282
27665,0,3689011766
27666,0,4098500293
27667,0,2731085580
27668,0,3861978520
27669,0,1976407161
27670,0,790113496
27671,0,2061765305
27672,0,2379856736
27673,0,3960021370
27674,0,3437668425
27675,0,606016382
27676,0,140949638
27677,0,833941661
27678,0,1531440782
27679,0,1952040293
27680,0,3529318655
27681,0,3189604382
27682,0,3453396273
27683,0,929151145
27684,0,250055411
27685,0,143339727
27686,0,3167622982
27687,0,3137069813
27688,0,302060871
27689,0,630476659
27690,0,590696590
27691,0,2914932636
27692,0,2398184314
27693,0,4048565397
27694,0,262078964
27695,0,463418020
27696,0,1152533601
27697,0,2347904446
27698,0,116709660
27699,0,657844503
27700,0,3640641436
27701,0,562472154
27702,0,1454265556
27703,0,447202062
27704,0,3121102797
27705,0,63563669
27706,0,3629144328
27707,0,3176605360
27708,0,1772110960
27709,0,1155590151
27710,0,1709488663
27711,0,2791459780
27712,0,2093292774
27713,0,879745546
27714,0,720457277
27715,0,1709906790
27716,0,3598507141
27717,0,4033287187
27718,0,1313526081
27719,0,2554172784
27720,0,2028177177
27721,0,135577657
27722,0,2456202800
27723,0,3014734304
27724,0,606216166
27725,0,2617470249
27726,0,3311438522
27727,0,1388557441
27728,0,2921550760
27729,0,1318060515
27730,0,2602864661
27731,0,769696838
27732,0,342320818
27733,0,4003071914
27734,0,1670185789
27735,0,3199376328
27736,0,1421232269
27737,0,693333406
27738,0,3639702062
27739,0,539879412
27740,0,112597565
27741,0,2076885093
27742,0,1527267654
27743,0,926265878
27744,0,2945541901
27745,0,3982512149
27746,0,187889444
27747,0,4011713583
27748,0,547197315
27749,0,3340411509
27750,0,4192022591
27751,0,2760181138
27752,0,2195699369
27753,0,4116658476
27754,0,1563210289
27755,0,2788427524
27756,0,4232452526
27757,0,3507160311
27758,0,2200058781
27759,0,1315884821
27760,0,1711849139
27761,0,1241656796
27762,0,4169984512
27763,0,3696739366
27764,0,3199328175
27765,0,768335021
27766,0,2643765186
27767,0,619744756
27768,0,2626485555
27769,0,1719208038
27770,0,2848493660
27771,0,3282762269
27772,0,30120265
27773,0,783451960
27774,0,3034757714
27775,0,2528770886
27776,0,4013524616
27777,0,586532604
27778,0,3748361929
27779,0,2280901648
27780,0,810014248
27781,0,2597641801
27782,0,581051943
27783,0,2864207764
27784,0,2837082513
27785,0,36463269
27786,0,1097348793
27787,0,2958662054
27788,0,4006484496
27789,0,2618136086
27790,0,4146556753
27791,0,1130693847
27792,0,2618109992
27793,0,2064484524
27794,0,2299910560
27795,0,1981404848
27796,0,3576818231
27797,0,3868770188
27798,0,3695288376
27799,0,3768342395
27800,0,605243906
27801,0,3879123403
27802,0,838334540
27803,0,289274195
27804,0,1827538264
27805,0,619658298
27806,0,2926292046
27807,0,2812425823
27808,0,3428678539
27809,0,111765949
27810,0,1480938034
27811,0,2993556819
27812,0,189710993
27813,0,2962090239
27814,0,3218327798
27815,0,526391696
27816,0,2517688473
27817,0,3396548248
27818,0,950827464
27819,0,1160864322
27820,0,1180420414
27821,0,3506357888
27822,0,234262647
27823,0,553381611
27824,0,4193431416
27825,0,799201206
27826,0,3755052700
27827,0,776817213
27828,0,1717542584
27829,0,613571580
27830,0,2454744394
27831,0,1624585334
27832,0,220822587
27833,0,2003804396
27834,0,3980282869
27835,0,2891957109
27836,0,3524814029
27837,0,246733357
27838,0,735521397
27839,0,497306137
27840,0,3879381922
27841,0,4221100581
27842,0,475662507
27843,0,4104619916
27844,0,2392240455
27845,0,1332862488
27846,0,3807276129
27847,0,3274252752
27848,0,91822457
27849,0,3969081362
27850,0,2461887258
27851,0,3289950805
27852,0,4213063036
27853,0,2860894116
27854,0,1549311260
27855,0,2963039937
27856,0,3033482371
27857,0,3619577644
27858,0,2535584033
27859,0,2310353347
27860,0,3727001253
27861,0,2966628989
27862,0,1711339219
27863,0,1670380926
27864,0,405675694
27865,0,2760759603
27866,0,3940379174
27867,0,3030955178
27868,0,3850965812
27869,0,974252195
27870,0,3887394561
27871,0,818591563
27872,0,2724163354
27873,0,3091009604
27874,0,1552299678
27875,0,3504524596
27876,0,2714057558
27877,0,3545298977
27878,0,1187217259
27879,0,217019516
27880,0,2926587084
27881,0,3604405816
27882,0,2938818224
27883,0,694815758
27884,0,1972696859
27885,0,2240525984
27886,0,2561027823
27887,0,4060604946
27888,0,3891272624
27889,0,1951094675
27890,0,3382583599
27891,0,3133356466
27892,0,1666711112
27893,0,256422119
27894,0,870307309
27895,0,3844094684
27896,0,2902636481
27897,0,2225581500
27898,0,1393734580
27899,0,2850165190
27900,0,2425233739
27901,0,3226077208
27902,0,2824888124
27903,0,3547746591
27904,0,3570966711
27905,0,3641326288
27906,0,1415498488
27907,0,758121336
27908,0,2260578103
27909,0,1479640538
27910,0,2043986559
27911,0,3539010802
27912,0,3213395301
27913,0,1269443607
27914,0,3409029987
27915,0,904609261
27916,0,411053062
27917,0,3172774470
27918,0,1104714348
27919,0,3364838
27920,0,859566753
27921,0,3767629526
27922,0,120713107
27923,0,1655819442
27924,0,1070826753
27925,0,2701383096
27926,0,2904798242
27927,0,2941560785
27928,0,1316870854
27929,0,1367960276
27930,0,3869852445
27931,0,395971448
27932,0,2287018050
27933,0,662698926
27934,0,3644891851
27935,0,1848454311
27936,0,3163325979
27937,0,2779903932
27938,0,4085348863
27939,0,1264583584
27940,0,697361258
27941,0,2320141076
27942,0,3190077056
27943,0,912326074
27944,0,321028977
27945,0,719116343
27946,0,2325117850
27947,0,4182127720
27948,0,3333315117
27949,0,2962515928
27950,0,2977973263
27951,0,2571037039
27952,0,3329640358
27953,0,3738344455
27954,0,655716206
27955,0,3588597842
27956,0,2098519173
27957,0,906360615
27958,0,2496346551
27959,0,2353637737
27960,0,2516479675
27961,0,1561163599
27962,0,2407086365
27963,0,2734910256
27964,0,46435394
27965,0,4208736612
27966,0,3286266908
27967,0,1628555021
27968,0,3005322722
27969,0,2989437100
27970,0,3546926225
27971,0,3045631084
27972,0,2175527214
27973,0,1833220681
27974,0,3148943023
27975,0,3606106173
27976,0,1377164934
27977,0,3513263844
27978,0,1663912958
27979,0,2148480055
27980,0,3082094867
27981,0,3296405848
27982,0,2338277360
27983,0,395293216
27984,0,3635649125
27985,0,3557989594
27986,0,1991933150
27987,0,487958926
27988,0,2896399900
27989,0,1902933292
27990,0,116970440
27991,0,2361027720
27992,0,3830091709
27993,0,34855171
27994,0,1598240474
27995,0,177547478
27996,0,1584946481
27997,0,3994332190
27998,0,159214453
27999,0,643872508
28000,0,660273859
28001,0,2018934402
28002,0,1196084577
28003,0,3258622034
28004,0,1344651786
28005,0,3841601848
28006,0,4184959638
28007,0,1348194407
28008,0,1622379724
28009,0,879398777
28010,0,3577096923
28011,0,499457869
28012,0,2075192123
28013,0,3156259408
28014,0,3879078853
28015,0,4019823778
28016,0,3132927396
28017,0,3457121824
28018,0,413578853
28019,0,52714320
28020,0,2173563287
28021,0,3361654600
28022,0,105786739
28023,0,3219504355
28024,0,121815871
28025,0,3146029325
28026,0,1006667455
28027,0,3057216084
28028,0,4110899789
28029,0,3616561194
28030,0,1312537184
28031,0,394493371
28032,0,3448864867
28033,0,1311656717
28034,0,1857732074
28035,0,435932233
28036,0,1848201840
28037,0,3364452387
28038,0,371201861
28039,0,2380208385
28040,0,2971582910
28041,0,1276088426
28042,0,2119393803
28043,0,1347644226
28044,0,2589822527
28045,0,1490355634
28046,0,4093905379
28047,0,3526507679
28048,0,563306415
28049,0,112576796
28050,0,1297402935
28051,0,1318751646
28052,0,4194370378
28053,0,2540560830
28054,0,1075623539
28055,0,210050650
28056,0,1183790685
28057,0,2832992671
28058,0,336613480
28059,0,3719738278
28060,0,1938603687
28061,0,1868414443
28062,0,3304489723
28063,0,2174025039
28064,0,3651098737
28065,0,1623016985
28066,0,3351135974
28067,0,3811748791
28068,0,2126905909
28069,0,1855935445
28070,0,408126791
28071,0,2006021754
28072,0,1922908277
28073,0,2296523452
28074,0,2064400550
28075,0,2416434282
28076,0,450862159
28077,0,3281458276
28078,0,40573385
28079,0,1259545952
28080,0,3629737311
28081,0,1789729766
28082,0,4091961038
28083,0,1070586097
28084,0,1591921081
28085,0,4251492403
28086,0,3300402180
28087,0,3340781336
28088,0,933707737
28089,0,3688007959
28090,0,3572867471
28091,0,2018135117
28092,0,163406124
28093,0,378458080
28094,0,556245881
28095,0,2085999229
28096,0,3368664851
28097,0,442478662
28098,0,1723321293
28099,0,1711972714
28100,0,1993930585
28101,0,1850706752
28102,0,2078236339
28103,0,2435293271
28104,0,3229821665
28105,0,506747342
28106,0,884456008
28107,0,3156585815
28108,0,946240400
28109,0,362021722
28110,0,706624773
28111,0,1516474522
28112,0,644370658
28113,0,2733956568
28114,0,280489631
28115,0,1105952141
28116,0,3842219680
28117,0,1278045355
28118,0,3602379415
28119,0,876993093
28120,0,1856669091
28121,0,4257328940
28122,0,3433901310
28123,0,1332335751
28124,0,3403202843
28125,0,2374157478
28126,0,2010885005
28127,0,1475039704
28128,0,2279188784
28129,0,3976329647
28130,0,2495243797
28131,0,3614306057
28132,0,991146927
28133,0,3785938588
28134,0,2485014273
28135,0,3795222078
28136,0,2479140870
28137,0,3175755364
28138,0,3898382023
28139,0,705510181
28140,0,542273457
28141,0,3643495683
28142,0,3269915654
28143,0,2426502293
28144,0,1497621132
28145,0,2270982309
28146,0,542266401
28147,0,807299082
28148,0,1593148965
28149,0,672888477
28150,0,2681621209
28151,0,2267378303
28152,0,70934410
28153,0,3064739215
28154,0,866418081
28155,0,1041266313
28156,0,686330825
28157,0,1755610785
28158,0,158699065
28159,0,2934750816
28160,0,3590144995
28161,0,3449993539
28162,0,3419935942
28163,0,3780557990
28164,0,4002324263
28165,0,2418430930
28166,0,299622780
28167,0,3548292934
28168,0,4116378925
28169,0,3558808210
28170,0,3739576244
28171,0,812124445
28172,0,406685368
28173,0,3048246125
28174,0,1064458595
28175,0,4288572108
28176,0,1782154831
28177,0,83439063
28178,0,154694582
28179,0,4002984497
28180,0,3808634270
28181,0,1906601606
28182,0,1928251196
28183,0,3945485624
28184,0,2953751102
28185,0,3428994010
28186,0,640705430
28187,0,1645502551
28188,0,767564888
28189,0,3878315229
28190,0,3716395429
28191,0,3714042814
28192,0,2703961322
28193,0,1383585937
28194,0,2245011523
28195,0,2614693327
28196,0,4134973215
28197,0,1363051637
28198,0,3082613005
28199,0,439745955
28200,0,364389123
28201,0,718353935
28202,0,2383073511
28203,0,1457325932
28204,0,808415988
28205,0,272770124
28206,0,3451538185
28207,0,532547044
28208,0,1063233221
28209,0,3144352710
28210,0,3110496175
28211,0,3353612710
28212,0,4291730062
28213,0,3212236001
28214,0,3635545236
28215,0,2621036548
28216,0,1075345560
28217,0,2925575357
28218,0,2266974342
28219,0,2952286113
28220,0,1737205831
28221,0,1122722246
28222,0,4104479567
28223,0,1096370697
28224,0,3203325254
28225,0,3447968581
28226,0,1250836144
28227,0,643267484
28228,0,3988225742
28229,0,1337540825
28230,0,2481467912
28231,0,545678172
28232,0,1902063722
28233,0,2098545571
28234,0,2034789235
28235,0,4041219424
28236,0,2596338694
28237,0,760195686
28238,0,3630418567
28239,0,2270968286
28240,0,211338317
28241,0,2520557285
28242,0,1591801141
28243,0,1216927702
28244,0,473293583
28245,0,2866689925
28246,0,3925513170
28247,0,3415297106
28248,0,2708788927
28249,0,1338394286
28250,0,1701536199
28251,0,589506734
28252,0,2163195157
28253,0,2666131667
28254,0,3196835306
28255,0,1122503121
28256,0,965939000
28257,0,1458586434
28258,0,2375921102
28259,0,1017793116
28260,0,3386893612
28261,0,2587200945
28262,0,1542764144
28263,0,1784728909
28264,0,182698377
28265,0,680117472
28266,0,313282986
28267,0,2343756070
28268,0,626988877
28269,0,829179478
28270,0,2373814821
28271,0,3139416857
28272,0,3806986567
28273,0,4204049638
28274,0,3976208034
28275,0,877727944
28276,0,3746260588
28277,0,3276884559
28278,0,2835560227
28279,0,855714512
28280,0,3711901277
28281,0,3764422087
28282,0,3957041355
28283,0,1184002794
28284,0,287958829
28285,0,2487642283
28286,0,1933026370
28287,0,1883984957
28288,0,4257025917
28289,0,3590499284
28290,0,3967100776
28291,0,1536714660
28292,0,3136638546
28293,0,1960836717
28294,0,3914426212
28295,0,1913467642
28296,0,1578173107
28297,0,3064786832
28298,0,1082244575
28299,0,2423696898
28300,0,4084160505
28301,0,731847953
28302,0,3482745071
28303,0,301501930
28304,0,150762696
28305,0,1254344890
28306,0,1229372240
28307,0,1538423942
28308,0,2423546999
28309,0,2209073994
28310,0,2728145739
28311,0,3126683409
28312,0,3243689358
28313,0,621160157
28314,0,3663933523
28315,0,826851975
28316,0,169801579
28317,0,1250713426
28318,0,3987309505
28319,0,1743284233
28320,0,935776989
28321,0,1581090419
28322,0,813805642
28323,0,3616969422
28324,0,3156563209
28325,0,3322656555
28326,0,2906612956
28327,0,1966884302
28328,0,1295686284
28329,0,3540624025
28330,0,201643956
28331,0,1219593581
28332,0,2074031363
28333,0,987523100
28334,0,1277808019
28335,0,3337190558
28336,0,3324234819
28337,0,1255506262
28338,0,2769860873
28339,0,4110533301
28340,0,1740081118
28341,0,2127397752
28342,0,452878601
28343,0,221931174
28344,0,2084457585
28345,0,62317449
28346,0,657596714
28347,0,33375361
28348,0,2227910359
28349,0,2686803007
28350,0,2146796590
28351,0,561271126
28352,0,1027298468
28353,0,2723156243
28354,0,2922775658
28355,0,3117749719
28356,0,1989211232
28357,0,1803865518
28358,0,3021988470
28359,0,1114754462
28360,0,58998687
28361,0,176433444
28362,0,2075996276
28363,0,1808272141
28364,0,1067079033
28365,0,3550262147
28366,0,4168277973
28367,0,3532516401
28368,0,2390002996
28369,0,3851573629
28370,0,2030594627
28371,0,4232461315
28372,0,1125023200
28373,0,452283545
28374,0,3751841898
28375,0,2015060284
28376,0,2476838754
28377,0,3959314116
28378,0,100535479
28379,0,1232690915
28380,0,906295697
28381,0,2414292042
28382,0,665155293
28383,0,2796346914
28384,0,2423820886
28385,0,3295705775
28386,0,2946111645
28387,0,2108691961
28388,0,2666415550
28389,0,2641132754
28390,0,1278247049
28391,0,3624951225
28392,0,2806356266
28393,0,2558177370
28394,0,4422434
28395,0,2345048721
28396,0,1241927099
28397,0,4120698883
28398,0,1510616429
28399,0,3948402046
28400,0,788245954
28401,0,859556867
28402,0,499819166
28403,0,2058456082
28404,0,760142059
28405,0,1009499010
28406,0,538975183
28407,0,1214555651
28408,0,1211212401
28409,0,4085790094
28410,0,1376283986
28411,0,2883736291
28412,0,3598058940
28413,0,3471856988
28414,0,1328372049
28415,0,1692819730
28416,0,2373029844
28417,0,769745841
28418,0,863972410
28419,0,167309190
28420,0,2500629954
28421,0,4046329112
28422,0,1110218526
28423,0,3374895193
28424,0,3075514568
28425,0,3396852972
28426,0,211994425
28427,0,3707530875
28428,0,2002254498
28429,0,2289838787
28430,0,2846738033
28431,0,1025390272
28432,0,2198810435
28433,0,3121150512
28434,0,211532407
28435,0,24745021
28436,0,1278973314
28437,0,4025651751
28438,0,192131964
28439,0,3734877106
28440,0,1972584231
28441,0,1552749980
28442,0,971225827
28443,0,2571127356
28444,0,2432157151
28445,0,1640902361
28446,0,650036915
28447,0,863234407
28448,0,2243618632
28449,0,4079155137
28450,0,378184876
28451,0,33534403
28452,0,254996000
28453,0,204352571
28454,0,4237047055
28455,0,1066462009
28456,0,2081198594
28457,0,668467620
28458,0,3665745938
28459,0,787451180
28460,0,906376105
28461,0,4263385488
28462,0,2561468358
28463,0,2396035180
28464,0,645367490
28465,0,56237877
28466,0,1462727179
28467,0,2494011708
28468,0,2542105980
28469,0,477615305
28470,0,993947774
28471,0,1393071654
28472,0,2017636032
28473,0,2664282541
28474,0,385460081
28475,0,1625643322
28476,0,3012421563
28477,0,3760881862
28478,0,3060859711
28479,0,1422110388
28480,0,2395174442
28481,0,3771630345
28482,0,626577566
28483,0,3593136219
28484,0,4011357355
28485,0,3491883469
28486,0,1310709601
28487,0,713428504
28488,0,2213154042
28489,0,2362480064
28490,0,1400079476
28491,0,1549771978
28492,0,2953880969
28493,0,815475961
28494,0,4118866203
28495,0,4242297866
28496,0,3187198884
28497,0,890185122
28498,0,3873088159
28499,0,3819593915
28500,0,1477950405
28501,0,1116127794
28502,0,3269010706
28503,0,689558479
28504,0,2137486751
28505,0,2874110933
28506,0,3817593007
28507,0,2337335520
28508,0,1608047366
28509,0,3552514586
28510,0,242554468
28511,0,998360888
28512,0,1874728939
28513,0,86444042
28514,0,1625389369
28515,0,3070862746
28516,0,4109249703
28517,0,505435994
28518,0,2376645343
28519,0,3297895270
28520,0,3881221144
28521,0,711010866
28522,0,3955939713
28523,0,2947456636
28524,0,4031064524
28525,0,4209831218
28526,0,2384022647
28527,0,1432881212
28528,0,3650872171
28529,0,455926672
28530,0,1821026271
28531,0,911877895
28532,0,635778330
28533,0,3951076249
28534,0,25981024
28535,0,2139538336
28536,0,1503697785
28537,0,322723294
28538,0,2289951293
28539,0,3010550816
28540,0,2253855514
28541,0,3283704192
28542,0,4188837188
28543,0,192952326
28544,0,308035756
28545,0,3547872392
28546,0,1237551484
28547,0,628012106
28548,0,2400598681
28549,0,1088612827
28550,0,2800312791
28551,0,3500888958
28552,0,3797749148
28553,0,1044062475
28554,0,425192646
28555,0,2099546753
28556,0,1659849691
28557,0,4179209265
28558,0,1600300478
28559,0,1903782612
28560,0,3629866085
28561,0,3374519374
28562,0,3740971771
28563,0,2618770313
28564,0,4172115706
28565,0,4214393891
28566,0,4234253944
28567,0,460379343
28568,0,1020244827
28569,0,2654107433
28570,0,3392198402
28571,0,3402568234
28572,0,969051023
28573,0,2128127254
28574,0,623924555
28575,0,3703403111
28576,0,751094015
28577,0,246755410
28578,0,3210454445
28579,0,3055708954
28580,0,2473296378
28581,0,2311240272
28582,0,261257108
28583,0,1836725156
28584,0,1255825987
28585,0,3570540618
28586,0,2344496327
28587,0,2331742548
28588,0,3808217788
28589,0,247831113
28590,0,202405231
28591,0,1427051025
28592,0,1591762775
28593,0,4099420050
28594,0,3303604135
28595,0,3096590089
28596,0,807300656
28597,0,1188694876
28598,0,4051736580
28599,0,2995601860
28600,0,1275879262
28601,0,991455501
28602,0,4043542577
28603,0,3820734419
28604,0,4085031955
28605,0,2552236652
28606,0,3033865626
28607,0,4222391049
28608,0,1109473955
28609,0,3419958073
28610,0,291120294
28611,0,3960931937
28612,0,2545885580
28613,0,39686443
28614,0,3211627511
28615,0,3430871870
28616,0,1363049586
28617,0,1220417130
28618,0,3289479475
28619,0,2379938216
28620,0,2401078079
28621,0,4046779458
28622,0,2553081884
28623,0,3284210283
28624,0,3490469645
28625,0,123114779
28626,0,1799775169
28627,0,1090263966
28628,0,2994270585
28629,0,648506642
28630,0,2880199312
28631,0,1060574991
28632,0,1728423268
28633,0,2793462448
28634,0,117837627
28635,0,448824619
28636,0,1188684601
28637,0,761344678
28638,0,1837830332
28639,0,4228806962
28640,0,1445737574
28641,0,3300072182
28642,0,1516022016
28643,0,551885182
28644,0,4204366843
28645,0,3073855240
28646,0,2216324099
28647,0,4208423182
28648,0,2317473237
28649,0,2751372952
28650,0,1972991822
28651,0,895730742
28652,0,4047600196
28653,0,523976000
28654,0,1794318377
28655,0,3493260562
28656,0,3204567256
28657,0,642308341
28658,0,2543496606
28659,0,2265488842
28660,0,42165714
28661,0,2837138190
28662,0,3475475795
28663,0,4013142197
28664,0,3180255431
28665,0,3025631756
28666,0,969680743
28667,0,422815511
28668,0,3623833119
28669,0,4188705057
28670,0,3662837798
28671,0,1065919277
28672,0,342816536
28673,0,2604652958
28674,0,1636375192
28675,0,429737301
28676,0,2545943566
28677,0,2138077806
28678,0,2005781616
28679,0,242664785
28680,0,223168991
28681,0,715753316
28682,0,1390690950
28683,0,2351502428
28684,0,2063245997
28685,0,4216171194
28686,0,2370009943
28687,0,2803147299
28688,0,1498131179
28689,0,2932687072
28690,0,3707318920
28691,0,2946610268
28692,0,3160760809
28693,0,458322277
28694,0,2596581563
28695,0,2527661202
28696,0,1348073199
28697,0,3187676173
28698,0,750560237
28699,0,2699734573
28700,0,1354884090
28701,0,4218167557
28702,0,2530962115
28703,0,2347603778
28704,0,431797184
28705,0,2002415714
28706,0,328447465
28707,0,3237628094
28708,0,3025421640
28709,0,2740338166
28710,0,4193337282
28711,0,522913798
28712,0,3142915443
28713,0,647252046
28714,0,1546006400
28715,0,2736393739
28716,0,3115905958
28717,0,1581279296
28718,0,977304932
28719,0,2289046994
28720,0,3548907095
28721,0,3138613558
28722,0,1938730540
28723,0,1864686633
28724,0,1620134233
28725,0,2129919236
28726,0,725403661
28727,0,4120580979
28728,0,1766992297
28729,0,2693065946
28730,0,2666133749
28731,0,2669021646
28732,0,2614312441
28733,0,1910512175
28734,0,639479005
28735,0,3813598942
28736,0,3646745740
28737,0,3714356138
28738,0,2905567330
28739,0,658583443
28740,0,1423611786
28741,0,3276883839
28742,0,2623833760
28743,0,2594217976
28744,0,2728702391
28745,0,2799383614
28746,0,3419280912
28747,0,680411222
28748,0,4028297876
28749,0,1733071792
28750,0,1382534285
28751,0,3576764342
28752,0,254945013
28753,0,913884003
28754,0,3967957321
28755,0,3737313052
28756,0,553823244
28757,0,3840008173
28758,0,1016994819
28759,0,484340236
28760,0,2171400995
28761,0,4263184455
28762,0,2103926286
28763,0,1115455229
28764,0,2043985324
28765,0,575150364
28766,0,203078793
28767,0,721262796
28768,0,2775503870
28769,0,2637472438
28770,0,623814375
28771,0,3484810718
28772,0,1909374713
28773,0,1680372689
28774,0,538884600
28775,0,320442216
28776,0,2087148626
28777,0,1783079716
28778,0,1515121301
28779,0,1688021627
28780,0,4221008082
28781,0,2234212372
28782,0,3424322688
28783,0,1038158437
28784,0,2300125779
28785,0,120687546
28786,0,4271686585
28787,0,3146893644
28788,0,3585673744
28789,0,1804959181
28790,0,1102791867
28791,0,212481421
28792,0,158179456
28793,0,314718718
28794,0,3930567424
28795,0,2563776371
28796,0,4244139884
28797,0,3550964518
28798,0,3870637223
28799,0,1696496343
28800,0,998366681
28801,0,124077380
28802,0,1451214562
28803,0,2061101011
28804,0,2186755202
28805,0,3710812737
28806,0,2712812210
28807,0,979710400
28808,0,401769006
28809,0,2975555413
28810,0,2357449645
28811,0,674697750
28812,0,2227393196
28813,0,1010964743
28814,0,2470056054
28815,0,4154697068
28816,0,3804428683
28817,0,59451698
28818,0,3003520740
28819,0,1250914089
28820,0,1244237596
28821,0,42757593
28822,0,1775649282
28823,0,2472283113
28824,0,1443200473
28825,0,3464102342
28826,0,1175607815
28827,0,2802133358
28828,0,1194714938
28829,0,2173272243
28830,0,2187900924
28831,0,108579671
28832,0,4250320670
28833,0,2081956548
28834,0,1884504676
28835,0,468058891
28836,0,2875643848
28837,0,1113722855
28838,0,1883450152
28839,0,2984384219
28840,0,2484660135
28841,0,2506373617
28842,0,1494747996
28843,0,1443318725
28844,0,1351170874
28845,0,2317769069
28846,0,1618011368
28847,0,3780544862
28848,0,1071086944
28849,0,3743006461
28850,0,4027267422
28851,0,1932978958
28852,0,1689843845
28853,0,245682033
28854,0,2115911252
28855,0,2202580350
28856,0,687918637
28857,0,678150063
28858,0,2890955872
28859,0,3629751374
28860,0,2446663014
28861,0,2101432090
28862,0,3236334635
28863,0,1025472474
28864,0,2498643697
28865,0,3661190601
28866,0,3766598825
28867,0,898241347
28868,0,2343263986
28869,0,4007180232
28870,0,4229476568
28871,0,2860220153
28872,0,1898166603
28873,0,3344012174
28874,0,1361382110
28875,0,4289261249
28876,0,2892447961
28877,0,3421773319
28878,0,1320131005
28879,0,244615505
28880,0,1751267150
28881,0,4294435179
28882,0,2022346822
28883,0,2060117479
28884,0,3904163164
28885,0,1391579059
28886,0,200596528
28887,0,2652902697
28888,0,204084747
28889,0,2474737342
28890,0,915075637
28891,0,1900063795
28892,0,4229510224
28893,0,2297985593
28894,0,1885087014
28895,0,1810592794
28896,0,2825839470
28897,0,4099945615
28898,0,2898531095
28899,0,4202327236
28900,0,1270108565
28901,0,4048862102
28902,0,2733594661
28903,0,1955612368
28904,0,4110771797
28905,0,1613937906
28906,0,3257926564
28907,0,2329457222
28908,0,244825550
28909,0,3706595961
28910,0,763483017
28911,0,3924817489
28912,0,4087244195
28913,0,3664338166
28914,0,3473630637
28915,0,3563854386
28916,0,2992915783
28917,0,1666956289
28918,0,2410241004
28919,0,1044756806
28920,0,2764735472
28921,0,1647037674
28922,0,1835443985
28923,0,2300551603
28924,0,3625327559
28925,0,1991260272
28926,0,1182668111
28927,0,505500580
28928,0,704822975
28929,0,3346623221
28930,0,2932884262
28931,0,1882120188
28932,0,3522185364
28933,0,3300276293
28934,0,1953344218
28935,0,3890725473
28936,0,3939916596
28937,0,396998252
28938,0,232848670
28939,0,1512420319
28940,0,1738185712
28941,0,2826219970
28942,0,4157682276
28943,0,3794178026
28944,0,1218516711
28945,0,633714937
28946,0,3380667156
28947,0,1772303685
28948,0,4000959168
28949,0,857049936
28950,0,3448145807
28951,0,3013234612
28952,0,3086672578
28953,0,2683843955
28954,0,3012895448
28955,0,3993702111
28956,0,1975881687
28957,0,1138668744
28958,0,1035481867
28959,0,1089507847
28960,0,79376575
28961,0,925949129
28962,0,3113531709
28963,0,4174562020
28964,0,2974566083
28965,0,185826089
28966,0,3938143058
28967,0,4193787386
28968,0,2997042169
28969,0,1850889207
28970,0,2713230785
28971,0,4061953249
28972,0,3448514049
28973,0,1623750215
28974,0,2920581543
28975,0,3677270231
28976,0,2881396717
28977,0,1881373260
28978,0,4063513305
28979,0,377862830
28980,0,2614452870
28981,0,3341980100
28982,0,876688225
28983,0,1468945559
28984,0,1048820025
28985,0,2100494475
28986,0,3111103834
28987,0,3562908728
28988,0,1518929525
28989,0,850719126
28990,0,1011522933
28991,0,2472893031
28992,0,387962540
28993,0,1418602857
28994,0,2781574840
28995,0,2828957174
28996,0,2721077798
28997,0,2280463644
28998,0,2912905307
28999,0,1376856625
29000,0,2645623514
29001,0,11114959
29002,0,1100767463
29003,0,2107384519
29004,0,3243473541
29005,0,1852980484
29006,0,327652429
29007,0,3234258314
29008,0,1971688977
29009,0,800941042
29010,0,4222558323
29011,0,3951606723
29012,0,1659114203
29013,0,4150219268
29014,0,3202633195
29015,0,3699375783
29016,0,1456136498
29017,0,1467493572
29018,0,250622772
29019,0,440424607
29020,0,992327414
29021,0,849162603
29022,0,45317459
29023,0,3460059199
29024,0,3276396130
29025,0,3375939232
29026,0,58125078
29027,0,480036764
29028,0,160411851
29029,0,222514944
29030,0,4039956337
29031,0,779783776
29032,0,2304804571
29033,0,2932796102
29034,0,22311597
29035,0,1865625741
29036,0,762320796
29037,0,3757280253
29038,0,2130963419
29039,0,1298781703
29040,0,2189998003
29041,0,464333836
29042,0,2075299930
29043,0,511792198
29044,0,3040364034
29045,0,49497918
29046,0,679670964
29047,0,3030235262
29048,0,1910329175
29049,0,3738151628
29050,0,1498537959
29051,0,923588753
29052,0,801865054
29053,0,1282617518
29054,0,1723487805
29055,0,2747392099
29056,0,1902897545
29057,0,2265135908
29058,0,3969821175
29059,0,229306823
29060,0,567622094
29061,0,1534848440
29062,0,4283639070
29063,0,3857036326
29064,0,1061875542
29065,0,916709062
29066,0,3793499931
29067,0,4212378084
29068,0,3352172179
29069,0,2794649533
29070,0,4106246767
29071,0,238383241
29072,0,2762216443
29073,0,4256658006
29074,0,1816841896
29075,0,2254788743
29076,0,2210425245
29077,0,1350718052
29078,0,1125465955
29079,0,2078052095
29080,0,2858443838
29081,0,2048466669
29082,0,1633080303
29083,0,3729170746
29084,0,1180525898
29085,0,3028178480
29086,0,2847229164
29087,0,607144824
29088,0,2260002615
29089,0,1343441374
29090,0,473578506
29091,0,751921975
29092,0,927397484
29093,0,3639302025
29094,0,4049600004
29095,0,3715125291
29096,0,970860977
29097,0,1642499941
29098,0,2974063456
29099,0,1731839220
29100,0,2873757639
29101,0,3168913758
29102,0,1015233755
29103,0,940989367
29104,0,2675475175
29105,0,1805683669
29106,0,563659192
29107,0,206860431
29108,0,3405767693
29109,0,4189436274
29110,0,2648709599
29111,0,1168990450
29112,0,3755594059
29113,0,1541977555
29114,0,3876363322
29115,0,3858180511
29116,0,408811101
29117,0,1951836118
29118,0,3039479680
29119,0,1452055757
29120,0,383090478
29121,0,2670499190
29122,0,3184010583
29123,0,2503058726
29124,0,2469628012
29125,0,2784057107
29126,0,1836934106
29127,0,3788384377
29128,0,3168950585
29129,0,258300347
29130,0,773790162
29131,0,1770182464
29132,0,1580404821
29133,0,3138152297
29134,0,3419066297
29135,0,3582554695
29136,0,2214337351
29137,0,302750381
29138,0,1251953218
29139,0,3644599945
29140,0,3242802975
29141,0,872359178
29142,0,1017108997
29143,0,1010574506
29144,0,2911774526
29145,0,1146331850
29146,0,827695919
29147,0,590362455
29148,0,2659349242
29149,0,3413510164
29150,0,1155868910
29151,0,3739982418
29152,0,428874946
29153,0,1526884614
29154,0,3531006199
29155,0,3278438307
29156,0,1325583437
29157,0,3353839112
29158,0,3556060923
29159,0,3009726510
29160,0,1715650270
29161,0,45458514
29162,0,1908954861
29163,0,430745479
29164,0,651961353
29165,0,3925340615
29166,0,3995885088
29167,0,3638949460
29168,0,2747788579
29169,0,2451038290
29170,0,2913959132
29171,0,78603526
29172,0,3925209377
29173,0,2918097897
29174,0,1273256736
29175,0,3498530656
29176,0,1996620021
29177,0,3565933595
29178,0,1863614719
29179,0,510193722
29180,0,228176301
29181,0,1311605531
29182,0,933043132
29183,0,162588905
29184,0,2546002545
29185,0,3680463350
29186,0,4200065542
29187,0,3857848365
29188,0,2013954454
29189,0,791864522
29190,0,114835199
29191,0,570167804
29192,0,3686515645
29193,0,3662313787
29194,0,952574509
29195,0,1289708012
29196,0,3165946429
29197,0,2996157636
29198,0,2762667522
29199,0,3073617367
29200,0,2477571827
29201,0,2317960586
29202,0,4052929542
29203,0,2857982447
29204,0,2918961917
29205,0,589774031
29206,0,1399418000
29207,0,2710646349
29208,0,255934529
29209,0,3462860613
29210,0,3732449474
29211,0,2809209650
29212,0,3790828953
29213,0,1732400409
29214,0,2446139081
29215,0,1888542627
29216,0,133548081
29217,0,1619353160
29218,0,2731230766
29219,0,2345829897
29220,0,3110779776
29221,0,759389485
29222,0,2587694494
29223,0,693629689
29224,0,908039901
29225,0,1548665695
29226,0,8997101
29227,0,453736647
29228,0,4134009614
29229,0,700567085
29230,0,277390287
29231,0,2597943127
29232,0,843736206
29233,0,2779309955
29234,0,2453913295
29235,0,1457499202
29236,0,3382706377
29237,0,4270966453
29238,0,245872470
29239,0,4058801520
29240,0,3574145521
29241,0,3621278762
29242,0,1995581956
29243,0,1172621437
29244,0,1099679496
29245,0,338799645
29246,0,401704004
29247,0,3361466616
29248,0,2316440427
29249,0,3349020116
29250,0,2093971751
29251,0,4002531986
29252,0,801099539
29253,0,501564317
29254,0,121738134
29255,0,2472175855
29256,0,381361740
29257,0,3676715605
29258,0,2449348611
29259,0,221544188
29260,0,3751562921
29261,0,2673996845
29262,0,2640617279
29263,0,3740039102
29264,0,1399351763
29265,0,2484533690
29266,0,789715306
29267,0,3956441557
29268,0,3337091073
29269,0,85940914
29270,0,660922198
29271,0,759587633
29272,0,3307620225
29273,0,3071953962
29274,0,762388421
29275,0,3753814177
29276,0,1610298228
29277,0,186669182
29278,0,98342217
29279,0,2043289747
29280,0,2262012319
29281,0,1759606287
29282,0,2184582911
29283,0,1574111211
29284,0,2564904700
29285,0,4126110595
29286,0,1753012172
29287,0,2720071502
29288,0,82138346
29289,0,1634744598
29290,0,2886438367
29291,0,1806722023
29292,0,2656743457
29293,0,3279975886
29294,0,1778628882
29295,0,3105818562
29296,0,1695157521
29297,0,2981091301
29298,0,557390796
29299,0,1247004524
29300,0,1702205523
29301,0,428736236
29302,0,1817548100
29303,0,22166906
29304,0,2572590724
29305,0,440484647
29306,0,1989344405
29307,0,151603893
29308,0,731949530
29309,0,3991217271
29310,0,1679292546
29311,0,4227421473
29312,0,1894563588
29313,0,109436098
29314,0,514165708
29315,0,1415043170
29316,0,1143092783
29317,0,1578974428
29318,0,3378430975
29319,0,889472655
29320,0,124449989
29321,0,1740472252
29322,0,3239700665
29323,0,2111332734
29324,0,1325705509
29325,0,2653741717
29326,0,1303787242
29327,0,3859634367
29328,0,3997784178
29329,0,1839735025
29330,0,1601220970
29331,0,1659333956
29332,0,1723528835
29333,0,893115510
29334,0,2551340716
29335,0,2872139439
29336,0,2625316221
29337,0,3796622327
29338,0,3214645965
29339,0,1418316076
29340,0,3626205370
29341,0,2930114720
29342,0,3103049945
29343,0,470875630
29344,0,1980414776
29345,0,215538254
29346,0,3853721926
29347,0,3002044651
29348,0,1588118226
29349,0,2561053899
29350,0,231074644
29351,0,2773046115
29352,0,1804331729
29353,0,3437885081
29354,0,3043974916
29355,0,2406610979
29356,0,3201155897
29357,0,3556175340
29358,0,3341169641
29359,0,708410308
29360,0,2910770660
29361,0,2408558245
29362,0,826098312
29363,0,3035482622
29364,0,3079925239
29365,0,2407560385
29366,0,2719653357
29367,0,3310347006
29368,0,454553782
29369,0,1160316150
29370,0,3544789901
29371,0,1378208561
29372,0,2200980624
29373,0,3739431393
29374,0,2738289742
29375,0,3948888113
29376,0,412740921
29377,0,2196056934
29378,0,3602312418
29379,0,1853851543
29380,0,1328034545
29381,0,1739652874
29382,0,1919018850
29383,0,2671608996
29384,0,3666574704
29385,0,293723042
29386,0,1950635480
29387,0,555384391
29388,0,3028782318
29389,0,3864502787
29390,0,1357818376
29391,0,810742591
29392,0,2828116101
29393,0,212375141
29394,0,3538097079
29395,0,2720060509
29396,0,2915969288
29397,0,1963766431
29398,0,2293974320
29399,0,3820720894
29400,0,2909232012
29401,0,2227824743
29402,0,2171585573
29403,0,1149256400
29404,0,3616994077
29405,0,929016583
29406,0,2245683480
29407,0,3621298660
29408,0,3211543254
29409,0,3521491181
29410,0,2566668593
29411,0,194462428
29412,0,2589643898
29413,0,3664475664
29414,0,562865348
29415,0,396081038
29416,0,1277337691
29417,0,487605679
29418,0,2702196957
29419,0,2289909592
29420,0,3713219315
29421,0,4222482773
29422,0,3563592150
29423,0,1023737247
29424,0,4099855428
29425,0,4095616719
29426,0,675023660
29427,0,2187472768
29428,0,903595369
29429,0,3819878802
29430,0,2801834076
29431,0,895682937
29432,0,3721160895
29433,0,1269807762
29434,0,592001388
29435,0,2297680030
29436,0,2934789166
29437,0,2306495834
29438,0,3120554738
29439,0,4052845666
29440,0,4197504085
29441,0,4160390408
29442,0,1277231621
29443,0,3763540629
29444,0,3258941749
29445,0,1899904793
29446,0,1836436119
29447,0,1355763716
29448,0,3812499715
29449,0,3302228748
29450,0,3523316630
29451,0,2366930895
29452,0,1600014745
29453,0,1539929935
29454,0,3509917247
29455,0,229324550
29456,0,36935363
29457,0,1838291062
29458,0,4244973624
29459,0,1480753945
29460,0,202720809
29461,0,1054260321
29462,0,3255300428
29463,0,3118695483
29464,0,3858010537
29465,0,2414920553
29466,0,1680391239
29467,0,128767863
29468,0,890061590
29469,0,815167873
29470,0,191032338
29471,0,2331011874
29472,0,1964602856
29473,0,791633786
29474,0,1557126746
29475,0,1201501912
29476,0,3246804251
29477,0,209717289
29478,0,3173053323
29479,0,3379136067
29480,0,3448948979
29481,0,84980757
29482,0,1641129564
29483,0,4133197553
29484,0,339436243
29485,0,1950802563
29486,0,2865497992
29487,0,1839153238
29488,0,925733148
29489,0,616833275
29490,0,3149464150
29491,0,3850533455
29492,0,4088539754
29493,0,1763251125
29494,0,647845442
29495,0,117398888
29496,0,1192711137
29497,0,1019860
29498,0,3478885102
29499,0,499614157
29500,0,1379185010
29501,0,1195965599
29502,0,1136471730
29503,0,721988967
29504,0,270450880
29505,0,3369221283
29506,0,1736801024
29507,0,3561419058
29508,0,1182151746
29509,0,2671293341
29510,0,2686562360
29511,0,1392090699
29512,0,1193874611
29513,0,3528952812
29514,0,1181308249
29515,0,4102693944
29516,0,2980248574
29517,0,896851600
29518,0,2054664611
29519,0,70346690
29520,0,837764966
29521,0,4185822983
29522,0,1481784264
29523,0,4199399421
29524,0,4227145124
29525,0,1350009092
29526,0,2864542927
29527,0,2159431037
29528,0,1780545489
29529,0,4018625084
29530,0,2631652316
29531,0,849621260
29532,0,607683214
29533,0,3108130810
29534,0,3876815652
29535,0,2040421247
29536,0,3972899559
29537,0,1253882703
29538,0,1735622917
29539,0,4248207148
29540,0,1756311269
29541,0,587908060
29542,0,358527716
29543,0,2739421125
29544,0,849968701
29545,0,2964636106
29546,0,960439308
29547,0,1785172147
29548,0,2521181675
29549,0,748152534
29550,0,3655635184
29551,0,883692717
29552,0,1896094097
29553,0,3036565962
29554,0,2787310473
29555,0,3542565664
29556,0,1395166881
29557,0,493712447
29558,0,3467867274
29559,0,2758735867
29560,0,681901267
29561,0,1357262540
29562,0,851668531
29563,0,3215005585
29564,0,926703160
29565,0,597362917
29566,0,309771622
29567,0,2124017387
29568,0,1003456169
29569,0,2822940580
29570,0,1786603039
29571,0,291654976
29572,0,1099318661
29573,0,2950857438
29574,0,144612674
29575,0,3185617913
29576,0,3143903606
29577,0,4145298483
29578,0,1658776378
29579,0,1216833574
29580,0,368879111
29581,0,2797393337
29582,0,3178667068
29583,0,2966700996
29584,0,758590930
29585,0,3643554580
29586,0,2543587923
29587,0,2937679800
29588,0,3744200495
29589,0,2550578888
29590,0,3022831047
29591,0,1360907693
29592,0,4255852249
29593,0,3078161985
29594,0,1637670585
29595,0,3007049756
29596,0,1782236800
29597,0,1873879381
29598,0,955201432
29599,0,496454230
29600,0,1868822328
29601,0,555417786
29602,0,1619027900
29603,0,3800949095
29604,0,2323966167
29605,0,3831390232
29606,0,603190006
29607,0,3893270560
29608,0,1515860229
29609,0,2468968504
29610,0,971695055
29611,0,3623162310
29612,0,3429928736
29613,0,1862851754
29614,0,3878255204
29615,0,3302380694
29616,0,3335972148
29617,0,1417505164
29618,0,3504222314
29619,0,3434879843
29620,0,3051081195
29621,0,1086304472
29622,0,1647942346
29623,0,2105457978
29624,0,4058817174
29625,0,3530840425
29626,0,1920200037
29627,0,4097186762
29628,0,3735506381
29629,0,3569368578
29630,0,3003312066
29631,0,278976479
29632,0,2062739995
29633,0,3514999203
29634,0,862383224
29635,0,869989004
29636,0,4259501545
29637,0,1286303366
29638,0,235698523
29639,0,2781634760
29640,0,326889570
29641,0,3280428537
29642,0,792024389
29643,0,908805867
29644,0,2151103376
29645,0,2414087794
29646,0,3412288903
29647,0,1571363758
29648,0,2772466880
29649,0,4057799724
29650,0,424547584
29651,0,2787206679
29652,0,3600527270
29653,0,3465083953
29654,0,4040696438
29655,0,1715838877
29656,0,1669135750
29657,0,1698971616
29658,0,3048315196
29659,0,1415386263
29660,0,792621552
29661,0,3238014832
29662,0,1495789031
29663,0,938519274
29664,0,1997704252
29665,0,4097241526
29666,0,1778692726
29667,0,1963689523
29668,0,3161554549
29669,0,3830276842
29670,0,1242618530
29671,0,2043867648
29672,0,3587102953
29673,0,3568045952
29674,0,4275601646
29675,0,912508428
29676,0,2599308029
29677,0,629778309
29678,0,1046013977
29679,0,1210117940
29680,0,3977183031
29681,0,1877528099
29682,0,3015586709
29683,0,3428419347
29684,0,1808314510
29685,0,3337650722
29686,0,2197112
29687,0,758996975
29688,0,1591700847
29689,0,3710406166
29690,0,1236690947
29691,0,310313304
29692,0,3101390386
29693,0,364313276
29694,0,2529355340
29695,0,2339072617
29696,0,1477704737
29697,0,3580768938
29698,0,1951669719
29699,0,171852320
29700,0,2369667261
29701,0,3759245065
29702,0,3471384913
29703,0,2997744176
29704,0,2442493157
29705,0,4281450433
29706,0,3522596613
29707,0,47435470
29708,0,441211435
29709,0,2955355983
29710,0,3440592936
29711,0,651517507
29712,0,783442285
29713,0,828503138
29714,0,4066099476
29715,0,3310977320
29716,0,1524861270
29717,0,1390594802
29718,0,2083351212
29719,0,4268277776
29720,0,725407621
29721,0,2286535427
29722,0,3038157303
29723,0,2736854659
29724,0,3218602267
29725,0,1583584577
29726,0,3049244580
29727,0,3827777825
29728,0,2356118304
29729,0,4252768645
29730,0,3084669635
29731,0,2365697057
29732,0,2822757379
29733,0,609037916
29734,0,2975546751
29735,0,140670629
29736,0,2422753854
29737,0,3168211849
29738,0,2321909658
29739,0,1749909745
29740,0,3525990360
29741,0,2196925872
29742,0,667240530
29743,0,1462151573
29744,0,3231538047
29745,0,363028038
29746,0,3005189907
29747,0,490996685
29748,0,981485363
29749,0,2124545536
29750,0,1834617008
29751,0,2781858902
29752,0,3571543284
29753,0,3599604011
29754,0,3501306911
29755,0,544655302
29756,0,3913354145
29757,0,3466377435
29758,0,1769568024
29759,0,3033583221
29760,0,1456135067
29761,0,3129873831
29762,0,2137259770
29763,0,388721188
29764,0,932525427
29765,0,3059261486
29766,0,3925545216
29767,0,4038183245
29768,0,4204379553
29769,0,1754439127
29770,0,1579444259
29771,0,3073136595
29772,0,2266172984
29773,0,1012651794
29774,0,2442083726
29775,0,2984645809
29776,0,493988905
29777,0,912757299
29778,0,1075024963
29779,0,1642482894
29780,0,2810496721
29781,0,3565278910
29782,0,614093621
29783,0,2976140587
29784,0,552015915
29785,0,3215008410
29786,0,3854025475
29787,0,2804027624
29788,0,1121135767
29789,0,3480893911
29790,0,2152932119
29791,0,1644663023
29792,0,2472354978
29793,0,3471218566
29794,0,2665310253
29795,0,1220733409
29796,0,2854658270
29797,0,3113658304
29798,0,3233595287
29799,0,3196121648
29800,0,3088246835
29801,0,1200336281
29802,0,1965687845
29803,0,2155438258
29804,0,562144805
29805,0,3185876071
29806,0,3815047475
29807,0,724259538
29808,0,1868005162
29809,0,2533200147
29810,0,3206778108
29811,0,422649826
29812,0,1667568132
29813,0,3852181590
29814,0,2746497886
29815,0,3206729489
29816,0,1054020177
29817,0,3485114301
29818,0,367215355
29819,0,3393165445
29820,0,483108434
29821,0,1748736018
29822,0,2080597070
29823,0,31403371
29824,0,1023348361
29825,0,2028356574
29826,0,2737219984
29827,0,3028730330
29828,0,4211820292
29829,0,4003090641
29830,0,881094833
29831,0,3906188024
29832,0,1326664318
29833,0,3989812048
29834,0,1863478978
29835,0,2072890183
29836,0,2655784085
29837,0,3825912890
29838,0,204967292
29839,0,1318454704
29840,0,1244141216
29841,0,1467640094
29842,0,1366106738
29843,0,1363149955
29844,0,1809432843
29845,0,753505815
29846,0,3678689602
29847,0,1575624692
29848,0,3699806014
29849,0,2705881166
29850,0,1719403182
29851,0,589268730
29852,0,2882882650
29853,0,1235198933
29854,0,21952967
29855,0,280537468
29856,0,3077725527
29857,0,1740678235
29858,0,439632446
29859,0,3691686887
29860,0,2813846748
29861,0,1051025418
29862,0,3324592728
29863,0,572823625
29864,0,2492595007
29865,0,3577714244
29866,0,3642208863
29867,0,3302292433
29868,0,779105990
29869,0,1035251922
29870,0,3732538789
29871,0,1192473218
29872,0,423538243
29873,0,1378070328
29874,0,3746768794
29875,0,3483857674
29876,0,419585737
29877,0,162636580
29878,0,2272429070
29879,0,697749783
29880,0,2235388269
29881,0,3440130629
29882,0,47403911
29883,0,2094234902
29884,0,2101813614
29885,0,3024033467
29886,0,2346968111
29887,0,464096284
29888,0,1402353312
29889,0,1024326689
29890,0,3552195013
29891,0,635026308
29892,0,1200580816
29893,0,4164062938
29894,0,2497372142
29895,0,734558173
29896,0,2202758596
29897,0,813747485
29898,0,223102988
29899,0,234671978
29900,0,371812642
29901,0,1521197092
29902,0,4215920915
29903,0,3440442854
29904,0,2267464368
29905,0,2976730120
29906,0,90460094
29907,0,518715159
29908,0,1091491187
29909,0,4022332611
29910,0,1456947152
29911,0,2491518854
29912,0,189971198
29913,0,3718761464
29914,0,3217287956
29915,0,2524988100
29916,0,1170815144
29917,0,962408710
29918,0,1892313528
29919,0,2186518406
29920,0,3318205879
29921,0,2992063087
29922,0,424370978
29923,0,3503042325
29924,0,4042921410
29925,0,4194537603
29926,0,2321884618
29927,0,4115801636
29928,0,2202608399
29929,0,1111131131
29930,0,1526247929
29931,0,3559998682
29932,0,1776626543
29933,0,1570572363
29934,0,1846990369
29935,0,780608840
29936,0,2414234559
29937,0,2493552151
29938,0,1243910630
29939,0,3676274858
29940,0,1246785743
29941,0,3447713675
29942,0,559705676
29943,0,1042462918
29944,0,1316210491
29945,0,3825414737
29946,0,3412278741
29947,0,937475225
29948,0,771889312
29949,0,3486772043
29950,0,3856699606
29951,0,146755147
29952,0,2620110416
29953,0,3067717408
29954,0,3313574398
29955,0,3597448449
29956,0,1499076999
29957,0,1463050994
29958,0,3055789991
29959,0,2553544524
29960,0,479959169
29961,0,2667210692
29962,0,2454935141
29963,0,3949907818
29964,0,1659982667
29965,0,1536882663
29966,0,2846146516
29967,0,4120526747
29968,0,4283028303
29969,0,1630169663
29970,0,2715688233
29971,0,756715156
29972,0,3855494896
29973,0,571990520
29974,0,456741740
29975,0,466465542
29976,0,403283920
29977,0,1434636041
29978,0,2149502520
29979,0,1659222100
29980,0,1745159875
29981,0,3548206861
29982,0,1241887651
29983,0,1917067003
29984,0,3271278838
29985,0,3863932164
29986,0,1176530579
29987,0,901203498
29988,0,1933540083
29989,0,273403043
29990,0,1378652620
29991,0,3267053830
29992,0,3638576555
29993,0,3674013089
29994,0,3965132709
29995,0,4225021684
29996,0,3427405393
29997,0,1032682161
29998,0,3384371292
29999,0,1927404197
30000,0,2132709791
30001,0,143246889
30002,0,970145775
30003,0,2616258552
30004,0,1207579423
30005,0,849586611
30006,0,3039339865
30007,0,2449041048
30008,0,409811373
30009,0,1413482017
30010,0,3288694787
30011,0,4106132001
30012,0,3635384924
30013,0,1986323182
30014,0,2903746994
30015,0,3700765088
30016,0,2997560480
30017,0,299284575
30018,0,494558481
30019,0,2379389405
30020,0,63144841
30021,0,98685008
30022,0,3264363269
30023,0,1000990332
30024,0,3953843247
30025,0,3049513784
30026,0,4248074922
30027,0,1044476122
30028,0,454895127
30029,0,1143777016
30030,0,3465158305
30031,0,647068110
30032,0,1019158106
30033,0,837946848
30034,0,2038992167
30035,0,1839693585
30036,0,3404126291
30037,0,746234885
30038,0,1740453752
30039,0,3944263153
30040,0,712550114
30041,0,3929788336
30042,0,3934080150
30043,0,1041891649
30044,0,3094467928
30045,0,3649573525
30046,0,2692821112
30047,0,1463817439
30048,0,4003469426
30049,0,1483471365
30050,0,3259136912
30051,0,725064712
30052,0,3462986291
30053,0,4109411876
30054,0,3871248894
30055,0,2762488958
30056,0,3352432717
30057,0,1051043488
30058,0,3293417624
30059,0,3180059991
30060,0,34248359
30061,0,1259702216
30062,0,2255732222
30063,0,3360466456
30064,0,3447620543
30065,0,3156527707
30066,0,2291705196
30067,0,446170550
30068,0,1610079361
30069,0,680687858
30070,0,2517462452
30071,0,1288043849
30072,0,2667068191
30073,0,2867424658
30074,0,1815521759
30075,0,2561654393
30076,0,2205520105
30077,0,477996029
30078,0,2823334012
30079,0,363441471
30080,0,2473516696
30081,0,1594008070
30082,0,1661899591
30083,0,2644727156
30084,0,381186226
30085,0,225026117
30086,0,356680277
30087,0,3825736433
30088,0,228549146
30089,0,3663072372
30090,0,1623765656
30091,0,2783622005
30092,0,2198420567
30093,0,888294614
30094,0,3497983522
30095,0,4176315935
30096,0,1306919688
30097,0,1030749355
30098,0,2644854550
30099,0,2645830421
30100,0,33974462
30101,0,757606902
30102,0,717832797
30103,0,1390313628
30104,0,3680861882
30105,0,3807549571
30106,0,2377559602
30107,0,1449689930
30108,0,2252204298
30109,0,1485448196
30110,0,2640308769
30111,0,1667547052
30112,0,1723464036
30113,0,1799348334
30114,0,1904153879
30115,0,3899270105
30116,0,775679985
30117,0,729359475
30118,0,4045353608
30119,0,4270398671
30120,0,2130893479
30121,0,2928883980
30122,0,4293486453
30123,0,3019010102
30124,0,1131222860
30125,0,3508016718
30126,0,2850442086
30127,0,1910366019
30128,0,2358153593
30129,0,2324847369
30130,0,4287653360
30131,0,2532151431
30132,0,3142663641
30133,0,27272748
30134,0,2849060702
30135,0,1751951523
30136,0,1382970879
30137,0,116042103
30138,0,726168117
30139,0,2228672242
30140,0,2669643574
30141,0,2430036362
30142,0,3240425561
30143,0,2614173326
30144,0,729681366
30145,0,2991828532
30146,0,893186622
30147,0,3289880547
30148,0,3952508502
30149,0,2949194616
30150,0,4285182923
30151,0,2338549506
30152,0,921228323
30153,0,2717442229
30154,0,3003906
30155,0,3881084404
30156,0,245996577
30157,0,2560226391
30158,0,1685826718
30159,0,753199402
30160,0,2315241610
30161,0,1832431453
30162,0,1656051124
30163,0,3363145493
30164,0,1786015902
30165,0,1755289357
30166,0,3585162354
30167,0,3051333837
30168,0,1476607342
30169,0,3396515225
30170,0,83535065
30171,0,1549021641
30172,0,2546131743
30173,0,3213737775
30174,0,90388603
30175,0,803291373
30176,0,4167074163
30177,0,3785113556
30178,0,2864123911
30179,0,1582129116
30180,0,1130497511
30181,0,2013422856
30182,0,2697761913
30183,0,2050360920
30184,0,3847634918
30185,0,2012690643
30186,0,2370765829
30187,0,3560820386
30188,0,3504255638
30189,0,3607251920
30190,0,1366858092
30191,0,150089862
30192,0,2461542679
30193,0,1691015578
30194,0,3234417318
30195,0,3659674472
30196,0,362861743
30197,0,3918747029
30198,0,3877057701
30199,0,837884132
30200,0,1331667922
30201,0,3750917696
30202,0,3122520909
30203,0,3371978391
30204,0,1694453248
30205,0,719199103
30206,0,3749739335
30207,0,3455489363
30208,0,3753748619
30209,0,1060324989
30210,0,2825223651
30211,0,4244299759
30212,0,1206575596
30213,0,1631251687
30214,0,2825143348
30215,0,1018715365
30216,0,3552053655
30217,0,2212141714
30218,0,3248416790
30219,0,2400775512
30220,0,3301385249
30221,0,673289216
30222,0,1318237008
30223,0,133126828
30224,0,2079273681
30225,0,723443051
30226,0,3872088946
30227,0,3725173280
30228,0,2750887878
30229,0,3841293665
30230,0,544629101
30231,0,1731026752
30232,0,1415716194
30233,0,3993273893
30234,0,2797810149
30235,0,3741434586
30236,0,201645975
30237,0,1765341676
30238,0,3064799022
30239,0,3159516362
30240,0,3919628623
30241,0,3785584747
30242,0,2053414972
30243,0,571061933
30244,0,2405401763
30245,0,2259727238
30246,0,2294761254
30247,0,1683313111
30248,0,60099296
30249,0,4225903364
30250,0,1859943653
30251,0,3377800421
30252,0,3573543457
30253,0,2109942012
30254,0,55064274
30255,0,3084711803
30256,0,256114594
30257,0,1715960025
30258,0,2732561047
30259,0,1093009649
30260,0,2788453837
30261,0,1513544043
30262,0,2724513062
30263,0,1656950918
30264,0,447335695
30265,0,1108323819
30266,0,1105219698
30267,0,908625189
30268,0,4144691715
30269,0,2702379750
30270,0,3384472289
30271,0,1798683474
30272,0,2282787414
30273,0,3508138011
30274,0,205919574
30275,0,326825504
30276,0,4200910623
30277,0,325371228
30278,0,4063172571
30279,0,173771153
30280,0,375066757
30281,0,4248493728
30282,0,2067740471
30283,0,652911291
30284,0,620922693
30285,0,3366562736
30286,0,1176862399
30287,0,3618611846
30288,0,1544625241
30289,0,2363126036
30290,0,2649398632
30291,0,112767787
30292,0,191280101
30293,0,2119553128
30294,0,1330576068
30295,0,2463132463
30296,0,1762482773
30297,0,2327115190
30298,0,2487601495
30299,0,2156446688
30300,0,2254798042
30301,0,372976773
30302,0,115154768
30303,0,64943275
30304,0,1949613006
30305,0,2330740584
30306,0,1110018920
30307,0,466807690
30308,0,2463273915
30309,0,3558338249
30310,0,269852654
30311,0,3739864410
30312,0,253567387
30313,0,3471611276
30314,0,3623505890
30315,0,1590582465
30316,0,1066466090
30317,0,1044431184
30318,0,3945832133
30319,0,3856667793
30320,0,154837544
30321,0,4069400183
30322,0,425475127
30323,0,1166604314
30324,0,200883903
30325,0,2851593640
30326,0,438068649
30327,0,1133039965
30328,0,1841884172
30329,0,2036584744
30330,0,1805435371
30331,0,2275073883
30332,0,1380711683
30333,0,2426074422
30334,0,162928424
30335,0,2705138337
30336,0,542740707
30337,0,1526383073
30338,0,1511715010
30339,0,2220157603
30340,0,957366851
30341,0,442459919
30342,0,560035408
30343,0,4207231269
30344,0,249086709
30345,0,3326828406
30346,0,421330212
30347,0,1371533688
30348,0,1568960688
30349,0,2714842713
30350,0,1683025748
30351,0,1324360361
30352,0,503437467
30353,0,2269636690
30354,0,872365044
30355,0,1153165108
30356,0,871503962
30357,0,1876255974
30358,0,2859560194
30359,0,2113713066
30360,0,2595834798
30361,0,3394673480
30362,0,1053650231
30363,0,4262679746
30364,0,98602599
30365,0,2443242065
30366,0,297470116
30367,0,1700376211
30368,0,1106721814
30369,0,1757432492
30370,0,1395308198
30371,0,3123773305
30372,0,506347350
30373,0,3780568372
30374,0,2214527564
30375,0,358662519
30376,0,2760564176
30377,0,421849928
30378,0,234390702
30379,0,2965637400
30380,0,218442891
30381,0,3122069729
30382,0,459977060
30383,0,3850694439
30384,0,1952862711
30385,0,1967470011
30386,0,2914366466
30387,0,2106247832
30388,0,3219310196
30389,0,44730786
30390,0,541257165
30391,0,3264550192
30392,0,1717010441
30393,0,1552650082
30394,0,2174542833
30395,0,2713414912
30396,0,1333422765
30397,0,1205255418
30398,0,2575249182
30399,0,4010212176
30400,0,497622853
30401,0,4134907077
30402,0,1044941651
30403,0,3413992578
30404,0,2588932596
30405,0,3411550924
30406,0,792292556
30407,0,1455250972
30408,0,1386919107
30409,0,2187857306
30410,0,4172972695
30411,0,3052333699
30412,0,2137613660
30413,0,731601693
30414,0,1608759105
30415,0,142342980
30416,0,2507889005
30417,0,881217158
30418,0,1468593549
30419,0,1847022385
30420,0,173477929
30421,0,3793404928
30422,0,3922309357
30423,0,626761703
30424,0,2186134068
30425,0,2069936401
30426,0,3826731312
30427,0,2870524584
30428,0,905016654
30429,0,1884267682
30430,0,531595055
30431,0,4178970186
30432,0,36965893
30433,0,4251521055
30434,0,842623722
30435,0,4091579992
30436,0,2807305965
30437,0,2495422729
30438,0,589246887
30439,0,1616762226
30440,0,2223831403
30441,0,1871905755
30442,0,4075086287
30443,0,3044795009
30444,0,3965674644
30445,0,426867378
30446,0,4072871297
30447,0,2652687032
30448,0,3996314301
30449,0,3754390255
30450,0,46911074
30451,0,468832193
30452,0,1664493157
30453,0,1486907032
30454,0,3659192449
30455,0,2690496644
30456,0,4276836194
30457,0,351072577
30458,0,3528855619
30459,0,462517740
30460,0,2427519034
30461,0,2792690753
30462,0,2606494175
30463,0,1231818383
30464,0,3265646516
30465,0,289223101
30466,0,1448316216
30467,0,3647424130
30468,0,123000185
30469,0,579652356
30470,0,3329149106
30471,0,4033373902
30472,0,1787480662
30473,0,1271031158
30474,0,3942153920
30475,0,1092716112
30476,0,1285319173
30477,0,4199151499
30478,0,1403408183
30479,0,3529285879
30480,0,2383288598
30481,0,3904049024
30482,0,2703896321
30483,0,2105922020
30484,0,815756600
30485,0,423321252
30486,0,789781939
30487,0,3624806337
30488,0,2184658682
30489,0,3638676942
30490,0,3394752802
30491,0,1040362107
30492,0,49415293
30493,0,231550243
30494,0,2773105655
30495,0,2762078029
30496,0,3544930121
30497,0,2380748952
30498,0,3094943650
30499,0,3408807524
30500,0,2142909749
30501,0,445497051
30502,0,126322288
30503,0,511067988
30504,0,84488026
30505,0,1018010187
30506,0,1936919193
30507,0,1445221033
30508,0,1381142193
30509,0,1930510611
30510,0,1028824522
30511,0,3013000543
30512,0,3817899873
30513,0,2632385855
30514,0,4099651839
30515,0,3955700477
30516,0,3196719633
30517,0,1707197141
30518,0,4008890136
30519,0,1428358800
30520,0,2345832808
30521,0,3858780023
30522,0,305514624
30523,0,3482730322
30524,0,133371628
30525,0,3237620507
30526,0,918041399
30527,0,721920088
30528,0,4231068586
30529,0,2348583688
30530,0,1227705990
30531,0,4282524152
30532,0,3570594950
30533,0,3255584071
30534,0,506757813
30535,0,1110365444
30536,0,2303537443
30537,0,3259077751
30538,0,3912142352
30539,0,629071526
30540,0,736518035
30541,0,3801988281
30542,0,4099699132
30543,0,923950505
30544,0,3897507002
30545,0,4107735446
30546,0,3395192420
30547,0,1221815949
30548,0,2237226380
30549,0,1945753080
30550,0,1637407291
30551,0,556756436
30552,0,1579481182
30553,0,3838067177
30554,0,4090733877
30555,0,1776129903
30556,0,3174253591
30557,0,1669863215
30558,0,1289041081
30559,0,2718847640
30560,0,1676783734
30561,0,3927182249
30562,0,121822521
30563,0,3227499051
30564,0,3561157990
30565,0,3609227825
30566,0,4121030338
30567,0,3342898494
30568,0,1761658477
30569,0,1214681067
30570,0,2867840998
30571,0,276230927
30572,0,217707652
30573,0,2135219120
30574,0,1650957449
30575,0,2938665522
30576,0,2913151653
30577,0,3590993182
30578,0,2241729546
30579,0,2767292197
30580,0,381208783
30581,0,4219784447
30582,0,561554354
30583,0,2496782229
30584,0,1262889092
30585,0,1149966927
30586,0,3751795822
30587,0,2790507143
30588,0,510328134
30589,0,2038540615
30590,0,3649342835
30591,0,1299441062
30592,0,4111494735
30593,0,3823613507
30594,0,2966701652
30595,0,1002803515
30596,0,3048475786
30597,0,2962195864
30598,0,1202197830
30599,0,3843952390
30600,0,3139793497
30601,0,3097838894
30602,0,269560046
30603,0,2492645224
30604,0,2894332983
30605,0,2891756790
30606,0,1653562231
30607,0,3051229031
30608,0,4066933438
30609,0,1523007489
30610,0,3927971106
30611,0,4160752992
30612,0,3424798582
30613,0,492070672
30614,0,2809386667
30615,0,1769854840
30616,0,2714069137
30617,0,2520682938
30618,0,3308749950
30619,0,2192804578
30620,0,2384056757
30621,0,835346402
30622,0,1022524889
30623,0,442887133
30624,0,1155338770
30625,0,897256189
30626,0,3501497615
30627,0,566152229
30628,0,4286060344
30629,0,1316116247
30630,0,2525372095
30631,0,4285224695
30632,0,587889037
30633,0,3947240848
30634,0,913650858
30635,0,2363991962
30636,0,2056235408
30637,0,2013276046
30638,0,3804948278
30639,0,2074311712
30640,0,2429136979
30641,0,2125718898
30642,0,1101605884
30643,0,4261784439
30644,0,637974146
30645,0,3926348745
30646,0,263195958
30647,0,3436154269
30648,0,2465879875
30649,0,3663278602
30650,0,2132380870
30651,0,2662079302
30652,0,2774425892
30653,0,1176528569
30654,0,337320834
30655,0,2584176343
30656,0,1484416214
30657,0,2297789030
30658,0,3498876666
30659,0,690754867
30660,0,3670949430
30661,0,3155617522
30662,0,2044347478
30663,0,457376574
30664,0,532359980
30665,0,554458659
30666,0,4089775015
30667,0,629704095
30668,0,2455019330
30669,0,908536860
30670,0,2805758990
30671,0,1057530448
30672,0,1125403089
30673,0,2414842886
30674,0,3498196113
30675,0,1964684345
30676,0,1345141527
30677,0,515618480
30678,0,1709036102
30679,0,758828044
30680,0,3822435441
30681,0,3744300508
30682,0,1649309559
30683,0,951641543
30684,0,2751655719
30685,0,3307735380
30686,0,1147109877
30687,0,944636773
30688,0,4235801076
30689,0,2461812279
30690,0,1429195338
30691,0,549278553
30692,0,3490771058
30693,0,230963421
30694,0,3508825074
30695,0,3608854079
30696,0,2608780401
30697,0,2146059689
30698,0,3702570694
30699,0,2792060210
30700,0,3513220052
30701,0,4255219610
30702,0,2551742675
30703,0,2287353490
30704,0,3205460816
30705,0,2110662562
30706,0,2659015903
30707,0,2301780908
30708,0,1840750831
30709,0,2901117818
30710,0,1829769912
30711,0,2275640955
30712,0,452928621
30713,0,808292820
30714,0,3237825343
30715,0,1523147186
30716,0,2837201773
30717,0,256870773
30718,0,843816677
30719,0,1937038318
30720,0,2975790716
30721,0,2646177588
30722,0,3635052027
30723,0,1975490641
30724,0,1342872171
30725,0,1807254216
30726,0,131487800
30727,0,1459024976
30728,0,2280308142
30729,0,3686639009
30730,0,2386556549
30731,0,1828892850
30732,0,1502169656
30733,0,1761622463
30734,0,2831825444
30735,0,509047171
30736,0,4236926896
30737,0,1492944334
30738,0,3235978348
30739,0,2398181018
30740,0,543872491
30741,0,539400320
30742,0,2515190395
30743,0,2031964553
30744,0,3064929279
30745,0,4023055351
30746,0,2268933773
30747,0,2139054235
30748,0,4276448397
30749,0,1038631895
30750,0,2277874398
30751,0,2807452337
30752,0,3439903249
30753,0,2082184756
30754,0,4101907098
30755,0,897723148
30756,0,1821506781
30757,0,843374168
30758,0,2558450047
30759,0,695337527
30760,0,1336804109
30761,0,1983084970
30762,0,968921097
30763,0,1408571593
30764,0,3982776159
30765,0,2524911512
30766,0,3842610718
30767,0,781025947
30768,0,1158353780
30769,0,3419772934
30770,0,1652156908
30771,0,3083636622
30772,0,3784756880
30773,0,819889394
30774,0,3897962130
30775,0,2634773072
30776,0,2606790128
30777,0,773446911
30778,0,2772496828
30779,0,3583159527
30780,0,2177863904
30781,0,161908777
30782,0,3436923768
30783,0,322383330
30784,0,2528588859
30785,0,1983768643
30786,0,2911393529
30787,0,1303613202
30788,0,3060528762
30789,0,3695089448
30790,0,3584661733
30791,0,807156831
30792,0,1164408084
30793,0,3547446838
30794,0,1918271949
30795,0,4018237370
30796,0,2361368225
30797,0,2451284884
30798,0,725828768
30799,0,960220203
30800,0,1466893044
30801,0,1359672556
30802,0,4252571591
30803,0,800233703
30804,0,3915813040
30805,0,1432431624
30806,0,1826790264
30807,0,3460109182
30808,0,3859697591
30809,0,3505369387
30810,0,4287794062
30811,0,1921024799
30812,0,1049173934
30813,0,3001479952
30814,0,4229721874
30815,0,1312614989
30816,0,3184614679
30817,0,1477260270
30818,0,811669014
30819,0,1188575143
30820,0,1169293713
30821,0,3045345649
30822,0,2850329508
30823,0,1234289644
30824,0,1281562714
30825,0,3261182510
30826,0,1889865660
30827,0,4212000181
30828,0,1286583625
30829,0,4208967946
30830,0,1563332309
30831,0,309951823
30832,0,2277570375
30833,0,3156418995
30834,0,3669007001
30835,0,4120384360
30836,0,156793554
30837,0,3326411699
30838,0,2690205162
30839,0,2490135192
30840,0,1573949287
30841,0,3417663065
30842,0,2293287206
30843,0,2736553068
30844,0,3198987940
30845,0,1149196312
30846,0,1090386790
30847,0,230281582
30848,0,1403152927
30849,0,3268487311
30850,0,534238863
30851,0,1171178892
30852,0,849243475
30853,0,431631337
30854,0,3290666186
30855,0,1642823031
30856,0,3338064117
30857,0,2179444385
30858,0,4064617400
30859,0,2423463041
30860,0,2408311664
30861,0,2924991042
30862,0,3622351341
30863,0,4219163111
30864,0,3115897284
30865,0,3548381316
30866,0,2710421708
30867,0,723373254
30868,0,3257791748
30869,0,3978568450
30870,0,1104061344
30871,0,585615069
30872,0,2646438819
30873,0,1256735399
30874,0,355269849
30875,0,3695487426
30876,0,1726309116
30877,0,2649387905
30878,0,2698867660
30879,0,3661260638
30880,0,1290562294
30881,0,4159410127
30882,0,1146598406
30883,0,3895623885
30884,0,3175409624
30885,0,373364711
30886,0,2734709401
30887,0,2721511600
30888,0,3644326432
30889,0,4143037790
30890,0,3927548819
30891,0,320747622
30892,0,1447092111
30893,0,4220662711
30894,0,24454629
30895,0,485701409
30896,0,955412330
30897,0,3606948165
30898,0,426913103
30899,0,3349645154
30900,0,3727705127
30901,0,2957533
30902,0,585927174
30903,0,3324930512
30904,0,1771693850
30905,0,4197136711
30906,0,1030844166
30907,0,44387982
30908,0,3320823220
30909,0,2038282136
30910,0,1045748671
30911,0,21908718
30912,0,2165084792
30913,0,2066800889
30914,0,2194775726
30915,0,2441397164
30916,0,937012692
30917,0,1309061189
30918,0,2579878914
30919,0,1274360224
30920,0,1441378112
30921,0,1613920064
30922,0,4120274317
30923,0,501021406
30924,0,3530033213
30925,0,3197628618
30926,0,1365016877
30927,0,3998315441
30928,0,3301001186
30929,0,1804815996
30930,0,1237656850
30931,0,1099261825
30932,0,1137907291
30933,0,34913335
30934,0,667994430
30935,0,3759529701
30936,0,585315105
30937,0,3563134242
30938,0,258080448
30939,0,663041308
30940,0,2784511087
30941,0,63678581
30942,0,2925744631
30943,0,1340582137
30944,0,3856819493
30945,0,2174001478
30946,0,2721126552
30947,0,2775144745
30948,0,1204551663
30949,0,1056341364
30950,0,3662167768
30951,0,1878610481
30952,0,4065676590
30953,0,635746838
30954,0,3865201637
30955,0,1288253738
30956,0,929353692
30957,0,2105281267
30958,0,2019592354
30959,0,1206615832
30960,0,688195740
30961,0,2328845943
30962,0,1093685271
30963,0,761275470
30964,0,349693946
30965,0,3979521582
30966,0,2786162933
30967,0,2835092018
30968,0,2113055375
30969,0,1019774238
30970,0,2701211211
30971,0,2127208527
30972,0,1923739886
30973,0,3661021236
30974,0,1144546476
30975,0,1561714618
30976,0,3149129683
30977,0,779446935
30978,0,3890129796
30979,0,1734895795
30980,0,632917004
30981,0,2469970960
30982,0,4243241069
30983,0,3608084062
30984,0,274890172
30985,0,2775554198
30986,0,2580743848
30987,0,3653844811
30988,0,975448891
30989,0,1461815258
30990,0,2625925847
30991,0,1225649336
30992,0,1741178965
30993,0,3063495092
30994,0,2756828419
30995,0,1641000347
30996,0,468480773
30997,0,606052771
30998,0,3579748214
30999,0,3501971950
31000,0,3679439245
31001,0,1840344818
31002,0,1301206629
31003,0,2131068228
31004,0,973156562
31005,0,2675221823
31006,0,1908103702
31007,0,1170962986
31008,0,2068562637
31009,0,1633553348
31010,0,2768085303
31011,0,196239898
31012,0,3117497762
31013,0,1388535952
31014,0,3841884408
31015,0,2832386952
31016,0,3319126137
31017,0,2776769940
31018,0,3341448332
31019,0,3201153649
31020,0,972048560
31021,0,741099683
31022,0,37174751
31023,0,1410944057
31024,0,3461614646
31025,0,3046084671
31026,0,3061984411
31027,0,2436339571
31028,0,417404287
31029,0,1939071832
31030,0,4041502756
31031,0,2734237140
31032,0,1312766037
31033,0,2408338735
31034,0,2686402779
31035,0,1216651257
31036,0,3020004036
31037,0,1819440232
31038,0,2098448375
31039,0,3091825953
31040,0,786574436
31041,0,113091507
31042,0,3954753558
31043,0,2230665387
31044,0,2967924155
31045,0,3345406323
31046,0,2505989559
31047,0,2214251171
31048,0,2406889844
31049,0,1129002584
31050,0,2508502936
31051,0,1837199939
31052,0,988759879
31053,0,2466121412
31054,0,385045815
31055,0,4142196925
31056,0,362599876
31057,0,1806063766
31058,0,3056456012
31059,0,2358165134
31060,0,817182465
31061,0,1560205643
31062,0,2099818144
31063,0,2003812638
31064,0,1724158392
31065,0,1787728865
31066,0,2796493976
31067,0,3803971270
31068,0,822967959
31069,0,1160113912
31070,0,3886596645
31071,0,40871859
31072,0,632169247
31073,0,3631992025
31074,0,2650224905
31075,0,538093602
31076,0,3620505481
31077,0,2693596919
31078,0,170867998
31079,0,1545466072
31080,0,2731981499
31081,0,3317559067
31082,0,1938347444
31083,0,1324500043
31084,0,3374303670
31085,0,889923042
31086,0,1734273561
31087,0,4189025783
31088,0,4112667039
31089,0,1563176183
31090,0,3471226222
31091,0,287592491
31092,0,4279159515
31093,0,3974268881
31094,0,1057473149
31095,0,776485625
31096,0,200720434
31097,0,2918043786
31098,0,3899651572
31099,0,3439242524
31100,0,855185394
31101,0,283943377
31102,0,504280314
31103,0,3668150002
31104,0,3408774696
31105,0,251069532
31106,0,568500002
31107,0,853156353
31108,0,2782728396
31109,0,4283889390
31110,0,284156747
31111,0,2086163464
31112,0,2918482916
31113,0,2357967136
31114,0,2388089367
31115,0,3349453629
31116,0,3433118428
31117,0,2493721345
31118,0,3383562208
31119,0,1651917512
31120,0,4023249983
31121,0,453936730
31122,0,3010581688
31123,0,3040123179
31124,0,3828133443
31125,0,1299849361
31126,0,610828421
31127,0,3145690521
31128,0,2403383583
31129,0,2483138798
31130,0,3784842720
31131,0,2796155570
31132,0,2264934253
31133,0,4266989051
31134,0,3248564814
31135,0,2046533498
31136,0,1217369200
31137,0,4198033264
31138,0,1006901115
31139,0,1670261198
31140,0,1883301941
31141,0,3314134102
31142,0,4032929463
31143,0,3042243308
31144,0,1243974248
31145,0,2524318812
31146,0,2823377890
31147,0,3298758136
31148,0,2166616680
31149,0,314521151
31150,0,2070752355
31151,0,46481779
31152,0,4152751302
31153,0,1790908744
31154,0,3143495139
31155,0,3671088371
31156,0,4169457364
31157,0,143884315
31158,0,1787516467
31159,0,166458549
31160,0,2563804779
31161,0,2863199813
31162,0,945914581
31163,0,257949640
31164,0,3832968443
31165,0,2009673839
31166,0,1767631149
31167,0,2612404562
31168,0,1731746612
31169,0,3884142203
31170,0,1203847933
31171,0,2621731698
31172,0,1466791559
31173,0,3456147833
31174,0,2681364910
31175,0,2938029053
31176,0,2605339117
31177,0,4286886806
31178,0,1463724749
31179,0,3465425982
31180,0,154662778
31181,0,213999190
31182,0,3329898419
31183,0,2433673557
31184,0,3366553511
31185,0,4093536937
31186,0,3955354236
31187,0,122562139
31188,0,3005338809
31189,0,3210787874
31190,0,3027346000
31191,0,2269621229
31192,0,897346800
31193,0,2762219681
31194,0,917639129
31195,0,2657852381
31196,0,1327097845
31197,0,252231366
31198,0,48113518
31199,0,4393623
31200,0,1126865407
31201,0,314265429
31202,0,292261213
31203,0,2026093213
31204,0,4254316533
31205,0,3871808035
31206,0,3052168354
31207,0,377437150
31208,0,3516197084
31209,0,3714489851
31210,0,3588663415
31211,0,501303395
31212,0,2840293557
31213,0,753651835
31214,0,2323118633
31215,0,3547264688
31216,0,3131506156
31217,0,3329401665
31218,0,3510862796
31219,0,2255501681
31220,0,2861916702
31221,0,3691155413
31222,0,854936585
31223,0,4126152659
31224,0,374048406
31225,0,3048722074
31226,0,3237068200
31227,0,534513482
31228,0,2039747280
31229,0,2181269975
31230,0,2484803883
31231,0,285103156
31232,0,4065837884
31233,0,1278771876
31234,0,3521756882
31235,0,541209771
31236,0,3158024128
31237,0,935132161
31238,0,2947386367
31239,0,3298752086
31240,0,1356027132
31241,0,1943401114
31242,0,2103205753
31243,0,550731808
31244,0,1243783467
31245,0,3741190952
31246,0,3975911493
31247,0,1637711932
31248,0,3805771473
31249,0,2376550967
31250,0,4174549159
31251,0,4060257604
31252,0,2497970097
31253,0,2309025115
31254,0,359869598
31255,0,1828342062
31256,0,2653742049
31257,0,1212718057
31258,0,1032280083
31259,0,103758193
31260,0,3240908753
31261,0,823924090
31262,0,3318913219
31263,0,1335674726
31264,0,964556574
31265,0,1951461105
31266,0,1481751798
31267,0,2519083313
31268,0,855914129
31269,0,253739834
31270,0,409462854
31271,0,1216611537
31272,0,3419822878
31273,0,369554372
31274,0,3351046299
31275,0,257629260
31276,0,4136103557
31277,0,1639853806
31278,0,672409407
31279,0,847362438
31280,0,3013480606
31281,0,1076945752
31282,0,3609355221
31283,0,4031332697
31284,0,3559104616
31285,0,2784034719
31286,0,4201320798
31287,0,2421371582
31288,0,915783228
31289,0,2870848565
31290,0,3455806584
31291,0,2935206914
31292,0,3590365019
31293,0,2023237742
31294,0,3475964452
31295,0,3256428465
31296,0,3377868602
31297,0,2593932578
31298,0,1429834750
31299,0,3968418429
31300,0,1544979422
31301,0,30259432
31302,0,1825346432
31303,0,690059038
31304,0,4287900447
31305,0,604584676
31306,0,1776472718
31307,0,1171415479
31308,0,896806373
31309,0,2849138081
31310,0,1235277138
31311,0,844965431
31312,0,1172972090
31313,0,872497004
31314,0,1853515226
31315,0,2062001146
31316,0,1569469046
31317,0,2744216951
31318,0,1237747560
31319,0,3159536733
31320,0,2985641745
31321,0,1006246106
31322,0,1691218410
31323,0,2230013650
31324,0,1260286218
31325,0,584122677
31326,0,1543743886
31327,0,259907575
31328,0,619697014
31329,0,246348534
31330,0,4026143694
31331,0,502473967
31332,0,1420948312
31333,0,830603413
31334,0,1132696573
31335,0,242830179
31336,0,3316786633
31337,0,2690903244
31338,0,1656374289
31339,0,1832276141
31340,0,1129825468
31341,0,3284349660
31342,0,377807376
31343,0,3524413715
31344,0,4248630763
31345,0,330637643
31346,0,1142901285
31347,0,103558536
31348,0,4029736070
31349,0,2024409110
31350,0,213011586
31351,0,3781684339
31352,0,2178532071
31353,0,2301278853
31354,0,288670392
31355,0,2769504041
31356,0,1932934034
31357,0,1019221936
31358,0,4176944587
31359,0,1921023468
31360,0,332628488
31361,0,298109921
31362,0,2678937629
31363,0,2708646666
31364,0,1986113891
31365,0,1240717797
31366,0,1797484738
31367,0,2724035007
31368,0,2688122442
31369,0,1912557554
31370,0,2552839602
31371,0,1283157469
31372,0,433814173
31373,0,2811550457
31374,0,2780264220
31375,0,567182454
31376,0,3645351446
31377,0,2636868180
31378,0,4233354980
31379,0,1986836803
31380,0,3385955777
31381,0,2521876181
31382,0,1607340944
31383,0,708310158
31384,0,1080919421
31385,0,3901357724
31386,0,1008251665
31387,0,1697268652
31388,0,2258990435
31389,0,690564487
31390,0,2678108843
31391,0,3074907249
31392,0,3319992501
31393,0,1497991855
31394,0,1805093505
31395,0,3258653602
31396,0,2293132197
31397,0,4270309448
31398,0,3612779247
31399,0,1650667050
31400,0,4083929817
31401,0,2938535521
31402,0,2108140692
31403,0,2392357198
31404,0,3079588694
31405,0,2992879780
31406,0,1805392383
31407,0,4241635438
31408,0,3224049057
31409,0,4050909486
31410,0,1150926501
31411,0,451528547
31412,0,1655929409
31413,0,2995833660
31414,0,3574908455
31415,0,4157610287
31416,0,1782966773
31417,0,941583176
31418,0,2075541395
31419,0,885274513
31420,0,4110393290
31421,0,3890042217
31422,0,3816434161
31423,0,1859059891
31424,0,1177443895
31425,0,821551267
31426,0,1352613010
31427,0,1453966740
31428,0,2910134713
31429,0,553821720
31430,0,3455190008
31431,0,1009115902
31432,0,2402695843
31433,0,1143844050
31434,0,3343193385
31435,0,3655400697
31436,0,159926022
31437,0,746090994
31438,0,1786919665
31439,0,2522714111
31440,0,3555588590
31441,0,4140957510
31442,0,3994165402
31443,0,3928458970
31444,0,1164295972
31445,0,2729020132
31446,0,3982303454
31447,0,1637764061
31448,0,3025291855
31449,0,1583434882
31450,0,2312624186
31451,0,683969298
31452,0,2373218273
31453,0,293714693
31454,0,4206888661
31455,0,3108085976
31456,0,637937877
31457,0,2156122683
31458,0,2724013177
31459,0,3700614416
31460,0,2250507272
31461,0,3523603482
31462,0,2673205497
31463,0,1242626780
31464,0,4230045529
31465,0,780698428
31466,0,3809252651
31467,0,1150317087
31468,0,279271862
31469,0,3387640735
31470,0,3012002227
31471,0,898223371
31472,0,2302527743
31473,0,878980398
31474,0,2314669070
31475,0,1722416789
31476,0,1981101864
31477,0,3472602448
31478,0,2993473144
31479,0,2128197129
31480,0,1259270821
31481,0,1041832200
31482,0,3124421908
31483,0,899341656
31484,0,2819400256
31485,0,3033739298
31486,0,2285121641
31487,0,3374053845
31488,0,875496530
31489,0,1073802752
31490,0,3856194784
31491,0,919657346
31492,0,2578523922
31493,0,389287643
31494,0,1259049004
31495,0,416258507
31496,0,2502363696
31497,0,4165414912
31498,0,3600866115
31499,0,1960012103
31500,0,646656762
31501,0,1516109968
31502,0,3552967542
31503,0,4190808387
31504,0,816937330
31505,0,3967410461
31506,0,3676245808
31507,0,1708874700
31508,0,3673771837
31509,0,2429305074
31510,0,43229179
31511,0,1559506669
31512,0,4229279065
31513,0,2120980806
31514,0,2770903815
31515,0,2555080643
31516,0,1138611802
31517,0,3687559409
31518,0,393020795
31519,0,1334177242
31520,0,3051637861
31521,0,2977347697
31522,0,2842542829
31523,0,926754005
31524,0,3881725382
31525,0,1982967317
31526,0,1033294444
31527,0,482283937
31528,0,803377764
31529,0,3362503379
31530,0,1493249067
31531,0,3960094537
31532,0,3616153016
31533,0,328704870
31534,0,412681211
31535,0,606703240
31536,0,2867333876
31537,0,3714923215
31538,0,1017650549
31539,0,3755146294
31540,0,2329673628
31541,0,1344840712
31542,0,3516485084
31543,0,4235495533
31544,0,3260728561
31545,0,3260128243
31546,0,3571445732
31547,0,223090133
31548,0,1898493934
31549,0,2642265220
31550,0,2554828850
31551,0,58482642
31552,0,2892115427
31553,0,3524860044
31554,0,3491029256
31555,0,3398247762
31556,0,2865568353
31557,0,967240321
31558,0,2049025978
31559,0,2484001521
31560,0,2773186169
31561,0,3137488091
31562,0,2159214583
31563,0,918714993
31564,0,1208004695
31565,0,2672137490
31566,0,2434777025
31567,0,3121756914
31568,0,1422692052
31569,0,1742464959
31570,0,2125287177
31571,0,1053593935
31572,0,809615517
31573,0,35582516
31574,0,1465622296
31575,0,3014206916
31576,0,1965828044
31577,0,3412999142
31578,0,2387427343
31579,0,4024096265
31580,0,376323076
31581,0,3962849939
31582,0,3383041056
31583,0,772017968
31584,0,1403601121
31585,0,220133979
31586,0,2565578065
31587,0,2205734609
31588,0,2918578688
31589,0,1141610522
31590,0,3591417950
31591,0,3279493683
31592,0,3890106284
31593,0,3947941785
31594,0,2798735304
31595,0,1781072860
31596,0,424021
31597,0,781927859
31598,0,2207109637
31599,0,6337155
31600,0,3492539131
31601,0,66016353
31602,0,3305315024
31603,0,1836086908
31604,0,340210627
31605,0,3050991964
31606,0,2243958820
31607,0,1583330182
31608,0,2915816881
31609,0,953049071
31610,0,2504722614
31611,0,2146165144
31612,0,2026172148
31613,0,1180275545
31614,0,4066615616
31615,0,1329049285
31616,0,1265043473
31617,0,3872053571
31618,0,29233650
31619,0,3011917426
31620,0,3695302166
31621,0,921685943
31622,0,741363547
31623,0,2663156598
31624,0,4120633215
31625,0,1090220261
31626,0,4062131542
31627,0,2181701260
31628,0,4205064769
31629,0,3781798615
31630,0,1381447950
31631,0,463656213
31632,0,1628104501
31633,0,2154258851
31634,0,3862283978
31635,0,2205785660
31636,0,2809563651
31637,0,2968318488
31638,0,4216540335
31639,0,3390725196
31640,0,3017804837
31641,0,4277819383
31642,0,882463573
31643,0,3230431660
31644,0,3095531632
31645,0,2869021686
31646,0,3717667817
31647,0,3819878172
31648,0,2632489722
31649,0,2034514177
31650,0,854106195
31651,0,4206409570
31652,0,1724164168
31653,0,2323113070
31654,0,2847538547
31655,0,1424824696
31656,0,260977081
31657,0,4271364549
31658,0,2956990802
31659,0,3727301639
31660,0,687663250
31661,0,137412293
31662,0,3807000337
31663,0,620816309
31664,0,121451150
31665,0,2365121848
31666,0,2611613687
31667,0,2428819837
31668,0,1988423048
31669,0,2374408786
31670,0,2270319540
31671,0,1773277670
31672,0,1515601921
31673,0,3633515626
31674,0,2598112325
31675,0,1908448271
31676,0,711518415
31677,0,3646127511
31678,0,1792612871
31679,0,2057439147
31680,0,1004479121
31681,0,773900215
31682,0,3960579932
31683,0,3350408961
31684,0,3896023848
31685,0,2430678598
31686,0,1931216658
31687,0,2352603981
31688,0,3126032325
31689,0,1104940944
31690,0,3320029031
31691,0,2011932768
31692,0,1578273651
31693,0,3772872045
31694,0,131791659
31695,0,1330207220
31696,0,3934949935
31697,0,2703943496
31698,0,1169206409
31699,0,1410676665
31700,0,2930751432
31701,0,1384507267
31702,0,550234009
31703,0,3676690725
31704,0,1613262213
31705,0,3733426793
31706,0,3047040396
31707,0,1423720059
31708,0,2977286578
31709,0,3293171
31710,0,3192127157
31711,0,4080202143
31712,0,220833023
31713,0,259873956
31714,0,970478800
31715,0,1527505745
31716,0,3411791041
31717,0,3937730976
31718,0,447068384
31719,0,444869052
31720,0,1775184581
31721,0,510549326
31722,0,1832452621
31723,0,3798471313
31724,0,3883012876
31725,0,124514597
31726,0,1352850882
31727,0,1749651887
31728,0,368561841
31729,0,1746046081
31730,0,164935744
31731,0,1161958126
31732,0,3840277825
31733,0,854846471
31734,0,2702597246
31735,0,967610226
31736,0,2685530419
31737,0,1489771304
31738,0,2928126332
31739,0,782799272
31740,0,2938925862
31741,0,140301250
31742,0,3602874576
31743,0,4061651906
31744,0,4165212356
31745,0,281544746
31746,0,677730636
31747,0,3940517290
31748,0,1463016319
31749,0,2816051057
31750,0,1909092778
31751,0,3222988021
31752,0,201677911
31753,0,1450319248
31754,0,2915236208
31755,0,2944172230
31756,0,3555701236
31757,0,2683650204
31758,0,3409819279
31759,0,3227608921
31760,0,2110526108
31761,0,207767347
31762,0,3557075793
31763,0,1824249638
31764,0,3720125737
31765,0,2368396933
31766,0,163097336
31767,0,2148742635
31768,0,862646588
31769,0,3303388378
31770,0,1034383685
31771,0,2725816514
31772,0,1534516530
31773,0,2597025306
31774,0,1963053022
31775,0,3552517571
31776,0,820764096
31777,0,556594505
31778,0,1328864235
31779,0,1567877167
31780,0,783620756
31781,0,823939207
31782,0,3666955553
31783,0,2509734875
31784,0,3631674509
31785,0,3658328126
31786,0,2386667739
31787,0,3490200502
31788,0,950833449
31789,0,4222970317
31790,0,2266018795
31791,0,3168727293
31792,0,988631613
31793,0,2248013672
31794,0,1494071008
31795,0,367648776
31796,0,351693692
31797,0,3936973232
31798,0,1467837471
31799,0,2770394464
31800,0,1864156902
31801,0,265280966
31802,0,2057017437
31803,0,999796277
31804,0,75254461
31805,0,677259560
31806,0,1108389173
31807,0,2708667182
31808,0,3300644929
31809,0,1237800088
31810,0,3386155890
31811,0,3940776015
31812,0,951160314
31813,0,685237981
31814,0,1435088827
31815,0,211953284
31816,0,1176687901
31817,0,2360217853
31818,0,2558747397
31819,0,1754568692
31820,0,3072799457
31821,0,2115793372
31822,0,4107710511
31823,0,2025548166
31824,0,2768227107
31825,0,4008392750
31826,0,3023644665
31827,0,2282732762
31828,0,2366415120
31829,0,1023090023
31830,0,3048049484
31831,0,2621779182
31832,0,46592066
31833,0,1159010949
31834,0,788331847
31835,0,2614949965
31836,0,2659065543
31837,0,3917271700
31838,0,383978339
31839,0,2254783524
31840,0,4074486228
31841,0,969809828
31842,0,3177624985
31843,0,291614227
31844,0,2966967298
31845,0,4048645358
31846,0,1163170696
31847,0,865794906
31848,0,4072679778
31849,0,174997524
31850,0,2415428962
31851,0,1975899080
31852,0,942290646
31853,0,2699689070
31854,0,1944717404
31855,0,1859368108
31856,0,276900207
31857,0,2151064729
31858,0,3222304683
31859,0,306932729
31860,0,2579167235
31861,0,300257438
31862,0,3711315397
31863,0,157200834
31864,0,867520593
31865,0,2925047118
31866,0,3319211638
31867,0,36121018
31868,0,85154930
31869,0,3174583484
31870,0,559762315
31871,0,2376178749
31872,0,3193036463
31873,0,889975245
31874,0,763166420
31875,0,3865237351
31876,0,759385376
31877,0,3624568115
31878,0,2637729221
31879,0,479009573
31880,0,1121287921
31881,0,1282287348
31882,0,2662119212
31883,0,24072712
31884,0,2397754495
31885,0,1489934317
31886,0,3428658292
31887,0,1403030333
31888,0,438714782
31889,0,2426993172
31890,0,1923973569
31891,0,2418921963
31892,0,1745107075
31893,0,227659305
31894,0,3200939107
31895,0,4169917504
31896,0,74935905
31897,0,3738987836
31898,0,1006851233
31899,0,2222760618
31900,0,353680766
31901,0,3588012099
31902,0,407624713
31903,0,445870188
31904,0,3880226371
31905,0,3346220420
31906,0,1471274693
31907,0,3779090129
31908,0,2564448412
31909,0,1308153336
31910,0,3216520507
31911,0,2600353588
31912,0,4262110904
31913,0,4049832214
31914,0,2288005110
31915,0,1045138969
31916,0,3197743741
31917,0,2451346646
31918,0,273466933
31919,0,2580442224
31920,0,3695742032
31921,0,1973402769
31922,0,3283513207
31923,0,3309929275
31924,0,1358801964
31925,0,1249086608
31926,0,1205058912
31927,0,1066077887
31928,0,2512712625
31929,0,2112363368
31930,0,2921439594
31931,0,3684245996
31932,0,188684798
31933,0,3893695038
31934,0,792055
31935,0,3571720558
31936,0,4154537701
31937,0,4274140475
31938,0,3032754217
31939,0,165874153
31940,0,1931324742
31941,0,269798812
31942,0,3175489711
31943,0,1395424454
31944,0,1244561692
31945,0,3685011290
31946,0,196764125
31947,0,3082658237
31948,0,1925844856
31949,0,1468517290
31950,0,1890141875
31951,0,1469995788
31952,0,51198739
31953,0,697183652
31954,0,1801563289
31955,0,2158419936
31956,0,805616621
31957,0,1213219441
31958,0,1138101694
31959,0,3461356878
31960,0,1926155762
31961,0,3312177418
31962,0,1444092751
31963,0,2586238898
31964,0,2076660762
31965,0,3117403064
31966,0,1470469988
31967,0,1281744320
31968,0,208233454
31969,0,578998116
31970,0,379594931
31971,0,1702784104
31972,0,3063167537
31973,0,194140632
31974,0,1434863628
31975,0,209145775
31976,0,1440313518
31977,0,39658568
31978,0,2086310754
31979,0,3907930969
31980,0,287967483
31981,0,1453153473
31982,0,1571113507
31983,0,1758157363
31984,0,1915372885
31985,0,1788869301
31986,0,753605233
31987,0,3137776067
31988,0,2850104668
31989,0,605461721
31990,0,104146175
31991,0,4160233706
31992,0,2403744280
31993,0,1218895194
31994,0,4072099676
31995,0,1891933362
31996,0,2298941051
31997,0,1908611583
31998,0,1298325665
31999,0,1068485466
32000,0,3925400029
32001,0,2862815036
32002,0,3235549406
32003,0,3403820670
32004,0,1788384488
32005,0,2024846762
32006,0,2931660712
32007,0,2505811980
32008,0,3943783425
32009,0,3534919017
32010,0,2212583846
32011,0,2993452108
32012,0,2690166270
32013,0,151115437
32014,0,1230604199
32015,0,1275475281
32016,0,3743830247
32017,0,2993550650
32018,0,2510084287
32019,0,3756835002
32020,0,3096431527
32021,0,2124046362
32022,0,1639846806
32023,0,3663514736
32024,0,965697209
32025,0,2572870965
32026,0,2054741675
32027,0,1411138013
32028,0,1490449934
32029,0,1424514469
32030,0,3032912747
32031,0,3017000958
32032,0,2929733480
32033,0,3269600014
32034,0,1459071407
32035,0,3682668942
32036,0,3483699094
32037,0,2242508701
32038,0,3491449904
32039,0,2319388478
32040,0,281518226
32041,0,2120732152
32042,0,2093567124
32043,0,4263977241
32044,0,1518702459
32045,0,2251932430
32046,0,1968429154
32047,0,3316414189
32048,0,625973749
32049,0,408619885
32050,0,1608804662
32051,0,2325400247
32052,0,2856593777
32053,0,3257517636
32054,0,2798017972
32055,0,3278736012
32056,0,901398994
32057,0,3448233298
32058,0,4087172804
32059,0,318349094
32060,0,45398696
32061,0,702544728
32062,0,2527298
32063,0,2549715957
32064,0,4237532715
32065,0,1702988160
32066,0,3263551704
32067,0,1245865719
32068,0,3574346393
32069,0,951606774
32070,0,1406536405
32071,0,3272643059
32072,0,4110267876
32073,0,174296132
32074,0,109905809
32075,0,1771168110
32076,0,3795680688
32077,0,4242552277
32078,0,2970089464
32079,0,2967654532
32080,0,3031865949
32081,0,2556181955
32082,0,3815642129
32083,0,476624903
32084,0,1717824467
32085,0,2015972799
32086,0,1649290096
32087,0,1127179488
32088,0,1507152921
32089,0,2576858098
32090,0,3016776774
32091,0,3007368490
32092,0,4133409624
32093,0,2861395202
32094,0,3800628244
32095,0,1548374193
32096,0,3721595007
32097,0,659190833
32098,0,1346402871
32099,0,3218080564
32100,0,1231896847
32101,0,3369526409
32102,0,2629704682
32103,0,2813195627
32104,0,957588619
32105,0,4259228426
32106,0,1061164533
32107,0,2183907914
32108,0,2537293979
32109,0,3552776716
32110,0,2178650989
32111,0,2239700086
32112,0,3100380878
32113,0,464493252
32114,0,4128946527
32115,0,2265985319
32116,0,2812716573
32117,0,532859471
32118,0,2548705354
32119,0,2390959707
32120,0,2739821727
32121,0,1936496337
32122,0,3614312266
32123,0,3882802601
32124,0,2812779332
32125,0,3442021699
32126,0,530666211
32127,0,2321034173
32128,0,2521159489
32129,0,3104949239
32130,0,2894269248
32131,0,1887886101
32132,0,3613520391
32133,0,3440227447
32134,0,200171382
32135,0,3223261622
32136,0,1729221858
32137,0,3963289252
32138,0,3458911539
32139,0,1712339029
32140,0,1112519640
32141,0,849990018
32142,0,464202766
32143,0,3144724603
32144,0,42950212
32145,0,3249731079
32146,0,1899589246
32147,0,3257303205
32148,0,1417092668
32149,0,1101560164
32150,0,2652838630
32151,0,3577703591
32152,0,769232562
32153,0,2650265109
32154,0,2174612591
32155,0,3708909319
32156,0,2378969375
32157,0,1981106664
32158,0,976022012
32159,0,1165259989
32160,0,3057161570
32161,0,906256936
32162,0,4066827784
32163,0,492736955
32164,0,576411631
32165,0,1551164476
32166,0,3734211813
32167,0,1323308834
32168,0,3431617824
32169,0,1139593431
32170,0,3879590316
32171,0,3708191400
32172,0,2804089889
32173,0,860862898
32174,0,1263200846
32175,0,3597076655
32176,0,3643576790
32177,0,702087165
32178,0,4073707822
32179,0,883533499
32180,0,262542852
32181,0,1639507543
32182,0,3543475502
32183,0,2240479782
32184,0,1547282657
32185,0,1301426707
32186,0,1910155419
32187,0,3186787615
32188,0,1198744919
32189,0,1357613019
32190,0,571346355
32191,0,2495320463
32192,0,2710539467
32193,0,1389255872
32194,0,3012828427
32195,0,916047665
32196,0,3246645710
32197,0,183868787
32198,0,2452593182
32199,0,1289830312
32200,0,160779874
32201,0,2876413838
32202,0,3387310767
32203,0,935849142
32204,0,2155379294
32205,0,1766606119
32206,0,3706875827
32207,0,2978783505
32208,0,2424105734
32209,0,2929302664
32210,0,1007850380
32211,0,2718413597
32212,0,3638762703
32213,0,3559821106
32214,0,3167844118
32215,0,3561766895
32216,0,630141143
32217,0,2971898557
32218,0,2919117799
32219,0,467542758
32220,0,802367943
32221,0,395737842
32222,0,3250750550
32223,0,3091829426
32224,0,3387777053
32225,0,3627069354
32226,0,1970577480
32227,0,3469200950
32228,0,3609437046
32229,0,3404425424
32230,0,1507221032
32231,0,3497128705
32232,0,740631849
32233,0,2559077449
32234,0,891412457
32235,0,3577997415
32236,0,2711934016
32237,0,1588982550
32238,0,4198444253
32239,0,3946111727
32240,0,2588807739
32241,0,1495439839
32242,0,1228334771
32243,0,704201763
32244,0,786020157
32245,0,536706914
32246,0,2990377514
32247,0,1818343766
32248,0,841075347
32249,0,1694911082
32250,0,622908847
32251,0,3442501317
32252,0,4244398097
32253,0,1865512366
32254,0,1897281772
32255,0,2004328137
32256,0,2969494421
32257,0,4244819891
32258,0,980108521
32259,0,205520850
32260,0,2340225072
32261,0,1142531117
32262,0,1662758915
32263,0,3059780430
32264,0,1177158026
32265,0,3312652903
32266,0,1087086328
32267,0,1367632178
32268,0,1223338755
32269,0,2899475718
32270,0,2368428895
32271,0,777635743
32272,0,3287266698
32273,0,2659388293
32274,0,25779196
32275,0,1949245031
32276,0,1804928854
32277,0,2760638409
32278,0,3039100016
32279,0,2146946437
32280,0,1319303782
32281,0,740843697
32282,0,670319982
32283,0,1147374210
32284,0,2471089019
32285,0,2381978344
32286,0,440978139
32287,0,1634124050
32288,0,2447338416
32289,0,3917736292
32290,0,21710163
32291,0,1438852547
32292,0,504427198
32293,0,144793917
32294,0,3025976510
32295,0,1520879163
32296,0,3462202987
32297,0,3164239171
32298,0,3028281114
32299,0,1527572948
32300,0,16208687
32301,0,3100248742
32302,0,3393747785
32303,0,1627783929
32304,0,2323069173
32305,0,3227280993
32306,0,3734791433
32307,0,361819895
32308,0,26169552
32309,0,2570159706
32310,0,2527643207
32311,0,1114394519
32312,0,3091693912
32313,0,1173883054
32314,0,3645944280
32315,0,571546573
32316,0,746574937
32317,0,140999491
32318,0,115503172
32319,0,1437618705
32320,0,289866621
32321,0,3560154825
32322,0,3182428476
32323,0,258744599
32324,0,3802010288
32325,0,969431124
32326,0,1788536725
32327,0,4217620609
32328,0,3422985912
32329,0,3856907088
32330,0,3283595412
32331,0,2164286086
32332,0,659317230
32333,0,3310321302
32334,0,2032718040
32335,0,89114977
32336,0,1880194384
32337,0,2832270125
32338,0,2653424023
32339,0,2085512538
32340,0,2890586152
32341,0,515625583
32342,0,4197843604
32343,0,1995926374
32344,0,3907466187
32345,0,3713319940
32346,0,4284005166
32347,0,4020037936
32348,0,635493837
32349,0,4118101697
32350,0,118211959
32351,0,2332446213
32352,0,438248358
32353,0,857214707
32354,0,1778943376
32355,0,770548077
32356,0,2714369069
32357,0,1473147499
32358,0,2850589674
32359,0,2854708128
32360,0,2352697769
32361,0,667834222
32362,0,1231019551
32363,0,3775958385
32364,0,3882119406
32365,0,1179192850
32366,0,2531575607
32367,0,3460703990
32368,0,1501861114
32369,0,2825756567
32370,0,1752250712
32371,0,2753151061
32372,0,511108572
32373,0,2607649786
32374,0,189409555
32375,0,2204478151
32376,0,4053232377
32377,0,2244007741
32378,0,2076192110
32379,0,3017251160
32380,0,1600888294
32381,0,3057531437
32382,0,1578102928
32383,0,2745807710
32384,0,1019350306
32385,0,3517448625
32386,0,3797378750
32387,0,3734281790
32388,0,3879496311
32389,0,606426766
32390,0,1349447540
32391,0,1032134452
32392,0,1377423525
32393,0,1772474563
32394,0,2751920829
32395,0,293438901
32396,0,2561007440
32397,0,1253445655
32398,0,2653044205
32399,0,3932280162
32400,0,3379715460
32401,0,3666935877
32402,0,2845998121
32403,0,583190650
32404,0,41616924
32405,0,900620096
32406,0,914500611
32407,0,323798466
32408,0,4117546808
32409,0,3707096669
32410,0,3270886530
32411,0,919769008
32412,0,2209560674
32413,0,1935560093
32414,0,3881545099
32415,0,3485080382
32416,0,393099088
32417,0,3775901138
32418,0,2181633672
32419,0,3151010404
32420,0,3138751338
32421,0,1163986070
32422,0,3683466127
32423,0,3814742993
32424,0,3948672092
32425,0,802678836
32426,0,2297506524
32427,0,418741545
32428,0,1565578913
32429,0,3072227587
32430,0,2147124892
32431,0,3389730824
32432,0,759605165
32433,0,3487307252
32434,0,3778337765
32435,0,859872993
32436,0,856259407
32437,0,2423405215
32438,0,857182447
32439,0,3762822442
32440,0,2655565660
32441,0,2630685357
32442,0,3985445313
32443,0,3105346939
32444,0,883556423
32445,0,3774453974
32446,0,2944734663
32447,0,2860750969
32448,0,3570683517
32449,0,4267958000
32450,0,839784942
32451,0,3611791255
32452,0,4028294509
32453,0,978679286
32454,0,160698339
32455,0,2238533943
32456,0,3326047442
32457,0,1006710912
32458,0,1479969928
32459,0,3177104187
32460,0,3255543111
32461,0,1656806614
32462,0,1377709851
32463,0,1750964293
32464,0,2986338319
32465,0,3543916656
32466,0,1233341098
32467,0,974471905
32468,0,3681309541
32469,0,1897637701
32470,0,3147018812
32471,0,2002701846
32472,0,2098688600
32473,0,4175119670
32474,0,2680450056
32475,0,1525268586
32476,0,1047695896
32477,0,3926205440
32478,0,2653252354
32479,0,1541629600
32480,0,3520649819
32481,0,2565356882
32482,0,1996778643
32483,0,2824358616
32484,0,2170573177
32485,0,3802771230
32486,0,1040880603
32487,0,3796466051
32488,0,1649842399
32489,0,2565418841
32490,0,491285208
32491,0,310327537
32492,0,1498229345
32493,0,2083518529
32494,0,3889472402
32495,0,125669985
32496,0,319616985
32497,0,856012130
32498,0,815743350
32499,0,3465300206
32500,0,3047477222
32501,0,2807767178
32502,0,2852791503
32503,0,1021690694
32504,0,354771200
32505,0,2577567170
32506,0,3410989103
32507,0,268959178
32508,0,409438389
32509,0,3344620973
32510,0,17385626
32511,0,727289463
32512,0,2628733633
32513,0,3407697786
32514,0,1605818339
32515,0,739532166
32516,0,1396507860
32517,0,2270715367
32518,0,276531509
32519,0,1258171131
32520,0,2072029259
32521,0,3216383727
32522,0,4044610458
32523,0,3329952746
32524,0,1204098377
32525,0,1222948895
32526,0,587319916
32527,0,1405398538
32528,0,112471048
32529,0,3852001234
32530,0,842988675
32531,0,1483972820
32532,0,2706369248
32533,0,3731577289
32534,0,521555808
32535,0,163489725
32536,0,1952729657
32537,0,1497465256
32538,0,1205999442
32539,0,2751655702
32540,0,3320459046
32541,0,2178632449
32542,0,4292408540
32543,0,3374549981
32544,0,3008793041
32545,0,805274631
32546,0,815692984
32547,0,506029244
32548,0,1700872579
32549,0,3883000395
32550,0,3156546871
32551,0,3472667830
32552,0,1428244707
32553,0,4221552989
32554,0,1413048551
32555,0,1569929941
32556,0,1677291921
32557,0,4104493556
32558,0,3036445977
32559,0,1354192502
32560,0,4114653706
32561,0,3241395146
32562,0,2417046159
32563,0,2119285839
32564,0,1926720707
32565,0,1990668260
32566,0,4163317609
32567,0,2760519692
32568,0,3019106409
32569,0,288050646
32570,0,1789362782
32571,0,3345869352
32572,0,1060253884
32573,0,1569982958
32574,0,1235046650
32575,0,2479769179
32576,0,2802530872
32577,0,3385268702
32578,0,1969576096
32579,0,274187416
32580,0,4031950778
32581,0,286396520
32582,0,821560583
32583,0,994531403
32584,0,3649330668
32585,0,352807664
32586,0,4084976988
32587,0,3503361716
32588,0,3522769111
32589,0,194432998
32590,0,2670116019
32591,0,1588585867
32592,0,3787736068
32593,0,1104864358
32594,0,3079893869
32595,0,3861466578
32596,0,1040066939
32597,0,3807876979
32598,0,321261727
32599,0,4152793253
32600,0,3067574124
32601,0,1600238929
32602,0,1354733364
32603,0,3916530968
32604,0,3817854929
32605,0,936023563
32606,0,3295892814
32607,0,1971488323
32608,0,2350147622
32609,0,587578734
32610,0,28233850
32611,0,2946386154
32612,0,3068415691
32613,0,3634043893
32614,0,3344508647
32615,0,2469614469
32616,0,3509742500
32617,0,345118055
32618,0,2447708536
32619,0,1250630461
32620,0,343496363
32621,0,3945338461
32622,0,4122511148
32623,0,1324598722
32624,0,4281876999
32625,0,409202395
32626,0,3534699751
32627,0,2471168446
32628,0,3186270336
32629,0,3600833501
32630,0,1722364720
32631,0,1496152503
32632,0,895989242
32633,0,3100251862
32634,0,3087388702
32635,0,1120154301
32636,0,1458433652
32637,0,2403362629
32638,0,4139275441
32639,0,2045730406
32640,0,1901200303
32641,0,366517436
32642,0,3484216571
32643,0,340203938
32644,0,420962683
32645,0,1379337991
32646,0,3894440940
32647,0,770545794
32648,0,1095723132
32649,0,609711580
32650,0,2541651434
32651,0,3216975723
32652,0,824128130
32653,0,1051475333
32654,0,2592399467
32655,0,3619284687
32656,0,2272140447
32657,0,3678798529
32658,0,2027669134
32659,0,21682155
32660,0,759487536
32661,0,1855090033
32662,0,1152893199
32663,0,777623492
32664,0,2290232084
32665,0,1912172900
32666,0,2775453518
32667,0,4101528749
32668,0,39708731
32669,0,1409295702
32670,0,1173581155
32671,0,599535820
32672,0,286892510
32673,0,2171345583
32674,0,1158057427
32675,0,52975149
32676,0,877898171
32677,0,1845086249
32678,0,3412363447
32679,0,339407950
32680,0,483472375
32681,0,1867913888
32682,0,743168129
32683,0,3156326060
32684,0,3564767510
32685,0,1044968698
32686,0,975386289
32687,0,3260162475
32688,0,1250382232
32689,0,3056875906
32690,0,294142208
32691,0,748812116
32692,0,1529131089
32693,0,1760570886
32694,0,3408644958
32695,0,4199161278
32696,0,2253236544
32697,0,1607708338
32698,0,1790610864
32699,0,1520342774
32700,0,2151827478
32701,0,3780999798
32702,0,2355114655
32703,0,3426838342
32704,0,2227255037
32705,0,3787864498
32706,0,4177343370
32707,0,2399651148
32708,0,2187439611
32709,0,1275876500
32710,0,357059771
32711,0,2268821588
32712,0,3992978892
32713,0,965189776
32714,0,2133658906
32715,0,256535037
32716,0,214495271
32717,0,1263481185
32718,0,17546704
32719,0,2692831112
32720,0,3295823024
32721,0,275012226
32722,0,4257133592
32723,0,1284084038
32724,0,2861346006
32725,0,3721926909
32726,0,104670302
32727,0,4099937701
32728,0,743249711
32729,0,1539227419
32730,0,133087125
32731,0,3549594875
32732,0,3803777757
32733,0,3216748204
32734,0,2275883259
32735,0,2008382535
32736,0,3749968761
32737,0,3179145967
32738,0,69293343
32739,0,4275497374
32740,0,1598174700
32741,0,638098291
32742,0,2579159488
32743,0,2463475873
32744,0,3757241185
32745,0,2991384174
32746,0,4272362734
32747,0,2606859411
32748,0,3582303274
32749,0,2786921066
32750,0,3982061954
32751,0,2923648758
32752,0,1461937080
32753,0,1373355090
32754,0,3966500922
32755,0,3775248367
32756,0,2834824819
32757,0,2953775119
32758,0,1893126536
32759,0,4128709531
32760,0,3119141897
32761,0,2651503164
32762,0,3773205978
32763,0,451378164
32764,0,1185523256
32765,0,1069383407
32766,0,2625244479
32767,0,1718483441
32768,0,2011441317
32769,0,2901330557
32770,0,3247129869
32771,0,2356970136
32772,0,2581470575
32773,0,336190102
32774,0,3292179035
32775,0,3208765059
32776,0,380528043
32777,0,2574679142
32778,0,2309518459
32779,0,1674423016
32780,0,76084640
32781,0,1571024766
32782,0,701224024
32783,0,996098808
32784,0,3003466872
32785,0,1791196701
32786,0,2770030397
32787,0,1399693603
32788,0,243262055
32789,0,3025933502
32790,0,4021433531
32791,0,2374305033
32792,0,2309112059
32793,0,4128588933
32794,0,2386342695
32795,0,324255339
32796,0,4148390052
32797,0,3500348527
32798,0,4160422520
32799,0,1631419874
32800,0,514461410
32801,0,2981775993
32802,0,3864516195
32803,0,2414657006
32804,0,310331654
32805,0,2426495369
32806,0,781445089
32807,0,529675286
32808,0,2064370526
32809,0,1314998190
32810,0,3020040292
32811,0,3503606915
32812,0,1641384961
32813,0,3672981835
32814,0,709303561
32815,0,4113393338
32816,0,1723548327
32817,0,3541770192
32818,0,2898899872
32819,0,3439468862
32820,0,2911965228
32821,0,2098080550
32822,0,3040630131
32823,0,3453451770
32824,0,1869460750
32825,0,3763283176
32826,0,2660693665
32827,0,1209804416
32828,0,1430543398
32829,0,115252102
32830,0,1617435505
32831,0,63394994
32832,0,3029945343
32833,0,557466764
32834,0,1557527417
32835,0,2498756132
32836,0,239222161
32837,0,2012681289
32838,0,984719414
32839,0,3629877965
32840,0,2303571916
32841,0,3375442646
32842,0,1628962947
32843,0,1073893607
32844,0,1237846248
32845,0,1383120066
32846,0,4176681206
32847,0,3864999168
32848,0,521771679
32849,0,2768763898
32850,0,359288326
32851,0,3388910131
32852,0,2342537615
32853,0,3500994599
32854,0,2611927315
32855,0,1361032181
32856,0,1263093989
32857,0,686743599
32858,0,1770271002
32859,0,457695209
32860,0,4159404340
32861,0,2172329746
32862,0,2981946782
32863,0,2364100665
32864,0,2066369166
32865,0,2097800659
32866,0,2009531466
32867,0,2123362893
32868,0,2550421486
32869,0,1305103570
32870,0,2387726778
32871,0,952089257
32872,0,850745052
32873,0,2512242571
32874,0,2228917389
32875,0,522234536
32876,0,1153457618
32877,0,2688382863
32878,0,3613298121
32879,0,3658643962
32880,0,813899500
32881,0,948461347
32882,0,1592325173
32883,0,1302393922
32884,0,909846294
32885,0,165675322
32886,0,825229049
32887,0,283609505
32888,0,3685281864
32889,0,1905508760
32890,0,1035496520
32891,0,908066384
32892,0,4083600890
32893,0,1911196246
32894,0,883628742
32895,0,2844645087
32896,0,3439893003
32897,0,393949391
32898,0,1564469182
32899,0,2563152922
32900,0,603639480
32901,0,1066632814
32902,0,2761054689
32903,0,443533558
32904,0,2371768462
32905,0,2931414537
32906,0,460274325
32907,0,2072081899
32908,0,4072395221
32909,0,2561115957
32910,0,1617129909
32911,0,3303998847
32912,0,2891848895
32913,0,2532352059
32914,0,3691489600
32915,0,215484215
32916,0,2346894376
32917,0,3214024443
32918,0,1978473341
32919,0,114874300
32920,0,2579786955
32921,0,2684213829
32922,0,2987944959
32923,0,1402822092
32924,0,4239432222
32925,0,295080199
32926,0,3044281180
32927,0,3085810483
32928,0,300987830
32929,0,4018713781
32930,0,3671289722
32931,0,1353902180
32932,0,3128146395
32933,0,1683968159
32934,0,1204945049
32935,0,4293217369
32936,0,2611391150
32937,0,2426074935
32938,0,32665897
32939,0,3040456322
32940,0,2648469558
32941,0,1754104507
32942,0,3280688150
32943,0,2284966610
32944,0,4279416583
32945,0,2545056830
32946,0,3733968036
32947,0,2809369481
32948,0,1968830472
32949,0,21199268
32950,0,2693668223
32951,0,119034127
32952,0,2853127667
32953,0,345084363
32954,0,4088705407
32955,0,3606517234
32956,0,3177231638
32957,0,3548790295
32958,0,2631815829
32959,0,2266489779
32960,0,3663651944
32961,0,3702458145
32962,0,3039566212
32963,0,4119647178
32964,0,2436964912
32965,0,367554259
32966,0,510811018
32967,0,4117041259
32968,0,3127058495
32969,0,317804205
32970,0,1606063327
32971,0,2836347823
32972,0,2166714066
32973,0,3004706061
32974,0,1635982449
32975,0,1135252375
32976,0,718738459
32977,0,3268810257
32978,0,43185531
32979,0,3683309509
32980,0,2939476220
32981,0,2973966281
32982,0,2247132180
32983,0,993762061
32984,0,1125776160
32985,0,4089800414
32986,0,3167724401
32987,0,1553285889
32988,0,1784034843
32989,0,1043663473
32990,0,1880611916
32991,0,4166855139
32992,0,4048391475
32993,0,1569875334
32994,0,896995319
32995,0,1169765331
32996,0,464462962
32997,0,453142434
32998,0,2838988665
32999,0,1657403701
33000,0,3758198658
33001,0,4022683706
33002,0,2659663931
33003,0,2793632795
33004,0,3356390267
33005,0,3393394987
33006,0,2242092696
33007,0,946622880
33008,0,4183365900
33009,0,2506519088
33010,0,1059826592
33011,0,28204911
33012,0,2184745870
33013,0,2573889258
33014,0,1113576081
33015,0,3115875447
33016,0,1894656748
33017,0,63829653
33018,0,519965530
33019,0,758232720
33020,0,1737807681
33021,0,1391310367
33022,0,1642767624
33023,0,2621196813
33024,0,1621037755
33025,0,3687729215
33026,0,1274907195
33027,0,2917694374
33028,0,4043421672
33029,0,946230998
33030,0,2770411144
33031,0,1492902896
33032,0,3023816690
33033,0,1417270160
33034,0,2943841845
33035,0,2005871437
33036,0,3460204030
33037,0,3467124094
33038,0,1844495453
33039,0,3658515168
33040,0,2211454726
33041,0,2250472670
33042,0,3735144514
33043,0,311855446
33044,0,3023649160
33045,0,4060508556
33046,0,3133807991
33047,0,3589585253
33048,0,434059561
33049,0,565619924
33050,0,1906740866
33051,0,2930067865
33052,0,4116389906
33053,0,3128704894
33054,0,2414860119
33055,0,3584341877
33056,0,705490128
33057,0,1161843835
33058,0,3056427036
33059,0,1609780331
33060,0,4189642196
33061,0,2722608757
33062,0,3316562449
33063,0,1333723015
33064,0,2168762304
33065,0,2200442462
33066,0,3180413775
33067,0,719708115
33068,0,3001097436
33069,0,3189790785
33070,0,271349877
33071,0,2070965092
33072,0,3045514538
33073,0,2857823579
33074,0,2286641669
33075,0,1702735872
33076,0,3167153790
33077,0,1076543930
33078,0,464272180
33079,0,93609841
33080,0,1094529484
33081,0,127699854
33082,0,1263345656
33083,0,4278132609
33084,0,3169391046
33085,0,1155681134
33086,0,3162388617
33087,0,378241790
33088,0,3703919023
33089,0,2833371191
33090,0,3456651716
33091,0,1109837916
33092,0,4270701706
33093,0,1787287684
33094,0,2742360495
33095,0,140494959
33096,0,3675801606
33097,0,2433007690
33098,0,683482444
33099,0,3918512134
33100,0,544084193
33101,0,2889513688
33102,0,2403362408
33103,0,4062827118
33104,0,3303718364
33105,0,4185914100
33106,0,3255715172
33107,0,1593493141
33108,0,3273971105
33109,0,1804334153
33110,0,3042510792
33111,0,564784664
33112,0,2436294029
33113,0,4251650702
33114,0,459937523
33115,0,1866407689
33116,0,387012006
33117,0,2299848180
33118,0,2699528961
33119,0,1635253122
33120,0,1593402529
33121,0,1069731703
33122,0,2746191937
33123,0,1700039378
33124,0,1977133685
33125,0,1917943294
33126,0,3762090537
33127,0,2974044085
33128,0,787254892
33129,0,1527475836
33130,0,3998897886
33131,0,884561758
33132,0,3556873879
33133,0,1018411582
33134,0,897558340
33135,0,4085233263
33136,0,3019424374
33137,0,3715932685
33138,0,1855583475
33139,0,1357914864
33140,0,3245284423
33141,0,2115652532
33142,0,3673608258
33143,0,523016093
33144,0,909205298
33145,0,2805279481
33146,0,1328247372
33147,0,222215517
33148,0,2285597431
33149,0,718920037
33150,0,794509951
33151,0,2776940373
33152,0,2741738381
33153,0,3545244544
33154,0,858343952
33155,0,1459856261
33156,0,1292981692
33157,0,2474257295
33158,0,394244554
33159,0,3382094921
33160,0,2683292294
33161,0,2975335161
33162,0,2447914298
33163,0,2124999997
33164,0,48294906
33165,0,3966444181
33166,0,2399213481
33167,0,326650675
33168,0,1507516860
33169,0,3091270154
33170,0,3103840202
33171,0,3703636214
33172,0,1730702777
33173,0,963667510
33174,0,2204180813
33175,0,1314033609
33176,0,3940524956
33177,0,3408508298
33178,0,1317659526
33179,0,769279418
33180,0,3368801932
33181,0,4049338273
33182,0,1532790326
33183,0,3101580443
33184,0,451781277
33185,0,2037706114
33186,0,2086609888
33187,0,2622394833
33188,0,2162576267
33189,0,2071390016
33190,0,1414014319
33191,0,1280855741
33192,0,4101391162
33193,0,3190995826
33194,0,3268244572
33195,0,3835596191
33196,0,2424542761
33197,0,2862491210
33198,0,2763881793
33199,0,1774076331
33200,0,2430950574
33201,0,1432396758
33202,0,1649551419
33203,0,3455986097
33204,0,298432373
33205,0,3284637734
33206,0,682313895
33207,0,1984857976
33208,0,1922781480
33209,0,259388311
33210,0,2448304532
33211,0,3477929146
33212,0,1269370423
33213,0,664058624
33214,0,2926087226
33215,0,1109256813
33216,0,3057456872
33217,0,2296614808
33218,0,3675164944
33219,0,750658886
33220,0,3938760941
33221,0,3338528289
33222,0,1023843485
33223,0,1010577719
33224,0,4182444922
33225,0,2628053608
33226,0,1020573980
33227,0,3575312391
33228,0,3897615562
33229,0,1844579182
33230,0,3211032833
33231,0,952919363
33232,0,955232593
33233,0,377172051
33234,0,2119984395
33235,0,2907894485
33236,0,2450342257
33237,0,2118971488
33238,0,3897591872
33239,0,3527829868
33240,0,4061609465
33241,0,2695557773
33242,0,564040688
33243,0,2415766016
33244,0,1829461150
33245,0,3582682514
33246,0,2652264654
33247,0,4110023529
33248,0,3104008899
33249,0,1597472046
33250,0,2731428231
33251,0,338498424
33252,0,2114667385
33253,0,3672727851
33254,0,792933357
33255,0,1860720946
33256,0,3691729269
33257,0,1922098823
33258,0,2789606727
33259,0,3140751408
33260,0,527669641
33261,0,3826481832
33262,0,3816939115
33263,0,3520502765
33264,0,1473015224
33265,0,2501578789
33266,0,350666474
33267,0,2756211095
33268,0,3844231658
33269,0,1291291333
33270,0,138540626
33271,0,3892187127
33272,0,3860816407
33273,0,1106075673
33274,0,1344858926
33275,0,3840720008
33276,0,483206134
33277,0,2932099663
33278,0,3594160297
33279,0,1657965822
33280,0,3973769392
33281,0,2287647382
33282,0,1040889682
33283,0,1962452834
33284,0,1653488232
33285,0,497973673
33286,0,2180852836
33287,0,2856744412
33288,0,4215616482
33289,0,4195545790
33290,0,753496860
33291,0,1406450041
33292,0,1535417220
33293,0,3598417982
33294,0,1778283264
33295,0,1415199023
33296,0,2089140880
33297,0,1579401115
33298,0,331982099
33299,0,3390112358
33300,0,2716556872
33301,0,2389004409
33302,0,2837851084
33303,0,3886817667
33304,0,269646317
33305,0,3134273850
33306,0,590401505
33307,0,1666359911
33308,0,3570754792
33309,0,1900233036
33310,0,875786969
33311,0,392659533
33312,0,48523930
33313,0,2035991905
33314,0,522733274
33315,0,3918702915
33316,0,736654558
33317,0,2332519047
33318,0,2896202796
33319,0,428803454
33320,0,3711403054
33321,0,2616724503
33322,0,3576595562
33323,0,2983924187
33324,0,2950896971
33325,0,1158248110
33326,0,273476416
33327,0,699471762
33328,0,1663636563
33329,0,1976157378
33330,0,3882217258
33331,0,177262378
33332,0,2110084240
33333,0,1034999899
33334,0,4056861638
33335,0,1047915581
33336,0,4256412996
33337,0,3900008937
33338,0,3963945709
33339,0,3473414337
33340,0,1310427113
33341,0,3794906074
33342,0,1041928095
33343,0,2462209291
33344,0,953325258
33345,0,729258543
33346,0,3731935478
33347,0,1235233505
33348,0,3547971455
33349,0,1985186740
33350,0,3817082086
33351,0,554123434
33352,0,3948863555
33353,0,3716540136
33354,0,1245847236
33355,0,986307369
33356,0,875791391
33357,0,3535310503
33358,0,2934828337
33359,0,2050184724
33360,0,248124396
33361,0,3661693783
33362,0,3210237442
33363,0,110220558
33364,0,3123800534
33365,0,1987553331
33366,0,3980441835
33367,0,2984844645
33368,0,3673914535
33369,0,412550160
33370,0,4206525274
33371,0,268261362
33372,0,90958611
33373,0,2034193911
33374,0,3820911319
33375,0,2960463877
33376,0,2109965919
33377,0,2885974971
33378,0,1293044290
33379,0,2400912783
33380,0,452516122
33381,0,984131351
33382,0,3875559026
33383,0,1409446453
33384,0,1390362103
33385,0,424767399
33386,0,2685872981
33387,0,3939013771
33388,0,4083719239
33389,0,4242639575
33390,0,2061143370
33391,0,1158203027
33392,0,3867903934
33393,0,1509792896
33394,0,2815483766
33395,0,1006005321
33396,0,966384054
33397,0,1464599745
33398,0,761113163
33399,0,2592362081
33400,0,2051317605
33401,0,3701554577
33402,0,2575262488
33403,0,3600247638
33404,0,1145791400
33405,0,804290903
33406,0,3298142714
33407,0,1156641999
33408,0,798789713
33409,0,256589274
33410,0,1996062178
33411,0,1910978880
33412,0,1327576775
33413,0,1455793499
33414,0,2948086252
33415,0,3090700398
33416,0,3582852980
33417,0,638190309
33418,0,2894374926
33419,0,153873740
33420,0,3838359213
33421,0,2981141443
33422,0,4225629767
33423,0,3333600749
33424,0,2447696042
33425,0,3016059922
33426,0,3601024273
33427,0,2116450353
33428,0,2501907585
33429,0,1639945337
33430,0,4113514945
33431,0,3220866570
33432,0,139297655
33433,0,3158627238
33434,0,3761248126
33435,0,3106628657
33436,0,1611198983
33437,0,3075311939
33438,0,3403195473
33439,0,336561272
33440,0,1956524344
33441,0,3851707620
33442,0,1209195616
33443,0,1615093839
33444,0,1710439241
33445,0,1373198980
33446,0,733290432
33447,0,2179344166
33448,0,3847909703
33449,0,3307887422
33450,0,1207328536
33451,0,246823762
33452,0,4066371644
33453,0,3830816144
33454,0,2870049283
33455,0,242900299
33456,0,4289784802
33457,0,3143076356
33458,0,150130415
33459,0,1959774584
33460,0,837910152
33461,0,3660464792
33462,0,1574190950
33463,0,2636832058
33464,0,389165564
33465,0,1891546682
33466,0,1766655430
33467,0,4148266684
33468,0,895142807
33469,0,3911953891
33470,0,241694376
33471,0,3873657041
33472,0,1011053404
33473,0,389256008
33474,0,3457064261
33475,0,2841657686
33476,0,2282811283
33477,0,700082466
33478,0,4150097613
33479,0,1763425263
33480,0,3534540636
33481,0,598357279
33482,0,3291813115
33483,0,3017978478
33484,0,1347360665
33485,0,3845240359
33486,0,2907882621
33487,0,1316932851
33488,0,1811679075
33489,0,2299678603
33490,0,3700076730
33491,0,3643476852
33492,0,2969517462
33493,0,3203862576
33494,0,3268867912
33495,0,2613105591
33496,0,3078102764
33497,0,538792830
33498,0,3290963623
33499,0,946812537
33500,0,179264521
33501,0,3304038238
33502,0,3616333660
33503,0,3230160015
33504,0,2300830179
33505,0,1457559276
33506,0,3281758898
33507,0,1870367572
33508,0,3694235612
33509,0,1418026521
33510,0,394671866
33511,0,4202353814
33512,0,3185629346
33513,0,2020454616
33514,0,11283331
33515,0,1046291661
33516,0,3260939343
33517,0,3343939077
33518,0,4219923309
33519,0,4219493144
33520,0,3968290377
33521,0,2894328110
33522,0,2255312861
33523,0,3192574806
33524,0,1613515142
33525,0,3397606408
33526,0,2168692137
33527,0,2888720018
33528,0,2558099692
33529,0,2767114014
33530,0,3702194840
33531,0,603177060
33532,0,605216507
33533,0,2256380605
33534,0,2003398312
33535,0,221527350
33536,0,3834037443
33537,0,3217679180
33538,0,4154749212
33539,0,1233024575
33540,0,1887660419
33541,0,2882792474
33542,0,474489202
33543,0,346801505
33544,0,3976052514
33545,0,941852526
33546,0,1359086121
33547,0,966949834
33548,0,2914718791
33549,0,692185118
33550,0,2617664991
33551,0,1191714209
33552,0,3544178719
33553,0,3367954337
33554,0,2635300100
33555,0,2764247037
33556,0,1655005443
33557,0,506048097
33558,0,1465313779
33559,0,3346093095
33560,0,1397594493
33561,0,3962265804
33562,0,2254879349
33563,0,1949200065
33564,0,2268353914
33565,0,3204015447
33566,0,3626648510
33567,0,2615458192
33568,0,2516664475
33569,0,2086505938
33570,0,1897058049
33571,0,917345400
33572,0,7871305
33573,0,1630954209
33574,0,2662100
33575,0,1840312973
33576,0,265028829
33577,0,1705741750
33578,0,2545266872
33579,0,368487753
33580,0,3416408486
33581,0,4048473549
33582,0,907562870
33583,0,3240395053
33584,0,1897937933
33585,0,2727693565
33586,0,1784137336
33587,0,3247008180
33588,0,2068603531
33589,0,347232677
33590,0,2942048934
33591,0,2903595234
33592,0,1202071396
33593,0,3927326433
33594,0,2492139652
33595,0,1189460841
33596,0,3230963213
33597,0,418839495
33598,0,910260224
33599,0,829415584
33600,0,2257420670
33601,0,3806928847
33602,0,3808655271
33603,0,856554204
33604,0,110207511
33605,0,1756902590
33606,0,2883040905
33607,0,4258380106
33608,0,2515213046
33609,0,536974380
33610,0,1107800238
33611,0,911703623
33612,0,3932267400
33613,0,470375552
33614,0,3299978956
33615,0,3697449336
33616,0,1727399198
33617,0,1827098804
33618,0,1489234508
33619,0,2495965609
33620,0,133889905
33621,0,1519033371
33622,0,674687871
33623,0,1584876467
33624,0,1462728275
33625,0,2236358273
33626,0,3575350319
33627,0,374926048
33628,0,1805189922
33629,0,877772124
33630,0,2092804225
33631,0,4228933303
33632,0,3893961812
33633,0,1592492477
33634,0,4116376755
33635,0,2975318645
33636,0,1781635545
33637,0,2019049180
33638,0,2415108797
33639,0,2401997455
33640,0,1379633778
33641,0,1305387720
33642,0,2875862627
33643,0,979443504
33644,0,694513043
33645,0,507425016
33646,0,3424340456
33647,0,31814683
33648,0,1135490728
33649,0,706082485
33650,0,211846740
33651,0,2435515457
33652,0,3318271632
33653,0,1598993213
33654,0,2885919369
33655,0,3524213408
33656,0,2654937517
33657,0,995961256
33658,0,1399108892
33659,0,2100144159
33660,0,3454774536
33661,0,2970932365
33662,0,1529432239
33663,0,900638609
33664,0,1280283041
33665,0,1896234268
33666,0,1645817742
33667,0,3136373562
33668,0,3227452497
33669,0,980661083
33670,0,3473301431
33671,0,2598831151
33672,0,909769438
33673,0,623244175
33674,0,4057963141
33675,0,1399341954
33676,0,941486030
33677,0,963234492
33678,0,133635779
33679,0,1640928852
33680,0,3549279510
33681,0,3234314145
33682,0,4030864312
33683,0,3583837794
33684,0,3749635466
33685,0,2050697677
33686,0,4283584460
33687,0,1675167673
33688,0,653181934
33689,0,754772039
33690,0,2407417629
33691,0,3022347955
33692,0,3784644618
33693,0,270225728
33694,0,1012852601
33695,0,4136063745
33696,0,2148062002
33697,0,3618971301
33698,0,4166063669
33699,0,2288825534
33700,0,3247702947
33701,0,2112366899
33702,0,1627447252
33703,0,632698761
33704,0,2343281514
33705,0,118820265
33706,0,1924112857
33707,0,1410109683
33708,0,71363770
33709,0,589539953
33710,0,2614725031
33711,0,4148864753
33712,0,3507368027
33713,0,4155384057
33714,0,1167211777
33715,0,1148296984
33716,0,2244361969
33717,0,18858077
33718,0,3684140599
33719,0,1098842239
33720,0,2405869607
33721,0,372164566
33722,0,341342012
33723,0,1296086531
33724,0,731874211
33725,0,2795127958
33726,0,790004178
33727,0,448493252
33728,0,3025519604
33729,0,2302933441
33730,0,957349244
33731,0,312728492
33732,0,1394313127
33733,0,1577172048
33734,0,1492818485
33735,0,2084291211
33736,0,2302588798
33737,0,2784643670
33738,0,2058321358
33739,0,935862245
33740,0,2996836895
33741,0,2375548718
33742,0,1009960183
33743,0,4046373505
33744,0,111161854
33745,0,325175185
33746,0,1508751704
33747,0,908003675
33748,0,833903329
33749,0,3891057973
33750,0,3556981136
33751,0,3575472392
33752,0,1589112662
33753,0,3371344376
33754,0,91233374
33755,0,3649059651
33756,0,65974999
33757,0,1664301485
33758,0,2228612718
33759,0,438202018
33760,0,780332455
33761,0,368096188
33762,0,1935768991
33763,0,3330592054
33764,0,3144054343
33765,0,3229302416
33766,0,1384433092
33767,0,2377661338
33768,0,3551322399
33769,0,3194748376
33770,0,4223875888
33771,0,134994210
33772,0,383497749
33773,0,1665000761
33774,0,751826036
33775,0,2590160852
33776,0,1603429016
33777,0,1810629752
33778,0,2265794793
33779,0,3961488321
33780,0,2425492402
33781,0,2388878016
33782,0,2774100093
33783,0,2189887126
33784,0,686489660
33785,0,1433939210
33786,0,1274145190
33787,0,2926004804
33788,0,2731725747
33789,0,3963433921
33790,0,48491139
33791,0,2311396890
33792,0,3734694861
33793,0,4286729660
33794,0,1887912550
33795,0,2175929955
33796,0,3485451740
33797,0,3616511390
33798,0,2192877312
33799,0,3703646570
33800,0,3295585820
33801,0,84469514
33802,0,618452030
33803,0,1966221683
33804,0,865500893
33805,0,1979301787
33806,0,55913822
33807,0,2032761345
33808,0,2605143957
33809,0,1191978671
33810,0,3102560035
33811,0,808309575
33812,0,3270228677
33813,0,64701340
33814,0,515260232
33815,0,4071960327
33816,0,3186192653
33817,0,3940255177
33818,0,3594516472
33819,0,819761304
33820,0,4214750751
33821,0,2591527109
33822,0,1703910066
33823,0,1307290142
33824,0,765902602
33825,0,2998388489
33826,0,9340514
33827,0,3625412131
33828,0,2930808074
33829,0,1042344770
33830,0,1247798822
33831,0,1710542859
33832,0,21770705
33833,0,1773936426
33834,0,2709285574
33835,0,2830313044
33836,0,1128385896
33837,0,661844958
33838,0,1479074842
33839,0,3520810927
33840,0,3186656440
33841,0,27104107
33842,0,3454400755
33843,0,764383310
33844,0,792841773
33845,0,3322464399
33846,0,1009887075
33847,0,325427885
33848,0,1094350741
33849,0,4141014609
33850,0,235778941
33851,0,3022759628
33852,0,3736768533
33853,0,464961385
33854,0,1193595332
33855,0,2124142090
33856,0,1368587018
33857,0,3498324499
33858,0,2382976880
33859,0,940025187
33860,0,1507837430
33861,0,2370567558
33862,0,2912148379
33863,0,184208779
33864,0,976945646
33865,0,450589005
33866,0,3937373620
33867,0,2017003320
33868,0,1125859767
33869,0,1318793217
33870,0,1006341580
33871,0,34026829
33872,0,1903297626
33873,0,248694886
33874,0,2887406249
33875,0,800010318
33876,0,4252239677
33877,0,3487606644
33878,0,3133609107
33879,0,1392398233
33880,0,4205404671
33881,0,72072244
33882,0,174964626
33883,0,241928957
33884,0,2578889095
33885,0,2655626820
33886,0,4205777796
33887,0,53240459
33888,0,1624630165
33889,0,1212323078
33890,0,1185502871
33891,0,3809187306
33892,0,2808429329
33893,0,14973266
33894,0,1979820053
33895,0,593894164
33896,0,3768158678
33897,0,3855024615
33898,0,3129442394
33899,0,454051484
33900,0,1807360221
33901,0,3683874477
33902,0,496438734
33903,0,2046347513
33904,0,2082261450
33905,0,1100648536
33906,0,1638050704
33907,0,2932248312
33908,0,2620366836
33909,0,2515807132
33910,0,7591999
33911,0,368358693
33912,0,3915040045
33913,0,2383972242
33914,0,1136366599
33915,0,374800346
33916,0,4229347980
33917,0,1134742223
33918,0,1168101874
33919,0,1268255330
33920,0,1103852802
33921,0,3255792727
33922,0,3157639349
33923,0,2152674852
33924,0,3086690625
33925,0,2294244648
33926,0,3880825733
33927,0,3576498613
33928,0,4150912184
33929,0,3022956967
33930,0,1112890474
33931,0,3537205318
33932,0,3329053608
33933,0,4011118884
33934,0,3543997500
33935,0,1743661121
33936,0,4264394610
33937,0,1772217843
33938,0,4142547196
33939,0,1615228742
33940,0,410110897
33941,0,33070450
33942,0,1485594489
33943,0,3204566984
33944,0,1508448820
33945,0,794512131
33946,0,2170162142
33947,0,3289698830
33948,0,2498927012
33949,0,1057567399
33950,0,853942057
33951,0,3513496232
33952,0,1088604119
33953,0,454906043
33954,0,2420600830
33955,0,3400185186
33956,0,483514177
33957,0,3775229949
33958,0,3550992768
33959,0,980317355
33960,0,1805038614
33961,0,529627420
33962,0,653183461
33963,0,93378444
33964,0,4081737660
33965,0,2936930210
33966,0,265243678
33967,0,802363448
33968,0,3595826194
33969,0,3001937722
33970,0,3999252319
33971,0,792601381
33972,0,2147755912
33973,0,2589039538
33974,0,2379639553
33975,0,1450901530
33976,0,4185079782
33977,0,1333372033
33978,0,115251157
33979,0,1353704743
33980,0,761345890
33981,0,2049123876
33982,0,3255993271
33983,0,3739318821
33984,0,2228914453
33985,0,1794129609
33986,0,3356238845
33987,0,3255246148
33988,0,341721075
33989,0,2812736067
33990,0,1144748084
33991,0,1283479786
33992,0,3023724452
33993,0,102410275
33994,0,818074668
33995,0,581648623
33996,0,476459828
33997,0,2585467060
33998,0,3635503730
33999,0,1796495789
34000,0,3826302493
34001,0,2311035252
34002,0,682992572
34003,0,76535421
34004,0,910238461
34005,0,1372583346
34006,0,1078305742
34007,0,1941906384
34008,0,1869114994
34009,0,912653057
34010,0,2847305699
34011,0,3977086214
34012,0,3892318672
34013,0,2910256493
34014,0,699917312
34015,0,1942380027
34016,0,3075823911
34017,0,2454148351
34018,0,1674156787
34019,0,1114473912
34020,0,2844092021
34021,0,2889047760
34022,0,986618276
34023,0,3602368121
34024,0,3781614053
34025,0,1897332168
34026,0,2069559679
34027,0,2866045925
34028,0,4088579729
34029,0,3346454273
34030,0,2940846218
34031,0,2084679654
34032,0,2115251256
34033,0,2314825681
34034,0,610314192
34035,0,600656957
34036,0,3273624088
34037,0,2043606518
34038,0,1232908174
34039,0,1294809288
34040,0,2898130834
34041,0,1538811925
34042,0,2179369544
34043,0,1163649535
34044,0,367506669
34045,0,2352402256
34046,0,3997192830
34047,0,1710485337
34048,0,2681872608
34049,0,2735730019
34050,0,2329404530
34051,0,3177870494
34052,0,2361418018
34053,0,2624080720
34054,0,893533169
34055,0,901283599
34056,0,1902757443
34057,0,2106708211
34058,0,3061708212
34059,0,296045553
34060,0,2747122716
34061,0,2096593379
34062,0,3936440518
34063,0,3616007130
34064,0,1416262308
34065,0,1575028955
34066,0,3819995750
34067,0,2356889752
34068,0,1215266732
34069,0,1422860353
34070,0,2821479522
34071,0,1470217202
34072,0,2066135101
34073,0,671648653
34074,0,375378193
34075,0,1674404559
34076,0,1023952293
34077,0,2183335963
34078,0,3827302763
34079,0,1706000077
34080,0,3299206454
34081,0,2019573719
34082,0,2361844570
34083,0,1159522956
34084,0,3522024426
34085,0,428106338
34086,0,751138886
34087,0,4201827744
34088,0,3675591715
34089,0,1270371723
34090,0,1613477103
34091,0,3229460788
34092,0,3728302265
34093,0,3085503598
34094,0,1525968092
34095,0,983525899
34096,0,739401060
34097,0,2422421979
34098,0,475819159
34099,0,2820033136
34100,0,1247224156
34101,0,1642215970
34102,0,4067116881
34103,0,3399772209
34104,0,3018790880
34105,0,1937035849
34106,0,3465370679
34107,0,3296352498
34108,0,1676654400
34109,0,905463203
34110,0,2496355237
34111,0,139397946
34112,0,1408625294
34113,0,976217692
34114,0,442802414
34115,0,1096670610
34116,0,2803104837
34117,0,3422368008
34118,0,3596417830
34119,0,1849420026
34120,0,2008058984
34121,0,2710196662
34122,0,2619369832
34123,0,2963872814
34124,0,4139655864
34125,0,1875788364
34126,0,1467326575
34127,0,2357070771
34128,0,3959548887
34129,0,4262923818
34130,0,3852106147
34131,0,4284994164
34132,0,2684570848
34133,0,4202311119
34134,0,1202837486
34135,0,3569942600
34136,0,1825521448
34137,0,3999608093
34138,0,856930110
34139,0,4219399492
34140,0,4229544911
34141,0,2808607135
34142,0,1943247765
34143,0,344343397
34144,0,1102786320
34145,0,2944309948
34146,0,4178424232
34147,0,2821345460
34148,0,2779288810
34149,0,1367630192
34150,0,1760295685
34151,0,3873523904
34152,0,819775676
34153,0,2426967929
34154,0,3401137434
34155,0,1314617719
34156,0,264548461
34157,0,2699218345
34158,0,3550851394
34159,0,3560289028
34160,0,687163374
34161,0,2165324458
34162,0,1323436168
34163,0,4052934993
34164,0,447374893
34165,0,2610056794
34166,0,2574617014
34167,0,539553655
34168,0,2231640852
34169,0,766695239
34170,0,2619052458
34171,0,737833245
34172,0,3739590097
34173,0,3333350590
34174,0,1562123746
34175,0,178676978
34176,0,1388662944
34177,0,3807688136
34178,0,4261179950
34179,0,76084658
34180,0,1575595277
34181,0,1632574473
34182,0,3674329262
34183,0,3281544356
34184,0,782034786
34185,0,4235146522
34186,0,1128495100
34187,0,2585838946
34188,0,3541319844
34189,0,991775140
34190,0,3608778416
34191,0,1546874551
34192,0,223829733
34193,0,939145632
34194,0,1762539815
34195,0,1803241586
34196,0,1288970312
34197,0,3547709670
34198,0,105881362
34199,0,1075387716
34200,0,360988444
34201,0,3734582223
34202,0,3841284191
34203,0,2955766688
34204,0,3061171340
34205,0,3530308670
34206,0,3901820843
34207,0,3857016889
34208,0,1420813640
34209,0,2832242731
34210,0,3244367329
34211,0,3111443823
34212,0,2046602339
34213,0,1650979131
34214,0,341523579
34215,0,156817329
34216,0,1718694566
34217,0,1151304756
34218,0,926062904
34219,0,3869298034
34220,0,516992085
34221,0,1612396280
34222,0,3728901850
34223,0,1571402582
34224,0,330010711
34225,0,1435062375
34226,0,2402581253
34227,0,181386959
34228,0,1607608516
34229,0,1134432641
34230,0,3026213782
34231,0,1565149183
34232,0,2734688645
34233,0,3828345661
34234,0,809546937
34235,0,4230446482
34236,0,1630781272
34237,0,3452842676
34238,0,2022594680
34239,0,3282122424
34240,0,427529411
34241,0,396093298
34242,0,96979912
34243,0,1801979767
34244,0,459047988
34245,0,4036131577
34246,0,1181591295
34247,0,2767571814
34248,0,2931405034
34249,0,2352163768
34250,0,3251616858
34251,0,4275570808
34252,0,87655923
34253,0,2239240496
34254,0,1301617151
34255,0,1006328810
34256,0,1077954185
34257,0,1522080481
34258,0,1162200179
34259,0,1152419926
34260,0,3807785963
34261,0,3051582574
34262,0,3065373433
34263,0,1471297036
34264,0,1057253397
34265,0,4074025942
34266,0,4050022817
34267,0,3575353096
34268,0,1000436693
34269,0,2929786424
34270,0,2643687403
34271,0,2661524956
34272,0,2836548304
34273,0,3914294388
34274,0,3187487764
34275,0,1955105995
34276,0,3341424163
34277,0,942190164
34278,0,2443521029
34279,0,2962707703
34280,0,456828819
34281,0,3067408023
34282,0,1271232916
34283,0,2047276559
34284,0,1009764844
34285,0,1733773253
34286,0,2052825682
34287,0,3425521178
34288,0,3626606925
34289,0,1812897517
34290,0,1170162052
34291,0,477986595
34292,0,3232865039
34293,0,2312134151
34294,0,3222216431
34295,0,1502547910
34296,0,3062230109
34297,0,1791455898
34298,0,370830032
34299,0,860399984
34300,0,3937530403
34301,0,1246425977
34302,0,2426336267
34303,0,2380911492
34304,0,1573098891
34305,0,3241059442
34306,0,2713533154
34307,0,3670952914
34308,0,1697923848
34309,0,1207140834
34310,0,3459553957
34311,0,4049770165
34312,0,3577252495
34313,0,1229463515
34314,0,483920578
34315,0,2911421506
34316,0,354092674
34317,0,3433361543
34318,0,70451837
34319,0,3958282275
34320,0,632712854
34321,0,3841953316
34322,0,2992346009
34323,0,3308429869
34324,0,3214809174
34325,0,3993511324
34326,0,3183593697
34327,0,526973807
34328,0,10909389
34329,0,25792434
34330,0,1065690669
34331,0,4082743853
34332,0,1200847939
34333,0,729416078
34334,0,37056843
34335,0,798273509
34336,0,4150397169
34337,0,2045905455
34338,0,776550644
34339,0,597702591
34340,0,2410637204
34341,0,149361018
34342,0,3016533982
34343,0,3252288741
34344,0,920738599
34345,0,2905803077
34346,0,1331832392
34347,0,2127515709
34348,0,232780153
34349,0,2380642465
34350,0,1690386169
34351,0,551145910
34352,0,1192002785
34353,0,629746185
34354,0,432621517
34355,0,388961781
34356,0,1202202781
34357,0,365859264
34358,0,958969179
34359,0,3757806042
34360,0,365977722
34361,0,574275125
34362,0,3396910507
34363,0,1685838573
34364,0,4226341566
34365,0,4149360321
34366,0,2160299652
34367,0,3548231597
34368,0,2303663554
34369,0,874151833
34370,0,113586125
34371,0,3299284019
34372,0,3792536387
34373,0,517768273
34374,0,1149930554
34375,0,3031765308
34376,0,3301037269
34377,0,893023480
34378,0,252472426
34379,0,3534538858
34380,0,1066670842
34381,0,632002431
34382,0,3218065277
34383,0,2737363277
34384,0,3089468653
34385,0,1052585489
34386,0,4103550574
34387,0,1493505827
34388,0,2277527731
34389,0,924368216
34390,0,918949153
34391,0,455640208
34392,0,2095753453
34393,0,387227350
34394,0,487426705
34395,0,664824702
34396,0,1933081913
34397,0,4017294774
34398,0,1450496084
34399,0,1136196363
34400,0,3354335623
34401,0,3206715112
34402,0,1375986423
34403,0,3858738937
34404,0,338713545
34405,0,4134009293
34406,0,580251938
34407,0,177082426
34408,0,3652172734
34409,0,4124440210
34410,0,737538353
34411,0,799072472
34412,0,1153751461
34413,0,569564669
34414,0,870669243
34415,0,2329708978
34416,0,1722961063
34417,0,3421625780
34418,0,4171470711
34419,0,3286988913
34420,0,809815651
34421,0,2560077383
34422,0,3333449192
34423,0,2343378222
34424,0,689040490
34425,0,2265473700
34426,0,3771221578
34427,0,3895409418
34428,0,3867273485
34429,0,2946809725
34430,0,824928344
34431,0,3626536776
34432,0,2025030506
34433,0,319170469
34434,0,699361244
34435,0,1875127222
34436,0,3168879375
34437,0,77447343
34438,0,763863947
34439,0,3877847408
34440,0,1856886838
34441,0,1623535235
34442,0,1739631913
34443,0,816001091
34444,0,2210666966
34445,0,522579081
34446,0,4096206771
34447,0,184071355
34448,0,2442431244
34449,0,508847542
34450,0,3468653607
34451,0,659227514
34452,0,2745728488
34453,0,783308706
34454,0,2898572672
34455,0,1960951802
34456,0,549785813
34457,0,3642869498
34458,0,3726653093
34459,0,3328942399
34460,0,4224654137
34461,0,229563085
34462,0,135604086
34463,0,864915563
34464,0,2979440075
34465,0,3234929884
34466,0,2316780121
34467,0,701906327
34468,0,586284549
34469,0,3139126077
34470,0,3169704675
34471,0,4052131419
34472,0,1810890973
34473,0,379138088
34474,0,588850342
34475,0,4130409312
34476,0,1022458126
34477,0,1774627878
34478,0,872706791
34479,0,4047582891
34480,0,622039361
34481,0,2957558108
34482,0,2751576269
34483,0,4027742561
34484,0,1493096766
34485,0,4176626322
34486,0,2762670722
34487,0,1537163039
34488,0,871146753
34489,0,1322648135
34490,0,1565131784
34491,0,2762626893
34492,0,640912876
34493,0,2789925707
34494,0,3193713946
34495,0,655508933
34496,0,3796046714
34497,0,2242805484
34498,0,67674485
34499,0,350692774
34500,0,4196412527
34501,0,169591961
34502,0,596862589
34503,0,2764102579
34504,0,1231710568
34505,0,2359951915
34506,0,1359974364
34507,0,3196037990
34508,0,695898895
34509,0,410164930
34510,0,1056283127
34511,0,883744082
34512,0,1340051697
34513,0,100412465
34514,0,2402536844
34515,0,650440557
34516,0,3725282777
34517,0,1102509601
34518,0,1898031768
34519,0,3391331457
34520,0,2412768088
34521,0,641635146
34522,0,2124580161
34523,0,4015848132
34524,0,1888229894
34525,0,2321080288
34526,0,2771808626
34527,0,135830334
34528,0,1955956385
34529,0,1283019937
34530,0,3141909815
34531,0,2424845190
34532,0,1240442810
34533,0,504340470
34534,0,1406404814
34535,0,2340000936
34536,0,2222310302
34537,0,3167071805
34538,0,692280636
34539,0,511407502
34540,0,1771778187
34541,0,4274044558
34542,0,3408939718
34543,0,2406847922
34544,0,2243600691
34545,0,3792279133
34546,0,3364460988
34547,0,2356340739
34548,0,4281268218
34549,0,468010322
34550,0,3668230741
34551,0,522594146
34552,0,2727041639
34553,0,4047244804
34554,0,1869248826
34555,0,703072924
34556,0,1070089953
34557,0,3583758347
34558,0,1556487942
34559,0,2079621685
34560,0,2143009046
34561,0,464967194
34562,0,4023067296
34563,0,4168321679
34564,0,2909269470
34565,0,1264366512
34566,0,2020702597
34567,0,3212818053
34568,0,2085189650
34569,0,975775575
34570,0,3334131446
34571,0,1944873412
34572,0,608584558
34573,0,1767201307
34574,0,2161981712
34575,0,3625613071
34576,0,1233146418
34577,0,989874673
34578,0,1978690862
34579,0,1927786884
34580,0,507055631
34581,0,3236351891
34582,0,998293561
34583,0,1400491706
34584,0,1064945229
34585,0,4055684917
34586,0,1184152
34587,0,101130632
34588,0,2767995635
34589,0,3101991138
34590,0,3018204510
34591,0,2666922488
34592,0,2280455452
34593,0,295786075
34594,0,1445942830
34595,0,565429051
34596,0,1665496561
34597,0,1922912908
34598,0,3243991978
34599,0,148951709
34600,0,1155269444
34601,0,1378403038
34602,0,68672263
34603,0,295686972
34604,0,2499608256
34605,0,1874563346
34606,0,2929861662
34607,0,2920526030
34608,0,3645474219
34609,0,3597581301
34610,0,588477661
34611,0,4237734201
34612,0,2088831041
34613,0,3970553381
34614,0,466534259
34615,0,1211602179
34616,0,3898777928
34617,0,892605133
34618,0,1523631643
34619,0,6514002
34620,0,4125849078
34621,0,4058706908
34622,0,1572185748
34623,0,3314357959
34624,0,4065776091
34625,0,634984525
34626,0,3704086405
34627,0,3252350942
34628,0,403527694
34629,0,3532976264
34630,0,3695120266
34631,0,2214886605
34632,0,2015820131
34633,0,1179883046
34634,0,2793325005
34635,0,3064759086
34636,0,4293089546
34637,0,210255371
34638,0,1650601551
34639,0,3536875226
34640,0,1046702783
34641,0,899729285
34642,0,2271106189
34643,0,4097154858
34644,0,3184485506
34645,0,2059307405
34646,0,3663787274
34647,0,1559968298
34648,0,1282578773
34649,0,4099860953
34650,0,98463755
34651,0,2956052836
34652,0,2864492714
34653,0,2845061438
34654,0,3654236679
34655,0,4017581376
34656,0,1496508879
34657,0,2238345866
34658,0,2891036151
34659,0,3339454592
34660,0,2241419854
34661,0,1959356902
34662,0,1732585116
34663,0,2974690743
34664,0,3957722795
34665,0,1817972210
34666,0,1369791331
34667,0,2749466343
34668,0,4103651417
34669,0,2128696336
34670,0,3624712705
34671,0,2799372615
34672,0,964877694
34673,0,663265640
34674,0,1192407034
34675,0,1330722572
34676,0,1604385108
34677,0,1371634481
34678,0,2857101346
34679,0,1052226341
34680,0,3535642316
34681,0,1306649022
34682,0,1259680757
34683,0,1075268928
34684,0,2656840319
34685,0,2037070134
34686,0,3623040016
34687,0,2673670568
34688,0,4278197191
34689,0,1936210587
34690,0,4082593862
34691,0,3064488905
34692,0,3774007937
34693,0,2381610064
34694,0,1303498895
34695,0,2208391359
34696,0,1500265444
34697,0,470436204
34698,0,4057701407
34699,0,3378486099
34700,0,2089365353
34701,0,1977637051
34702,0,2685927360
34703,0,2719340247
34704,0,19426480
34705,0,2608019215
34706,0,1338478854
34707,0,17232213
34708,0,984344227
34709,0,2307593756
34710,0,2186581176
34711,0,145754105
34712,0,28006430
34713,0,1069351946
34714,0,2025683220
34715,0,611174843
34716,0,906364374
34717,0,556494728
34718,0,3616765253
34719,0,2655695576
34720,0,3391818960
34721,0,3717888008
34722,0,3254589925
34723,0,988846117
34724,0,393328447
34725,0,324974964
34726,0,1249587916
34727,0,2826321789
34728,0,2628566673
34729,0,1689124590
34730,0,3044686230
34731,0,3143145202
34732,0,2572600337
34733,0,2068601755
34734,0,4158075652
34735,0,658554943
34736,0,3617639452
34737,0,172378797
34738,0,2707615652
34739,0,1851010063
34740,0,2439152965
34741,0,4169331104
34742,0,1885535643
34743,0,3588277267
34744,0,1631229666
34745,0,1329540401
34746,0,4189214685
34747,0,3665584473
34748,0,2629444658
34749,0,3753708972
34750,0,3206473640
34751,0,512826877
34752,0,1744492013
34753,0,2510946958
34754,0,1787733523
34755,0,2011152277
34756,0,2240196579
34757,0,1596333086
34758,0,135781324
34759,0,2661969179
34760,0,2988832639
34761,0,2508730970
34762,0,3953413339
34763,0,635217220
34764,0,2684076606
34765,0,271732192
34766,0,1749173703
34767,0,1068237562
34768,0,1100004707
34769,0,2443327965
34770,0,94871729
34771,0,3348034889
34772,0,1037886106
34773,0,2423372285
34774,0,1317470490
34775,0,2049367880
34776,0,2554231375
34777,0,3112275828
34778,0,2240160547
34779,0,2108561810
34780,0,1830608220
34781,0,542369511
34782,0,3446291616
34783,0,3576775231
34784,0,1403866116
34785,0,3214644050
34786,0,1942421738
34787,0,3902482919
34788,0,961964468
34789,0,2020795140
34790,0,2791067821
34791,0,2775922601
34792,0,1937955657
34793,0,899025084
34794,0,1690283388
34795,0,3005012852
34796,0,641443565
34797,0,237231198
34798,0,3232561098
34799,0,2498135264
34800,0,3408821629
34801,0,2495232157
34802,0,2794969193
34803,0,4005560868
34804,0,1041914278
34805,0,3506095377
34806,0,2202830493
34807,0,1618658578
34808,0,600553150
34809,0,4137146928
34810,0,3085584344
34811,0,490091088
34812,0,3036127790
34813,0,1459227799
34814,0,4201907011
34815,0,966236141
34816,0,3252341941
34817,0,2445816563
34818,0,1700085304
34819,0,2430185809
34820,0,2022410024
34821,0,96395519
34822,0,3985435087
34823,0,1712522037
34824,0,3368133103
34825,0,1669057969
34826,0,1131543095
34827,0,4208173484
34828,0,1378532671
34829,0,3022430425
34830,0,1737205799
34831,0,1130851680
34832,0,2007792293
34833,0,3891035641
34834,0,1648251856
34835,0,2697263538
34836,0,3248910123
34837,0,2216831050
34838,0,3830059839
34839,0,1671013641
34840,0,2955770933
34841,0,3939610592
34842,0,982896310
34843,0,3945442807
34844,0,1813398813
34845,0,839081895
34846,0,1728444636
34847,0,3688664755
34848,0,190037366
34849,0,3814007304
34850,0,2777952706
34851,0,1444962964
34852,0,338377229
34853,0,507434168
34854,0,1369402220
34855,0,581179317
34856,0,2853049372
34857,0,2033822490
34858,0,3338890199
34859,0,3846308747
34860,0,55907154
34861,0,2262792813
34862,0,1540307492
34863,0,771188801
34864,0,3743035390
34865,0,3327259404
34866,0,4264684948
34867,0,3017967349
34868,0,2226567691
34869,0,755600880
34870,0,2319972043
34871,0,3880467460
34872,0,2578739265
34873,0,3761711231
34874,0,2720110211
34875,0,2395365787
34876,0,475086017
34877,0,1122575749
34878,0,2909758345
34879,0,1657930694
34880,0,3056225350
34881,0,201097591
34882,0,3784818526
34883,0,3656579168
34884,0,1495914751
34885,0,620180836
34886,0,2300665193
34887,0,4077496783
34888,0,3502135
34889,0,1749754606
34890,0,2395633733
34891,0,4187335716
34892,0,3459272620
34893,0,1064314254
34894,0,1140782510
34895,0,874781291
34896,0,1515002431
34897,0,3629797882
34898,0,3738059208
34899,0,3357416659
34900,0,2064341809
34901,0,499323879
34902,0,2286308152
34903,0,1695293096
34904,0,1039455556
34905,0,1289542570
34906,0,580386750
34907,0,1902801102
34908,0,3506848151
34909,0,1067519149
34910,0,3634419031
34911,0,2202066450
34912,0,2295896115
34913,0,3758624348
34914,0,3652987165
34915,0,3479915794
34916,0,2145554614
34917,0,2474414028
34918,0,1378148174
34919,0,4032958120
34920,0,2271057939
34921,0,3215173052
34922,0,2845591286
34923,0,152067255
34924,0,1381041012
34925,0,902362891
34926,0,1310314879
34927,0,4076300260
34928,0,3749115073
34929,0,1010062070
34930,0,2067001763
34931,0,2784360224
34932,0,2033102760
34933,0,933544293
34934,0,1586422401
34935,0,3641638446
34936,0,3752629291
34937,0,3893593439
34938,0,2411530595
34939,0,4240358219
34940,0,1361975968
34941,0,3710918717
34942,0,4291459174
34943,0,2820333733
34944,0,3286442660
34945,0,1363795615
34946,0,970682770
34947,0,2865387174
34948,0,3821155209
34949,0,333146960
34950,0,2828784904
34951,0,2506964661
34952,0,1707834088
34953,0,1482263491
34954,0,1293563187
34955,0,2083933517
34956,0,107562946
34957,0,4239589834
34958,0,231472751
34959,0,851626732
34960,0,410032963
34961,0,1745299247
34962,0,280144542
34963,0,4190651822
34964,0,3737280272
34965,0,824354176
34966,0,3619716713
34967,0,3651895183
34968,0,2097303778
34969,0,3571410637
34970,0,954041102
34971,0,2671570256
34972,0,1347121019
34973,0,2300978313
34974,0,4216547346
34975,0,1551697018
34976,0,1656060515
34977,0,1926688639
34978,0,1209156739
34979,0,281459842
34980,0,763722249
34981,0,3662116363
34982,0,2756150600
34983,0,3376105695
34984,0,2755649839
34985,0,1532987746
34986,0,3825211195
34987,0,973573448
34988,0,3195272063
34989,0,3801286097
34990,0,3339058277
34991,0,1772446721
34992,0,1635906803
34993,0,3169375484
34994,0,1754791719
34995,0,2031732574
34996,0,2142688071
34997,0,504517800
34998,0,3295191947
34999,0,3542932327
35000,0,1078196135
35001,0,3897956220
35002,0,2106181152
35003,0,3975246918
35004,0,2370009658
35005,0,2727160888
35006,0,3863992349
35007,0,3032654299
35008,0,1009559523
35009,0,2999116523
35010,0,1029783844
35011,0,3187456838
35012,0,2014949260
35013,0,4041811576
35014,0,1357889803
35015,0,2970638572
35016,0,4223482026
35017,0,3382872382
35018,0,2284169980
35019,0,2453453921
35020,0,3013822873
35021,0,2291179249
35022,0,4069562774
35023,0,3588686247
35024,0,2410451598
35025,0,2723598960
35026,0,2063933948
35027,0,946012737
35028,0,1565181140
35029,0,3218637244
35030,0,1376100139
35031,0,3723588795
35032,0,2678836232
35033,0,595418301
35034,0,2512232904
35035,0,286429258
35036,0,543541543
35037,0,2976765287
35038,0,1944526951
35039,0,1788541394
35040,0,2176107330
35041,0,575502892
35042,0,740239784
35043,0,3965971101
35044,0,3073393317
35045,0,1408442359
35046,0,833690065
35047,0,1139614228
35048,0,307620259
35049,0,1129978995
35050,0,442236729
35051,0,3525398791
35052,0,4164447719
35053,0,1159336837
35054,0,3929847344
35055,0,3819667949
35056,0,3780865254
35057,0,339393061
35058,0,750340314
35059,0,2984463211
35060,0,3376849580
35061,0,3212224645
35062,0,648121206
35063,0,3995554481
35064,0,2321506729
35065,0,2871271708
35066,0,3488703871
35067,0,2290118352
35068,0,773825501
35069,0,2531898127
35070,0,2978507307
35071,0,627564013
35072,0,968156515
35073,0,100805135
35074,0,725524078
35075,0,3868680439
35076,0,1538864083
35077,0,3316566898
35078,0,2228234066
35079,0,2273234607
35080,0,2345352890
35081,0,1872567860
35082,0,1193605945
35083,0,3493155864
35084,0,746275107
35085,0,3485426316
35086,0,1580243995
35087,0,4224221826
35088,0,2559467150
35089,0,950620929
35090,0,1273378501
35091,0,719641370
35092,0,2172631289
35093,0,3128220393
35094,0,68462045
35095,0,2236021962
35096,0,19768581
35097,0,69642147
35098,0,3397867146
35099,0,714527361
35100,0,3893876386
35101,0,1253074851
35102,0,2394993825
35103,0,2463091179
35104,0,362880594
35105,0,4211337607
35106,0,1079646558
35107,0,1833616422
35108,0,2349713121
35109,0,2934861225
35110,0,137690244
35111,0,1663229334
35112,0,714095134
35113,0,2544792087
35114,0,1685807809
35115,0,206281936
35116,0,2246427704
35117,0,2436467625
35118,0,2849213039
35119,0,3411984928
35120,0,1883487757
35121,0,4156662860
35122,0,2856384744
35123,0,518646406
35124,0,1419661338
35125,0,1295431124
35126,0,3926096466
35127,0,744908342
35128,0,4105837222
35129,0,1245621105
35130,0,1967677433
35131,0,2824819938
35132,0,447055331
35133,0,3912215823
35134,0,2370185800
35135,0,1240385455
35136,0,2344775169
35137,0,105352448
35138,0,186198163
35139,0,4016090454
35140,0,2743604819
35141,0,2298935474
35142,0,2483217658
35143,0,3676689972
35144,0,1569701477
35145,0,3794412484
35146,0,1812786509
35147,0,3305342591
35148,0,206286777
35149,0,1311432583
35150,0,2929498154
35151,0,2392922662
35152,0,290723412
35153,0,3762629883
35154,0,4271353046
35155,0,1788887888
35156,0,998519957
35157,0,533694942
35158,0,812902948
35159,0,3957250911
35160,0,638665637
35161,0,3269031543
35162,0,1860956156
35163,0,1905830070
35164,0,4114941137
35165,0,3997092350
35166,0,3609419198
35167,0,772586868
35168,0,2381206789
35169,0,2928935650
35170,0,4156745030
35171,0,3324276371
35172,0,892552808
35173,0,3795024503
35174,0,583419369
35175,0,2769881684
35176,0,237684701
35177,0,2365118997
35178,0,1627130056
35179,0,3712647034
35180,0,3322655528
35181,0,3182659839
35182,0,1496177545
35183,0,2848841287
35184,0,1386471397
35185,0,45220362
35186,0,480185619
35187,0,1520394797
35188,0,1837740352
35189,0,798101136
35190,0,2789674928
35191,0,2979307880
35192,0,2458895668
35193,0,789017632
35194,0,4058089665
35195,0,3753959197
35196,0,1077984396
35197,0,2918448100
35198,0,2204976835
35199,0,1561546809
35200,0,1583051730
35201,0,872698754
35202,0,1895685048
35203,0,3135074781
35204,0,2285743726
35205,0,2214486614
35206,0,3106157580
35207,0,3406876702
35208,0,4085017207
35209,0,3093567662
35210,0,1430874070
35211,0,1338047215
35212,0,1127966337
35213,0,3531702260
35214,0,1385146411
35215,0,1457120814
35216,0,698251040
35217,0,138057533
35218,0,25055283
35219,0,2758993007
35220,0,3876616720
35221,0,3792947481
35222,0,4247008417
35223,0,229967449
35224,0,45116454
35225,0,3919699004
35226,0,2531299535
35227,0,467625171
35228,0,535466321
35229,0,4124205457
35230,0,2246291777
35231,0,2327247908
35232,0,4084760861
35233,0,2284930736
35234,0,3154497187
35235,0,3219399979
35236,0,1399474667
35237,0,1353956544
35238,0,3260958197
35239,0,1459417125
35240,0,3623796601
35241,0,35811665
35242,0,3439762933
35243,0,3384698761
35244,0,2896683246
35245,0,1207639763
35246,0,2685203619
35247,0,3985241615
35248,0,3125250763
35249,0,684140484
35250,0,1271397051
35251,0,646504083
35252,0,2517542910
35253,0,484021830
35254,0,3963185294
35255,0,3828468570
35256,0,1980128023
35257,0,301486341
35258,0,1623679433
35259,0,322892150
35260,0,1864017982
35261,0,2041828144
35262,0,2037352858
35263,0,2211265332
35264,0,4018534035
35265,0,2074114360
35266,0,3832491035
35267,0,1013305677
35268,0,1338670859
35269,0,88669406
35270,0,1085605719
35271,0,3954014328
35272,0,3504938761
35273,0,2449512237
35274,0,2622201023
35275,0,341664113
35276,0,3054548040
35277,0,3013960836
35278,0,4186474718
35279,0,4210339447
35280,0,2289386666
35281,0,1021480858
35282,0,3475954514
35283,0,2631319408
35284,0,741066604
35285,0,3423325423
35286,0,123253412
35287,0,814448226
35288,0,3081054689
35289,0,1102648589
35290,0,529569
35291,0,1360693263
35292,0,58091586
35293,0,28811485
35294,0,1076050795
35295,0,3464974668
35296,0,2977341563
35297,0,3393694247
35298,0,3748258150
35299,0,2347714628
35300,0,1041817559
35301,0,2577893862
35302,0,2079639755
35303,0,3210145309
35304,0,809145783
35305,0,855956177
35306,0,2743824702
35307,0,2016815848
35308,0,268828669
35309,0,1354434560
35310,0,114887549
35311,0,3512839270
35312,0,2035211280
35313,0,4217185206
35314,0,3125954627
35315,0,2551213102
35316,0,657013348
35317,0,215150742
35318,0,180561718
35319,0,2862601380
35320,0,1365567617
35321,0,1122073051
35322,0,3600796150
35323,0,3682786022
35324,0,2601847721
35325,0,1986454969
35326,0,4041444081
35327,0,3053498319
35328,0,861875904
35329,0,108000739
35330,0,3803109578
35331,0,256312881
35332,0,531328977
35333,0,947890649
35334,0,1708720155
35335,0,4270988342
35336,0,528799036
35337,0,557965837
35338,0,3171540269
35339,0,1395388699
35340,0,2350412927
35341,0,3496833972
35342,0,3177339801
35343,0,875631281
35344,0,3665824194
35345,0,2898044894
35346,0,816317533
35347,0,877934028
35348,0,4015029242
35349,0,3854972493
35350,0,1124040330
35351,0,149121981
35352,0,3607877527
35353,0,315968523
35354,0,3520742785
35355,0,3022983092
35356,0,4008513112
35357,0,2883784875
35358,0,4147420752
35359,0,4213909967
35360,0,1547853318
35361,0,3889179943
35362,0,2900574141
35363,0,2844507351
35364,0,473385023
35365,0,1395295815
35366,0,2142146934
35367,0,494989686
35368,0,1986536577
35369,0,771719773
35370,0,1799216231
35371,0,3332101087
35372,0,552458319
35373,0,3882533405
35374,0,1510902953
35375,0,4175873508
35376,0,722529513
35377,0,3879150159
35378,0,1822866928
35379,0,3624202236
35380,0,4203932961
35381,0,1105545722
35382,0,4086681463
35383,0,85607178
35384,0,3793720151
35385,0,517609165
35386,0,3698360652
35387,0,1198885728
35388,0,891813356
35389,0,2581138561
35390,0,2976343045
35391,0,3776623670
35392,0,2001141304
35393,0,3098862968
35394,0,2808420821
35395,0,2410202298
35396,0,1892035461
35397,0,57473694
35398,0,466740385
35399,0,3489609571
35400,0,192626346
35401,0,4184299357
35402,0,1645424123
35403,0,4062546829
35404,0,701845191
35405,0,2175809249
35406,0,1793523639
35407,0,387506911
35408,0,1663297726
35409,0,3635467044
35410,0,2555542414
35411,0,861524991
35412,0,769710828
35413,0,3776280562
35414,0,2995327207
35415,0,2183310605
35416,0,670023500
35417,0,3503079087
35418,0,2755057987
35419,0,2630770508
35420,0,3017371455
35421,0,1508295712
35422,0,2905740977
35423,0,325871907
35424,0,1463846631
35425,0,3021266953
35426,0,716133475
35427,0,3293174322
35428,0,519262997
35429,0,3869827837
35430,0,2752565062
35431,0,49440506
35432,0,2341289068
35433,0,2887116780
35434,0,233151640
35435,0,1890498499
35436,0,1820727784
35437,0,1490192533
35438,0,835035861
35439,0,913785690
35440,0,496101076
35441,0,136689745
35442,0,1524055814
35443,0,465801789
35444,0,1493489951
35445,0,2261539212
35446,0,2990944562
35447,0,4167641922
35448,0,2099363202
35449,0,413843850
35450,0,1408211239
35451,0,3115188482
35452,0,1212269925
35453,0,1833369459
35454,0,3887071943
35455,0,452638547
35456,0,3108512771
35457,0,80430599
35458,0,3984166978
35459,0,826687674
35460,0,3548315218
35461,0,2586032392
35462,0,1297825449
35463,0,2068805166
35464,0,617963915
35465,0,2490170073
35466,0,1842099970
35467,0,2393657364
35468,0,2440337955
35469,0,1143970907
35470,0,1127241385
35471,0,1968118075
35472,0,1533965295
35473,0,929625510
35474,0,307759176
35475,0,2037464544
35476,0,2272215622
35477,0,2345734005
35478,0,3988829994
35479,0,2677333432
35480,0,2153261705
35481,0,606095789
35482,0,2410290119
35483,0,1451305070
35484,0,35054760
35485,0,250803913
35486,0,1431577948
35487,0,3993401795
35488,0,117383900
35489,0,3057558094
35490,0,748502485
35491,0,4024225926
35492,0,3427362400
35493,0,4029141602
35494,0,1192852919
35495,0,2103088608
35496,0,3543580787
35497,0,1814829071
35498,0,178027705
35499,0,610851260
35500,0,3568796787
35501,0,2735160207
35502,0,3400126260
35503,0,2594825459
35504,0,1624058600
35505,0,2006535200
35506,0,2645624558
35507,0,285184856
35508,0,2953355346
35509,0,609548339
35510,0,3507123930
35511,0,1711169394
35512,0,1813595962
35513,0,3678047717
35514,0,3662380134
35515,0,221984293
35516,0,336320666
35517,0,2349682134
35518,0,2470739629
35519,0,2393623621
35520,0,2852768087
35521,0,4149180422
35522,0,297349121
35523,0,3231215741
35524,0,476140022
35525,0,4256092665
35526,0,3584926737
35527,0,1155081286
35528,0,1785420206
35529,0,713931041
35530,0,680733013
35531,0,4203503273
35532,0,1517389477
35533,0,1040674071
35534,0,2803465317
35535,0,2586222031
35536,0,2054453504
35537,0,1607759594
35538,0,4028797870
35539,0,3904328229
35540,0,1552783580
35541,0,492539383
35542,0,4031654693
35543,0,2423826352
35544,0,357718807
35545,0,2552370671
35546,0,2305592480
35547,0,132684636
35548,0,2229351101
35549,0,4100898598
35550,0,1388819075
35551,0,912759240
35552,0,1853986695
35553,0,3529141855
35554,0,1839854455
35555,0,723544084
35556,0,3799882661
35557,0,1881896705
35558,0,3349173476
35559,0,1789590842
35560,0,2495172668
35561,0,1768907523
35562,0,619147524
35563,0,2452953223
35564,0,362406581
35565,0,270900242
35566,0,3612751329
35567,0,749322132
35568,0,1883075865
35569,0,223965334
35570,0,1245677395
35571,0,3764583705
35572,0,1207033305
35573,0,4111645820
35574,0,4046506866
35575,0,3816887549
35576,0,3804518962
35577,0,1506275475
35578,0,1567468633
35579,0,4097441130
35580,0,3104820384
35581,0,1407611213
35582,0,607939306
35583,0,2236527898
35584,0,2220853307
35585,0,3728900215
35586,0,1204342129
35587,0,2461960706
35588,0,1008964701
35589,0,2611638825
35590,0,1745363742
35591,0,3776016459
35592,0,739675943
35593,0,1135618590
35594,0,2559239559
35595,0,1131844826
35596,0,2891848108
35597,0,2183032121
35598,0,3096720965
35599,0,4123894795
35600,0,1758490893
35601,0,3100486869
35602,0,2813740478
35603,0,2402809342
35604,0,1082763898
35605,0,3441214393
35606,0,4161988748
35607,0,90471341
35608,0,3357690373
35609,0,2906127412
35610,0,77330668
35611,0,189718735
35612,0,1035601892
35613,0,3583087015
35614,0,319114453
35615,0,3916006106
35616,0,4284966435
35617,0,1740829106
35618,0,123798600
35619,0,3672825916
35620,0,1531529738
35621,0,856576718
35622,0,3551142597
35623,0,1772875452
35624,0,2616259778
35625,0,678836406
35626,0,57765830
35627,0,4290685122
35628,0,2121879473
35629,0,2791819958
35630,0,3105194222
35631,0,671140138
35632,0,362260152
35633,0,3378124056
35634,0,4107488356
35635,0,917494699
35636,0,1988195718
35637,0,1577232990
35638,0,1650757818
35639,0,4261853411
35640,0,172179886
35641,0,748724789
35642,0,606459526
35643,0,1079928444
35644,0,514172596
35645,0,3827106349
35646,0,3477635105
35647,0,919945063
35648,0,844423328
35649,0,1716930432
35650,0,2053376691
35651,0,2641425002
35652,0,3833826676
35653,0,814070690
35654,0,2043065114
35655,0,1527856584
35656,0,3920130076
35657,0,316406505
35658,0,3713755498
35659,0,3199753073
35660,0,252842714
35661,0,3832019902
35662,0,2031546614
35663,0,1174670642
35664,0,870838915
35665,0,2068414296
35666,0,3236492329
35667,0,333109503
35668,0,1348898621
35669,0,2980876381
35670,0,1464012878
35671,0,2618529675
35672,0,850567098
35673,0,1240992792
35674,0,1193159813
35675,0,3545724290
35676,0,2164409681
35677,0,4238881061
35678,0,2870042627
35679,0,1698247403
35680,0,803870841
35681,0,4031041387
35682,0,1553656927
35683,0,590386743
35684,0,255571788
35685,0,1133739781
35686,0,2718625468
35687,0,75447058
35688,0,2159827228
35689,0,2019837619
35690,0,3875111850
35691,0,119125356
35692,0,120691574
35693,0,3216468601
35694,0,234095525
35695,0,1033652677
35696,0,540197239
35697,0,2074063449
35698,0,927875795
35699,0,497022585
35700,0,2302959089
35701,0,1572203788
35702,0,3801595334
35703,0,2965478769
35704,0,4002440198
35705,0,2685039822
35706,0,1022079847
35707,0,443134628
35708,0,2878977018
35709,0,556866601
35710,0,1412666131
35711,0,3966625627
35712,0,1913105592
35713,0,1972175216
35714,0,1640898433
35715,0,3857956190
35716,0,3646863922
35717,0,3439811326
35718,0,3981030290
35719,0,3158859759
35720,0,1091134101
35721,0,3324343096
35722,0,1611310137
35723,0,2772324767
35724,0,2394768697
35725,0,3847532724
35726,0,453192629
35727,0,2965579119
35728,0,1505444952
35729,0,389792960
35730,0,2614989105
35731,0,378477644
35732,0,1440366383
35733,0,1438978096
35734,0,263066097
35735,0,2140844057
35736,0,447290997
35737,0,362019334
35738,0,817029775
35739,0,4035291966
35740,0,4188762159
35741,0,1651877112
35742,0,196296237
35743,0,3802376918
35744,0,1759315050
35745,0,3260295170
35746,0,2916957864
35747,0,1259294252
35748,0,4221138537
35749,0,2144576675
35750,0,1673519360
35751,0,1818916655
35752,0,1937722216
35753,0,3629304385
35754,0,2723148620
35755,0,3639473855
35756,0,2709426658
35757,0,455073827
35758,0,73762414
35759,0,564894586
35760,0,173715736
35761,0,3544873892
35762,0,468189915
35763,0,1843302210
35764,0,988068473
35765,0,416438572
35766,0,755624503
35767,0,430915600
35768,0,3288997894
35769,0,2170462307
35770,0,4279219082
35771,0,648024469
35772,0,3066484828
35773,0,3563108858
35774,0,2829882101
35775,0,1689771532
35776,0,62098415
35777,0,721683336
35778,0,3319763058
35779,0,3454580954
35780,0,2223055299
35781,0,3080397439
35782,0,2839664949
35783,0,3733008582
35784,0,3953663434
35785,0,3929280898
35786,0,1753798016
35787,0,891649820
35788,0,3255893407
35789,0,1775049358
35790,0,2567653312
35791,0,3482638361
35792,0,3329071122
35793,0,3633559045
35794,0,1681613996
35795,0,494075803
35796,0,313943483
35797,0,506215899
35798,0,2876584720
35799,0,2951841531
35800,0,2063303916
35801,0,1185299007
35802,0,3184706351
35803,0,1398632308
35804,0,683775373
35805,0,1417096725
35806,0,2265911087
35807,0,3148961562
35808,0,3139021267
35809,0,1246910082
35810,0,281071267
35811,0,729935625
35812,0,3665314585
35813,0,2440710292
35814,0,3581685920
35815,0,1047214996
35816,0,2049668120
35817,0,2175252428
35818,0,2627698691
35819,0,4284817356
35820,0,3473572290
35821,0,2036548923
35822,0,692164345
35823,0,1749671414
35824,0,756135341
35825,0,1864832927
35826,0,927113173
35827,0,4089035945
35828,0,1102260575
35829,0,3078863219
35830,0,3575291269
35831,0,1407558864
35832,0,142949007
35833,0,1430593989
35834,0,3737310747
35835,0,71268219
35836,0,2967216243
35837,0,2929269082
35838,0,1005711331
35839,0,3350990917
35840,0,4036315792
35841,0,1630251027
35842,0,2433843943
35843,0,2297133665
35844,0,323100658
35845,0,1194492460
35846,0,4187372407
35847,0,3789571435
35848,0,3236391021
35849,0,2427522456
35850,0,2437477945
35851,0,2122165822
35852,0,3170596739
35853,0,2472848966
35854,0,3542208272
35855,0,2998203473
35856,0,2884012942
35857,0,679063141
35858,0,2870286175
35859,0,908101536
35860,0,4232449418
35861,0,2199731537
35862,0,2992041546
35863,0,2624366885
35864,0,541703585
35865,0,3897515455
35866,0,2096051235
35867,0,3607641046
35868,0,3726700047
35869,0,3217854495
35870,0,2485369336
35871,0,2156250806
35872,0,842025343
35873,0,1491675888
35874,0,3411382603
35875,0,1457877845
35876,0,3917106514
35877,0,3134978682
35878,0,1997524656
35879,0,1441313372
35880,0,935420461
35881,0,1797075471
35882,0,1724522625
35883,0,2040015980
35884,0,4272414374
35885,0,2869993471
35886,0,2768982664
35887,0,605852037
35888,0,1939945715
35889,0,3276875564
35890,0,288246326
35891,0,3581158978
35892,0,1714789660
35893,0,1733856567
35894,0,2838798152
35895,0,1634584294
35896,0,4019990014
35897,0,777569551
35898,0,3923701779
35899,0,3427660893
35900,0,705415934
35901,0,969951700
35902,0,766567809
35903,0,287014177
35904,0,1506174766
35905,0,828267103
35906,0,3098357237
35907,0,3210996988
35908,0,2642263490
35909,0,1920531616
35910,0,3497361558
35911,0,1820943365
35912,0,1094018081
35913,0,1536650713
35914,0,1940836143
35915,0,3810802506
35916,0,3991168236
35917,0,1313037904
35918,0,2493570580
35919,0,1663118597
35920,0,2528405221
35921,0,1467068913
35922,0,1220250518
35923,0,14924082
35924,0,2407373008
35925,0,2962709123
35926,0,589691744
35927,0,360652228
35928,0,775631431
35929,0,1175271870
35930,0,3328945475
35931,0,3417374946
35932,0,2651558836
35933,0,1674695882
35934,0,1885320622
35935,0,1538059707
35936,0,90585206
35937,0,2407248130
35938,0,3525982287
35939,0,827443486
35940,0,104049095
35941,0,308639746
35942,0,298430640
35943,0,3693856959
35944,0,45301249
35945,0,3407264696
35946,0,2421621896
35947,0,1744937355
35948,0,3660389875
35949,0,1274766970
35950,0,3249703392
35951,0,2169959751
35952,0,2688118200
35953,0,1011565727
35954,0,3486077075
35955,0,1588792766
35956,0,3751712188
35957,0,2819323432
35958,0,520928431
35959,0,2612659331
35960,0,3194694614
35961,0,3105967518
35962,0,2194308919
35963,0,1756614017
35964,0,830424320
35965,0,3795457039
35966,0,3083808274
35967,0,329622932
35968,0,473944785
35969,0,718650755
35970,0,836236561
35971,0,566486987
35972,0,4201612182
35973,0,1236637080
35974,0,2614881147
35975,0,808188929
35976,0,3134488916
35977,0,1966903627
35978,0,94755553
35979,0,1640830525
35980,0,2723160248
35981,0,1856569595
35982,0,2558440352
35983,0,2404909061
35984,0,1682182793
35985,0,616395235
35986,0,3668689091
35987,0,4107125466
35988,0,3728881329
35989,0,2317288859
35990,0,1059473773
35991,0,930733928
35992,0,2651848034
35993,0,1439841235
35994,0,1201799783
35995,0,4197634960
35996,0,2823878064
35997,0,1781757603
35998,0,2550501072
35999,0,304930271
36000,0,3145227156
36001,0,2975527345
36002,0,49833703
36003,0,3400843093
36004,0,4137160378
36005,0,514430653
36006,0,2746888386
36007,0,1373782131
36008,0,610909221
36009,0,1850716083
36010,0,3968454543
36011,0,2054218579
36012,0,2773269406
36013,0,1976775329
36014,0,1667528482
36015,0,1569226146
36016,0,364806972
36017,0,2130009040
36018,0,1684607991
36019,0,2230177660
36020,0,2638769757
36021,0,2163426716
36022,0,3763766844
36023,0,582144244
36024,0,1830942946
36025,0,361737852
36026,0,3897267676
36027,0,3304803364
36028,0,42781179
36029,0,3989790818
36030,0,967258339
36031,0,685562110
36032,0,3616845870
36033,0,1941654566
36034,0,1573889561
36035,0,2291564927
36036,0,1334896963
36037,0,95200255
36038,0,2880596438
36039,0,932415698
36040,0,2545195350
36041,0,2538944569
36042,0,974258704
36043,0,811063352
36044,0,2705788816
36045,0,1443944074
36046,0,3573001642
36047,0,152919147
36048,0,4036872515
36049,0,2130984633
36050,0,3804182736
36051,0,2969729602
36052,0,922937735
36053,0,745910110
36054,0,2858045873
36055,0,3991679335
36056,0,333214823
36057,0,927695663
36058,0,2733004728
36059,0,1782388144
36060,0,3655683925
36061,0,1911897362
36062,0,481677593
36063,0,1950541842
36064,0,22489842
36065,0,1697252918
36066,0,2557889728
36067,0,1814225623
36068,0,1065043851
36069,0,2798355854
36070,0,423622867
36071,0,580424673
36072,0,745658867
36073,0,4273600724
36074,0,4123007141
36075,0,743225903
36076,0,3660182219
36077,0,1785527955
36078,0,1113746892
36079,0,4104564225
36080,0,229984498
36081,0,834670151
36082,0,823541283
36083,0,748063754
36084,0,1608639137
36085,0,353082395
36086,0,3079742655
36087,0,4090964668
36088,0,3331628668
36089,0,4265455345
36090,0,932629248
36091,0,807482139
36092,0,3725156218
36093,0,1227543721
36094,0,1681937334
36095,0,2833395981
36096,0,3777731522
36097,0,3626094475
36098,0,3687527171
36099,0,147502870
36100,0,2602784834
36101,0,4115098295
36102,0,438391135
36103,0,828342810
36104,0,3800625172
36105,0,1842070641
36106,0,3187160243
36107,0,3601803652
36108,0,1080670507
36109,0,2664477485
36110,0,2652879255
36111,0,1283509537
36112,0,4055642579
36113,0,2269849616
36114,0,2875359156
36115,0,1980052030
36116,0,3625048575
36117,0,2263303528
36118,0,2802072557
36119,0,793309681
36120,0,531619850
36121,0,2524244605
36122,0,1817359328
36123,0,2147184663
36124,0,785024395
36125,0,2969603190
36126,0,2974652945
36127,0,1140382166
36128,0,1082426199
36129,0,3442437920
36130,0,967088101
36131,0,3226741609
36132,0,3793491797
36133,0,2116444910
36134,0,4244930995
36135,0,3412603498
36136,0,1770490872
36137,0,2279618308
36138,0,2703099652
36139,0,1579698331
36140,0,2958779334
36141,0,1482323767
36142,0,3241087305
36143,0,1136802186
36144,0,2593916307
36145,0,1608742916
36146,0,748678869
36147,0,4192331927
36148,0,1520318254
36149,0,319593331
36150,0,2352337666
36151,0,4242836776
36152,0,3312896648
36153,0,2564773883
36154,0,908186507
36155,0,2252734915
36156,0,2310413692
36157,0,154056304
36158,0,603711872
36159,0,2276661829
36160,0,2594788602
36161,0,3070218433
36162,0,3491561714
36163,0,1886152339
36164,0,1802592588
36165,0,2889916128
36166,0,1275389166
36167,0,3283146978
36168,0,3442631220
36169,0,2950755150
36170,0,2158238410
36171,0,2086026676
36172,0,3355240644
36173,0,107803510
36174,0,2555220375
36175,0,1704194472
36176,0,1870230299
36177,0,1650213206
36178,0,2762504653
36179,0,3651144869
36180,0,3735869279
36181,0,3433413372
36182,0,79357729
36183,0,1401129678
36184,0,2039558083
36185,0,3510984471
36186,0,777505476
36187,0,921372963
36188,0,2921798212
36189,0,3768066707
36190,0,2106338870
36191,0,4044935283
36192,0,2312010488
36193,0,2495246256
36194,0,4039926230
36195,0,3794102797
36196,0,2751027807
36197,0,2666348230
36198,0,529115612
36199,0,2096475173
36200,0,3881597757
36201,0,1866861344
36202,0,1785322001
36203,0,1951498756
36204,0,3325370764
36205,0,580288846
36206,0,2774022705
36207,0,3788975358
36208,0,2371171738
36209,0,1462398281
36210,0,1256931592
36211,0,2072010189
36212,0,1996586993
36213,0,1192297038
36214,0,2353450402
36215,0,3953544251
36216,0,1711708235
36217,0,352058188
36218,0,433823269
36219,0,704540266
36220,0,1649988115
36221,0,2068532702
36222,0,1289752678
36223,0,2473727248
36224,0,1903597058
36225,0,3580263673
36226,0,1171480869
36227,0,386756126
36228,0,3809516633
36229,0,3823322772
36230,0,3976323724
36231,0,4216409764
36232,0,2184272678
36233,0,2213297676
36234,0,2174369626
36235,0,139628578
36236,0,277437481
36237,0,1518359631
36238,0,1362761003
36239,0,1618010212
36240,0,4093089050
36241,0,734946224
36242,0,280632812
36243,0,871446927
36244,0,2363141647
36245,0,4202656450
36246,0,2428510961
36247,0,123166590
36248,0,2074463586
36249,0,2201247910
36250,0,3946070518
36251,0,39632403
36252,0,642518876
36253,0,1398558063
36254,0,2227815159
36255,0,779676476
36256,0,1357980883
36257,0,4177830438
36258,0,3310011462
36259,0,629874247
36260,0,2386063782
36261,0,2173879712
36262,0,4260597587
36263,0,254575295
36264,0,1881050434
36265,0,2539990713
36266,0,1693510624
36267,0,1209414630
36268,0,1128017587
36269,0,464491782
36270,0,3370848673
36271,0,4046716174
36272,0,1558000295
36273,0,2881246083
36274,0,407392197
36275,0,665584829
36276,0,1078268704
36277,0,2785879088
36278,0,1408207829
36279,0,4030343551
36280,0,396881237
36281,0,2880057907
36282,0,1349041253
36283,0,3143880055
36284,0,2607074865
36285,0,1459553120
36286,0,1693998345
36287,0,2221940229
36288,0,14274687
36289,0,1611894676
36290,0,767683556
36291,0,118559994
36292,0,2487648669
36293,0,3402987335
36294,0,3817410169
36295,0,2324669466
36296,0,3214391452
36297,0,1476888350
36298,0,3026616044
36299,0,214148369
36300,0,1951833345
36301,0,1496003002
36302,0,3700533428
36303,0,3647787671
36304,0,620524040
36305,0,4246326678
36306,0,1371969443
36307,0,3848565114
36308,0,36413247
36309,0,1212464377
36310,0,614830484
36311,0,1148977471
36312,0,1328275794
36313,0,1396089490
36314,0,1810924832
36315,0,298035658
36316,0,4221676887
36317,0,258891794
36318,0,2934207780
36319,0,677135748
36320,0,3179162546
36321,0,2030215542
36322,0,2292354016
36323,0,3791783663
36324,0,4180232064
36325,0,3942433516
36326,0,646843452
36327,0,104204472
36328,0,587992616
36329,0,4225939148
36330,0,173501041
36331,0,71173725
36332,0,1515012295
36333,0,3102663757
36334,0,3901340094
36335,0,679270977
36336,0,3584088251
36337,0,407643104
36338,0,440259320
36339,0,2889014249
36340,0,515869070
36341,0,508163945
36342,0,876355675
36343,0,3067351104
36344,0,2942128110
36345,0,3534822270
36346,0,3389706673
36347,0,2544602191
36348,0,576844958
36349,0,2192926215
36350,0,3771184797
36351,0,3566710647
36352,0,244020948
36353,0,1785272700
36354,0,1636894271
36355,0,1804473364
36356,0,2291454674
36357,0,1260252437
36358,0,559546122
36359,0,3383671446
36360,0,3245525224
36361,0,2510233407
36362,0,3110093923
36363,0,2355359285
36364,0,3305368071
36365,0,2955514598
36366,0,3436669020
36367,0,440659698
36368,0,2486057660
36369,0,1011610368
36370,0,122785973
36371,0,2644666582
36372,0,3349205450
36373,0,1856380870
36374,0,110077001
36375,0,3000587274
36376,0,2471714022
36377,0,3778277537
36378,0,2077522290
36379,0,1806836463
36380,0,3524621848
36381,0,3860809235
36382,0,3581480669
36383,0,1626883340
36384,0,1667749152
36385,0,2712707553
36386,0,68665287
36387,0,2383142960
36388,0,3015622646
36389,0,3964270358
36390,0,2277545507
36391,0,898836609
36392,0,1088895168
36393,0,1477577951
36394,0,683008891
36395,0,260303830
36396,0,769345514
36397,0,3789720153
36398,0,2778182573
36399,0,799371740
36400,0,2991100787
36401,0,2767376224
36402,0,1590201359
36403,0,2791325387
36404,0,2526596343
36405,0,1875576308
36406,0,3787836302
36407,0,1311825236
36408,0,3872687289
36409,0,3190844568
36410,0,3351616617
36411,0,4250423277
36412,0,1612128863
36413,0,265064017
36414,0,1591397138
36415,0,4037644558
36416,0,2634371038
36417,0,2871796097
36418,0,3432962031
36419,0,3657738014
36420,0,2450476493
36421,0,225235670
36422,0,1912434925
36423,0,603413693
36424,0,3295906093
36425,0,530056006
36426,0,3790166910
36427,0,2589538717
36428,0,271721000
36429,0,3667266163
36430,0,1624544383
36431,0,3107628818
36432,0,1456123454
36433,0,1654692024
36434,0,1195617283
36435,0,1790540066
36436,0,4131284588
36437,0,1686935989
36438,0,15863656
36439,0,1660605191
36440,0,736085514
36441,0,2965577509
36442,0,3084714102
36443,0,3987388543
36444,0,3993346189
36445,0,412196199
36446,0,1284536281
36447,0,252029804
36448,0,4150705496
36449,0,964168446
36450,0,1021119309
36451,0,724064119
36452,0,420631828
36453,0,632251724
36454,0,3923163183
36455,0,3837505414
36456,0,3090137923
36457,0,1220013920
36458,0,506268781
36459,0,1270776861
36460,0,4237318627
36461,0,35914901
36462,0,3563740174
36463,0,1653714075
36464,0,3076392026
36465,0,2373618096
36466,0,1439700310
36467,0,3089441675
36468,0,2531129729
36469,0,341074839
36470,0,2633973508
36471,0,418370539
36472,0,2966066914
36473,0,2697091785
36474,0,2566582148
36475,0,1682681121
36476,0,740245270
36477,0,3025061864
36478,0,4207789969
36479,0,96933710
36480,0,2684317735
36481,0,1317974938
36482,0,2269791076
36483,0,737294871
36484,0,4205667759
36485,0,2500688579
36486,0,1895168713
36487,0,976953087
36488,0,1702794157
36489,0,1449553192
36490,0,3819387369
36491,0,2547609380
36492,0,4253807994
36493,0,3887753704
36494,0,4200638923
36495,0,74347143
36496,0,2380268696
36497,0,588973569
36498,0,951843436
36499,0,3107810167
36500,0,2653137566
36501,0,2238970854
36502,0,3152517825
36503,0,1598836062
36504,0,169550733
36505,0,2738627512
36506,0,3459068861
36507,0,1661883792
36508,0,2654742670
36509,0,2123449880
36510,0,2619329297
36511,0,3402034255
36512,0,4272945896
36513,0,1068349489
36514,0,2647675108
36515,0,1851784002
36516,0,3083438329
36517,0,1544264146
36518,0,3372746506
36519,0,4107099198
36520,0,3055337723
36521,0,4000663738
36522,0,2871478891
36523,0,254501022
36524,0,69906754
36525,0,307875875
36526,0,602482093
36527,0,3972810339
36528,0,3825375235
36529,0,1465308098
36530,0,687112181
36531,0,1180369520
36532,0,3837214266
36533,0,1837076418
36534,0,209170849
36535,0,2990439552
36536,0,3362130103
36537,0,661482991
36538,0,3502889063
36539,0,2473393445
36540,0,2512597857
36541,0,2252487798
36542,0,4166979216
36543,0,674056342
36544,0,960084238
36545,0,3440885314
36546,0,1629718157
36547,0,800579828
36548,0,2793942304
36549,0,3332631158
36550,0,3326314368
36551,0,1623738361
36552,0,1859989410
36553,0,2919779574
36554,0,1431124125
36555,0,3112359922
36556,0,2363502540
36557,0,2854519616
36558,0,1944015526
36559,0,2834305539
36560,0,4239707195
36561,0,3275770594
36562,0,2308018796
36563,0,3226845122
36564,0,2182432404
36565,0,1916644631
36566,0,880473560
36567,0,855234488
36568,0,164930655
36569,0,918443248
36570,0,2015721184
36571,0,165326364
36572,0,3745055248
36573,0,269797389
36574,0,2880486503
36575,0,1002196313
36576,0,4042374674
36577,0,557853931
36578,0,3212217893
36579,0,3102815996
36580,0,1542571147
36581,0,259142235
36582,0,1847045671
36583,0,3786635790
36584,0,1353536407
36585,0,2703626744
36586,0,4009716
36587,0,429685925
36588,0,1461347201
36589,0,1982040244
36590,0,3784601326
36591,0,3850011018
36592,0,473497295
36593,0,2143484127
36594,0,1006116563
36595,0,1013856898
36596,0,2633950397
36597,0,1296430505
36598,0,2380605041
36599,0,206130788
36600,0,2503886950
36601,0,3664144799
36602,0,4259693717
36603,0,3953099758
36604,0,1739296255
36605,0,3566778453
36606,0,2984069660
36607,0,189140019
36608,0,2885196349
36609,0,2941495842
36610,0,2565300745
36611,0,3765007130
36612,0,255907839
36613,0,2723715360
36614,0,2665804382
36615,0,357135145
36616,0,1587911007
36617,0,1548745880
36618,0,3628663734
36619,0,4291316361
36620,0,633022821
36621,0,1382190318
36622,0,2081877809
36623,0,2682480361
36624,0,2499400118
36625,0,1999084785
36626,0,327559949
36627,0,169603006
36628,0,2322505032
36629,0,1630635211
36630,0,1689341951
36631,0,3835667032
36632,0,172092530
36633,0,3459859765
36634,0,896358714
36635,0,1459656191
36636,0,4065702688
36637,0,3255023160
36638,0,744056602
36639,0,402575271
36640,0,256072930
36641,0,4282056493
36642,0,3141461762
36643,0,2618034509
36644,0,3113311295
36645,0,3502789556
36646,0,2372494219
36647,0,2182231015
36648,0,1236831184
36649,0,1083593105
36650,0,3726814371
36651,0,4251428472
36652,0,1019017004
36653,0,3917342208
36654,0,3791935262
36655,0,1947455181
36656,0,3028774184
36657,0,2104129177
36658,0,1150330853
36659,0,1575605683
36660,0,2360296860
36661,0,3884058066
36662,0,1077600142
36663,0,1655267083
36664,0,1615556175
36665,0,3184761166
36666,0,297662547
36667,0,2018389512
36668,0,207710511
36669,0,165128237
36670,0,1721548484
36671,0,3654060710
36672,0,4033685911
36673,0,4272129080
36674,0,1253877354
36675,0,272671506
36676,0,2155790691
36677,0,1375937546
36678,0,3872233003
36679,0,3574815183
36680,0,2071346586
36681,0,610360568
36682,0,4030020583
36683,0,3195533347
36684,0,1862577114
36685,0,3045935685
36686,0,2222547143
36687,0,2757446167
36688,0,1847615483
36689,0,3728650132
36690,0,1917412402
36691,0,2267963893
36692,0,688679901
36693,0,713336102
36694,0,2049408246
36695,0,579285866
36696,0,1504195327
36697,0,2701680004
36698,0,4255749080
36699,0,898396689
36700,0,3255824694
36701,0,3104623458
36702,0,745795858
36703,0,409116538
36704,0,976399676
36705,0,2637579318
36706,0,3819270958
36707,0,4124191758
36708,0,3122999495
36709,0,2609251833
36710,0,1008207045
36711,0,2895637029
36712,0,1807694668
36713,0,369711559
36714,0,2600815807
36715,0,1623460662
36716,0,3589654279
36717,0,3484885037
36718,0,1574972276
36719,0,1230922067
36720,0,737951433
36721,0,680285115
36722,0,4254546438
36723,0,1076435661
36724,0,224519637
36725,0,179370552
36726,0,2869553315
36727,0,1436923405
36728,0,2414383199
36729,0,562359150
36730,0,566744666
36731,0,3130228828
36732,0,2576664336
36733,0,799945419
36734,0,3608404016
36735,0,3382903546
36736,0,1712586515
36737,0,667152011
36738,0,407294914
36739,0,2246093181
36740,0,2301059674
36741,0,3371044204
36742,0,556970093
36743,0,2430227890
36744,0,2548262916
36745,0,2794535893
36746,0,3163602720
36747,0,3320429018
36748,0,2827130579
36749,0,2974413855
36750,0,1988111546
36751,0,301855505
36752,0,1550786334
36753,0,1310497752
36754,0,1905874955
36755,0,161136039
36756,0,2615157936
36757,0,1908083307
36758,0,238690320
36759,0,221815948
36760,0,747381592
36761,0,3020526155
36762,0,1314298891
36763,0,656535264
36764,0,1161924702
36765,0,2651264155
36766,0,3994882289
36767,0,3428960496
36768,0,1518992303
36769,0,3665363825
36770,0,3103559994
36771,0,1906527927
36772,0,381809453
36773,0,1009559711
36774,0,2396822528
36775,0,3067004782
36776,0,2856664991
36777,0,3144544708
36778,0,2952470190
36779,0,1241100185
36780,0,4250698268
36781,0,3472467699
36782,0,3201353696
36783,0,1673398838
36784,0,4260098570
36785,0,4143220799
36786,0,2576884486
36787,0,585962170
36788,0,2549632519
36789,0,1495581307
36790,0,3960707854
36791,0,1899004503
36792,0,1311772586
36793,0,3077071176
36794,0,3546718696
36795,0,3962563301
36796,0,1058736604
36797,0,2587131724
36798,0,2925740514
36799,0,229849965
36800,0,1461227857
36801,0,3814779592
36802,0,957034324
36803,0,3234964900
36804,0,2026810710
36805,0,31672164
36806,0,1223790467
36807,0,1497084771
36808,0,3316604360
36809,0,3974042275
36810,0,3756378406
36811,0,3202773638
36812,0,1718079869
36813,0,357553273
36814,0,399569081
36815,0,826105626
36816,0,3239320789
36817,0,324874194
36818,0,1648469153
36819,0,2355123883
36820,0,1343998929
36821,0,90051393
36822,0,570182554
36823,0,3110380669
36824,0,2424914824
36825,0,2818302324
36826,0,2708774750
36827,0,1635222577
36828,0,2949412329
36829,0,257552241
36830,0,1682772842
36831,0,36060986
36832,0,2112005786
36833,0,252686914
36834,0,3518386881
36835,0,1713478134
36836,0,4142996569
36837,0,2050001508
36838,0,83608730
36839,0,4051693422
36840,0,2664893895
36841,0,2459278448
36842,0,40506205
36843,0,1077147901
36844,0,3668224523
36845,0,3008910041
36846,0,2573657432
36847,0,4235538558
36848,0,354514211
36849,0,1260655809
36850,0,4264973311
36851,0,3179057851
36852,0,3394715886
36853,0,1796778155
36854,0,3216179725
36855,0,564884340
36856,0,3078571606
36857,0,2835388428
36858,0,4197049484
36859,0,297336272
36860,0,3462242545
36861,0,842270672
36862,0,3943008343
36863,0,468184912
36864,0,1889961927
36865,0,2878917352
36866,0,3933725386
36867,0,3556479613
36868,0,2537043527
36869,0,2950908255
36870,0,533826907
36871,0,3777345190
36872,0,2849699486
36873,0,371256922
36874,0,1990123087
36875,0,129660004
36876,0,1877790495
36877,0,937809688
36878,0,768910075
36879,0,2297977342
36880,0,4215069629
36881,0,1763850392
36882,0,3893682048
36883,0,259532850
36884,0,1169411245
36885,0,3102221694
36886,0,884003069
36887,0,4215509738
36888,0,2865519301
36889,0,319400943
36890,0,3909042805
36891,0,378382221
36892,0,3992355027
36893,0,2155035269
36894,0,56544148
36895,0,2678650562
36896,0,2943236410
36897,0,1633742558
36898,0,3956867299
36899,0,3009783073
36900,0,4294008545
36901,0,1368361495
36902,0,3110761553
36903,0,199613313
36904,0,2720127659
36905,0,3085579313
36906,0,3705797735
36907,0,2395002865
36908,0,334037038
36909,0,1316479704
36910,0,4156277262
36911,0,1890778003
36912,0,3620798995
36913,0,99623578
36914,0,902769451
36915,0,3320728766
36916,0,2202589890
36917,0,2584350602
36918,0,2761911447
36919,0,1756932657
36920,0,3257412878
36921,0,918050698
36922,0,3043507310
36923,0,3998287516
36924,0,517921405
36925,0,2008157717
36926,0,4167438477
36927,0,1954683766
36928,0,3134347079
36929,0,4150469658
36930,0,4024799402
36931,0,3824104466
36932,0,2831393316
36933,0,1282326663
36934,0,464731576
36935,0,4236539130
36936,0,830124823
36937,0,2215932923
36938,0,1191825166
36939,0,2750299962
36940,0,3844139774
36941,0,4153773793
36942,0,2407019877
36943,0,3008290927
36944,0,2267401742
36945,0,3798351612
36946,0,2458658848
36947,0,3867959140
36948,0,3246248788
36949,0,435860799
36950,0,2767397041
36951,0,3695802531
36952,0,2565947565
36953,0,2893259583
36954,0,3666987413
36955,0,2545946820
36956,0,784572200
36957,0,4193289947
36958,0,3428440974
36959,0,304374618
36960,0,1470292957
36961,0,1894875153
36962,0,1585679720
36963,0,3405628703
36964,0,966629936
36965,0,3516937469
36966,0,817894178
36967,0,1714226288
36968,0,315589377
36969,0,3075840150
36970,0,2360085525
36971,0,2835086018
36972,0,601486195
36973,0,2873370792
36974,0,3832991616
36975,0,2371680547
36976,0,1567265791
36977,0,3988519637
36978,0,3468912389
36979,0,3864089748
36980,0,1421208661
36981,0,3470270858
36982,0,2546572094
36983,0,829367369
36984,0,1764473338
36985,0,3700041968
36986,0,2870535034
36987,0,1502142689
36988,0,4144539467
36989,0,2681692635
36990,0,241909133
36991,0,1385137504
36992,0,1552616726
36993,0,2551423938
36994,0,1629039383
36995,0,3406220394
36996,0,1140531407
36997,0,3686315262
36998,0,1774542797
36999,0,2242856115
37000,0,3390789583
37001,0,3166572670
37002,0,2827750374
37003,0,401292510
37004,0,2120767526
37005,0,3640193168
37006,0,465104709
37007,0,3428434381
37008,0,2019779677
37009,0,2314275593
37010,0,3131021153
37011,0,1174534232
37012,0,1481793405
37013,0,1677927107
37014,0,187899694
37015,0,1913357285
37016,0,1284733214
37017,0,1436921862
37018,0,2533702484
37019,0,1033621251
37020,0,3406441214
37021,0,1155536724
37022,0,2270969457
37023,0,315742520
37024,0,388986275
37025,0,3405137070
37026,0,1309881983
37027,0,860127281
37028,0,3407659920
37029,0,1051963079
37030,0,637928754
37031,0,849803810
37032,0,1371231923
37033,0,1455967141
37034,0,2820950811
37035,0,161500344
37036,0,115267779
37037,0,1696338464
37038,0,206852108
37039,0,1290270694
37040,0,4051088267
37041,0,3355427080
37042,0,3288662535
37043,0,3976189061
37044,0,3682634226
37045,0,2641049869
37046,0,3004588328
37047,0,2572716177
37048,0,2165799476
37049,0,2758307484
37050,0,2664231521
37051,0,278566401
37052,0,151548588
37053,0,3974353218
37054,0,1336975047
37055,0,3512880787
37056,0,3526833853
37057,0,2834371949
37058,0,3250780195
37059,0,1176256320
37060,0,4286556410
37061,0,1182618762
37062,0,1902132604
37063,0,2940159355
37064,0,3046166739
37065,0,1591084502
37066,0,1409144544
37067,0,3440766064
37068,0,1675711389
37069,0,2076720596
37070,0,4062379597
37071,0,277487544
37072,0,1021048518
37073,0,39972647
37074,0,3475442757
37075,0,4216904018
37076,0,3996107787
37077,0,3279635676
37078,0,3623007404
37079,0,2911500287
37080,0,4257060548
37081,0,2747473846
37082,0,3330427436
37083,0,2000041007
37084,0,2277642806
37085,0,1964158580
37086,0,995884378
37087,0,3672341346
37088,0,73618693
37089,0,3065745124
37090,0,730515383
37091,0,486530857
37092,0,72030244
37093,0,2394610659
37094,0,1830613248
37095,0,2494405470
37096,0,3742326557
37097,0,2842707979
37098,0,2925428307
37099,0,1393687993
37100,0,4168849066
37101,0,3749506141
37102,0,471517670
37103,0,3789768149
37104,0,2725088857
37105,0,1735546570
37106,0,2563441663
37107,0,3995560709
37108,0,1807654502
37109,0,3056748991
37110,0,532615581
37111,0,1276453947
37112,0,4208213554
37113,0,3747239899
37114,0,563010667
37115,0,3128683562
37116,0,942093685
37117,0,263633937
37118,0,3735744875
37119,0,2424173608
37120,0,601079657
37121,0,3555204022
37122,0,3276328153
37123,0,2158213040
37124,0,1022123994
37125,0,1442827889
37126,0,705082697
37127,0,1767016670
37128,0,828623802
37129,0,1249991088
37130,0,1465533451
37131,0,3837679398
37132,0,3842670955
37133,0,298894584
37134,0,548916159
37135,0,3788025023
37136,0,2142889104
37137,0,642999717
37138,0,370932246
37139,0,1115216378
37140,0,1907433081
37141,0,498925446
37142,0,3418598048
37143,0,1818839179
37144,0,3933818071
37145,0,3214567910
37146,0,2793195029
37147,0,3916517386
37148,0,2910734322
37149,0,3582366578
37150,0,4210212934
37151,0,4256200283
37152,0,2618725158
37153,0,2151479295
37154,0,3332377438
37155,0,1052688347
37156,0,3253781593
37157,0,4127888484
37158,0,877560519
37159,0,1725172044
37160,0,407022834
37161,0,4131752348
37162,0,2847108807
37163,0,1226207922
37164,0,1867404114
37165,0,28080576
37166,0,1544810442
37167,0,482171103
37168,0,1132102284
37169,0,1984587833
37170,0,1390929535
37171,0,1797422091
37172,0,2965554458
37173,0,3831485546
37174,0,3296852835
37175,0,2253468725
37176,0,3123662750
37177,0,675833968
37178,0,2374574259
37179,0,2591923196
37180,0,155443421
37181,0,3730256977
37182,0,595333087
37183,0,4067454236
37184,0,645034812
37185,0,1789731318
37186,0,484659551
37187,0,2950286683
37188,0,1479420450
37189,0,808367735
37190,0,988055015
37191,0,3781044651
37192,0,2835359838
37193,0,763131195
37194,0,3635666454
37195,0,3445144174
37196,0,2562194404
37197,0,2661435425
37198,0,593919410
37199,0,1993945242
37200,0,1233209119
37201,0,1295016558
37202,0,1858984144
37203,0,1864496475
37204,0,1625099870
37205,0,3821237365
37206,0,620742835
37207,0,1624313511
37208,0,1639713413
37209,0,4252468371
37210,0,2975444545
37211,0,380128553
37212,0,4271978319
37213,0,3512718859
37214,0,1481300804
37215,0,1734934645
37216,0,2878864134
37217,0,3390389981
37218,0,3558584186
37219,0,2674085760
37220,0,620080617
37221,0,3092278509
37222,0,209672043
37223,0,886751330
37224,0,4127225641
37225,0,3829415995
37226,0,1689097496
37227,0,399588863
37228,0,1035369672
37229,0,3083845183
37230,0,1091025243
37231,0,1941752813
37232,0,3001208621
37233,0,2346995566
37234,0,1127760682
37235,0,553252356
37236,0,3642120728
37237,0,1493120370
37238,0,1953784090
37239,0,4072471313
37240,0,3590541886
37241,0,886919068
37242,0,956211307
37243,0,1921348690
37244,0,1575227637
37245,0,547438088
37246,0,3949431480
37247,0,1545630624
37248,0,1051556086
37249,0,2815292879
37250,0,938948565
37251,0,4038202675
37252,0,4036078361
37253,0,2075121120
37254,0,2741057609
37255,0,157488605
37256,0,281576977
37257,0,22963348
37258,0,1952238642
37259,0,1451598143
37260,0,3068411310
37261,0,460146118
37262,0,3379452332
37263,0,1226885281
37264,0,1454168027
37265,0,1185804272
37266,0,2434914681
37267,0,3957007294
37268,0,2050500968
37269,0,2646067874
37270,0,4170490547
37271,0,4103892626
37272,0,1351373973
37273,0,2580392666
37274,0,3192483505
37275,0,3766479038
37276,0,2959927114
37277,0,3157495816
37278,0,141301041
37279,0,3548674772
37280,0,3338945499
37281,0,2694809828
37282,0,1642538117
37283,0,730792446
37284,0,3181650150
37285,0,245857146
37286,0,3636541534
37287,0,110784731
37288,0,1487382523
37289,0,659204919
37290,0,933377537
37291,0,1562900656
37292,0,3825507496
37293,0,2242202464
37294,0,3051552132
37295,0,2685607181
37296,0,3051963988
37297,0,961712229
37298,0,10402954
37299,0,922580653
37300,0,2637942169
37301,0,1973118077
37302,0,999151127
37303,0,2829164720
37304,0,172635019
37305,0,3411396438
37306,0,72937385
37307,0,739617951
37308,0,2839940060
37309,0,1871333250
37310,0,3359151071
37311,0,2451620158
37312,0,4098014059
37313,0,3336492412
37314,0,2455385028
37315,0,1350165365
37316,0,4009351870
37317,0,1616936265
37318,0,2531540749
37319,0,834102895
37320,0,1915220626
37321,0,46883240
37322,0,2973010999
37323,0,922612142
37324,0,2445724810
37325,0,1117961345
37326,0,3009434904
37327,0,2174891737
37328,0,676846021
37329,0,3196919346
37330,0,3022078583
37331,0,294806592
37332,0,4266857325
37333,0,467751730
37334,0,23492049
37335,0,878343647
37336,0,651476303
37337,0,2665331665
37338,0,492203842
37339,0,3346441405
37340,0,1874896109
37341,0,284823843
37342,0,152392140
37343,0,3334245146
37344,0,2888040021
37345,0,2932851585
37346,0,2168902430
37347,0,1065545484
37348,0,772315549
37349,0,2589968128
37350,0,893468095
37351,0,1277971524
37352,0,1899068502
37353,0,2311713387
37354,0,1193147529
37355,0,3910711599
37356,0,966385681
37357,0,3068369244
37358,0,2093419704
37359,0,928514064
37360,0,3692653597
37361,0,3268161232
37362,0,2782373435
37363,0,1930246355
37364,0,1458661848
37365,0,41997213
37366,0,110920548
37367,0,1224297372
37368,0,1356173433
37369,0,3112362900
37370,0,1542601964
37371,0,2442783163
37372,0,963977836
37373,0,975532784
37374,0,454828397
37375,0,2030571605
37376,0,4010904639
37377,0,206990836
37378,0,4244188416
37379,0,4067521580
37380,0,1114099862
37381,0,3067926828
37382,0,2463151568
37383,0,154405701
37384,0,2210464267
37385,0,3548793515
37386,0,1085792130
37387,0,3552544257
37388,0,1284063358
37389,0,4098946461
37390,0,3062316396
37391,0,1954032345
37392,0,1430616904
37393,0,3215773086
37394,0,3858549937
37395,0,4046488068
37396,0,3481150780
37397,0,1894628048
37398,0,827127915
37399,0,1719150123
37400,0,890477013
37401,0,2198487777
37402,0,2711023114
37403,0,4138046465
37404,0,3231143027
37405,0,1765609119
37406,0,3577731048
37407,0,3617243433
37408,0,2018211894
37409,0,4277911952
37410,0,1610210420
37411,0,3936004015
37412,0,1938557848
37413,0,2903584263
37414,0,2464204687
37415,0,3359453799
37416,0,2689420991
37417,0,986702898
37418,0,259073494
37419,0,1387656787
37420,0,1669590508
37421,0,3656531091
37422,0,1382180803
37423,0,3453688142
37424,0,1889749207
37425,0,781002091
37426,0,3458207515
37427,0,933369786
37428,0,3757625104
37429,0,89075645
37430,0,4154917825
37431,0,3963235822
37432,0,2574294157
37433,0,3603842653
37434,0,3736650431
37435,0,453474504
37436,0,2011060775
37437,0,801532202
37438,0,3196605243
37439,0,688013516
37440,0,2910090334
37441,0,1544229249
37442,0,4183751964
37443,0,4182811170
37444,0,1334182312
37445,0,2044430417
37446,0,316943129
37447,0,1735351194
37448,0,261615380
37449,0,3168261102
37450,0,2481727451
37451,0,4127114832
37452,0,2343487882
37453,0,23836773
37454,0,3129166230
37455,0,2777541006
37456,0,255369168
37457,0,2224072593
37458,0,2621127584
37459,0,2460452583
37460,0,756133018
37461,0,148831163
37462,0,580386191
37463,0,2045251740
37464,0,76415297
37465,0,1349394770
37466,0,482428272
37467,0,3112482727
37468,0,3245884415
37469,0,3925813500
37470,0,2432007948
37471,0,3716739142
37472,0,3012190534
37473,0,200871031
37474,0,1686687948
37475,0,2898042628
37476,0,3571193322
37477,0,2588845466
37478,0,2437258852
37479,0,1940450080
37480,0,3075953798
37481,0,3845191365
37482,0,2263698705
37483,0,3332385910
37484,0,2801742273
37485,0,1478559202
37486,0,1798458412
37487,0,1951167383
37488,0,3185786760
37489,0,2555904673
37490,0,2575415879
37491,0,2011736387
37492,0,987757635
37493,0,1873290216
37494,0,293066306
37495,0,2621673533
37496,0,650945791
37497,0,4163938070
37498,0,1989164703
37499,0,1497309694
37500,0,488067262
37501,0,387812606
37502,0,1992419423
37503,0,848272122
37504,0,1454607372
37505,0,3245468981
37506,0,1714509982
37507,0,3916791791
37508,0,2543790539
37509,0,644375448
37510,0,1769317429
37511,0,1671312204
37512,0,453760855
37513,0,1572991815
37514,0,378368243
37515,0,2868567034
37516,0,3241772088
37517,0,3328270343
37518,0,2791265239
37519,0,3365350757
37520,0,2320033016
37521,0,1277320691
37522,0,4095474077
37523,0,3995835689
37524,0,743476782
37525,0,2403290212
37526,0,2966165661
37527,0,1210814258
37528,0,7842132
37529,0,1593257146
37530,0,3613790282
37531,0,3095659869
37532,0,1037602826
37533,0,3571530534
37534,0,2201345636
37535,0,668008728
37536,0,4189216449
37537,0,4281260404
37538,0,2752062964
37539,0,2521518159
37540,0,1947927470
37541,0,2578971321
37542,0,3137196265
37543,0,486466489
37544,0,3518880861
37545,0,754934150
37546,0,3644325313
37547,0,4151713350
37548,0,2741389113
37549,0,464195033
37550,0,940706545
37551,0,1355734199
37552,0,3763821179
37553,0,1746911511
37554,0,2542815273
37555,0,1278331651
37556,0,3747849419
37557,0,3567826934
37558,0,2291453309
37559,0,911727072
37560,0,1612469749
37561,0,3203568676
37562,0,1656365567
37563,0,4131357981
37564,0,3575180339
37565,0,3678660604
37566,0,1346023522
37567,0,3236469849
37568,0,3920291044
37569,0,334623135
37570,0,2508384446
37571,0,3661419124
37572,0,1312570349
37573,0,3783137005
37574,0,1473724604
37575,0,1205040348
37576,0,5566328
37577,0,718247173
37578,0,3582230386
37579,0,388520615
37580,0,2481596345
37581,0,884009687
37582,0,346675810
37583,0,3545513872
37584,0,3227823523
37585,0,4023127595
37586,0,2938272975
37587,0,4156980946
37588,0,999848284
37589,0,2731508645
37590,0,98194936
37591,0,2748005130
37592,0,1374237375
37593,0,2154022240
37594,0,3778583015
37595,0,2995002437
37596,0,278412451
37597,0,4136022917
37598,0,1043758142
37599,0,3347666982
37600,0,2100306528
37601,0,1459602718
37602,0,1708528688
37603,0,1297659032
37604,0,582530781
37605,0,3087176044
37606,0,2948852507
37607,0,2260511531
37608,0,1759615527
37609,0,789555541
37610,0,2659839143
37611,0,3233216521
37612,0,3914149266
37613,0,3541448269
37614,0,2922121442
37615,0,3376132154
37616,0,1487493924
37617,0,175225474
37618,0,2568840786
37619,0,2402331545
37620,0,3527086520
37621,0,2978315902
37622,0,3608975931
37623,0,3475036886
37624,0,1530162571
37625,0,103399401
37626,0,189032291
37627,0,1923142231
37628,0,1974125154
37629,0,2436105905
37630,0,765978176
37631,0,4238233623
37632,0,212018333
37633,0,1848025125
37634,0,4268358580
37635,0,3808197723
37636,0,3281155808
37637,0,612907175
37638,0,1342563401
37639,0,2098918383
37640,0,1334266332
37641,0,1898957506
37642,0,2257457625
37643,0,3524748259
37644,0,4077422102
37645,0,2592917907
37646,0,1953210828
37647,0,169221445
37648,0,4268092122
37649,0,619701221
37650,0,3405175340
37651,0,668535893
37652,0,3425059068
37653,0,2197921504
37654,0,2875529038
37655,0,941007496
37656,0,1690124747
37657,0,1544337065
37658,0,2447870821
37659,0,1911062304
37660,0,3213116646
37661,0,3557519914
37662,0,4085485229
37663,0,3365642054
37664,0,3574816031
37665,0,1756146343
37666,0,1123991355
37667,0,908796759
37668,0,444376215
37669,0,1395556320
37670,0,110362793
37671,0,1454186185
37672,0,1543293459
37673,0,2506597068
37674,0,1190942771
37675,0,1924237070
37676,0,140288742
37677,0,470134822
37678,0,3928326630
37679,0,422900138
37680,0,1732228970
37681,0,2877640675
37682,0,1297937727
37683,0,2895438978
37684,0,814951552
37685,0,4116956705
37686,0,961789618
37687,0,2654922736
37688,0,450368656
37689,0,285806101
37690,0,700282992
37691,0,1356094985
37692,0,3115803619
37693,0,3970828742
37694,0,2672639661
37695,0,730390209
37696,0,921640788
37697,0,1975209750
37698,0,2540283514
37699,0,3614458505
37700,0,989900345
37701,0,4130648602
37702,0,1854899713
37703,0,1471335910
37704,0,3486471873
37705,0,2281434378
37706,0,2969621703
37707,0,3633594475
37708,0,1136135367
37709,0,104429367
37710,0,858777688
37711,0,179660298
37712,0,1761268528
37713,0,1627751870
37714,0,3891757447
37715,0,4012517092
37716,0,3576205567
37717,0,567640036
37718,0,1260300016
37719,0,1742588688
37720,0,155921839
37721,0,4079059408
37722,0,2691165181
37723,0,4262775633
37724,0,2292565294
37725,0,805550318
37726,0,2765436737
37727,0,1168104895
37728,0,2065971147
37729,0,1182272901
37730,0,3201909313
37731,0,1152649257
37732,0,1939346641
37733,0,1363379792
37734,0,280708116
37735,0,2131163400
37736,0,2765261435
37737,0,1177519637
37738,0,1799540995
37739,0,490184690
37740,0,939309654
37741,0,3061017517
37742,0,3151127534
37743,0,39116569
37744,0,2940324738
37745,0,1342821338
37746,0,606501507
37747,0,2243659832
37748,0,1663221414
37749,0,2855993213
37750,0,1332844407
37751,0,3463872184
37752,0,898544488
37753,0,2677772729
37754,0,1479813775
37755,0,1909531549
37756,0,3791093964
37757,0,741281627
37758,0,1967472281
37759,0,2153287058
37760,0,2589275859
37761,0,2909166100
37762,0,2730084806
37763,0,3953771718
37764,0,3038561950
37765,0,2485985113
37766,0,3473060858
37767,0,3066714052
37768,0,2053608061
37769,0,2368125769
37770,0,330922926
37771,0,2774015176
37772,0,2129181352
37773,0,1577861302
37774,0,357014747
37775,0,1028487445
37776,0,3751646306
37777,0,3475881898
37778,0,1673575174
37779,0,3769133974
37780,0,1451323931
37781,0,1619517754
37782,0,146604586
37783,0,3086670998
37784,0,1634025186
37785,0,295348862
37786,0,3732687508
37787,0,3002253667
37788,0,2969851276
37789,0,1292681878
37790,0,2123591449
37791,0,2105053825
37792,0,2318935989
37793,0,1461115538
37794,0,81742512
37795,0,1554952948
37796,0,3573450252
37797,0,2212464243
37798,0,287973531
37799,0,4061407975
37800,0,2656491811
37801,0,3944868058
37802,0,291683111
37803,0,2261351588
37804,0,2196285770
37805,0,1878390762
37806,0,4027789998
37807,0,1586595885
37808,0,2635588359
37809,0,1334920252
37810,0,2244477271
37811,0,968284006
37812,0,2283192235
37813,0,2745039642
37814,0,2200443333
37815,0,2182070381
37816,0,977924332
37817,0,2396662278
37818,0,3100341931
37819,0,366070052
37820,0,2992551070
37821,0,4251294200
37822,0,2232247413
37823,0,435799604
37824,0,2625680664
37825,0,3462263081
37826,0,2137377717
37827,0,74587964
37828,0,3038913078
37829,0,3724003844
37830,0,2992395199
37831,0,1029593834
37832,0,913267851
37833,0,1647582452
37834,0,3572983809
37835,0,119393210
37836,0,1932543343
37837,0,137268353
37838,0,3999714206
37839,0,3585544852
37840,0,3411322278
37841,0,2749956246
37842,0,4237011979
37843,0,2824575310
37844,0,3040127511
37845,0,784146348
37846,0,609482760
37847,0,822632833
37848,0,2587081917
37849,0,1495869327
37850,0,3334984963
37851,0,2962410800
37852,0,3483602154
37853,0,2045570389
37854,0,1820447158
37855,0,2152752973
37856,0,462005041
37857,0,3525118982
37858,0,2313416
37859,0,1593146037
37860,0,3319262948
37861,0,962932417
37862,0,185947007
37863,0,2384894850
37864,0,4152905737
37865,0,1286133613
37866,0,2666452399
37867,0,3476678594
37868,0,2348423778
37869,0,3732011289
37870,0,3406274480
37871,0,650246856
37872,0,713438852
37873,0,1720636751
37874,0,952762588
37875,0,1659251252
37876,0,1405076836
37877,0,3379629389
37878,0,4089707777
37879,0,1113392
37880,0,3915952011
37881,0,1873774887
37882,0,1341123106
37883,0,3889536407
37884,0,3633160996
37885,0,4056661840
37886,0,1109292096
37887,0,508588907
37888,0,2334048461
37889,0,871260302
37890,0,274769
37891,0,1139022470
37892,0,3592675676
37893,0,3943612248
37894,0,2689696874
37895,0,2337082500
37896,0,1903076522
37897,0,445480119
37898,0,375587194
37899,0,3217240540
37900,0,3873667360
37901,0,2971698595
37902,0,2466388041
37903,0,3512818124
37904,0,2974562528
37905,0,4233386696
37906,0,2527152270
37907,0,1235893654
37908,0,3439831514
37909,0,1067601220
37910,0,3075751521
37911,0,597214093
37912,0,1187426649
37913,0,2371288271
37914,0,187269288
37915,0,1554988022
37916,0,3253036510
37917,0,3331128657
37918,0,2113456514
37919,0,4259301158
37920,0,2723918555
37921,0,1410835387
37922,0,2893210347
37923,0,4124091772
37924,0,3465932195
37925,0,387396179
37926,0,3673716061
37927,0,1579438580
37928,0,1464714457
37929,0,352646514
37930,0,4277462087
37931,0,771398233
37932,0,2827035937
37933,0,143467859
37934,0,684030784
37935,0,1913268822
37936,0,3747532598
37937,0,3518595370
37938,0,3523906916
37939,0,4151302743
37940,0,2290267365
37941,0,500237994
37942,0,2643418408
37943,0,3009847709
37944,0,2381542615
37945,0,2387953923
37946,0,3386011033
37947,0,138476169
37948,0,4113297697
37949,0,3942449254
37950,0,348997342
37951,0,1053672053
37952,0,3724134265
37953,0,1204038578
37954,0,2498975627
37955,0,1045125578
37956,0,4214512915
37957,0,1649847896
37958,0,1143162710
37959,0,3053172594
37960,0,2712095224
37961,0,1536547636
37962,0,4271260397
37963,0,4021602440
37964,0,2719713434
37965,0,2988212958
37966,0,1789733981
37967,0,737907214
37968,0,1861592243
37969,0,2518063554
37970,0,3773927925
37971,0,2334411474
37972,0,1304393293
37973,0,3450239286
37974,0,1385674422
37975,0,744863318
37976,0,3477625633
37977,0,1102004183
37978,0,1826886493
37979,0,1064781658
37980,0,605158932
37981,0,1639779421
37982,0,3337569414
37983,0,3784172697
37984,0,4274235606
37985,0,4043082362
37986,0,1473031875
37987,0,2155960041
37988,0,3789052711
37989,0,3173319001
37990,0,3167474718
37991,0,256282746
37992,0,1954440478
37993,0,2741163888
37994,0,3357138294
37995,0,2237395213
37996,0,2487204528
37997,0,240708484
37998,0,1982078992
37999,0,3069016419
38000,0,568567267
38001,0,4272031436
38002,0,1895884753
38003,0,3534017708
38004,0,1310680628
38005,0,4193213528
38006,0,1592719402
38007,0,3163874111
38008,0,1049721734
38009,0,769121718
38010,0,441427526
38011,0,1046819237
38012,0,2456448045
38013,0,572250266
38014,0,2015246302
38015,0,1649458476
38016,0,380385903
38017,0,2916335999
38018,0,1786067873
38019,0,1831786753
38020,0,2010833606
38021,0,1539626983
38022,0,3862083611
38023,0,2533462243
38024,0,111800269
38025,0,1364860613
38026,0,1121208068
38027,0,2359353822
38028,0,2213960691
38029,0,1502341463
38030,0,2961341415
38031,0,2254616
38032,0,3572067960
38033,0,3722727307
38034,0,3602232737
38035,0,1614090625
38036,0,2192523491
38037,0,1020371706
38038,0,424816925
38039,0,2974181893
38040,0,4242044102
38041,0,3126423846
38042,0,465737752
38043,0,1358312312
38044,0,1169587892
38045,0,3329739524
38046,0,3724395887
38047,0,3478318887
38048,0,3296627196
38049,0,3177277660
38050,0,2670640321
38051,0,1583459290
38052,0,138482871
38053,0,1881922140
38054,0,1735107180
38055,0,2011386911
38056,0,2977427279
38057,0,3747285248
38058,0,1896976797
38059,0,660607372
38060,0,2405558180
38061,0,3241341870
38062,0,2007563693
38063,0,1806720451
38064,0,1628026151
38065,0,2718081233
38066,0,889684093
38067,0,1677729241
38068,0,2430258820
38069,0,3897518625
38070,0,2757909540
38071,0,322162999
38072,0,1270198813
38073,0,1128001574
38074,0,2598042009
38075,0,2027869901
38076,0,3806584334
38077,0,3177709951
38078,0,363873372
38079,0,3124925153
38080,0,4251590977
38081,0,2433343968
38082,0,193157178
38083,0,1879123832
38084,0,3375344879
38085,0,2868380790
38086,0,3836000493
38087,0,77399825
38088,0,730976494
38089,0,537861416
38090,0,3068519261
38091,0,1531348314
38092,0,4133328172
38093,0,3690913104
38094,0,181367354
38095,0,1971343294
38096,0,4068573477
38097,0,2517454487
38098,0,3291061880
38099,0,188372203
38100,0,1967493944
38101,0,595387785
38102,0,1182717839
38103,0,224411848
38104,0,2857438452
38105,0,4063685491
38106,0,3293251391
38107,0,825890889
38108,0,877865808
38109,0,1981381196
38110,0,1934232164
38111,0,1926561671
38112,0,1235831733
38113,0,2065997978
38114,0,163936033
38115,0,1124176529
38116,0,1529007416
38117,0,1379681082
38118,0,2436279543
38119,0,3517299395
38120,0,3108036125
38121,0,4075209948
38122,0,1708617122
38123,0,2215533555
38124,0,2708706603
38125,0,2835678400
38126,0,977076686
38127,0,3667203404
38128,0,2141815570
38129,0,3065477655
38130,0,1732471629
38131,0,1332938072
38132,0,3571074100
38133,0,399362394
38134,0,1916607241
38135,0,4208338759
38136,0,4192588632
38137,0,844145023
38138,0,3918862912
38139,0,293264110
38140,0,247513181
38141,0,3483765816
38142,0,3389025832
38143,0,1063564426
38144,0,1781239601
38145,0,1652160567
38146,0,4070172552
38147,0,58234684
38148,0,578609555
38149,0,2006255668
38150,0,82808029
38151,0,1543412359
38152,0,2640962768
38153,0,2676306185
38154,0,220575419
38155,0,3315852034
38156,0,2176582531
38157,0,943722437
38158,0,246337593
38159,0,1100666829
38160,0,1997288956
38161,0,3351931269
38162,0,3584758776
38163,0,1297959506
38164,0,1727558521
38165,0,2054914418
38166,0,1089294168
38167,0,3384885435
38168,0,3676068432
38169,0,1519926555
38170,0,4199875398
38171,0,494937432
38172,0,1011748973
38173,0,909780684
38174,0,781215773
38175,0,1374217044
38176,0,4257937205
38177,0,3333214915
38178,0,3261533081
38179,0,1100183667
38180,0,4248627357
38181,0,1707108810
38182,0,2010819446
38183,0,1950039980
38184,0,1779990315
38185,0,3663239029
38186,0,3732682478
38187,0,1285197182
38188,0,3147644772
38189,0,2454166236
38190,0,1117347858
38191,0,3187276991
38192,0,3483757704
38193,0,883845074
38194,0,4074710264
38195,0,3729118424
38196,0,4278333527
38197,0,2551781043
38198,0,3811201364
38199,0,2299543380
38200,0,1369832713
38201,0,781314923
38202,0,1819070517
38203,0,992701184
38204,0,2669888645
38205,0,29390044
38206,0,3827670353
38207,0,2793227350
38208,0,3123472828
38209,0,3563435025
38210,0,1041434914
38211,0,3118182809
38212,0,854997965
38213,0,1148436554
38214,0,3005829271
38215,0,3192159562
38216,0,206148156
38217,0,4291799643
38218,0,1511861305
38219,0,215223668
38220,0,572764905
38221,0,3685327382
38222,0,311011715
38223,0,3498217919
38224,0,3558026309
38225,0,2195801480
38226,0,3763471520
38227,0,3087846563
38228,0,311374223
38229,0,1668010448
38230,0,862614136
38231,0,3649884586
38232,0,881835702
38233,0,2826632282
38234,0,164180962
38235,0,3642352440
38236,0,1252827495
38237,0,243657415
38238,0,3363255817
38239,0,4168493842
38240,0,2677720728
38241,0,779944636
38242,0,1265791113
38243,0,2835944760
38244,0,4267986191
38245,0,2406959949
38246,0,2781204482
38247,0,3883295712
38248,0,1246018245
38249,0,2123562283
38250,0,130431920
38251,0,3602589416
38252,0,4272522427
38253,0,166655780
38254,0,910788737
38255,0,3966553741
38256,0,3256344115
38257,0,65403323
38258,0,646593938
38259,0,1177677006
38260,0,246035034
38261,0,1422627690
38262,0,4068394777
38263,0,2032384183
38264,0,3365841421
38265,0,2789185698
38266,0,4032148695
38267,0,2669773232
38268,0,1307382107
38269,0,386322872
38270,0,1795642144
38271,0,2902548913
38272,0,503008726
38273,0,4235675958
38274,0,3210866782
38275,0,2888068491
38276,0,322352481
38277,0,1992557100
38278,0,650040556
38279,0,2017883485
38280,0,1801210699
38281,0,2761822321
38282,0,3029361689
38283,0,3127908880
38284,0,2675611561
38285,0,2088107182
38286,0,3219912350
38287,0,3862074946
38288,0,732629983
38289,0,281614423
38290,0,1270863734
38291,0,2608378910
38292,0,849178243
38293,0,1994745221
38294,0,2430647631
38295,0,1852490635
38296,0,4117538886
38297,0,1827624692
38298,0,1073948780
38299,0,2228873099
38300,0,3174279295
38301,0,3485048897
38302,0,2374913721
38303,0,3480280629
38304,0,1114937774
38305,0,4184281294
38306,0,1957000017
38307,0,2200500470
38308,0,452504397
38309,0,4256209957
38310,0,683486431
38311,0,704103372
38312,0,3763030635
38313,0,2848699368
38314,0,695032403
38315,0,3335000896
38316,0,1353601808
38317,0,3276787894
38318,0,309890906
38319,0,1911168243
38320,0,2096684265
38321,0,2346460219
38322,0,3828560214
38323,0,3241130778
38324,0,4291880892
38325,0,2277888975
38326,0,2319028017
38327,0,3223431454
38328,0,1430282367
38329,0,1891252184
38330,0,4268012536
38331,0,1802205525
38332,0,2356852181
38333,0,2194632213
38334,0,2394082291
38335,0,777306805
38336,0,1807631074
38337,0,3752341875
38338,0,3913386928
38339,0,3737850571
38340,0,785890498
38341,0,4038958277
38342,0,663140279
38343,0,3749039855
38344,0,3014372059
38345,0,417701315
38346,0,3236472269
38347,0,1585222469
38348,0,1319042223
38349,0,2959200618
38350,0,3285605836
38351,0,93644443
38352,0,2982055224
38353,0,1663966132
38354,0,2873211032
38355,0,369893521
38356,0,3520559710
38357,0,3976726288
38358,0,1352944965
38359,0,4171020707
38360,0,2595561623
38361,0,3931907908
38362,0,3089535966
38363,0,569489648
38364,0,3407463271
38365,0,2648572285
38366,0,3821043493
38367,0,1756467159
38368,0,1881353522
38369,0,2770967024
38370,0,1424854427
38371,0,1317894580
38372,0,3603604553
38373,0,3392890984
38374,0,1106331027
38375,0,1092695922
38376,0,2653410869
38377,0,4173974757
38378,0,3958670767
38379,0,325736943
38380,0,1386556740
38381,0,381095554
38382,0,461476625
38383,0,362240992
38384,0,596620853
38385,0,2087120561
38386,0,2544063305
38387,0,1150007340
38388,0,1112153227
38389,0,984936614
38390,0,816593974
38391,0,1384010691
38392,0,2563344320
38393,0,2919999704
38394,0,3104337744
38395,0,681873665
38396,0,3927532579
38397,0,355568333
38398,0,2842634201
38399,0,4279239539
38400,0,2063845294
38401,0,2100743413
38402,0,833612417
38403,0,1393177406
38404,0,3100821640
38405,0,3652498761
38406,0,2896947751
38407,0,3959634128
38408,0,3895908060
38409,0,1866775274
38410,0,4213791270
38411,0,3721637904
38412,0,3521993464
38413,0,754881409
38414,0,794252294
38415,0,2133404493
38416,0,307522509
38417,0,2057113403
38418,0,3023721030
38419,0,808403615
38420,0,3622115969
38421,0,3793034171
38422,0,1831418442
38423,0,107720762
38424,0,2113259916
38425,0,1547785774
38426,0,2786132204
38427,0,1200930474
38428,0,3631433674
38429,0,2713824879
38430,0,361531721
38431,0,270043259
38432,0,602601200
38433,0,3685598506
38434,0,35529070
38435,0,4443287
38436,0,1140006815
38437,0,538778751
38438,0,4056222582
38439,0,1171752771
38440,0,315098716
38441,0,1383228669
38442,0,3277109995
38443,0,3577212175
38444,0,978661828
38445,0,298975666
38446,0,1835614528
38447,0,3983351776
38448,0,2629184936
38449,0,2036540425
38450,0,2711836152
38451,0,2828680886
38452,0,115190544
38453,0,3292637999
38454,0,3584181277
38455,0,957676333
38456,0,1750076085
38457,0,1238718710
38458,0,3149323251
38459,0,2044328311
38460,0,2551217036
38461,0,2069346236
38462,0,967728364
38463,0,3024558933
38464,0,3382464269
38465,0,1338255699
38466,0,2536220836
38467,0,2782162651
38468,0,703349084
38469,0,2570430047
38470,0,2452898976
38471,0,1319729136
38472,0,1790950587
38473,0,943380431
38474,0,983815022
38475,0,1493717545
38476,0,988162671
38477,0,182256378
38478,0,4206944475
38479,0,1034257782
38480,0,745242003
38481,0,956216223
38482,0,1059700729
38483,0,302377426
38484,0,1220556781
38485,0,2307632787
38486,0,2003806047
38487,0,4077180221
38488,0,1573616748
38489,0,2056932527
38490,0,1392054312
38491,0,1870209686
38492,0,777201507
38493,0,491988412
38494,0,1165471886
38495,0,3752005277
38496,0,1886307589
38497,0,2970098978
38498,0,3878456052
38499,0,3090417773
38500,0,504310481
38501,0,2449184795
38502,0,3186206087
38503,0,2725848139
38504,0,1492181331
38505,0,3750675710
38506,0,3845253558
38507,0,3639603989
38508,0,4146416179
38509,0,2449712450
38510,0,869881079
38511,0,833663700
38512,0,3668837633
38513,0,1540040902
38514,0,3836543567
38515,0,3632056221
38516,0,1365752986
38517,0,2019644384
38518,0,296888110
38519,0,4289625381
38520,0,827482400
38521,0,3552423163
38522,0,2726101674
38523,0,1193292926
38524,0,1951744393
38525,0,1357248731
38526,0,270732196
38527,0,1537331951
38528,0,2548043580
38529,0,1459569631
38530,0,1847291709
38531,0,2086999715
38532,0,143795867
38533,0,3295508443
38534,0,944926864
38535,0,3192470960
38536,0,2786154671
38537,0,765148045
38538,0,398287352
38539,0,3418733337
38540,0,3899788298
38541,0,2542798483
38542,0,2131200882
38543,0,1129841798
38544,0,986990882
38545,0,3455732634
38546,0,362836510
38547,0,1737769487
38548,0,359622981
38549,0,4038138278
38550,0,2738076900
38551,0,1095074003
38552,0,3668744188
38553,0,1110788469
38554,0,2288518136
38555,0,2332014995
38556,0,3295742421
38557,0,1278260592
38558,0,156082143
38559,0,3966923268
38560,0,3831939261
38561,0,2992549413
38562,0,2497544424
38563,0,3167929224
38564,0,1893042937
38565,0,4040396220
38566,0,2918051022
38567,0,519092852
38568,0,1048177611
38569,0,1662108459
38570,0,904223921
38571,0,1343570568
38572,0,4039371754
38573,0,979585941
38574,0,824803773
38575,0,584714098
38576,0,616217448
38577,0,153604835
38578,0,2617417886
38579,0,3392247382
38580,0,3885920075
38581,0,1687442544
38582,0,761154781
38583,0,2088126815
38584,0,518229457
38585,0,2221594077
38586,0,82988053
38587,0,3815350029
38588,0,3246571113
38589,0,1605729422
38590,0,4105983772
38591,0,3047353939
38592,0,1922546107
38593,0,833877515
38594,0,2703525874
38595,0,176241919
38596,0,2395440240
38597,0,3078541780
38598,0,3318254006
38599,0,1262115561
38600,0,210248090
38601,0,534240551
38602,0,1780133086
38603,0,3484356830
38604,0,2603353732
38605,0,1684923450
38606,0,3316892079
38607,0,222925548
38608,0,3717570982
38609,0,1569455030
38610,0,2102948808
38611,0,386400600
38612,0,4081210345
38613,0,2665136566
38614,0,459291328
38615,0,2604576604
38616,0,2490633974
38617,0,2700230723
38618,0,4155560958
38619,0,1411630649
38620,0,2960849195
38621,0,77741572
38622,0,791767317
38623,0,1080740764
38624,0,976332048
38625,0,3706186105
38626,0,416541245
38627,0,3608897047
38628,0,3236078747
38629,0,440425155
38630,0,840858543
38631,0,1343702618
38632,0,2740395188
38633,0,1492526676
38634,0,463593738
38635,0,3616992138
38636,0,1444049369
38637,0,486728813
38638,0,1885598186
38639,0,3314052709
38640,0,3234980519
38641,0,1814749253
38642,0,879317716
38643,0,3628622957
38644,0,1282437103
38645,0,1882737161
38646,0,1448312853
38647,0,3967243421
38648,0,3665431055
38649,0,4233057746
38650,0,3361131432
38651,0,895198233
38652,0,2060204629
38653,0,1297774166
38654,0,1904624734
38655,0,2562114520
38656,0,736505285
38657,0,629254058
38658,0,1072237840
38659,0,3609937045
38660,0,1217319529
38661,0,3400849928
38662,0,1867230386
38663,0,1096931932
38664,0,1063685737
38665,0,1003552444
38666,0,2766863199
38667,0,2343417215
38668,0,2638951486
38669,0,2187178712
38670,0,3033772987
38671,0,2519920585
38672,0,2998857644
38673,0,2250266921
38674,0,765643467
38675,0,3951658614
38676,0,3013759349
38677,0,3357359059
38678,0,2206916704
38679,0,794262467
38680,0,3317694804
38681,0,2025232257
38682,0,3801790178
38683,0,1016280289
38684,0,468190502
38685,0,1926617216
38686,0,4050792482
38687,0,1504925881
38688,0,1713921163
38689,0,3667411127
38690,0,2203580400
38691,0,3364941220
38692,0,1906631158
38693,0,1590734939
38694,0,1403351798
38695,0,1115835755
38696,0,1858746236
38697,0,747753134
38698,0,3183773068
38699,0,2211935734
38700,0,3227118338
38701,0,1510172254
38702,0,4024375930
38703,0,2661014130
38704,0,1600715672
38705,0,1130408245
38706,0,2659344598
38707,0,2172779226
38708,0,1703301975
38709,0,1383100545
38710,0,3496978577
38711,0,2328813519
38712,0,2010512852
38713,0,3314296195
38714,0,1722861245
38715,0,2995546190
38716,0,3476243980
38717,0,1503669077
38718,0,3315467056
38719,0,3136829516
38720,0,673914353
38721,0,959848283
38722,0,2709341333
38723,0,873720866
38724,0,2070320585
38725,0,2451817958
38726,0,3111216521
38727,0,767681097
38728,0,546413357
38729,0,1836214327
38730,0,786930093
38731,0,1738063812
38732,0,2086730100
38733,0,176640691
38734,0,4210629051
38735,0,3758931676
38736,0,2369233879
38737,0,1357025617
38738,0,1541322389
38739,0,747000435
38740,0,1069573111
38741,0,1148051240
38742,0,245153132
38743,0,3206500212
38744,0,2295162252
38745,0,2883715570
38746,0,2421864348
38747,0,327405000
38748,0,761651829
38749,0,3024770784
38750,0,743644363
38751,0,3061923566
38752,0,3133832768
38753,0,1430428897
38754,0,3708374606
38755,0,1826517486
38756,0,4271895423
38757,0,519205863
38758,0,1096404896
38759,0,1829997878
38760,0,2317168364
38761,0,3621230732
38762,0,3154597647
38763,0,2318734332
38764,0,555384057
38765,0,3190299867
38766,0,198664770
38767,0,343236653
38768,0,3059949237
38769,0,1661950351
38770,0,2413907856
38771,0,1685098425
38772,0,3312794170
38773,0,612052803
38774,0,1946066634
38775,0,2765510137
38776,0,2738953069
38777,0,2243138587
38778,0,287408099
38779,0,3850178861
38780,0,2890580641
38781,0,2009959790
38782,0,174450078
38783,0,1813618773
38784,0,1918745133
38785,0,1712811137
38786,0,4217774338
38787,0,3616123521
38788,0,3118892621
38789,0,1288522138
38790,0,1513166789
38791,0,1643708289
38792,0,3205820453
38793,0,51926285
38794,0,1049086961
38795,0,952666541
38796,0,375035699
38797,0,3542513869
38798,0,2613382290
38799,0,1891460761
38800,0,1370176878
38801,0,4141493197
38802,0,3352924572
38803,0,1218905673
38804,0,2778742206
38805,0,3772922389
38806,0,1404694885
38807,0,3745092175
38808,0,1131452951
38809,0,1450709966
38810,0,3560882190
38811,0,2346697777
38812,0,409103933
38813,0,3776542991
38814,0,153566323
38815,0,999051207
38816,0,4243204445
38817,0,2180735517
38818,0,1521364193
38819,0,2038049912
38820,0,2723377730
38821,0,1332862383
38822,0,3963944557
38823,0,44405385
38824,0,2926163091
38825,0,2273871150
38826,0,1921833400
38827,0,3738042821
38828,0,3223550334
38829,0,1318138360
38830,0,2104406095
38831,0,3347561084
38832,0,701260056
38833,0,403262991
38834,0,148794251
38835,0,1883390684
38836,0,992085200
38837,0,213850252
38838,0,443745339
38839,0,612331873
38840,0,2151005512
38841,0,3288888902
38842,0,2463807462
38843,0,1088727893
38844,0,1682068434
38845,0,3912801550
38846,0,2847746050
38847,0,2601559516
38848,0,144349444
38849,0,754757625
38850,0,2574892152
38851,0,1881901923
38852,0,700093376
38853,0,60254721
38854,0,875597866
38855,0,3767379248
38856,0,3512363909
38857,0,427440016
38858,0,2928349908
38859,0,1458529084
38860,0,3953095032
38861,0,3015575456
38862,0,437124773
38863,0,519603561
38864,0,3303139875
38865,0,3441109201
38866,0,2821375729
38867,0,3999748075
38868,0,4108298470
38869,0,967731431
38870,0,1659676030
38871,0,1042339263
38872,0,3061045620
38873,0,1727710362
38874,0,4082822766
38875,0,2088263045
38876,0,2395998785
38877,0,2090196013
38878,0,622062341
38879,0,1444905148
38880,0,1728193720
38881,0,1362336562
38882,0,1760332056
38883,0,3224455711
38884,0,3341355622
38885,0,718443476
38886,0,1840111488
38887,0,501948782
38888,0,1092447277
38889,0,2140141121
38890,0,2847230626
38891,0,482365586
38892,0,3432080539
38893,0,3763136474
38894,0,3930368417
38895,0,2439411001
38896,0,2817401337
38897,0,435630641
38898,0,161272009
38899,0,3811743851
38900,0,3083579124
38901,0,2159849534
38902,0,3251902211
38903,0,633243065
38904,0,1412577437
38905,0,1997779117
38906,0,566498798
38907,0,3427339794
38908,0,1558979127
38909,0,3456066082
38910,0,383610143
38911,0,3567568032
38912,0,3266718908
38913,0,3809757868
38914,0,578686476
38915,0,2487223731
38916,0,171169480
38917,0,1840724253
38918,0,3624883895
38919,0,1777095867
38920,0,2350114246
38921,0,3854626803
38922,0,4292906604
38923,0,729962042
38924,0,1239545240
38925,0,2634745873
38926,0,2099483829
38927,0,4178796175
38928,0,3399223854
38929,0,820254594
38930,0,4036353928
38931,0,670809466
38932,0,1523482448
38933,0,832736642
38934,0,1649233131
38935,0,2983815523
38936,0,39691321
38937,0,1837184468
38938,0,743020905
38939,0,4092751291
38940,0,1995375033
38941,0,1305817205
38942,0,2426885784
38943,0,888741858
38944,0,4155496544
38945,0,2564298769
38946,0,3767847548
38947,0,1119200433
38948,0,844893088
38949,0,3592557748
38950,0,36635438
38951,0,2870801259
38952,0,2604708787
38953,0,736374824
38954,0,298696152
38955,0,1756050051
38956,0,3516000830
38957,0,1981667061
38958,0,1419837972
38959,0,3902059717
38960,0,3213448099
38961,0,710038269
38962,0,1639292315
38963,0,2463369112
38964,0,1455874027
38965,0,709154742
38966,0,2801512975
38967,0,3355275282
38968,0,1444911437
38969,0,66785558
38970,0,1525014202
38971,0,3345951299
38972,0,1724658000
38973,0,4230899011
38974,0,541441280
38975,0,1801136306
38976,0,89567656
38977,0,3206077241
38978,0,730499526
38979,0,754771839
38980,0,2994254262
38981,0,764039601
38982,0,2419330959
38983,0,695798477
38984,0,204830077
38985,0,4056547888
38986,0,2147943478
38987,0,1891596982
38988,0,1658281218
38989,0,2812047001
38990,0,1671703678
38991,0,592998923
38992,0,2386138215
38993,0,705719709
38994,0,3554154444
38995,0,4112389340
38996,0,3342101726
38997,0,526301353
38998,0,3241438476
38999,0,3727467398
39000,0,30708648
39001,0,3885667704
39002,0,327955362
39003,0,721359518
39004,0,3711594440
39005,0,2292699785
39006,0,741324210
39007,0,2309654334
39008,0,4041758872
39009,0,2225048005
39010,0,3242553814
39011,0,2156874569
39012,0,1429055738
39013,0,3865150595
39014,0,146829467
39015,0,3702615474
39016,0,3522032401
39017,0,2658369046
39018,0,3347652366
39019,0,1769802362
39020,0,3463963139
39021,0,1959065624
39022,0,2469802651
39023,0,4190797065
39024,0,2064368060
39025,0,1689535586
39026,0,1798716862
39027,0,1018483774
39028,0,1616618439
39029,0,2420798230
39030,0,456350786
39031,0,1742710783
39032,0,4146185103
39033,0,626573511
39034,0,2504520327
39035,0,166971020
39036,0,1433255357
39037,0,3113744080
39038,0,2935454646
39039,0,1907553718
39040,0,3403076892
39041,0,517929446
39042,0,4255742967
39043,0,2284429596
39044,0,1027972153
39045,0,1453166680
39046,0,1984602227
39047,0,1792998257
39048,0,60863625
39049,0,3003276337
39050,0,3892579859
39051,0,1359807728
39052,0,3288136473
39053,0,3479265174
39054,0,1995331135
39055,0,957672779
39056,0,856047029
39057,0,1655446093
39058,0,3713834335
39059,0,2417761956
39060,0,1792704320
39061,0,2206193401
39062,0,1304006409
39063,0,4148868485
39064,0,2662525560
39065,0,3159161670
39066,0,1201762388
39067,0,1557353633
39068,0,4272594882
39069,0,117679115
39070,0,64832650
39071,0,3267785900
39072,0,2251137573
39073,0,2135587121
39074,0,1038377447
39075,0,2328098923
39076,0,1276293900
39077,0,1410660501
39078,0,2881593302
39079,0,2673437355
39080,0,4085655053
39081,0,3753125998
39082,0,226583410
39083,0,470369061
39084,0,3117603699
39085,0,3039137677
39086,0,2656145671
39087,0,576045279
39088,0,3548631800
39089,0,2454471894
39090,0,1074249245
39091,0,1330444831
39092,0,3521196312
39093,0,260773337
39094,0,3408948065
39095,0,232333743
39096,0,343309945
39097,0,2896119557
39098,0,3414647418
39099,0,3738042974
39100,0,3460066972
39101,0,1041637899
39102,0,2964380448
39103,0,3510982538
39104,0,3353851212
39105,0,411799691
39106,0,969047302
39107,0,3123855575
39108,0,3073630627
39109,0,2885378080
39110,0,941586495
39111,0,872842707
39112,0,1932420653
39113,0,1117299416
39114,0,2394078873
39115,0,4116690697
39116,0,1953254422
39117,0,1076932289
39118,0,3908838037
39119,0,4185402498
39120,0,1642744886
39121,0,637507584
39122,0,151100575
39123,0,1759402774
39124,0,3559232456
39125,0,2915613734
39126,0,4089970944
39127,0,2397529716
39128,0,655571808
39129,0,1335652543
39130,0,4042653498
39131,0,2906754771
39132,0,267367262
39133,0,3372612636
39134,0,2790173887
39135,0,150462259
39136,0,2435387867
39137,0,3512148498
39138,0,2545576856
39139,0,2213140860
39140,0,2684790527
39141,0,4025937651
39142,0,2000317191
39143,0,1896371050
39144,0,398521816
39145,0,637918661
39146,0,706433147
39147,0,1117134417
39148,0,2865996063
39149,0,16114311
39150,0,672056949
39151,0,3905150133
39152,0,4193490687
39153,0,4004142665
39154,0,151434232
39155,0,809653444
39156,0,562551945
39157,0,2563023298
39158,0,2472546364
39159,0,3181169007
39160,0,2996198871
39161,0,1555868001
39162,0,4220344457
39163,0,1125533735
39164,0,3360639214
39165,0,184651943
39166,0,465103245
39167,0,3617592297
39168,0,2844904619
39169,0,2425909641
39170,0,1267385725
39171,0,2005463311
39172,0,1552785083
39173,0,67873750
39174,0,1599815342
39175,0,693288905
39176,0,2883564316
39177,0,3930039682
39178,0,3480400485
39179,0,3203760570
39180,0,3600424379
39181,0,814469773
39182,0,294693856
39183,0,2574883670
39184,0,3899835839
39185,0,2825569917
39186,0,3825654735
39187,0,3499862640
39188,0,527100890
39189,0,2150546
39190,0,1549872363
39191,0,1181905589
39192,0,213779015
39193,0,1378223036
39194,0,3630733332
39195,0,2787494273
39196,0,4255721323
39197,0,4055978729
39198,0,2820668359
39199,0,3145809652
39200,0,396487611
39201,0,1879393488
39202,0,3413785471
39203,0,245773269
39204,0,3544318171
39205,0,4168877975
39206,0,1767219664
39207,0,1888887687
39208,0,674604916
39209,0,129387065
39210,0,282109281
39211,0,2347527359
39212,0,3372908482
39213,0,1488841691
39214,0,1561976376
39215,0,3171108791
39216,0,1800168685
39217,0,501700517
39218,0,358746540
39219,0,3735278439
39220,0,1025720576
39221,0,4117633953
39222,0,4116591916
39223,0,1284388593
39224,0,3227134201
39225,0,770441531
39226,0,346934302
39227,0,149228457
39228,0,2610926401
39229,0,1460105466
39230,0,2585125558
39231,0,3995403127
39264,0,565234195
39265,0,648313642
39266,0,2448201354
39267,0,1686582676
39268,0,3297469774
39269,0,2893863615
39270,0,3528393834
39271,0,1787427947
39272,0,4120013769
39273,0,2777276476
39274,0,2823533467
39275,0,422521959
39276,0,1758852342
39277,0,522233267
39278,0,2035208056
39279,0,3029498408
39280,0,2167930787
39281,0,2797058178
39282,0,1700649585
39283,0,476134008
39284,0,1592449551
39285,0,2966168474
39286,0,2739945829
39287,0,3303681979
39288,0,2730289557
39289,0,3460602898
39290,0,3843599569
39291,0,3772540560
39292,0,3989062263
39293,0,3570960114
39294,0,1154628305
39295,0,1921743285
39296,0,2225453234
39297,0,1171246091
39298,0,898676652
39299,0,1338107358
39300,0,473534467
39301,0,3909420287
39302,0,2059585138
39303,0,1671330292
39304,0,951409444
39305,0,3924020044
39306,0,2177524265
39307,0,2087434542
39308,0,1652682153
39309,0,3114837075
39310,0,158386818
39311,0,338743506
39312,0,3413667623
39313,0,352411977
39314,0,472114813
39315,0,2103621483
39316,0,1517786924
39317,0,3134861253
39318,0,461175508
39319,0,14753831
39320,0,3093272821
39321,0,593672181
39322,0,3323562587
39323,0,486584242
39324,0,371954409
39325,0,3936787090
39326,0,124521320
39327,0,1177044328
39328,0,2653497194
39329,0,3796073224
39330,0,694521529
39331,0,2398011104
39332,0,2137054553
39333,0,4256311484
39334,0,2887477550
39335,0,3873963921
39336,0,1001369723
39337,0,2041996235
39338,0,203717804
39339,0,4119204852
39340,0,3370748168
39341,0,3235268716
39342,0,849501345
39343,0,1610499962
39344,0,1966658226
39345,0,2193229221
39346,0,2211860706
39347,0,1888269543
39348,0,605346319
39349,0,1442435333
39350,0,2498862025
39351,0,1452665261
39352,0,2678567901
39353,0,1381548371
39354,0,69339434
39355,0,3857325705
39356,0,1633083156
39357,0,3962850190
39358,0,3455229100
39359,0,1384980607
39360,0,2725274700
39361,0,1909445936
39362,0,3864756228
39363,0,1563569673
39364,0,110316656
39365,0,2360476734
39366,0,1250027172
39367,0,3170823246
39368,0,1335132757
39369,0,605551354
39370,0,2991733918
39371,0,1307658686
39372,0,4229021821
39373,0,1205750834
39374,0,1162946782
39375,0,1762772891
39376,0,1840472618
39377,0,1060272369
39378,0,1973451783
39379,0,1043629047
39380,0,1728884370
39381,0,2836162653
39382,0,2768015774
39383,0,4012250585
39384,0,2654552567
39385,0,1996006516
39386,0,750042287
39387,0,3741394655
39388,0,2156780914
39389,0,1599315075
39390,0,3032397474
39391,0,791819639
39392,0,1510004377
39393,0,1521027312
39394,0,223449163
39395,0,3561296647
39396,0,2996619957
39397,0,1384486224
39398,0,3855830439
39399,0,10131732
39400,0,616442312
39401,0,3513546859
39402,0,2454182971
39403,0,1372689339
39404,0,394170216
39405,0,351168513
39406,0,3828005430
39407,0,3739767680
39408,0,1201602636
39409,0,1431085927
39410,0,3844365591
39411,0,3193422036
39412,0,2413895090
39413,0,649492665
39414,0,3716456777
39415,0,2082018943
39416,0,2215508884
39417,0,1418961739
39418,0,1067496950
39419,0,181554777
39420,0,540063093
39421,0,3848259962
39422,0,2455793410
39423,0,1871476866
39424,0,1365587200
39425,0,258773666
39426,0,975903742
39427,0,1942625748
39428,0,1046493292
39429,0,349781914
39430,0,1449568239
39431,0,3522941666
39432,0,3747553553
39433,0,1423870287
39434,0,991059252
39435,0,1713916078
39436,0,2290768176
39437,0,3056280614
39438,0,2271093585
39439,0,632322987
39440,0,1919211497
39441,0,4222220037
39442,0,1819246977
39443,0,396499566
39444,0,3373396793
39445,0,430160066
39446,0,3116514431
39447,0,939116665
39448,0,3492482882
39449,0,2309088195
39450,0,249756879
39451,0,2115877426
39452,0,3794292095
39453,0,2608647996
39454,0,1374847057
39455,0,1055700237
39456,0,2716165195
39457,0,2699844957
39458,0,1136326462
39459,0,3069840272
39460,0,109476564
39461,0,4065286522
39462,0,895659146
39463,0,2122859155
39464,0,2912495166
39465,0,2727014577
39466,0,1862889759
39467,0,1685881034
39468,0,2027087352
39469,0,2849181198
39470,0,3393710823
39471,0,3564715050
39472,0,2356985684
39473,0,1766875519
39474,0,3398028224
39475,0,2378691896
39476,0,528047496
39477,0,2915089004
39478,0,3944841834
39479,0,3069793372
39480,0,304207557
39481,0,936719769
39482,0,3182295146
39483,0,1454874234
39484,0,174658566
39485,0,902942258
39486,0,2397474585
39487,0,3216348155
39488,0,3857802206
39489,0,4174521467
39490,0,939413749
39491,0,1106333349
39492,0,1822329943
39493,0,529688957
39494,0,84010051
39495,0,146442343
39496,0,1870582588
39497,0,372785072
39498,0,671669687
39499,0,1148889448
39500,0,1000577443
39501,0,1517052136
39502,0,407925200
39503,0,3676644933
39504,0,2186973139
39505,0,2813347427
39506,0,1089620605
39507,0,1040202435
39508,0,307268495
39509,0,1728850431
39510,0,2755961894
39511,0,684717190
39512,0,498379401
39513,0,2489061787
39514,0,3682610988
39515,0,316523486
39516,0,4268525357
39517,0,3215662409
39518,0,1548237384
39519,0,992210632
39552,0,3026981212
39553,0,4273391007
39554,0,3869500733
39555,0,3666153439
39556,0,346332768
39557,0,1785947988
39558,0,3584386840
39559,0,1368206555
39560,0,1993403600
39561,0,34731989
39562,0,2709683616
39563,0,687300059
39564,0,2865222621
39565,0,1194798051
39566,0,3945284102
39567,0,2390132210
39568,0,2278930518
39569,0,724789017
39570,0,3185375953
39571,0,1918876114
39572,0,701683552
39573,0,350433567
39574,0,719185823
39575,0,1407704456
39576,0,2726804931
39577,0,4072742108
39578,0,4194597457
39579,0,3699539510
39580,0,4225369364
39581,0,3563310504
39582,0,386265891
39583,0,2237216243
39584,0,3741811712
39585,0,3749047203
39586,0,574025411
39587,0,36755380
39588,0,860471
39589,0,559544162
39590,0,3909267384
39591,0,575392130
39592,0,873407455
39593,0,3739342661
39594,0,1697230177
39595,0,1076953411
39596,0,1664317615
39597,0,2297776444
39598,0,462021493
39599,0,3675078726
39600,0,330465604
39601,0,819868073
39602,0,730214748
39603,0,1477785290
39604,0,659373100
39605,0,2581034312
39606,0,2562166807
39607,0,1008594157
39608,0,2978056589
39609,0,2528990069
39610,0,2796441244
39611,0,2160254306
39612,0,3065047669
39613,0,3560828618
39614,0,1433918776
39615,0,1958854736
39616,0,1641755081
39617,0,4221588792
39618,0,3521288923
39619,0,3582905191
39620,0,2426900438
39621,0,1257410680
39622,0,122559686
39623,0,1577151245
39624,0,528393501
39625,0,2960227987
39626,0,1808365826
39627,0,3653924278
39628,0,2028158728
39629,0,4282655145
39630,0,358006321
39631,0,2425294937
39632,0,570763899
39633,0,1846227486
39634,0,22425978
39635,0,677071366
39636,0,1651440619
39637,0,527132962
39638,0,1001197733
39639,0,2928046937
39640,0,2101413583
39641,0,4001482851
39642,0,641054469
39643,0,2323559055
39644,0,3653300120
39645,0,1111637409
39646,0,3140875290
39647,0,3009441505
39648,0,1765680735
39649,0,323453957
39650,0,2603477286
39651,0,3878583906
39652,0,883386483
39653,0,3968200775
39654,0,53090593
39655,0,1103969766
39656,0,675304734
39657,0,2123565455
39658,0,3959303582
39659,0,3891441080
39660,0,4210780122
39661,0,1443755930
39662,0,4146511685
39663,0,957344610
39664,0,1209721651
39665,0,2616043693
39666,0,4059817457
39667,0,636873011
39668,0,2192272922
39669,0,40070254
39670,0,2453530809
39671,0,3396418220
39672,0,1237142526
39673,0,4171073663
39674,0,2078005878
39675,0,305552828
39676,0,3921125116
39677,0,1466591944
39678,0,1549770225
39679,0,1406970401
39680,0,1952380164
39681,0,4114231067
39682,0,2885417367
39683,0,1306987923
39684,0,653413529
39685,0,2202680841
39686,0,1441068492
39687,0,2701073442
39688,0,739561087
39689,0,246802130
39690,0,4287628101
39691,0,14896025
39692,0,1536931185
39693,0,2340814475
39694,0,3200520321
39695,0,2790388619
39696,0,2621123835
39697,0,3441571081
39698,0,4226369992
39699,0,2295608480
39700,0,3326493568
39701,0,3372144635
39702,0,1379295643
39703,0,1588370873
39704,0,1851833780
39705,0,1125526207
39706,0,1316010623
39707,0,2127669984
39708,0,977038310
39709,0,1600059526
39710,0,2306960513
39711,0,640864169
39712,0,2268977418
39713,0,3213649796
39714,0,1558395258
39715,0,1111553820
39716,0,3368579309
39717,0,476300135
39718,0,3857530208
39719,0,174232640
39720,0,1170062997
39721,0,3213071330
39722,0,1913198269
39723,0,1259160722
39724,0,2423381757
39725,0,3731574378
39726,0,1131209369
39727,0,952765894
39728,0,1462558367
39729,0,1393837280
39730,0,2861370788
39731,0,1812500280
39732,0,3222898735
39733,0,3533571201
39734,0,1405852998
39735,0,738911127
39736,0,2139049675
39737,0,1114298008
39738,0,260211268
39739,0,2794428801
39740,0,3796760734
39741,0,4137472017
39742,0,4282781086
39743,0,3763310180
39808,0,2110594744
39809,0,492062485
39810,0,593695758
39811,0,2109500191
39812,0,3944848752
39813,0,3379681239
39814,0,2195885138
39815,0,3195803942
39816,0,2520790730
39817,0,2210328134
39818,0,2427858653
39819,0,4174981387
39820,0,1660737815
39821,0,3256285944
39822,0,3027730396
39823,0,706122074
39824,0,4287104452
39825,0,422556124
39826,0,228363414
39827,0,500060337
39828,0,752578813
39829,0,442155647
39830,0,11890133
39831,0,217903378
39832,0,3372349405
39833,0,146778144
39834,0,1254164829
39835,0,381225384
39836,0,3322830766
39837,0,2995303219
39838,0,960408004
39839,0,1825416999
39840,0,3708570963
39841,0,3227969280
39842,0,2354823459
39843,0,2072295580
39844,0,2122224695
39845,0,872180523
39846,0,1840502919
39847,0,3267709206
39848,0,386932805
39849,0,1879683305
39850,0,2223165315
39851,0,1932191354
39852,0,3545464968
39853,0,3407410185
39854,0,1722705509
39855,0,3861969364
39856,0,3628773233
39857,0,960363971
39858,0,1446907553
39859,0,1789317076
39860,0,3638483258
39861,0,2093645830
39862,0,3045104131
39863,0,2127922435
39864,0,12961049
39865,0,3031538794
39866,0,1622106484
39867,0,481640884
39868,0,619767125
39869,0,856782456
39870,0,2786159223
39871,0,3768988888
39872,0,2622800318
39873,0,2281927279
39874,0,798148680
39875,0,2783286181
39876,0,3853923789
39877,0,1124011274
39878,0,3365767173
39879,0,1245679019
39880,0,3403464110
39881,0,4030935130
39882,0,1599034558
39883,0,247530514
39884,0,3861460307
39885,0,3504707410
39886,0,603139317
39887,0,2346211235
39888,0,2762117525
39889,0,614011261
39890,0,3496015590
39891,0,422995640
39892,0,1774224712
39893,0,1415480956
39894,0,381272756
39895,0,4077252003
39896,0,2558850459
39897,0,3234154112
39898,0,1790649290
39899,0,3599692235
39900,0,507848592
39901,0,3965199275
39902,0,3985358877
39903,0,613249529
39936,0,1537600991
39937,0,634496208
39938,0,943596245
39939,0,1895522311
39940,0,2206875962
39941,0,3187800428
39942,0,2762671802
39943,0,1274590212
39944,0,4068167096
39945,0,3796634526
39946,0,79739425
39947,0,1662447491
39948,0,1648152304
39949,0,2276774689
39950,0,2815378665
39951,0,2769955648
39952,0,3996726361
39953,0,3741085696
39954,0,1333221310
39955,0,362310334
39956,0,20676089
39957,0,3188276699
39958,0,2951754050
39959,0,2463928430
39960,0,452677830
39961,0,1821818455
39962,0,3504110809
39963,0,3081313338
39964,0,300733325
39965,0,4164681251
39966,0,2013554268
39967,0,1832655707
39968,0,615940720
39969,0,1810364812
39970,0,235949831
39971,0,4192547615
39972,0,2941871964
39973,0,4125521445
39974,0,1601944884
39975,0,863502874
39976,0,1414540135
39977,0,1990237401
39978,0,3259647684
39979,0,3636654637
39980,0,1449475246
39981,0,3487567510
39982,0,141006959
39983,0,2519383706
39984,0,4274672294
39985,0,659019209
39986,0,1647181302
39987,0,1878602975
39988,0,1698495918
39989,0,2879479210
39990,0,2191518112
39991,0,2328959189
39992,0,2427873840
39993,0,3824737736
39994,0,4034239720
39995,0,1056906908
39996,0,2024993098
39997,0,4126139111
39998,0,1070842366
39999,0,3127403272
40032,0,1560881434
40033,0,2103506159
40034,0,475629361
40035,0,3142163630
40036,0,2472476864
40037,0,463475971
40038,0,957303267
40039,0,3596320442
40040,0,2281713148
40041,0,977440579
40042,0,519145558
40043,0,3499141835
40044,0,2096934351
40045,0,3252819149
40046,0,3959774064
40047,0,2852413541
40048,0,3876765505
40049,0,2946638012
40050,0,2635037094
40051,0,894146523
40052,0,2980729955
40053,0,2683271152
40054,0,1396220024
40055,0,2714238851
40056,0,2562827160
40057,0,988564961
40058,0,3646340457
40059,0,3515406484
40060,0,2581432057
40061,0,156564856
40062,0,1234007717
40063,0,208471081
40064,0,493743534
40065,0,3151480194
40066,0,798171665
40067,0,838195417
40068,0,3610839150
40069,0,815980020
40070,0,143746874
40071,0,2863699233
40072,0,3129592907
40073,0,3810350251
40074,0,2022317455
40075,0,1548214866
40076,0,2712910036
40077,0,58925952
40078,0,2576424793
40079,0,4113968868
40080,0,767321265
40081,0,2221445284
40082,0,1509370074
40083,0,560653100
40084,0,3705989323
40085,0,2118692501
40086,0,417157208
40087,0,3893833555
40088,0,2991881229
40089,0,2272108039
40090,0,2701258353
40091,0,88048342
40092,0,1505899748
40093,0,4102672939
40094,0,391544045
40095,0,3250430344
40128,0,2880686972
40129,0,2304270418
40130,0,790511003
40131,0,4245164141
40132,0,532427279
40133,0,2790146257
40134,0,2766055579
40135,0,1215561693
40136,0,3330328377
40137,0,311855434
40138,0,3024796213
40139,0,2189499859
40140,0,2254341262
40141,0,2401407689
40142,0,1912623860
40143,0,1937978811
40144,0,3015686913
40145,0,3743978670
40146,0,2048621680
40147,0,2805703162
40148,0,3012921208
40149,0,1814716005
40150,0,3678101334
40151,0,2867405054
40152,0,1344427813
40153,0,1108980358
40154,0,4250950882
40155,0,695243804
40156,0,1167209797
40157,0,1684541400
40158,0,3623132977
40159,0,3326163512
40160,0,3251576283
40161,0,1828319425
40162,0,249483153
40163,0,851182823
40164,0,4130800407
40165,0,3706253213
40166,0,3799960848
40167,0,1078382398
40168,0,2911452718
40169,0,3285965320
40170,0,2882162405
40171,0,2697290286
40172,0,2626955694
40173,0,765283006
40174,0,496227259
40175,0,2608105833
40176,0,1097606373
40177,0,2079073725
40178,0,337950736
40179,0,3891907043
40180,0,108861089
40181,0,830863957
40182,0,1462549362
40183,0,3356619059
40184,0,818589480
40185,0,3235654239
40186,0,4150983188
40187,0,2905468416
40188,0,223422646
40189,0,548957749
40190,0,2191903178
40191,0,1208882308
40192,0,1928799191
40193,0,1195154097
40194,0,1496367108
40195,0,1732014876
40196,0,3266277843
40197,0,3191207097
40198,0,351816168
40199,0,2775426634
40200,0,624508312
40201,0,1405986685
40202,0,57469292
40203,0,1449521100
40204,0,2552191554
40205,0,431185609
40206,0,1059240060
40207,0,1837924650
40208,0,1218330686
40209,0,2476854834
40210,0,3869031201
40211,0,1324144765
40212,0,1770078988
40213,0,2113707132
40214,0,538837989
40215,0,3963136340
40216,0,3680038525
40217,0,343051254
40218,0,3833677680
40219,0,1099631015
40220,0,926992120
40221,0,3697670103
40222,0,830207384
40223,0,3067256316
40256,0,2588969814
40257,0,3967539115
40258,0,1196515692
40259,0,82202258
40260,0,1807313160
40261,0,2509308612
40262,0,217242656
40263,0,3114796283
40264,0,2681222240
40265,0,3000197390
40266,0,11206807
40267,0,2005125547
40268,0,3630395632
40269,0,2044219918
40270,0,11326338
40271,0,3242656620
40272,0,75033817
40273,0,630965544
40274,0,4209220951
40275,0,2691565459
40276,0,1930865789
40277,0,1974647057
40278,0,1887535993
40279,0,1564402382
40280,0,2911579613
40281,0,3459109221
40282,0,4096272325
40283,0,3939437069
40284,0,2052806282
40285,0,30000943
40286,0,480988313
40287,0,3526530725
40288,0,2619911190
40289,0,3169792163
40290,0,93636126
40291,0,935222805
40292,0,1944880459
40293,0,2348222921
40294,0,856525166
40295,0,3324053438
40296,0,1006644853
40297,0,1884370
40298,0,2564773617
40299,0,841527761
40300,0,2789406936
40301,0,3530099444
40302,0,2513018511
40303,0,1696439779
40304,0,43204819
40305,0,1001105271
40306,0,2817096309
40307,0,2622773990
40308,0,4128947490
40309,0,2523599453
40310,0,1882833389
40311,0,1217198095
40312,0,639830761
40313,0,2831098774
40314,0,3581246448
40315,0,996382805
40316,0,1162514497
40317,0,4279617504
40318,0,3134547604
40319,0,3606732663
40320,0,2782545163
40321,0,1108419958
40322,0,2974094089
40323,0,2007198203
40324,0,1226609173
40325,0,2962598138
40326,0,3034033631
40327,0,1826734153
40328,0,3388050845
40329,0,4027082300
40330,0,1698468667
40331,0,472554070
40332,0,2742010150
40333,0,841923811
40334,0,1407674746
40335,0,1741075934
40336,0,2664989024
40337,0,1349256538
40338,0,3357706777
40339,0,3042784137
40340,0,1991203327
40341,0,797839831
40342,0,1529112237
40343,0,700712949
40344,0,2388958824
40345,0,2828764988
40346,0,3622898498
40347,0,633287118
40348,0,3008663981
40349,0,222626493
40350,0,256668340
40351,0,2722952473
40416,0,2496547166
40417,0,3780203052
40418,0,2843886438
40419,0,3694166449
40420,0,1289630194
40421,0,3605439682
40422,0,1302485597
40423,0,3688291337
40424,0,178813026
40425,0,2971888816
40426,0,1242914730
40427,0,3723330586
40428,0,3232802573
40429,0,1585236357
40430,0,785206851
40431,0,1739118049
40432,0,3750602251
40433,0,47351309
40434,0,275967876
40435,0,4257964517
40436,0,2936449758
40437,0,838314480
40438,0,1576057108
40439,0,277976029
40440,0,2142140328
40441,0,2587807653
40442,0,981698112
40443,0,54513605
40444,0,2720351846
40445,0,1473896786
40446,0,360776139
40447,0,2193037815
40448,0,2100278880
40449,0,4154294705
40450,0,3000749796
40451,0,2883733383
40452,0,2168985550
40453,0,4119024854
40454,0,2082648090
40455,0,1847411786
40456,0,337151744
40457,0,2615683836
40458,0,1212895559
40459,0,1847045814
40460,0,3823454614
40461,0,270676829
40462,0,2675881817
40463,0,2065940979
40464,0,1621733341
40465,0,4279667700
40466,0,3815474368
40467,0,3985271321
40468,0,3119142365
40469,0,2573206229
40470,0,3194431304
40471,0,189746159
40472,0,2758378550
40473,0,151963233
40474,0,3918749312
40475,0,3391155073
40476,0,1027908873
40477,0,2506092187
40478,0,2031870333
40479,0,2747023111
40480,0,2948950025
40481,0,1515021323
40482,0,792957645
40483,0,4267283520
40484,0,1458550568
40485,0,2706768525
40486,0,1106629582
40487,0,2315366152
40488,0,1140781048
40489,0,1580580856
40490,0,3499337917
40491,0,353310111
40492,0,2967137
40493,0,3032969265
40494,0,49207153
40495,0,3625186641
40496,0,1904822189
40497,0,1994762611
40498,0,3133061718
40499,0,3548240172
40500,0,1666567424
40501,0,2218897210
40502,0,2238728905
40503,0,151828349
40504,0,1669875980
40505,0,1066825560
40506,0,3739022118
40507,0,1471839290
40508,0,530265252
40509,0,1493077059
40510,0,2812524536
40511,0,4207359382
40576,0,3297192550
40577,0,414493411
40578,0,821628663
40579,0,903555812
40580,0,1081595463
40581,0,3981576216
40582,0,645568560
40583,0,3672699726
40584,0,1420521678
40585,0,1827086199
40586,0,1849599635
40587,0,3883919173
40588,0,1769872206
40589,0,3907405541
40590,0,660875768
40591,0,3912524405
40592,0,3391416776
40593,0,3030747782
40594,0,3143387132
40595,0,1205345165
40596,0,3516572409
40597,0,1031652219
40598,0,659480498
40599,0,1805966382
40600,0,4094551038
40601,0,1177747239
40602,0,588540492
40603,0,1709838626
40604,0,3724941925
40605,0,3021745344
40606,0,16954434
40607,0,2798727015
40640,0,602303031
40641,0,985616775
40642,0,3245662656
40643,0,4107608998
40644,0,1150858550
40645,0,368433417
40646,0,1950441987
40647,0,1478815331
40648,0,2029354615
40649,0,809846954
40650,0,3008939074
40651,0,3519735018
40652,0,665561697
40653,0,236175698
40654,0,2970547086
40655,0,2157937169
40656,0,1802425759
40657,0,2322645841
40658,0,3511673308
40659,0,2214239142
40660,0,3242741697
40661,0,3736172729
40662,0,3311545642
40663,0,2552398953
40664,0,3713517566
40665,0,2427105386
40666,0,307622937
40667,0,906415154
40668,0,530548146
40669,0,169866982
40670,0,1823136871
40671,0,3554859380
40672,0,2437922642
40673,0,2988198912
40674,0,1209427982
40675,0,669694501
40676,0,1701473330
40677,0,896217284
40678,0,1023456989
40679,0,1354458416
40680,0,3216121086
40681,0,2040135656
40682,0,2331985818
40683,0,596305180
40684,0,2583825288
40685,0,3038748689
40686,0,1655288703
40687,0,3423165084
40688,0,202346257
40689,0,1079504135
40690,0,52243580
40691,0,1959598485
40692,0,671457066
40693,0,3891448218
40694,0,1727728058
40695,0,4265935324
40696,0,2443932291
40697,0,9880254
40698,0,3236738334
40699,0,2678364441
40700,0,2624607258
40701,0,1217966851
40702,0,2179429279
40703,0,2634034933
40736,0,3539097295
40737,0,2639569306
40738,0,630931465
40739,0,4275215940
40740,0,240341481
40741,0,3919984670
40742,0,4195878604
40743,0,2734591532
40744,0,341688721
40745,0,563692390
40746,0,927298588
40747,0,2702288671
40748,0,733196582
40749,0,4017922637
40750,0,496158007
40751,0,3820286477
40752,0,3277386263
40753,0,2119561178
40754,0,3061256109
40755,0,2815560172
40756,0,990947835
40757,0,3956540268
40758,0,479158448
40759,0,3820619644
40760,0,3387886614
40761,0,634838048
40762,0,872858153
40763,0,1680938248
40764,0,2492923456
40765,0,545629711
40766,0,482707853
40767,0,326865303
40800,0,455162301
40801,0,3200676214
40802,0,1845078338
40803,0,1122590826
40804,0,2993091608
40805,0,4032663338
40806,0,1990529334
40807,0,1156896151
40808,0,378342452
40809,0,1450254737
40810,0,975449776
40811,0,1102862441
40812,0,2626861841
40813,0,3052348361
40814,0,1666403138
40815,0,1297794495
40816,0,2823341673
40817,0,2687662923
40818,0,70709286
40819,0,2625239775
40820,0,3345687182
40821,0,3295465843
40822,0,2517718034
40823,0,788136251
40824,0,3044515061
40825,0,2613768097
40826,0,32193406
40827,0,3055407036
40828,0,4070785385
40829,0,3410733550
40830,0,1890643061
40831,0,3404801962
40864,0,2254238469
40865,0,532135035
40866,0,4012745863
40867,0,739263097
40868,0,2947644054
40869,0,2627511815
40870,0,64227081
40871,0,3852055795
40872,0,3018855280
40873,0,2186755167
40874,0,3728816273
40875,0,3544179512
40876,0,3292947988
40877,0,404269206
40878,0,2890378355
40879,0,1626731127
40880,0,164943978
40881,0,3387158982
40882,0,1287008075
40883,0,2730391396
40884,0,3859474669
40885,0,3656759718
40886,0,3068696070
40887,0,556303954
40888,0,230230723
40889,0,2966350547
40890,0,3741531961
40891,0,2758552107
40892,0,67243359
40893,0,4035985131
40894,0,518622445
40895,0,3253948855
40960,0,1038664589
40961,0,2528598369
40962,0,3472077356
40963,0,2927337623
40964,0,2538379715
40965,0,2330690777
40966,0,3026970049
40967,0,3534197928
40968,0,643961489
40969,0,3794801065
40970,0,3769464011
40971,0,2293385713
40972,0,4027396055
40973,0,3943383212
40974,0,3771639107
40975,0,3099406704
40976,0,3438606617
40977,0,690613938
40978,0,2332769645
40979,0,2021362942
40980,0,896354700
40981,0,399274978
40982,0,2948569210
40983,0,3400413794
40984,0,2427254387
40985,0,3257972994
40986,0,1996677834
40987,0,1076714375
40988,0,2162428681
40989,0,824201899
40990,0,1439747377
40991,0,3266292298
41056,0,2858223019
41057,0,1474591551
41058,0,3372030142
41059,0,381109291
41060,0,947469682
41061,0,3845726649
41062,0,3770828542
41063,0,2879884528
41064,0,487431276
41065,0,2122919596
41066,0,818733890
41067,0,943347472
41068,0,701866492
41069,0,547851817
41070,0,4248442264
41071,0,1319109084
41072,0,2649715889
41073,0,475319469
41074,0,1038411757
41075,0,2184969025
41076,0,1462180072
41077,0,863116373
41078,0,1877475593
41079,0,2532035405
41080,0,532778252
41081,0,3798162876
41082,0,3007820694
41083,0,3818877068
41084,0,3159375659
41085,0,3440729297
41086,0,3076963670
41087,0,2034625328
41120,0,1554735561
41121,0,584673664
41122,0,4072972532
41123,0,3180880057
41124,0,2154567614
41125,0,1373702291
41126,0,1855540650
41127,0,2729044412
41128,0,1817896979
41129,0,441091935
41130,0,512295919
41131,0,3765136949
41132,0,941397123
41133,0,4212693349
41134,0,4005421727
41135,0,254498536
41136,0,3678070387
41137,0,2037150889
41138,0,148686325
41139,0,2619839812
41140,0,3211485795
41141,0,3083474416
41142,0,1543079434
41143,0,203850070
41144,0,1569310032
41145,0,3244101601
41146,0,1954736529
41147,0,531330153
41148,0,1441526714
41149,0,1476946164
41150,0,4157509023
41151,0,3922897537
41216,0,3265986910
41217,0,4069692382
41218,0,3184097002
41219,0,4053504864
41220,0,4245520891
41221,0,3949603618
41222,0,1875490949
41223,0,1140828617
41224,0,1847363562
41225,0,584494042
41226,0,35623308
41227,0,4125317883
41228,0,1228062981
41229,0,861886476
41230,0,3548917827
41231,0,1703373539
41232,0,2477956942
41233,0,3409761027
41234,0,2060447245
41235,0,1724890314
41236,0,3145742401
41237,0,763397797
41238,0,2547202543
41239,0,3980038808
41240,0,1381001388
41241,0,3086821070
41242,0,2008614108
41243,0,3010938605
41244,0,787721272
41245,0,904180162
41246,0,3628639660
41247,0,1398094226
41376,0,2909065973
41377,0,3497477224
41378,0,665934517
41379,0,2417517574
41380,0,260416266
41381,0,3346227704
41382,0,3268067230
41383,0,840930626
41384,0,3594589753
41385,0,1682948922
41386,0,422668526
41387,0,2981817848
41388,0,1823925434
41389,0,3021892074
41390,0,1564588571
41391,0,710872154
41392,0,2974883760
41393,0,3326970499
41394,0,2494034093
41395,0,1023335284
41396,0,362102588
41397,0,4230882981
41398,0,665436632
41399,0,3989507121
41400,0,98576631
41401,0,522705288
41402,0,1724111843
41403,0,2856915644
41404,0,2344878291
41405,0,1880277692
41406,0,552568158
41407,0,3636560636
41408,0,1032605430
41409,0,1040731967
41410,0,3390647752
41411,0,464197912
41412,0,1770819292
41413,0,4072221719
41414,0,810505930
41415,0,2287537057
41416,0,2357369303
41417,0,683333483
41418,0,950421056
41419,0,4255772823
41420,0,3033880586
41421,0,3847678944
41422,0,1031014741
41423,0,931141690
41424,0,2758741337
41425,0,4249221339
41426,0,160008052
41427,0,360997671
41428,0,2784572727
41429,0,3903653784
41430,0,1134187863
41431,0,791054383
41432,0,977400062
41433,0,2409130225
41434,0,3527884786
41435,0,2190852334
41436,0,1804314858
41437,0,3427406721
41438,0,1232398108
41439,0,1735833399
41440,0,2207379487
41441,0,266048534
41442,0,3597942266
41443,0,1755444991
41444,0,2579072448
41445,0,2302409024
41446,0,878955369
41447,0,3973541934
41448,0,1485085095
41449,0,3182662559
41450,0,935500703
41451,0,4070076711
41452,0,1797324889
41453,0,778746956
41454,0,1166219037
41455,0,3413389581
41456,0,3890430791
41457,0,2130146498
41458,0,2642469461
41459,0,3096073392
41460,0,2979633790
41461,0,3625286069
41462,0,2472519332
41463,0,2531899713
41464,0,2583231873
41465,0,1331382789
41466,0,3848591368
41467,0,3000565882
41468,0,3356961585
41469,0,2203233449
41470,0,238755466
41471,0,3500631967
41568,0,2500055391
41569,0,169910187
41570,0,594254689
41571,0,1358298914
41572,0,220782058
41573,0,3290907296
41574,0,2719598521
41575,0,3342594830
41576,0,2451020739
41577,0,1284941300
41578,0,2636469728
41579,0,3299904428
41580,0,1835616398
41581,0,3412983026
41582,0,3934476267
41583,0,2410712404
41584,0,1565657465
41585,0,2480525223
41586,0,4018285713
41587,0,3894110905
41588,0,751635455
41589,0,1004997094
41590,0,2175743467
41591,0,2237573666
41592,0,1396869071
41593,0,1960289362
41594,0,2347314172
41595,0,2085186135
41596,0,1903687702
41597,0,1088068268
41598,0,1651342859
41599,0,2015585149
41600,0,4107525678
41601,0,1843227909
41602,0,3485993563
41603,0,518172250
41604,0,772846094
41605,0,847031014
41606,0,1126635446
41607,0,2615241886
41608,0,2016150343
41609,0,4040651717
41610,0,3411300050
41611,0,323738933
41612,0,1967415587
41613,0,3580874739
41614,0,3198586587
41615,0,2160522693
41616,0,2444305850
41617,0,365025305
41618,0,4137615480
41619,0,3297865008
41620,0,3486788811
41621,0,65033293
41622,0,609742809
41623,0,3963142895
41624,0,2026783613
41625,0,2761350797
41626,0,2544854254
41627,0,492943255
41628,0,1509624222
41629,0,567438010
41630,0,4230382584
41631,0,2808819540
41632,0,2461535380
41633,0,4134692129
41634,0,3759477002
41635,0,79327760
41636,0,368229100
41637,0,390884571
41638,0,3225384880
41639,0,4159011412
41640,0,1297421923
41641,0,481899599
41642,0,2083120055
41643,0,1270567064
41644,0,346048972
41645,0,2929796864
41646,0,3261933088
41647,0,3012279284
41648,0,1516136526
41649,0,2108399429
41650,0,3324261604
41651,0,1470759864
41652,0,3967550102
41653,0,3924845729
41654,0,1239610483
41655,0,4211042149
41656,0,3563733484
41657,0,380008231
41658,0,3491601350
41659,0,264774900
41660,0,1635945151
41661,0,712714357
41662,0,2713736751
41663,0,3417937421
41664,0,581092031
41665,0,609675109
41666,0,4026358840
41667,0,3409297061
41668,0,3771021941
41669,0,3070005168
41670,0,3327728277
41671,0,1148373520
41672,0,3139982728
41673,0,2193139140
41674,0,1443739204
41675,0,4167926502
41676,0,1310570814
41677,0,3732582851
41678,0,2148542882
41679,0,564219184
41680,0,149843795
41681,0,1703532529
41682,0,2978795786
41683,0,1578966876
41684,0,1126880583
41685,0,700778822
41686,0,2505845552
41687,0,394151565
41688,0,710844954
41689,0,1034829716
41690,0,2982450682
41691,0,1275284647
41692,0,2539680748
41693,0,3131724578
41694,0,3909288933
41695,0,2793606170
41696,0,654695642
41697,0,256147509
41698,0,1997511956
41699,0,285652738
41700,0,993266385
41701,0,4154493734
41702,0,1044590788
41703,0,1395130825
41704,0,825229409
41705,0,381363999
41706,0,960968787
41707,0,401332693
41708,0,4143495197
41709,0,3734402272
41710,0,289792069
41711,0,82823811
41712,0,1246060508
41713,0,3597356899
41714,0,1332307104
41715,0,475528862
41716,0,2467144924
41717,0,3578844663
41718,0,841224704
41719,0,3169651826
41720,0,2970294947
41721,0,2579325452
41722,0,2321802930
41723,0,537813224
41724,0,1852951233
41725,0,2987518965
41726,0,1653507074
41727,0,4091362725
41760,0,1495635124
41761,0,2648657101
41762,0,4238084910
41763,0,3267841938
41764,0,1301699336
41765,0,1477711379
41766,0,2148889720
41767,0,4258661781
41768,0,2448678855
41769,0,2875331202
41770,0,3480675707
41771,0,1760042615
41772,0,268416868
41773,0,3682219597
41774,0,734579220
41775,0,1673542001
41776,0,4180364230
41777,0,2586557967
41778,0,1353660346
41779,0,2103295574
41780,0,2557769917
41781,0,4212765324
41782,0,1682100520
41783,0,4070444411
41784,0,1428154499
41785,0,2851359748
41786,0,787438590
41787,0,2005917686
41788,0,39477262
41789,0,2234213187
41790,0,3240987554
41791,0,2070381134
41824,0,1932457926
41825,0,387597453
41826,0,2935136840
41827,0,2915057077
41828,0,3836729678
41829,0,4014262061
41830,0,2206909277
41831,0,2814434061
41832,0,679841533
41833,0,2987796560
41834,0,2493409310
41835,0,1781341904
41836,0,4145561419
41837,0,4006986067
41838,0,2299449260
41839,0,1335336433
41840,0,957718341
41841,0,3578936667
41842,0,3453718727
41843,0,1202113510
41844,0,1167250923
41845,0,4208522748
41846,0,1753742895
41847,0,2131289166
41848,0,329491534
41849,0,2187373755
41850,0,1762094912
41851,0,420121559
41852,0,1182380559
41853,0,1999972467
41854,0,2506034350
41855,0,3985911723
41952,0,1998371139
41953,0,3869344377
41954,0,188213454
41955,0,870590713
41956,0,1771119364
41957,0,4089526908
41958,0,1163188059
41959,0,675596292
41960,0,2579891302
41961,0,1880617123
41962,0,1316561890
41963,0,716147424
41964,0,2777613369
41965,0,3825783069
41966,0,994758408
41967,0,936654333
41968,0,2618451016
41969,0,3287977125
41970,0,3751991250
41971,0,776108734
41972,0,1134873780
41973,0,2624984077
41974,0,2147808694
41975,0,3371525903
41976,0,3867284901
41977,0,585764990
41978,0,2086265228
41979,0,1298167480
41980,0,895335171
41981,0,3314473405
41982,0,3382160065
41983,0,2772238438
41984,0,2097598755
41985,0,1132377330
41986,0,704085570
41987,0,30734077
41988,0,2120758904
41989,0,1816547147
41990,0,272682524
41991,0,971641213
41992,0,57941887
41993,0,2481740146
41994,0,8435571
41995,0,3686094020
41996,0,1418749458
41997,0,1376996699
41998,0,1287528551
41999,0,2665612286
42000,0,220740272
42001,0,1169804911
42002,0,4076215029
42003,0,79488513
42004,0,2548944351
42005,0,3834733684
42006,0,3421474587
42007,0,2073211325
42008,0,2567301775
42009,0,2933328901
42010,0,2779184750
42011,0,923494459
42012,0,461931165
42013,0,1891617136
42014,0,3147840184
42015,0,572259491
42080,0,53956661
42081,0,3472953613
42082,0,1228420157
42083,0,3091845026
42084,0,3053723900
42085,0,1902938065
42086,0,3544986714
42087,0,3979119001
42256,0,1355661373
42257,0,4052262744
42258,0,2921210697
42259,0,613546034
42260,0,1767967449
42261,0,1333515844
42262,0,2212159293
42263,0,3751769923
42264,0,529985784
42265,0,4038825916
42266,0,3418785242
42267,0,1959052516
42268,0,1734241224
42269,0,4005619131
42270,0,3163057280
42271,0,2451486092
42272,0,3511545019
42273,0,4153270294
42274,0,980402161
42275,0,2142166553
42276,0,702032335
42277,0,2967087199
42278,0,1340597335
42279,0,3737575873
42280,0,1562826622
42281,0,2128857050
42282,0,3305643542
42283,0,530387731
42284,0,35295340
42285,0,1391473799
42286,0,3632212055
42287,0,2479819597
42288,0,645190110
42289,0,900116697
42290,0,2483143143
42291,0,731089113
42292,0,194524733
42293,0,2796389074
42294,0,3356425353
42295,0,3831840646
42296,0,825104332
42297,0,2301242055
42298,0,1109865278
42299,0,743736030
42300,0,1038911481
42301,0,258858864
42302,0,619914001
42303,0,1387612281
42400,0,2330291147
42401,0,3558807717
42402,0,3598698272
42403,0,4259438029
42404,0,224117441
42405,0,3581464640
42406,0,560351480
42407,0,3881739332
42408,0,1225885775
42409,0,2064833571
42410,0,843260264
42411,0,2611954111
42412,0,9147923
42413,0,997206487
42414,0,4145023154
42415,0,918570385
42416,0,4030541736
42417,0,3972574412
42418,0,3548077284
42419,0,2753008247
42420,0,2641523259
42421,0,3046772609
42422,0,2032198452
42423,0,3448529783
42424,0,2109133638
42425,0,1544967561
42426,0,1111549338
42427,0,2156058243
42428,0,2416553706
42429,0,524499968
42430,0,1621298241
42431,0,609138260
42848,0,2228956766
42849,0,3271771158
42850,0,3686525718
42851,0,2113304378
42852,0,3510417650
42853,0,2189010819
42854,0,1740244007
42855,0,3235905720
42856,0,3726342307
42857,0,2431075492
42858,0,1980558141
42859,0,2248994696
42860,0,1682025654
42861,0,1799344125
42862,0,3401905469
42863,0,3624705676
42864,0,813324066
42865,0,693856205
42866,0,4059973276
42867,0,479632202
42868,0,805841429
42869,0,2618853040
42870,0,353819191
42871,0,73137919
42872,0,184566941
42873,0,1911508948
42874,0,2594568222
42875,0,2439213933
42876,0,517681578
42877,0,1697117821
42878,0,3874187945
42879,0,4236239286
42912,0,2140748838
42913,0,1537725736
42914,0,2169647241
42915,0,791483944
42916,0,820136796
42917,0,1219953816
42918,0,2897101258
42919,0,4134618017
42920,0,514103491
42921,0,975928765
42922,0,3858897171
42923,0,19225571
42924,0,3782522671
42925,0,2243751943
42926,0,1816110841
42927,0,2230950825
42928,0,1175514511
42929,0,797256639
42930,0,3567474182
42931,0,1914367959
42932,0,3554876615
42933,0,3205446586
42934,0,1467131718
42935,0,1893119979
42936,0,1666915134
42937,0,128433952
42938,0,4164626209
42939,0,121004174
42940,0,2950653629
42941,0,571736089
42942,0,3774436178
42943,0,2566763899
43040,0,3536363231
43041,0,3815822486
43042,0,3316606087
43043,0,248353560
43044,0,695690415
43045,0,2042506654
43046,0,1035714712
43047,0,4038372300
43048,0,3698211946
43049,0,1737310971
43050,0,899344210
43051,0,1197665962
43052,0,1279516113
43053,0,3368362893
43054,0,4196536119
43055,0,3276990581
43056,0,1440541755
43057,0,3274107606
43058,0,3522730216
43059,0,2656750298
43060,0,658293274
43061,0,1350854917
43062,0,1764777271
43063,0,809960444
43064,0,3609565152
43065,0,3740075148
43066,0,2985020914
43067,0,3270038232
43068,0,3468979873
43069,0,555584009
43070,0,2613094087
43071,0,1813522475
