diagnostic=pvp_stage_paired_readback_v1
source_revision=f913d53748edd40ebcb696395aad6a8b9a61893e
explicit_map_transition=false,device_wait_timeout_seconds=60,map_callback_timeout_seconds=5
adapter=NVIDIA Tegra NVIDIA Thor,backend=Vulkan,device_type=IntegratedGpu,vendor=4318,device=11008,driver=NVIDIA,driver_info=580.00
rounds=12,geometries=65536x512_then_262144x128,candidates=vec4_fused2_tile8,readbacks_per_check=2,fresh_readbacks=true
timing=none,performance_claim=none,paired_agreement_does_not_prove_device_correctness=true
phase_reads_add_submissions_and_fences=true,coverage=source_reset_full_transform,historical_benchmark_reproduction=false
limits=Limits { max_texture_dimension_1d: 32768, max_texture_dimension_2d: 32768, max_texture_dimension_3d: 16384, max_texture_array_layers: 2048, max_bind_groups: 8, max_bind_groups_plus_vertex_buffers: 24, max_bindings_per_bind_group: 4294967295, max_dynamic_uniform_buffers_per_pipeline_layout: 15, max_dynamic_storage_buffers_per_pipeline_layout: 16, max_sampled_textures_per_shader_stage: 524288, max_samplers_per_shader_stage: 524288, max_storage_buffers_per_shader_stage: 524288, max_storage_textures_per_shader_stage: 524288, max_uniform_buffers_per_shader_stage: 524288, max_binding_array_elements_per_shader_stage: 1048576, max_binding_array_acceleration_structure_elements_per_shader_stage: 524288, max_binding_array_sampler_elements_per_shader_stage: 1048576, max_uniform_buffer_binding_size: 65536, max_storage_buffer_binding_size: 2147483644, max_vertex_buffers: 16, max_buffer_size: 4292870144, max_vertex_attributes: 32, max_vertex_buffer_array_stride: 2048, max_inter_stage_shader_variables: 31, min_uniform_buffer_offset_alignment: 64, min_storage_buffer_offset_alignment: 32, max_color_attachments: 8, max_color_attachment_bytes_per_sample: 128, max_compute_workgroup_storage_size: 49152, max_compute_invocations_per_workgroup: 1024, max_compute_workgroup_size_x: 1024, max_compute_workgroup_size_y: 1024, max_compute_workgroup_size_z: 64, max_compute_workgroups_per_dimension: 65535, max_immediate_size: 256, max_non_sampler_bindings: 4294967295, max_task_workgroup_total_count: 4194304, max_task_workgroups_per_dimension: 65535, max_mesh_workgroup_total_count: 4194304, max_mesh_workgroups_per_dimension: 65535, max_task_invocations_per_workgroup: 128, max_task_invocations_per_dimension: 128, max_mesh_invocations_per_workgroup: 128, max_mesh_invocations_per_dimension: 128, max_task_payload_size: 16384, max_mesh_output_vertices: 256, max_mesh_output_primitives: 256, max_mesh_output_layers: 2048, max_mesh_multiview_view_count: 4, max_blas_primitive_count: 536870911, max_blas_geometry_count: 16777215, max_tlas_instance_count: 16777215, max_acceleration_structures_per_shader_stage: 524288, max_buffers_and_acceleration_structures_per_shader_stage: 4294967295, max_multiview_view_count: 32, max_ray_dispatch_count: 1073741824, max_ray_recursion_depth: 31 }
check,round=0,k=65536,g=512,candidate=none,phase=source,comparison=a_vs_oracle,words=1048576,mismatched_words=0,actual_checksum=84d06402da633040,expected_checksum=84d06402da633040,first=[]
check,round=0,k=65536,g=512,candidate=none,phase=source,comparison=b_vs_oracle,words=1048576,mismatched_words=0,actual_checksum=84d06402da633040,expected_checksum=84d06402da633040,first=[]
check,round=0,k=65536,g=512,candidate=none,phase=source,comparison=a_vs_b,words=1048576,mismatched_words=0,actual_checksum=84d06402da633040,expected_checksum=84d06402da633040,first=[]
check,round=0,k=65536,g=512,candidate=vec4,phase=reset,comparison=a_vs_oracle,words=1048576,mismatched_words=0,actual_checksum=84d06402da633040,expected_checksum=84d06402da633040,first=[]
check,round=0,k=65536,g=512,candidate=vec4,phase=reset,comparison=b_vs_oracle,words=1048576,mismatched_words=0,actual_checksum=84d06402da633040,expected_checksum=84d06402da633040,first=[]
check,round=0,k=65536,g=512,candidate=vec4,phase=reset,comparison=a_vs_b,words=1048576,mismatched_words=0,actual_checksum=84d06402da633040,expected_checksum=84d06402da633040,first=[]
check,round=0,k=65536,g=512,candidate=vec4,phase=transformed,comparison=a_vs_oracle,words=1048576,mismatched_words=0,actual_checksum=29115d73667dee45,expected_checksum=29115d73667dee45,first=[]
check,round=0,k=65536,g=512,candidate=vec4,phase=transformed,comparison=b_vs_oracle,words=1048576,mismatched_words=0,actual_checksum=29115d73667dee45,expected_checksum=29115d73667dee45,first=[]
check,round=0,k=65536,g=512,candidate=vec4,phase=transformed,comparison=a_vs_b,words=1048576,mismatched_words=0,actual_checksum=29115d73667dee45,expected_checksum=29115d73667dee45,first=[]
check,round=0,k=65536,g=512,candidate=fused2,phase=reset,comparison=a_vs_oracle,words=1048576,mismatched_words=0,actual_checksum=84d06402da633040,expected_checksum=84d06402da633040,first=[]
check,round=0,k=65536,g=512,candidate=fused2,phase=reset,comparison=b_vs_oracle,words=1048576,mismatched_words=0,actual_checksum=84d06402da633040,expected_checksum=84d06402da633040,first=[]
check,round=0,k=65536,g=512,candidate=fused2,phase=reset,comparison=a_vs_b,words=1048576,mismatched_words=0,actual_checksum=84d06402da633040,expected_checksum=84d06402da633040,first=[]
check,round=0,k=65536,g=512,candidate=fused2,phase=transformed,comparison=a_vs_oracle,words=1048576,mismatched_words=0,actual_checksum=29115d73667dee45,expected_checksum=29115d73667dee45,first=[]
check,round=0,k=65536,g=512,candidate=fused2,phase=transformed,comparison=b_vs_oracle,words=1048576,mismatched_words=0,actual_checksum=29115d73667dee45,expected_checksum=29115d73667dee45,first=[]
check,round=0,k=65536,g=512,candidate=fused2,phase=transformed,comparison=a_vs_b,words=1048576,mismatched_words=0,actual_checksum=29115d73667dee45,expected_checksum=29115d73667dee45,first=[]
check,round=0,k=65536,g=512,candidate=tile8,phase=reset,comparison=a_vs_oracle,words=1048576,mismatched_words=0,actual_checksum=84d06402da633040,expected_checksum=84d06402da633040,first=[]
check,round=0,k=65536,g=512,candidate=tile8,phase=reset,comparison=b_vs_oracle,words=1048576,mismatched_words=0,actual_checksum=84d06402da633040,expected_checksum=84d06402da633040,first=[]
check,round=0,k=65536,g=512,candidate=tile8,phase=reset,comparison=a_vs_b,words=1048576,mismatched_words=0,actual_checksum=84d06402da633040,expected_checksum=84d06402da633040,first=[]
check,round=0,k=65536,g=512,candidate=tile8,phase=transformed,comparison=a_vs_oracle,words=1048576,mismatched_words=0,actual_checksum=29115d73667dee45,expected_checksum=29115d73667dee45,first=[]
check,round=0,k=65536,g=512,candidate=tile8,phase=transformed,comparison=b_vs_oracle,words=1048576,mismatched_words=0,actual_checksum=29115d73667dee45,expected_checksum=29115d73667dee45,first=[]
check,round=0,k=65536,g=512,candidate=tile8,phase=transformed,comparison=a_vs_b,words=1048576,mismatched_words=0,actual_checksum=29115d73667dee45,expected_checksum=29115d73667dee45,first=[]
check,round=0,k=262144,g=128,candidate=none,phase=source,comparison=a_vs_oracle,words=1048576,mismatched_words=0,actual_checksum=603e59446e81431f,expected_checksum=603e59446e81431f,first=[]
check,round=0,k=262144,g=128,candidate=none,phase=source,comparison=b_vs_oracle,words=1048576,mismatched_words=0,actual_checksum=603e59446e81431f,expected_checksum=603e59446e81431f,first=[]
check,round=0,k=262144,g=128,candidate=none,phase=source,comparison=a_vs_b,words=1048576,mismatched_words=0,actual_checksum=603e59446e81431f,expected_checksum=603e59446e81431f,first=[]
check,round=0,k=262144,g=128,candidate=vec4,phase=reset,comparison=a_vs_oracle,words=1048576,mismatched_words=0,actual_checksum=603e59446e81431f,expected_checksum=603e59446e81431f,first=[]
check,round=0,k=262144,g=128,candidate=vec4,phase=reset,comparison=b_vs_oracle,words=1048576,mismatched_words=0,actual_checksum=603e59446e81431f,expected_checksum=603e59446e81431f,first=[]
check,round=0,k=262144,g=128,candidate=vec4,phase=reset,comparison=a_vs_b,words=1048576,mismatched_words=0,actual_checksum=603e59446e81431f,expected_checksum=603e59446e81431f,first=[]
check,round=0,k=262144,g=128,candidate=vec4,phase=transformed,comparison=a_vs_oracle,words=1048576,mismatched_words=0,actual_checksum=99960c282a7f4ca5,expected_checksum=99960c282a7f4ca5,first=[]
check,round=0,k=262144,g=128,candidate=vec4,phase=transformed,comparison=b_vs_oracle,words=1048576,mismatched_words=0,actual_checksum=99960c282a7f4ca5,expected_checksum=99960c282a7f4ca5,first=[]
check,round=0,k=262144,g=128,candidate=vec4,phase=transformed,comparison=a_vs_b,words=1048576,mismatched_words=0,actual_checksum=99960c282a7f4ca5,expected_checksum=99960c282a7f4ca5,first=[]
check,round=0,k=262144,g=128,candidate=fused2,phase=reset,comparison=a_vs_oracle,words=1048576,mismatched_words=0,actual_checksum=603e59446e81431f,expected_checksum=603e59446e81431f,first=[]
check,round=0,k=262144,g=128,candidate=fused2,phase=reset,comparison=b_vs_oracle,words=1048576,mismatched_words=0,actual_checksum=603e59446e81431f,expected_checksum=603e59446e81431f,first=[]
check,round=0,k=262144,g=128,candidate=fused2,phase=reset,comparison=a_vs_b,words=1048576,mismatched_words=0,actual_checksum=603e59446e81431f,expected_checksum=603e59446e81431f,first=[]
check,round=0,k=262144,g=128,candidate=fused2,phase=transformed,comparison=a_vs_oracle,words=1048576,mismatched_words=0,actual_checksum=99960c282a7f4ca5,expected_checksum=99960c282a7f4ca5,first=[]
check,round=0,k=262144,g=128,candidate=fused2,phase=transformed,comparison=b_vs_oracle,words=1048576,mismatched_words=0,actual_checksum=99960c282a7f4ca5,expected_checksum=99960c282a7f4ca5,first=[]
check,round=0,k=262144,g=128,candidate=fused2,phase=transformed,comparison=a_vs_b,words=1048576,mismatched_words=0,actual_checksum=99960c282a7f4ca5,expected_checksum=99960c282a7f4ca5,first=[]
check,round=0,k=262144,g=128,candidate=tile8,phase=reset,comparison=a_vs_oracle,words=1048576,mismatched_words=0,actual_checksum=603e59446e81431f,expected_checksum=603e59446e81431f,first=[]
check,round=0,k=262144,g=128,candidate=tile8,phase=reset,comparison=b_vs_oracle,words=1048576,mismatched_words=0,actual_checksum=603e59446e81431f,expected_checksum=603e59446e81431f,first=[]
check,round=0,k=262144,g=128,candidate=tile8,phase=reset,comparison=a_vs_b,words=1048576,mismatched_words=0,actual_checksum=603e59446e81431f,expected_checksum=603e59446e81431f,first=[]
check,round=0,k=262144,g=128,candidate=tile8,phase=transformed,comparison=a_vs_oracle,words=1048576,mismatched_words=0,actual_checksum=99960c282a7f4ca5,expected_checksum=99960c282a7f4ca5,first=[]
check,round=0,k=262144,g=128,candidate=tile8,phase=transformed,comparison=b_vs_oracle,words=1048576,mismatched_words=0,actual_checksum=99960c282a7f4ca5,expected_checksum=99960c282a7f4ca5,first=[]
check,round=0,k=262144,g=128,candidate=tile8,phase=transformed,comparison=a_vs_b,words=1048576,mismatched_words=0,actual_checksum=99960c282a7f4ca5,expected_checksum=99960c282a7f4ca5,first=[]
check,round=1,k=65536,g=512,candidate=none,phase=source,comparison=a_vs_oracle,words=1048576,mismatched_words=0,actual_checksum=84d06402da633040,expected_checksum=84d06402da633040,first=[]
check,round=1,k=65536,g=512,candidate=none,phase=source,comparison=b_vs_oracle,words=1048576,mismatched_words=0,actual_checksum=84d06402da633040,expected_checksum=84d06402da633040,first=[]
check,round=1,k=65536,g=512,candidate=none,phase=source,comparison=a_vs_b,words=1048576,mismatched_words=0,actual_checksum=84d06402da633040,expected_checksum=84d06402da633040,first=[]
check,round=1,k=65536,g=512,candidate=vec4,phase=reset,comparison=a_vs_oracle,words=1048576,mismatched_words=0,actual_checksum=84d06402da633040,expected_checksum=84d06402da633040,first=[]
check,round=1,k=65536,g=512,candidate=vec4,phase=reset,comparison=b_vs_oracle,words=1048576,mismatched_words=0,actual_checksum=84d06402da633040,expected_checksum=84d06402da633040,first=[]
check,round=1,k=65536,g=512,candidate=vec4,phase=reset,comparison=a_vs_b,words=1048576,mismatched_words=0,actual_checksum=84d06402da633040,expected_checksum=84d06402da633040,first=[]
check,round=1,k=65536,g=512,candidate=vec4,phase=transformed,comparison=a_vs_oracle,words=1048576,mismatched_words=0,actual_checksum=29115d73667dee45,expected_checksum=29115d73667dee45,first=[]
check,round=1,k=65536,g=512,candidate=vec4,phase=transformed,comparison=b_vs_oracle,words=1048576,mismatched_words=0,actual_checksum=29115d73667dee45,expected_checksum=29115d73667dee45,first=[]
check,round=1,k=65536,g=512,candidate=vec4,phase=transformed,comparison=a_vs_b,words=1048576,mismatched_words=0,actual_checksum=29115d73667dee45,expected_checksum=29115d73667dee45,first=[]
check,round=1,k=65536,g=512,candidate=fused2,phase=reset,comparison=a_vs_oracle,words=1048576,mismatched_words=0,actual_checksum=84d06402da633040,expected_checksum=84d06402da633040,first=[]
check,round=1,k=65536,g=512,candidate=fused2,phase=reset,comparison=b_vs_oracle,words=1048576,mismatched_words=0,actual_checksum=84d06402da633040,expected_checksum=84d06402da633040,first=[]
check,round=1,k=65536,g=512,candidate=fused2,phase=reset,comparison=a_vs_b,words=1048576,mismatched_words=0,actual_checksum=84d06402da633040,expected_checksum=84d06402da633040,first=[]
check,round=1,k=65536,g=512,candidate=fused2,phase=transformed,comparison=a_vs_oracle,words=1048576,mismatched_words=0,actual_checksum=29115d73667dee45,expected_checksum=29115d73667dee45,first=[]
check,round=1,k=65536,g=512,candidate=fused2,phase=transformed,comparison=b_vs_oracle,words=1048576,mismatched_words=0,actual_checksum=29115d73667dee45,expected_checksum=29115d73667dee45,first=[]
check,round=1,k=65536,g=512,candidate=fused2,phase=transformed,comparison=a_vs_b,words=1048576,mismatched_words=0,actual_checksum=29115d73667dee45,expected_checksum=29115d73667dee45,first=[]
check,round=1,k=65536,g=512,candidate=tile8,phase=reset,comparison=a_vs_oracle,words=1048576,mismatched_words=0,actual_checksum=84d06402da633040,expected_checksum=84d06402da633040,first=[]
check,round=1,k=65536,g=512,candidate=tile8,phase=reset,comparison=b_vs_oracle,words=1048576,mismatched_words=0,actual_checksum=84d06402da633040,expected_checksum=84d06402da633040,first=[]
check,round=1,k=65536,g=512,candidate=tile8,phase=reset,comparison=a_vs_b,words=1048576,mismatched_words=0,actual_checksum=84d06402da633040,expected_checksum=84d06402da633040,first=[]
check,round=1,k=65536,g=512,candidate=tile8,phase=transformed,comparison=a_vs_oracle,words=1048576,mismatched_words=0,actual_checksum=29115d73667dee45,expected_checksum=29115d73667dee45,first=[]
check,round=1,k=65536,g=512,candidate=tile8,phase=transformed,comparison=b_vs_oracle,words=1048576,mismatched_words=0,actual_checksum=29115d73667dee45,expected_checksum=29115d73667dee45,first=[]
check,round=1,k=65536,g=512,candidate=tile8,phase=transformed,comparison=a_vs_b,words=1048576,mismatched_words=0,actual_checksum=29115d73667dee45,expected_checksum=29115d73667dee45,first=[]
check,round=1,k=262144,g=128,candidate=none,phase=source,comparison=a_vs_oracle,words=1048576,mismatched_words=0,actual_checksum=603e59446e81431f,expected_checksum=603e59446e81431f,first=[]
check,round=1,k=262144,g=128,candidate=none,phase=source,comparison=b_vs_oracle,words=1048576,mismatched_words=0,actual_checksum=603e59446e81431f,expected_checksum=603e59446e81431f,first=[]
check,round=1,k=262144,g=128,candidate=none,phase=source,comparison=a_vs_b,words=1048576,mismatched_words=0,actual_checksum=603e59446e81431f,expected_checksum=603e59446e81431f,first=[]
check,round=1,k=262144,g=128,candidate=vec4,phase=reset,comparison=a_vs_oracle,words=1048576,mismatched_words=0,actual_checksum=603e59446e81431f,expected_checksum=603e59446e81431f,first=[]
check,round=1,k=262144,g=128,candidate=vec4,phase=reset,comparison=b_vs_oracle,words=1048576,mismatched_words=0,actual_checksum=603e59446e81431f,expected_checksum=603e59446e81431f,first=[]
check,round=1,k=262144,g=128,candidate=vec4,phase=reset,comparison=a_vs_b,words=1048576,mismatched_words=0,actual_checksum=603e59446e81431f,expected_checksum=603e59446e81431f,first=[]
check,round=1,k=262144,g=128,candidate=vec4,phase=transformed,comparison=a_vs_oracle,words=1048576,mismatched_words=0,actual_checksum=99960c282a7f4ca5,expected_checksum=99960c282a7f4ca5,first=[]
check,round=1,k=262144,g=128,candidate=vec4,phase=transformed,comparison=b_vs_oracle,words=1048576,mismatched_words=0,actual_checksum=99960c282a7f4ca5,expected_checksum=99960c282a7f4ca5,first=[]
check,round=1,k=262144,g=128,candidate=vec4,phase=transformed,comparison=a_vs_b,words=1048576,mismatched_words=0,actual_checksum=99960c282a7f4ca5,expected_checksum=99960c282a7f4ca5,first=[]
check,round=1,k=262144,g=128,candidate=fused2,phase=reset,comparison=a_vs_oracle,words=1048576,mismatched_words=0,actual_checksum=603e59446e81431f,expected_checksum=603e59446e81431f,first=[]
check,round=1,k=262144,g=128,candidate=fused2,phase=reset,comparison=b_vs_oracle,words=1048576,mismatched_words=0,actual_checksum=603e59446e81431f,expected_checksum=603e59446e81431f,first=[]
check,round=1,k=262144,g=128,candidate=fused2,phase=reset,comparison=a_vs_b,words=1048576,mismatched_words=0,actual_checksum=603e59446e81431f,expected_checksum=603e59446e81431f,first=[]
check,round=1,k=262144,g=128,candidate=fused2,phase=transformed,comparison=a_vs_oracle,words=1048576,mismatched_words=0,actual_checksum=99960c282a7f4ca5,expected_checksum=99960c282a7f4ca5,first=[]
check,round=1,k=262144,g=128,candidate=fused2,phase=transformed,comparison=b_vs_oracle,words=1048576,mismatched_words=0,actual_checksum=99960c282a7f4ca5,expected_checksum=99960c282a7f4ca5,first=[]
check,round=1,k=262144,g=128,candidate=fused2,phase=transformed,comparison=a_vs_b,words=1048576,mismatched_words=0,actual_checksum=99960c282a7f4ca5,expected_checksum=99960c282a7f4ca5,first=[]
check,round=1,k=262144,g=128,candidate=tile8,phase=reset,comparison=a_vs_oracle,words=1048576,mismatched_words=0,actual_checksum=603e59446e81431f,expected_checksum=603e59446e81431f,first=[]
check,round=1,k=262144,g=128,candidate=tile8,phase=reset,comparison=b_vs_oracle,words=1048576,mismatched_words=0,actual_checksum=603e59446e81431f,expected_checksum=603e59446e81431f,first=[]
check,round=1,k=262144,g=128,candidate=tile8,phase=reset,comparison=a_vs_b,words=1048576,mismatched_words=0,actual_checksum=603e59446e81431f,expected_checksum=603e59446e81431f,first=[]
check,round=1,k=262144,g=128,candidate=tile8,phase=transformed,comparison=a_vs_oracle,words=1048576,mismatched_words=0,actual_checksum=99960c282a7f4ca5,expected_checksum=99960c282a7f4ca5,first=[]
check,round=1,k=262144,g=128,candidate=tile8,phase=transformed,comparison=b_vs_oracle,words=1048576,mismatched_words=0,actual_checksum=99960c282a7f4ca5,expected_checksum=99960c282a7f4ca5,first=[]
check,round=1,k=262144,g=128,candidate=tile8,phase=transformed,comparison=a_vs_b,words=1048576,mismatched_words=0,actual_checksum=99960c282a7f4ca5,expected_checksum=99960c282a7f4ca5,first=[]
check,round=2,k=65536,g=512,candidate=none,phase=source,comparison=a_vs_oracle,words=1048576,mismatched_words=0,actual_checksum=84d06402da633040,expected_checksum=84d06402da633040,first=[]
check,round=2,k=65536,g=512,candidate=none,phase=source,comparison=b_vs_oracle,words=1048576,mismatched_words=0,actual_checksum=84d06402da633040,expected_checksum=84d06402da633040,first=[]
check,round=2,k=65536,g=512,candidate=none,phase=source,comparison=a_vs_b,words=1048576,mismatched_words=0,actual_checksum=84d06402da633040,expected_checksum=84d06402da633040,first=[]
check,round=2,k=65536,g=512,candidate=vec4,phase=reset,comparison=a_vs_oracle,words=1048576,mismatched_words=0,actual_checksum=84d06402da633040,expected_checksum=84d06402da633040,first=[]
check,round=2,k=65536,g=512,candidate=vec4,phase=reset,comparison=b_vs_oracle,words=1048576,mismatched_words=0,actual_checksum=84d06402da633040,expected_checksum=84d06402da633040,first=[]
check,round=2,k=65536,g=512,candidate=vec4,phase=reset,comparison=a_vs_b,words=1048576,mismatched_words=0,actual_checksum=84d06402da633040,expected_checksum=84d06402da633040,first=[]
check,round=2,k=65536,g=512,candidate=vec4,phase=transformed,comparison=a_vs_oracle,words=1048576,mismatched_words=0,actual_checksum=29115d73667dee45,expected_checksum=29115d73667dee45,first=[]
check,round=2,k=65536,g=512,candidate=vec4,phase=transformed,comparison=b_vs_oracle,words=1048576,mismatched_words=0,actual_checksum=29115d73667dee45,expected_checksum=29115d73667dee45,first=[]
check,round=2,k=65536,g=512,candidate=vec4,phase=transformed,comparison=a_vs_b,words=1048576,mismatched_words=0,actual_checksum=29115d73667dee45,expected_checksum=29115d73667dee45,first=[]
check,round=2,k=65536,g=512,candidate=fused2,phase=reset,comparison=a_vs_oracle,words=1048576,mismatched_words=0,actual_checksum=84d06402da633040,expected_checksum=84d06402da633040,first=[]
check,round=2,k=65536,g=512,candidate=fused2,phase=reset,comparison=b_vs_oracle,words=1048576,mismatched_words=0,actual_checksum=84d06402da633040,expected_checksum=84d06402da633040,first=[]
check,round=2,k=65536,g=512,candidate=fused2,phase=reset,comparison=a_vs_b,words=1048576,mismatched_words=0,actual_checksum=84d06402da633040,expected_checksum=84d06402da633040,first=[]
check,round=2,k=65536,g=512,candidate=fused2,phase=transformed,comparison=a_vs_oracle,words=1048576,mismatched_words=0,actual_checksum=29115d73667dee45,expected_checksum=29115d73667dee45,first=[]
check,round=2,k=65536,g=512,candidate=fused2,phase=transformed,comparison=b_vs_oracle,words=1048576,mismatched_words=0,actual_checksum=29115d73667dee45,expected_checksum=29115d73667dee45,first=[]
check,round=2,k=65536,g=512,candidate=fused2,phase=transformed,comparison=a_vs_b,words=1048576,mismatched_words=0,actual_checksum=29115d73667dee45,expected_checksum=29115d73667dee45,first=[]
check,round=2,k=65536,g=512,candidate=tile8,phase=reset,comparison=a_vs_oracle,words=1048576,mismatched_words=0,actual_checksum=84d06402da633040,expected_checksum=84d06402da633040,first=[]
check,round=2,k=65536,g=512,candidate=tile8,phase=reset,comparison=b_vs_oracle,words=1048576,mismatched_words=0,actual_checksum=84d06402da633040,expected_checksum=84d06402da633040,first=[]
check,round=2,k=65536,g=512,candidate=tile8,phase=reset,comparison=a_vs_b,words=1048576,mismatched_words=0,actual_checksum=84d06402da633040,expected_checksum=84d06402da633040,first=[]
check,round=2,k=65536,g=512,candidate=tile8,phase=transformed,comparison=a_vs_oracle,words=1048576,mismatched_words=0,actual_checksum=29115d73667dee45,expected_checksum=29115d73667dee45,first=[]
check,round=2,k=65536,g=512,candidate=tile8,phase=transformed,comparison=b_vs_oracle,words=1048576,mismatched_words=0,actual_checksum=29115d73667dee45,expected_checksum=29115d73667dee45,first=[]
check,round=2,k=65536,g=512,candidate=tile8,phase=transformed,comparison=a_vs_b,words=1048576,mismatched_words=0,actual_checksum=29115d73667dee45,expected_checksum=29115d73667dee45,first=[]
check,round=2,k=262144,g=128,candidate=none,phase=source,comparison=a_vs_oracle,words=1048576,mismatched_words=0,actual_checksum=603e59446e81431f,expected_checksum=603e59446e81431f,first=[]
check,round=2,k=262144,g=128,candidate=none,phase=source,comparison=b_vs_oracle,words=1048576,mismatched_words=0,actual_checksum=603e59446e81431f,expected_checksum=603e59446e81431f,first=[]
check,round=2,k=262144,g=128,candidate=none,phase=source,comparison=a_vs_b,words=1048576,mismatched_words=0,actual_checksum=603e59446e81431f,expected_checksum=603e59446e81431f,first=[]
check,round=2,k=262144,g=128,candidate=vec4,phase=reset,comparison=a_vs_oracle,words=1048576,mismatched_words=0,actual_checksum=603e59446e81431f,expected_checksum=603e59446e81431f,first=[]
check,round=2,k=262144,g=128,candidate=vec4,phase=reset,comparison=b_vs_oracle,words=1048576,mismatched_words=0,actual_checksum=603e59446e81431f,expected_checksum=603e59446e81431f,first=[]
check,round=2,k=262144,g=128,candidate=vec4,phase=reset,comparison=a_vs_b,words=1048576,mismatched_words=0,actual_checksum=603e59446e81431f,expected_checksum=603e59446e81431f,first=[]
check,round=2,k=262144,g=128,candidate=vec4,phase=transformed,comparison=a_vs_oracle,words=1048576,mismatched_words=0,actual_checksum=99960c282a7f4ca5,expected_checksum=99960c282a7f4ca5,first=[]
check,round=2,k=262144,g=128,candidate=vec4,phase=transformed,comparison=b_vs_oracle,words=1048576,mismatched_words=0,actual_checksum=99960c282a7f4ca5,expected_checksum=99960c282a7f4ca5,first=[]
check,round=2,k=262144,g=128,candidate=vec4,phase=transformed,comparison=a_vs_b,words=1048576,mismatched_words=0,actual_checksum=99960c282a7f4ca5,expected_checksum=99960c282a7f4ca5,first=[]
check,round=2,k=262144,g=128,candidate=fused2,phase=reset,comparison=a_vs_oracle,words=1048576,mismatched_words=0,actual_checksum=603e59446e81431f,expected_checksum=603e59446e81431f,first=[]
check,round=2,k=262144,g=128,candidate=fused2,phase=reset,comparison=b_vs_oracle,words=1048576,mismatched_words=0,actual_checksum=603e59446e81431f,expected_checksum=603e59446e81431f,first=[]
check,round=2,k=262144,g=128,candidate=fused2,phase=reset,comparison=a_vs_b,words=1048576,mismatched_words=0,actual_checksum=603e59446e81431f,expected_checksum=603e59446e81431f,first=[]
check,round=2,k=262144,g=128,candidate=fused2,phase=transformed,comparison=a_vs_oracle,words=1048576,mismatched_words=0,actual_checksum=99960c282a7f4ca5,expected_checksum=99960c282a7f4ca5,first=[]
check,round=2,k=262144,g=128,candidate=fused2,phase=transformed,comparison=b_vs_oracle,words=1048576,mismatched_words=0,actual_checksum=99960c282a7f4ca5,expected_checksum=99960c282a7f4ca5,first=[]
check,round=2,k=262144,g=128,candidate=fused2,phase=transformed,comparison=a_vs_b,words=1048576,mismatched_words=0,actual_checksum=99960c282a7f4ca5,expected_checksum=99960c282a7f4ca5,first=[]
check,round=2,k=262144,g=128,candidate=tile8,phase=reset,comparison=a_vs_oracle,words=1048576,mismatched_words=0,actual_checksum=603e59446e81431f,expected_checksum=603e59446e81431f,first=[]
check,round=2,k=262144,g=128,candidate=tile8,phase=reset,comparison=b_vs_oracle,words=1048576,mismatched_words=0,actual_checksum=603e59446e81431f,expected_checksum=603e59446e81431f,first=[]
check,round=2,k=262144,g=128,candidate=tile8,phase=reset,comparison=a_vs_b,words=1048576,mismatched_words=0,actual_checksum=603e59446e81431f,expected_checksum=603e59446e81431f,first=[]
check,round=2,k=262144,g=128,candidate=tile8,phase=transformed,comparison=a_vs_oracle,words=1048576,mismatched_words=0,actual_checksum=99960c282a7f4ca5,expected_checksum=99960c282a7f4ca5,first=[]
check,round=2,k=262144,g=128,candidate=tile8,phase=transformed,comparison=b_vs_oracle,words=1048576,mismatched_words=0,actual_checksum=99960c282a7f4ca5,expected_checksum=99960c282a7f4ca5,first=[]
check,round=2,k=262144,g=128,candidate=tile8,phase=transformed,comparison=a_vs_b,words=1048576,mismatched_words=0,actual_checksum=99960c282a7f4ca5,expected_checksum=99960c282a7f4ca5,first=[]
check,round=3,k=65536,g=512,candidate=none,phase=source,comparison=a_vs_oracle,words=1048576,mismatched_words=0,actual_checksum=84d06402da633040,expected_checksum=84d06402da633040,first=[]
check,round=3,k=65536,g=512,candidate=none,phase=source,comparison=b_vs_oracle,words=1048576,mismatched_words=0,actual_checksum=84d06402da633040,expected_checksum=84d06402da633040,first=[]
check,round=3,k=65536,g=512,candidate=none,phase=source,comparison=a_vs_b,words=1048576,mismatched_words=0,actual_checksum=84d06402da633040,expected_checksum=84d06402da633040,first=[]
check,round=3,k=65536,g=512,candidate=vec4,phase=reset,comparison=a_vs_oracle,words=1048576,mismatched_words=0,actual_checksum=84d06402da633040,expected_checksum=84d06402da633040,first=[]
check,round=3,k=65536,g=512,candidate=vec4,phase=reset,comparison=b_vs_oracle,words=1048576,mismatched_words=0,actual_checksum=84d06402da633040,expected_checksum=84d06402da633040,first=[]
check,round=3,k=65536,g=512,candidate=vec4,phase=reset,comparison=a_vs_b,words=1048576,mismatched_words=0,actual_checksum=84d06402da633040,expected_checksum=84d06402da633040,first=[]
check,round=3,k=65536,g=512,candidate=vec4,phase=transformed,comparison=a_vs_oracle,words=1048576,mismatched_words=0,actual_checksum=29115d73667dee45,expected_checksum=29115d73667dee45,first=[]
check,round=3,k=65536,g=512,candidate=vec4,phase=transformed,comparison=b_vs_oracle,words=1048576,mismatched_words=0,actual_checksum=29115d73667dee45,expected_checksum=29115d73667dee45,first=[]
check,round=3,k=65536,g=512,candidate=vec4,phase=transformed,comparison=a_vs_b,words=1048576,mismatched_words=0,actual_checksum=29115d73667dee45,expected_checksum=29115d73667dee45,first=[]
check,round=3,k=65536,g=512,candidate=fused2,phase=reset,comparison=a_vs_oracle,words=1048576,mismatched_words=0,actual_checksum=84d06402da633040,expected_checksum=84d06402da633040,first=[]
check,round=3,k=65536,g=512,candidate=fused2,phase=reset,comparison=b_vs_oracle,words=1048576,mismatched_words=0,actual_checksum=84d06402da633040,expected_checksum=84d06402da633040,first=[]
check,round=3,k=65536,g=512,candidate=fused2,phase=reset,comparison=a_vs_b,words=1048576,mismatched_words=0,actual_checksum=84d06402da633040,expected_checksum=84d06402da633040,first=[]
check,round=3,k=65536,g=512,candidate=fused2,phase=transformed,comparison=a_vs_oracle,words=1048576,mismatched_words=38256,actual_checksum=6f8f462cb9ac46c4,expected_checksum=29115d73667dee45,first=[(16, 2037238345, 186992), (17, 3300245819, 852626710), (18, 4005654834, 493773166), (19, 3691870561, 4181389359), (20, 386760401, 1087845808), (21, 2721535482, 1783477888), (22, 1502479998, 1327939854), (23, 2976960798, 2012093229)]
check,round=3,k=65536,g=512,candidate=fused2,phase=transformed,comparison=b_vs_oracle,words=1048576,mismatched_words=0,actual_checksum=29115d73667dee45,expected_checksum=29115d73667dee45,first=[]
check,round=3,k=65536,g=512,candidate=fused2,phase=transformed,comparison=a_vs_b,words=1048576,mismatched_words=38256,actual_checksum=6f8f462cb9ac46c4,expected_checksum=29115d73667dee45,first=[(16, 2037238345, 186992), (17, 3300245819, 852626710), (18, 4005654834, 493773166), (19, 3691870561, 4181389359), (20, 386760401, 1087845808), (21, 2721535482, 1783477888), (22, 1502479998, 1327939854), (23, 2976960798, 2012093229)]
check,round=3,k=65536,g=512,candidate=tile8,phase=reset,comparison=a_vs_oracle,words=1048576,mismatched_words=41904,actual_checksum=73759fbbf526f5e5,expected_checksum=84d06402da633040,first=[(16, 186992, 2037238345), (17, 852626710, 3300245819), (18, 493773166, 4005654834), (19, 4181389359, 3691870561), (20, 1087845808, 386760401), (21, 1783477888, 2721535482), (22, 1327939854, 1502479998), (23, 2012093229, 2976960798)]
check,round=3,k=65536,g=512,candidate=tile8,phase=reset,comparison=b_vs_oracle,words=1048576,mismatched_words=0,actual_checksum=84d06402da633040,expected_checksum=84d06402da633040,first=[]
check,round=3,k=65536,g=512,candidate=tile8,phase=reset,comparison=a_vs_b,words=1048576,mismatched_words=41904,actual_checksum=73759fbbf526f5e5,expected_checksum=84d06402da633040,first=[(16, 186992, 2037238345), (17, 852626710, 3300245819), (18, 493773166, 4005654834), (19, 4181389359, 3691870561), (20, 1087845808, 386760401), (21, 1783477888, 2721535482), (22, 1327939854, 1502479998), (23, 2012093229, 2976960798)]
check,round=3,k=65536,g=512,candidate=tile8,phase=transformed,comparison=a_vs_oracle,words=1048576,mismatched_words=40700,actual_checksum=a79c27a8cd304b58,expected_checksum=29115d73667dee45,first=[(16, 2037238345, 186992), (17, 3300245819, 852626710), (18, 4005654834, 493773166), (19, 3691870561, 4181389359), (20, 386760401, 1087845808), (21, 2721535482, 1783477888), (22, 1502479998, 1327939854), (23, 2976960798, 2012093229)]
check,round=3,k=65536,g=512,candidate=tile8,phase=transformed,comparison=b_vs_oracle,words=1048576,mismatched_words=0,actual_checksum=29115d73667dee45,expected_checksum=29115d73667dee45,first=[]
check,round=3,k=65536,g=512,candidate=tile8,phase=transformed,comparison=a_vs_b,words=1048576,mismatched_words=40700,actual_checksum=a79c27a8cd304b58,expected_checksum=29115d73667dee45,first=[(16, 2037238345, 186992), (17, 3300245819, 852626710), (18, 4005654834, 493773166), (19, 3691870561, 4181389359), (20, 386760401, 1087845808), (21, 2721535482, 1783477888), (22, 1502479998, 1327939854), (23, 2976960798, 2012093229)]
check,round=3,k=262144,g=128,candidate=none,phase=source,comparison=a_vs_oracle,words=1048576,mismatched_words=6396,actual_checksum=5ba75603685d1b88,expected_checksum=603e59446e81431f,first=[(0, 2037321785, 3549435859), (1, 4133997613, 4230607782), (2, 4088336476, 2314666888), (3, 624396622, 1497423403), (4, 1473923937, 305558089), (5, 3363496826, 1402516150), (6, 380159856, 4228143729), (7, 3332295219, 2650962772)]
check,round=3,k=262144,g=128,candidate=none,phase=source,comparison=b_vs_oracle,words=1048576,mismatched_words=0,actual_checksum=603e59446e81431f,expected_checksum=603e59446e81431f,first=[]
check,round=3,k=262144,g=128,candidate=none,phase=source,comparison=a_vs_b,words=1048576,mismatched_words=6396,actual_checksum=5ba75603685d1b88,expected_checksum=603e59446e81431f,first=[(0, 2037321785, 3549435859), (1, 4133997613, 4230607782), (2, 4088336476, 2314666888), (3, 624396622, 1497423403), (4, 1473923937, 305558089), (5, 3363496826, 1402516150), (6, 380159856, 4228143729), (7, 3332295219, 2650962772)]
check,round=3,k=262144,g=128,candidate=vec4,phase=reset,comparison=a_vs_oracle,words=1048576,mismatched_words=0,actual_checksum=603e59446e81431f,expected_checksum=603e59446e81431f,first=[]
check,round=3,k=262144,g=128,candidate=vec4,phase=reset,comparison=b_vs_oracle,words=1048576,mismatched_words=0,actual_checksum=603e59446e81431f,expected_checksum=603e59446e81431f,first=[]
check,round=3,k=262144,g=128,candidate=vec4,phase=reset,comparison=a_vs_b,words=1048576,mismatched_words=0,actual_checksum=603e59446e81431f,expected_checksum=603e59446e81431f,first=[]
check,round=3,k=262144,g=128,candidate=vec4,phase=transformed,comparison=a_vs_oracle,words=1048576,mismatched_words=46196,actual_checksum=9bae010c70aa546e,expected_checksum=99960c282a7f4ca5,first=[(4, 305558089, 3248907674), (5, 1402516150, 2947629328), (6, 4228143729, 1978882553), (7, 2650962772, 3343033727), (8, 4235915232, 803928115), (9, 2438028099, 1836624101), (10, 4246056383, 1961012791), (11, 1559188526, 95390213)]
check,round=3,k=262144,g=128,candidate=vec4,phase=transformed,comparison=b_vs_oracle,words=1048576,mismatched_words=0,actual_checksum=99960c282a7f4ca5,expected_checksum=99960c282a7f4ca5,first=[]
check,round=3,k=262144,g=128,candidate=vec4,phase=transformed,comparison=a_vs_b,words=1048576,mismatched_words=46196,actual_checksum=9bae010c70aa546e,expected_checksum=99960c282a7f4ca5,first=[(4, 305558089, 3248907674), (5, 1402516150, 2947629328), (6, 4228143729, 1978882553), (7, 2650962772, 3343033727), (8, 4235915232, 803928115), (9, 2438028099, 1836624101), (10, 4246056383, 1961012791), (11, 1559188526, 95390213)]
check,round=3,k=262144,g=128,candidate=fused2,phase=reset,comparison=a_vs_oracle,words=1048576,mismatched_words=42796,actual_checksum=62f19ce3647a4699,expected_checksum=603e59446e81431f,first=[(4, 3248907674, 305558089), (5, 2947629328, 1402516150), (6, 1978882553, 4228143729), (7, 3343033727, 2650962772), (8, 803928115, 4235915232), (9, 1836624101, 2438028099), (10, 1961012791, 4246056383), (11, 95390213, 1559188526)]
check,round=3,k=262144,g=128,candidate=fused2,phase=reset,comparison=b_vs_oracle,words=1048576,mismatched_words=0,actual_checksum=603e59446e81431f,expected_checksum=603e59446e81431f,first=[]
check,round=3,k=262144,g=128,candidate=fused2,phase=reset,comparison=a_vs_b,words=1048576,mismatched_words=42796,actual_checksum=62f19ce3647a4699,expected_checksum=603e59446e81431f,first=[(4, 3248907674, 305558089), (5, 2947629328, 1402516150), (6, 1978882553, 4228143729), (7, 3343033727, 2650962772), (8, 803928115, 4235915232), (9, 1836624101, 2438028099), (10, 1961012791, 4246056383), (11, 95390213, 1559188526)]
check,round=3,k=262144,g=128,candidate=fused2,phase=transformed,comparison=a_vs_oracle,words=1048576,mismatched_words=42396,actual_checksum=d1d0a9186afcf0de,expected_checksum=99960c282a7f4ca5,first=[(4, 305558089, 3248907674), (5, 1402516150, 2947629328), (6, 4228143729, 1978882553), (7, 2650962772, 3343033727), (8, 4235915232, 803928115), (9, 2438028099, 1836624101), (10, 4246056383, 1961012791), (11, 1559188526, 95390213)]
check,round=3,k=262144,g=128,candidate=fused2,phase=transformed,comparison=b_vs_oracle,words=1048576,mismatched_words=0,actual_checksum=99960c282a7f4ca5,expected_checksum=99960c282a7f4ca5,first=[]
check,round=3,k=262144,g=128,candidate=fused2,phase=transformed,comparison=a_vs_b,words=1048576,mismatched_words=42396,actual_checksum=d1d0a9186afcf0de,expected_checksum=99960c282a7f4ca5,first=[(4, 305558089, 3248907674), (5, 1402516150, 2947629328), (6, 4228143729, 1978882553), (7, 2650962772, 3343033727), (8, 4235915232, 803928115), (9, 2438028099, 1836624101), (10, 4246056383, 1961012791), (11, 1559188526, 95390213)]
check,round=3,k=262144,g=128,candidate=tile8,phase=reset,comparison=a_vs_oracle,words=1048576,mismatched_words=40796,actual_checksum=9cdc46ba9c30a81b,expected_checksum=603e59446e81431f,first=[(4, 3248907674, 305558089), (5, 2947629328, 1402516150), (6, 1978882553, 4228143729), (7, 3343033727, 2650962772), (8, 803928115, 4235915232), (9, 1836624101, 2438028099), (10, 1961012791, 4246056383), (11, 95390213, 1559188526)]
check,round=3,k=262144,g=128,candidate=tile8,phase=reset,comparison=b_vs_oracle,words=1048576,mismatched_words=0,actual_checksum=603e59446e81431f,expected_checksum=603e59446e81431f,first=[]
check,round=3,k=262144,g=128,candidate=tile8,phase=reset,comparison=a_vs_b,words=1048576,mismatched_words=40796,actual_checksum=9cdc46ba9c30a81b,expected_checksum=603e59446e81431f,first=[(4, 3248907674, 305558089), (5, 2947629328, 1402516150), (6, 1978882553, 4228143729), (7, 3343033727, 2650962772), (8, 803928115, 4235915232), (9, 1836624101, 2438028099), (10, 1961012791, 4246056383), (11, 95390213, 1559188526)]
check,round=3,k=262144,g=128,candidate=tile8,phase=transformed,comparison=a_vs_oracle,words=1048576,mismatched_words=40368,actual_checksum=3d03b368de156521,expected_checksum=99960c282a7f4ca5,first=[(4, 305558089, 3248907674), (5, 1402516150, 2947629328), (6, 4228143729, 1978882553), (7, 2650962772, 3343033727), (8, 4235915232, 803928115), (9, 2438028099, 1836624101), (10, 4246056383, 1961012791), (11, 1559188526, 95390213)]
check,round=3,k=262144,g=128,candidate=tile8,phase=transformed,comparison=b_vs_oracle,words=1048576,mismatched_words=0,actual_checksum=99960c282a7f4ca5,expected_checksum=99960c282a7f4ca5,first=[]
check,round=3,k=262144,g=128,candidate=tile8,phase=transformed,comparison=a_vs_b,words=1048576,mismatched_words=40368,actual_checksum=3d03b368de156521,expected_checksum=99960c282a7f4ca5,first=[(4, 305558089, 3248907674), (5, 1402516150, 2947629328), (6, 4228143729, 1978882553), (7, 2650962772, 3343033727), (8, 4235915232, 803928115), (9, 2438028099, 1836624101), (10, 4246056383, 1961012791), (11, 1559188526, 95390213)]
check,round=4,k=65536,g=512,candidate=none,phase=source,comparison=a_vs_oracle,words=1048576,mismatched_words=100752,actual_checksum=9e808a213cb9af74,expected_checksum=84d06402da633040,first=[(0, 3549435859, 2037321785), (1, 4230607782, 4133997613), (2, 2314666888, 4088336476), (3, 1497423403, 624396622), (4, 3248907674, 1473923937), (5, 2947629328, 3363496826), (6, 1978882553, 380159856), (7, 3343033727, 3332295219)]
check,round=4,k=65536,g=512,candidate=none,phase=source,comparison=b_vs_oracle,words=1048576,mismatched_words=0,actual_checksum=84d06402da633040,expected_checksum=84d06402da633040,first=[]
check,round=4,k=65536,g=512,candidate=none,phase=source,comparison=a_vs_b,words=1048576,mismatched_words=100752,actual_checksum=9e808a213cb9af74,expected_checksum=84d06402da633040,first=[(0, 3549435859, 2037321785), (1, 4230607782, 4133997613), (2, 2314666888, 4088336476), (3, 1497423403, 624396622), (4, 3248907674, 1473923937), (5, 2947629328, 3363496826), (6, 1978882553, 380159856), (7, 3343033727, 3332295219)]
check,round=4,k=65536,g=512,candidate=vec4,phase=reset,comparison=a_vs_oracle,words=1048576,mismatched_words=0,actual_checksum=84d06402da633040,expected_checksum=84d06402da633040,first=[]
check,round=4,k=65536,g=512,candidate=vec4,phase=reset,comparison=b_vs_oracle,words=1048576,mismatched_words=0,actual_checksum=84d06402da633040,expected_checksum=84d06402da633040,first=[]
check,round=4,k=65536,g=512,candidate=vec4,phase=reset,comparison=a_vs_b,words=1048576,mismatched_words=0,actual_checksum=84d06402da633040,expected_checksum=84d06402da633040,first=[]
check,round=4,k=65536,g=512,candidate=vec4,phase=transformed,comparison=a_vs_oracle,words=1048576,mismatched_words=44704,actual_checksum=432bd31782109d98,expected_checksum=29115d73667dee45,first=[(16, 2037238345, 186992), (17, 3300245819, 852626710), (18, 4005654834, 493773166), (19, 3691870561, 4181389359), (20, 386760401, 1087845808), (21, 2721535482, 1783477888), (22, 1502479998, 1327939854), (23, 2976960798, 2012093229)]
check,round=4,k=65536,g=512,candidate=vec4,phase=transformed,comparison=b_vs_oracle,words=1048576,mismatched_words=0,actual_checksum=29115d73667dee45,expected_checksum=29115d73667dee45,first=[]
check,round=4,k=65536,g=512,candidate=vec4,phase=transformed,comparison=a_vs_b,words=1048576,mismatched_words=44704,actual_checksum=432bd31782109d98,expected_checksum=29115d73667dee45,first=[(16, 2037238345, 186992), (17, 3300245819, 852626710), (18, 4005654834, 493773166), (19, 3691870561, 4181389359), (20, 386760401, 1087845808), (21, 2721535482, 1783477888), (22, 1502479998, 1327939854), (23, 2976960798, 2012093229)]
check,round=4,k=65536,g=512,candidate=fused2,phase=reset,comparison=a_vs_oracle,words=1048576,mismatched_words=38524,actual_checksum=78aeed5ec3248904,expected_checksum=84d06402da633040,first=[(16, 186992, 2037238345), (17, 852626710, 3300245819), (18, 493773166, 4005654834), (19, 4181389359, 3691870561), (20, 1087845808, 386760401), (21, 1783477888, 2721535482), (22, 1327939854, 1502479998), (23, 2012093229, 2976960798)]
check,round=4,k=65536,g=512,candidate=fused2,phase=reset,comparison=b_vs_oracle,words=1048576,mismatched_words=0,actual_checksum=84d06402da633040,expected_checksum=84d06402da633040,first=[]
check,round=4,k=65536,g=512,candidate=fused2,phase=reset,comparison=a_vs_b,words=1048576,mismatched_words=38524,actual_checksum=78aeed5ec3248904,expected_checksum=84d06402da633040,first=[(16, 186992, 2037238345), (17, 852626710, 3300245819), (18, 493773166, 4005654834), (19, 4181389359, 3691870561), (20, 1087845808, 386760401), (21, 1783477888, 2721535482), (22, 1327939854, 1502479998), (23, 2012093229, 2976960798)]
check,round=4,k=65536,g=512,candidate=fused2,phase=transformed,comparison=a_vs_oracle,words=1048576,mismatched_words=38928,actual_checksum=1d2d176ad5b53dac,expected_checksum=29115d73667dee45,first=[(16, 2037238345, 186992), (17, 3300245819, 852626710), (18, 4005654834, 493773166), (19, 3691870561, 4181389359), (20, 386760401, 1087845808), (21, 2721535482, 1783477888), (22, 1502479998, 1327939854), (23, 2976960798, 2012093229)]
check,round=4,k=65536,g=512,candidate=fused2,phase=transformed,comparison=b_vs_oracle,words=1048576,mismatched_words=0,actual_checksum=29115d73667dee45,expected_checksum=29115d73667dee45,first=[]
check,round=4,k=65536,g=512,candidate=fused2,phase=transformed,comparison=a_vs_b,words=1048576,mismatched_words=38928,actual_checksum=1d2d176ad5b53dac,expected_checksum=29115d73667dee45,first=[(16, 2037238345, 186992), (17, 3300245819, 852626710), (18, 4005654834, 493773166), (19, 3691870561, 4181389359), (20, 386760401, 1087845808), (21, 2721535482, 1783477888), (22, 1502479998, 1327939854), (23, 2976960798, 2012093229)]
check,round=4,k=65536,g=512,candidate=tile8,phase=reset,comparison=a_vs_oracle,words=1048576,mismatched_words=38712,actual_checksum=10d47449ff24066d,expected_checksum=84d06402da633040,first=[(16, 186992, 2037238345), (17, 852626710, 3300245819), (18, 493773166, 4005654834), (19, 4181389359, 3691870561), (20, 1087845808, 386760401), (21, 1783477888, 2721535482), (22, 1327939854, 1502479998), (23, 2012093229, 2976960798)]
check,round=4,k=65536,g=512,candidate=tile8,phase=reset,comparison=b_vs_oracle,words=1048576,mismatched_words=0,actual_checksum=84d06402da633040,expected_checksum=84d06402da633040,first=[]
check,round=4,k=65536,g=512,candidate=tile8,phase=reset,comparison=a_vs_b,words=1048576,mismatched_words=38712,actual_checksum=10d47449ff24066d,expected_checksum=84d06402da633040,first=[(16, 186992, 2037238345), (17, 852626710, 3300245819), (18, 493773166, 4005654834), (19, 4181389359, 3691870561), (20, 1087845808, 386760401), (21, 1783477888, 2721535482), (22, 1327939854, 1502479998), (23, 2012093229, 2976960798)]
check,round=4,k=65536,g=512,candidate=tile8,phase=transformed,comparison=a_vs_oracle,words=1048576,mismatched_words=41624,actual_checksum=27b34834b229c23a,expected_checksum=29115d73667dee45,first=[(16, 2037238345, 186992), (17, 3300245819, 852626710), (18, 4005654834, 493773166), (19, 3691870561, 4181389359), (20, 386760401, 1087845808), (21, 2721535482, 1783477888), (22, 1502479998, 1327939854), (23, 2976960798, 2012093229)]
check,round=4,k=65536,g=512,candidate=tile8,phase=transformed,comparison=b_vs_oracle,words=1048576,mismatched_words=0,actual_checksum=29115d73667dee45,expected_checksum=29115d73667dee45,first=[]
check,round=4,k=65536,g=512,candidate=tile8,phase=transformed,comparison=a_vs_b,words=1048576,mismatched_words=41624,actual_checksum=27b34834b229c23a,expected_checksum=29115d73667dee45,first=[(16, 2037238345, 186992), (17, 3300245819, 852626710), (18, 4005654834, 493773166), (19, 3691870561, 4181389359), (20, 386760401, 1087845808), (21, 2721535482, 1783477888), (22, 1502479998, 1327939854), (23, 2976960798, 2012093229)]
check,round=4,k=262144,g=128,candidate=none,phase=source,comparison=a_vs_oracle,words=1048576,mismatched_words=75916,actual_checksum=31eacc53a268da7a,expected_checksum=603e59446e81431f,first=[(0, 2037321785, 3549435859), (1, 4133997613, 4230607782), (2, 4088336476, 2314666888), (3, 624396622, 1497423403), (4, 1473923937, 305558089), (5, 3363496826, 1402516150), (6, 380159856, 4228143729), (7, 3332295219, 2650962772)]
check,round=4,k=262144,g=128,candidate=none,phase=source,comparison=b_vs_oracle,words=1048576,mismatched_words=0,actual_checksum=603e59446e81431f,expected_checksum=603e59446e81431f,first=[]
check,round=4,k=262144,g=128,candidate=none,phase=source,comparison=a_vs_b,words=1048576,mismatched_words=75916,actual_checksum=31eacc53a268da7a,expected_checksum=603e59446e81431f,first=[(0, 2037321785, 3549435859), (1, 4133997613, 4230607782), (2, 4088336476, 2314666888), (3, 624396622, 1497423403), (4, 1473923937, 305558089), (5, 3363496826, 1402516150), (6, 380159856, 4228143729), (7, 3332295219, 2650962772)]
check,round=4,k=262144,g=128,candidate=vec4,phase=reset,comparison=a_vs_oracle,words=1048576,mismatched_words=0,actual_checksum=603e59446e81431f,expected_checksum=603e59446e81431f,first=[]
check,round=4,k=262144,g=128,candidate=vec4,phase=reset,comparison=b_vs_oracle,words=1048576,mismatched_words=0,actual_checksum=603e59446e81431f,expected_checksum=603e59446e81431f,first=[]
check,round=4,k=262144,g=128,candidate=vec4,phase=reset,comparison=a_vs_b,words=1048576,mismatched_words=0,actual_checksum=603e59446e81431f,expected_checksum=603e59446e81431f,first=[]
check,round=4,k=262144,g=128,candidate=vec4,phase=transformed,comparison=a_vs_oracle,words=1048576,mismatched_words=34868,actual_checksum=328b45c8626af2c0,expected_checksum=99960c282a7f4ca5,first=[(4, 305558089, 3248907674), (5, 1402516150, 2947629328), (6, 4228143729, 1978882553), (7, 2650962772, 3343033727), (8, 4235915232, 803928115), (9, 2438028099, 1836624101), (10, 4246056383, 1961012791), (11, 1559188526, 95390213)]
check,round=4,k=262144,g=128,candidate=vec4,phase=transformed,comparison=b_vs_oracle,words=1048576,mismatched_words=0,actual_checksum=99960c282a7f4ca5,expected_checksum=99960c282a7f4ca5,first=[]
check,round=4,k=262144,g=128,candidate=vec4,phase=transformed,comparison=a_vs_b,words=1048576,mismatched_words=34868,actual_checksum=328b45c8626af2c0,expected_checksum=99960c282a7f4ca5,first=[(4, 305558089, 3248907674), (5, 1402516150, 2947629328), (6, 4228143729, 1978882553), (7, 2650962772, 3343033727), (8, 4235915232, 803928115), (9, 2438028099, 1836624101), (10, 4246056383, 1961012791), (11, 1559188526, 95390213)]
check,round=4,k=262144,g=128,candidate=fused2,phase=reset,comparison=a_vs_oracle,words=1048576,mismatched_words=42124,actual_checksum=ea7255b7d4d5d3eb,expected_checksum=603e59446e81431f,first=[(4, 3248907674, 305558089), (5, 2947629328, 1402516150), (6, 1978882553, 4228143729), (7, 3343033727, 2650962772), (8, 803928115, 4235915232), (9, 1836624101, 2438028099), (10, 1961012791, 4246056383), (11, 95390213, 1559188526)]
check,round=4,k=262144,g=128,candidate=fused2,phase=reset,comparison=b_vs_oracle,words=1048576,mismatched_words=0,actual_checksum=603e59446e81431f,expected_checksum=603e59446e81431f,first=[]
check,round=4,k=262144,g=128,candidate=fused2,phase=reset,comparison=a_vs_b,words=1048576,mismatched_words=42124,actual_checksum=ea7255b7d4d5d3eb,expected_checksum=603e59446e81431f,first=[(4, 3248907674, 305558089), (5, 2947629328, 1402516150), (6, 1978882553, 4228143729), (7, 3343033727, 2650962772), (8, 803928115, 4235915232), (9, 1836624101, 2438028099), (10, 1961012791, 4246056383), (11, 95390213, 1559188526)]
check,round=4,k=262144,g=128,candidate=fused2,phase=transformed,comparison=a_vs_oracle,words=1048576,mismatched_words=38252,actual_checksum=21f3128cab254c88,expected_checksum=99960c282a7f4ca5,first=[(4, 305558089, 3248907674), (5, 1402516150, 2947629328), (6, 4228143729, 1978882553), (7, 2650962772, 3343033727), (8, 4235915232, 803928115), (9, 2438028099, 1836624101), (10, 4246056383, 1961012791), (11, 1559188526, 95390213)]
check,round=4,k=262144,g=128,candidate=fused2,phase=transformed,comparison=b_vs_oracle,words=1048576,mismatched_words=0,actual_checksum=99960c282a7f4ca5,expected_checksum=99960c282a7f4ca5,first=[]
check,round=4,k=262144,g=128,candidate=fused2,phase=transformed,comparison=a_vs_b,words=1048576,mismatched_words=38252,actual_checksum=21f3128cab254c88,expected_checksum=99960c282a7f4ca5,first=[(4, 305558089, 3248907674), (5, 1402516150, 2947629328), (6, 4228143729, 1978882553), (7, 2650962772, 3343033727), (8, 4235915232, 803928115), (9, 2438028099, 1836624101), (10, 4246056383, 1961012791), (11, 1559188526, 95390213)]
check,round=4,k=262144,g=128,candidate=tile8,phase=reset,comparison=a_vs_oracle,words=1048576,mismatched_words=39964,actual_checksum=bd0057c4a9f3f7cb,expected_checksum=603e59446e81431f,first=[(4, 3248907674, 305558089), (5, 2947629328, 1402516150), (6, 1978882553, 4228143729), (7, 3343033727, 2650962772), (8, 803928115, 4235915232), (9, 1836624101, 2438028099), (10, 1961012791, 4246056383), (11, 95390213, 1559188526)]
check,round=4,k=262144,g=128,candidate=tile8,phase=reset,comparison=b_vs_oracle,words=1048576,mismatched_words=0,actual_checksum=603e59446e81431f,expected_checksum=603e59446e81431f,first=[]
check,round=4,k=262144,g=128,candidate=tile8,phase=reset,comparison=a_vs_b,words=1048576,mismatched_words=39964,actual_checksum=bd0057c4a9f3f7cb,expected_checksum=603e59446e81431f,first=[(4, 3248907674, 305558089), (5, 2947629328, 1402516150), (6, 1978882553, 4228143729), (7, 3343033727, 2650962772), (8, 803928115, 4235915232), (9, 1836624101, 2438028099), (10, 1961012791, 4246056383), (11, 95390213, 1559188526)]
check,round=4,k=262144,g=128,candidate=tile8,phase=transformed,comparison=a_vs_oracle,words=1048576,mismatched_words=39356,actual_checksum=f8a52190119c73a9,expected_checksum=99960c282a7f4ca5,first=[(4, 305558089, 3248907674), (5, 1402516150, 2947629328), (6, 4228143729, 1978882553), (7, 2650962772, 3343033727), (8, 4235915232, 803928115), (9, 2438028099, 1836624101), (10, 4246056383, 1961012791), (11, 1559188526, 95390213)]
check,round=4,k=262144,g=128,candidate=tile8,phase=transformed,comparison=b_vs_oracle,words=1048576,mismatched_words=0,actual_checksum=99960c282a7f4ca5,expected_checksum=99960c282a7f4ca5,first=[]
check,round=4,k=262144,g=128,candidate=tile8,phase=transformed,comparison=a_vs_b,words=1048576,mismatched_words=39356,actual_checksum=f8a52190119c73a9,expected_checksum=99960c282a7f4ca5,first=[(4, 305558089, 3248907674), (5, 1402516150, 2947629328), (6, 4228143729, 1978882553), (7, 2650962772, 3343033727), (8, 4235915232, 803928115), (9, 2438028099, 1836624101), (10, 4246056383, 1961012791), (11, 1559188526, 95390213)]
check,round=5,k=65536,g=512,candidate=none,phase=source,comparison=a_vs_oracle,words=1048576,mismatched_words=101632,actual_checksum=f46cf9b876511843,expected_checksum=84d06402da633040,first=[(0, 3549435859, 2037321785), (1, 4230607782, 4133997613), (2, 2314666888, 4088336476), (3, 1497423403, 624396622), (4, 3248907674, 1473923937), (5, 2947629328, 3363496826), (6, 1978882553, 380159856), (7, 3343033727, 3332295219)]
check,round=5,k=65536,g=512,candidate=none,phase=source,comparison=b_vs_oracle,words=1048576,mismatched_words=0,actual_checksum=84d06402da633040,expected_checksum=84d06402da633040,first=[]
check,round=5,k=65536,g=512,candidate=none,phase=source,comparison=a_vs_b,words=1048576,mismatched_words=101632,actual_checksum=f46cf9b876511843,expected_checksum=84d06402da633040,first=[(0, 3549435859, 2037321785), (1, 4230607782, 4133997613), (2, 2314666888, 4088336476), (3, 1497423403, 624396622), (4, 3248907674, 1473923937), (5, 2947629328, 3363496826), (6, 1978882553, 380159856), (7, 3343033727, 3332295219)]
check,round=5,k=65536,g=512,candidate=vec4,phase=reset,comparison=a_vs_oracle,words=1048576,mismatched_words=0,actual_checksum=84d06402da633040,expected_checksum=84d06402da633040,first=[]
check,round=5,k=65536,g=512,candidate=vec4,phase=reset,comparison=b_vs_oracle,words=1048576,mismatched_words=0,actual_checksum=84d06402da633040,expected_checksum=84d06402da633040,first=[]
check,round=5,k=65536,g=512,candidate=vec4,phase=reset,comparison=a_vs_b,words=1048576,mismatched_words=0,actual_checksum=84d06402da633040,expected_checksum=84d06402da633040,first=[]
check,round=5,k=65536,g=512,candidate=vec4,phase=transformed,comparison=a_vs_oracle,words=1048576,mismatched_words=43956,actual_checksum=865ab6a5908ef118,expected_checksum=29115d73667dee45,first=[(16, 2037238345, 186992), (17, 3300245819, 852626710), (18, 4005654834, 493773166), (19, 3691870561, 4181389359), (20, 386760401, 1087845808), (21, 2721535482, 1783477888), (22, 1502479998, 1327939854), (23, 2976960798, 2012093229)]
check,round=5,k=65536,g=512,candidate=vec4,phase=transformed,comparison=b_vs_oracle,words=1048576,mismatched_words=0,actual_checksum=29115d73667dee45,expected_checksum=29115d73667dee45,first=[]
check,round=5,k=65536,g=512,candidate=vec4,phase=transformed,comparison=a_vs_b,words=1048576,mismatched_words=43956,actual_checksum=865ab6a5908ef118,expected_checksum=29115d73667dee45,first=[(16, 2037238345, 186992), (17, 3300245819, 852626710), (18, 4005654834, 493773166), (19, 3691870561, 4181389359), (20, 386760401, 1087845808), (21, 2721535482, 1783477888), (22, 1502479998, 1327939854), (23, 2976960798, 2012093229)]
check,round=5,k=65536,g=512,candidate=fused2,phase=reset,comparison=a_vs_oracle,words=1048576,mismatched_words=41000,actual_checksum=c846144151abc424,expected_checksum=84d06402da633040,first=[(16, 186992, 2037238345), (17, 852626710, 3300245819), (18, 493773166, 4005654834), (19, 4181389359, 3691870561), (20, 1087845808, 386760401), (21, 1783477888, 2721535482), (22, 1327939854, 1502479998), (23, 2012093229, 2976960798)]
check,round=5,k=65536,g=512,candidate=fused2,phase=reset,comparison=b_vs_oracle,words=1048576,mismatched_words=0,actual_checksum=84d06402da633040,expected_checksum=84d06402da633040,first=[]
check,round=5,k=65536,g=512,candidate=fused2,phase=reset,comparison=a_vs_b,words=1048576,mismatched_words=41000,actual_checksum=c846144151abc424,expected_checksum=84d06402da633040,first=[(16, 186992, 2037238345), (17, 852626710, 3300245819), (18, 493773166, 4005654834), (19, 4181389359, 3691870561), (20, 1087845808, 386760401), (21, 1783477888, 2721535482), (22, 1327939854, 1502479998), (23, 2012093229, 2976960798)]
check,round=5,k=65536,g=512,candidate=fused2,phase=transformed,comparison=a_vs_oracle,words=1048576,mismatched_words=38808,actual_checksum=f768aca10a4e1e2f,expected_checksum=29115d73667dee45,first=[(16, 2037238345, 186992), (17, 3300245819, 852626710), (18, 4005654834, 493773166), (19, 3691870561, 4181389359), (20, 386760401, 1087845808), (21, 2721535482, 1783477888), (22, 1502479998, 1327939854), (23, 2976960798, 2012093229)]
check,round=5,k=65536,g=512,candidate=fused2,phase=transformed,comparison=b_vs_oracle,words=1048576,mismatched_words=0,actual_checksum=29115d73667dee45,expected_checksum=29115d73667dee45,first=[]
check,round=5,k=65536,g=512,candidate=fused2,phase=transformed,comparison=a_vs_b,words=1048576,mismatched_words=38808,actual_checksum=f768aca10a4e1e2f,expected_checksum=29115d73667dee45,first=[(16, 2037238345, 186992), (17, 3300245819, 852626710), (18, 4005654834, 493773166), (19, 3691870561, 4181389359), (20, 386760401, 1087845808), (21, 2721535482, 1783477888), (22, 1502479998, 1327939854), (23, 2976960798, 2012093229)]
check,round=5,k=65536,g=512,candidate=tile8,phase=reset,comparison=a_vs_oracle,words=1048576,mismatched_words=40504,actual_checksum=dfb786df9ee22966,expected_checksum=84d06402da633040,first=[(16, 186992, 2037238345), (17, 852626710, 3300245819), (18, 493773166, 4005654834), (19, 4181389359, 3691870561), (20, 1087845808, 386760401), (21, 1783477888, 2721535482), (22, 1327939854, 1502479998), (23, 2012093229, 2976960798)]
check,round=5,k=65536,g=512,candidate=tile8,phase=reset,comparison=b_vs_oracle,words=1048576,mismatched_words=0,actual_checksum=84d06402da633040,expected_checksum=84d06402da633040,first=[]
check,round=5,k=65536,g=512,candidate=tile8,phase=reset,comparison=a_vs_b,words=1048576,mismatched_words=40504,actual_checksum=dfb786df9ee22966,expected_checksum=84d06402da633040,first=[(16, 186992, 2037238345), (17, 852626710, 3300245819), (18, 493773166, 4005654834), (19, 4181389359, 3691870561), (20, 1087845808, 386760401), (21, 1783477888, 2721535482), (22, 1327939854, 1502479998), (23, 2012093229, 2976960798)]
check,round=5,k=65536,g=512,candidate=tile8,phase=transformed,comparison=a_vs_oracle,words=1048576,mismatched_words=38048,actual_checksum=88bb18162a508640,expected_checksum=29115d73667dee45,first=[(16, 2037238345, 186992), (17, 3300245819, 852626710), (18, 4005654834, 493773166), (19, 3691870561, 4181389359), (20, 386760401, 1087845808), (21, 2721535482, 1783477888), (22, 1502479998, 1327939854), (23, 2976960798, 2012093229)]
check,round=5,k=65536,g=512,candidate=tile8,phase=transformed,comparison=b_vs_oracle,words=1048576,mismatched_words=0,actual_checksum=29115d73667dee45,expected_checksum=29115d73667dee45,first=[]
check,round=5,k=65536,g=512,candidate=tile8,phase=transformed,comparison=a_vs_b,words=1048576,mismatched_words=38048,actual_checksum=88bb18162a508640,expected_checksum=29115d73667dee45,first=[(16, 2037238345, 186992), (17, 3300245819, 852626710), (18, 4005654834, 493773166), (19, 3691870561, 4181389359), (20, 386760401, 1087845808), (21, 2721535482, 1783477888), (22, 1502479998, 1327939854), (23, 2976960798, 2012093229)]
check,round=5,k=262144,g=128,candidate=none,phase=source,comparison=a_vs_oracle,words=1048576,mismatched_words=68128,actual_checksum=ba514efac52d51aa,expected_checksum=603e59446e81431f,first=[(0, 2037321785, 3549435859), (1, 4133997613, 4230607782), (2, 4088336476, 2314666888), (3, 624396622, 1497423403), (4, 1473923937, 305558089), (5, 3363496826, 1402516150), (6, 380159856, 4228143729), (7, 3332295219, 2650962772)]
check,round=5,k=262144,g=128,candidate=none,phase=source,comparison=b_vs_oracle,words=1048576,mismatched_words=0,actual_checksum=603e59446e81431f,expected_checksum=603e59446e81431f,first=[]
check,round=5,k=262144,g=128,candidate=none,phase=source,comparison=a_vs_b,words=1048576,mismatched_words=68128,actual_checksum=ba514efac52d51aa,expected_checksum=603e59446e81431f,first=[(0, 2037321785, 3549435859), (1, 4133997613, 4230607782), (2, 4088336476, 2314666888), (3, 624396622, 1497423403), (4, 1473923937, 305558089), (5, 3363496826, 1402516150), (6, 380159856, 4228143729), (7, 3332295219, 2650962772)]
check,round=5,k=262144,g=128,candidate=vec4,phase=reset,comparison=a_vs_oracle,words=1048576,mismatched_words=0,actual_checksum=603e59446e81431f,expected_checksum=603e59446e81431f,first=[]
check,round=5,k=262144,g=128,candidate=vec4,phase=reset,comparison=b_vs_oracle,words=1048576,mismatched_words=0,actual_checksum=603e59446e81431f,expected_checksum=603e59446e81431f,first=[]
check,round=5,k=262144,g=128,candidate=vec4,phase=reset,comparison=a_vs_b,words=1048576,mismatched_words=0,actual_checksum=603e59446e81431f,expected_checksum=603e59446e81431f,first=[]
check,round=5,k=262144,g=128,candidate=vec4,phase=transformed,comparison=a_vs_oracle,words=1048576,mismatched_words=40940,actual_checksum=fee3bc60dded092a,expected_checksum=99960c282a7f4ca5,first=[(4, 305558089, 3248907674), (5, 1402516150, 2947629328), (6, 4228143729, 1978882553), (7, 2650962772, 3343033727), (8, 4235915232, 803928115), (9, 2438028099, 1836624101), (10, 4246056383, 1961012791), (11, 1559188526, 95390213)]
check,round=5,k=262144,g=128,candidate=vec4,phase=transformed,comparison=b_vs_oracle,words=1048576,mismatched_words=0,actual_checksum=99960c282a7f4ca5,expected_checksum=99960c282a7f4ca5,first=[]
check,round=5,k=262144,g=128,candidate=vec4,phase=transformed,comparison=a_vs_b,words=1048576,mismatched_words=40940,actual_checksum=fee3bc60dded092a,expected_checksum=99960c282a7f4ca5,first=[(4, 305558089, 3248907674), (5, 1402516150, 2947629328), (6, 4228143729, 1978882553), (7, 2650962772, 3343033727), (8, 4235915232, 803928115), (9, 2438028099, 1836624101), (10, 4246056383, 1961012791), (11, 1559188526, 95390213)]
check,round=5,k=262144,g=128,candidate=fused2,phase=reset,comparison=a_vs_oracle,words=1048576,mismatched_words=40568,actual_checksum=84d0283ea75a4826,expected_checksum=603e59446e81431f,first=[(4, 3248907674, 305558089), (5, 2947629328, 1402516150), (6, 1978882553, 4228143729), (7, 3343033727, 2650962772), (8, 803928115, 4235915232), (9, 1836624101, 2438028099), (10, 1961012791, 4246056383), (11, 95390213, 1559188526)]
check,round=5,k=262144,g=128,candidate=fused2,phase=reset,comparison=b_vs_oracle,words=1048576,mismatched_words=0,actual_checksum=603e59446e81431f,expected_checksum=603e59446e81431f,first=[]
check,round=5,k=262144,g=128,candidate=fused2,phase=reset,comparison=a_vs_b,words=1048576,mismatched_words=40568,actual_checksum=84d0283ea75a4826,expected_checksum=603e59446e81431f,first=[(4, 3248907674, 305558089), (5, 2947629328, 1402516150), (6, 1978882553, 4228143729), (7, 3343033727, 2650962772), (8, 803928115, 4235915232), (9, 1836624101, 2438028099), (10, 1961012791, 4246056383), (11, 95390213, 1559188526)]
check,round=5,k=262144,g=128,candidate=fused2,phase=transformed,comparison=a_vs_oracle,words=1048576,mismatched_words=39972,actual_checksum=9f1939f040acef6c,expected_checksum=99960c282a7f4ca5,first=[(4, 305558089, 3248907674), (5, 1402516150, 2947629328), (6, 4228143729, 1978882553), (7, 2650962772, 3343033727), (8, 4235915232, 803928115), (9, 2438028099, 1836624101), (10, 4246056383, 1961012791), (11, 1559188526, 95390213)]
check,round=5,k=262144,g=128,candidate=fused2,phase=transformed,comparison=b_vs_oracle,words=1048576,mismatched_words=0,actual_checksum=99960c282a7f4ca5,expected_checksum=99960c282a7f4ca5,first=[]
check,round=5,k=262144,g=128,candidate=fused2,phase=transformed,comparison=a_vs_b,words=1048576,mismatched_words=39972,actual_checksum=9f1939f040acef6c,expected_checksum=99960c282a7f4ca5,first=[(4, 305558089, 3248907674), (5, 1402516150, 2947629328), (6, 4228143729, 1978882553), (7, 2650962772, 3343033727), (8, 4235915232, 803928115), (9, 2438028099, 1836624101), (10, 4246056383, 1961012791), (11, 1559188526, 95390213)]
check,round=5,k=262144,g=128,candidate=tile8,phase=reset,comparison=a_vs_oracle,words=1048576,mismatched_words=39300,actual_checksum=87505dfb42e9deba,expected_checksum=603e59446e81431f,first=[(4, 3248907674, 305558089), (5, 2947629328, 1402516150), (6, 1978882553, 4228143729), (7, 3343033727, 2650962772), (8, 803928115, 4235915232), (9, 1836624101, 2438028099), (10, 1961012791, 4246056383), (11, 95390213, 1559188526)]
check,round=5,k=262144,g=128,candidate=tile8,phase=reset,comparison=b_vs_oracle,words=1048576,mismatched_words=0,actual_checksum=603e59446e81431f,expected_checksum=603e59446e81431f,first=[]
check,round=5,k=262144,g=128,candidate=tile8,phase=reset,comparison=a_vs_b,words=1048576,mismatched_words=39300,actual_checksum=87505dfb42e9deba,expected_checksum=603e59446e81431f,first=[(4, 3248907674, 305558089), (5, 2947629328, 1402516150), (6, 1978882553, 4228143729), (7, 3343033727, 2650962772), (8, 803928115, 4235915232), (9, 1836624101, 2438028099), (10, 1961012791, 4246056383), (11, 95390213, 1559188526)]
check,round=5,k=262144,g=128,candidate=tile8,phase=transformed,comparison=a_vs_oracle,words=1048576,mismatched_words=40172,actual_checksum=dc67db694c65c9b3,expected_checksum=99960c282a7f4ca5,first=[(4, 305558089, 3248907674), (5, 1402516150, 2947629328), (6, 4228143729, 1978882553), (7, 2650962772, 3343033727), (8, 4235915232, 803928115), (9, 2438028099, 1836624101), (10, 4246056383, 1961012791), (11, 1559188526, 95390213)]
check,round=5,k=262144,g=128,candidate=tile8,phase=transformed,comparison=b_vs_oracle,words=1048576,mismatched_words=0,actual_checksum=99960c282a7f4ca5,expected_checksum=99960c282a7f4ca5,first=[]
check,round=5,k=262144,g=128,candidate=tile8,phase=transformed,comparison=a_vs_b,words=1048576,mismatched_words=40172,actual_checksum=dc67db694c65c9b3,expected_checksum=99960c282a7f4ca5,first=[(4, 305558089, 3248907674), (5, 1402516150, 2947629328), (6, 4228143729, 1978882553), (7, 2650962772, 3343033727), (8, 4235915232, 803928115), (9, 2438028099, 1836624101), (10, 4246056383, 1961012791), (11, 1559188526, 95390213)]
check,round=6,k=65536,g=512,candidate=none,phase=source,comparison=a_vs_oracle,words=1048576,mismatched_words=98400,actual_checksum=f9f64ad82d517894,expected_checksum=84d06402da633040,first=[(0, 3549435859, 2037321785), (1, 4230607782, 4133997613), (2, 2314666888, 4088336476), (3, 1497423403, 624396622), (4, 3248907674, 1473923937), (5, 2947629328, 3363496826), (6, 1978882553, 380159856), (7, 3343033727, 3332295219)]
check,round=6,k=65536,g=512,candidate=none,phase=source,comparison=b_vs_oracle,words=1048576,mismatched_words=0,actual_checksum=84d06402da633040,expected_checksum=84d06402da633040,first=[]
check,round=6,k=65536,g=512,candidate=none,phase=source,comparison=a_vs_b,words=1048576,mismatched_words=98400,actual_checksum=f9f64ad82d517894,expected_checksum=84d06402da633040,first=[(0, 3549435859, 2037321785), (1, 4230607782, 4133997613), (2, 2314666888, 4088336476), (3, 1497423403, 624396622), (4, 3248907674, 1473923937), (5, 2947629328, 3363496826), (6, 1978882553, 380159856), (7, 3343033727, 3332295219)]
check,round=6,k=65536,g=512,candidate=vec4,phase=reset,comparison=a_vs_oracle,words=1048576,mismatched_words=0,actual_checksum=84d06402da633040,expected_checksum=84d06402da633040,first=[]
check,round=6,k=65536,g=512,candidate=vec4,phase=reset,comparison=b_vs_oracle,words=1048576,mismatched_words=0,actual_checksum=84d06402da633040,expected_checksum=84d06402da633040,first=[]
check,round=6,k=65536,g=512,candidate=vec4,phase=reset,comparison=a_vs_b,words=1048576,mismatched_words=0,actual_checksum=84d06402da633040,expected_checksum=84d06402da633040,first=[]
check,round=6,k=65536,g=512,candidate=vec4,phase=transformed,comparison=a_vs_oracle,words=1048576,mismatched_words=39936,actual_checksum=6a6e95e0c796a705,expected_checksum=29115d73667dee45,first=[(16, 2037238345, 186992), (17, 3300245819, 852626710), (18, 4005654834, 493773166), (19, 3691870561, 4181389359), (20, 386760401, 1087845808), (21, 2721535482, 1783477888), (22, 1502479998, 1327939854), (23, 2976960798, 2012093229)]
check,round=6,k=65536,g=512,candidate=vec4,phase=transformed,comparison=b_vs_oracle,words=1048576,mismatched_words=0,actual_checksum=29115d73667dee45,expected_checksum=29115d73667dee45,first=[]
check,round=6,k=65536,g=512,candidate=vec4,phase=transformed,comparison=a_vs_b,words=1048576,mismatched_words=39936,actual_checksum=6a6e95e0c796a705,expected_checksum=29115d73667dee45,first=[(16, 2037238345, 186992), (17, 3300245819, 852626710), (18, 4005654834, 493773166), (19, 3691870561, 4181389359), (20, 386760401, 1087845808), (21, 2721535482, 1783477888), (22, 1502479998, 1327939854), (23, 2976960798, 2012093229)]
check,round=6,k=65536,g=512,candidate=fused2,phase=reset,comparison=a_vs_oracle,words=1048576,mismatched_words=40464,actual_checksum=fed78baf28216bc6,expected_checksum=84d06402da633040,first=[(16, 186992, 2037238345), (17, 852626710, 3300245819), (18, 493773166, 4005654834), (19, 4181389359, 3691870561), (20, 1087845808, 386760401), (21, 1783477888, 2721535482), (22, 1327939854, 1502479998), (23, 2012093229, 2976960798)]
check,round=6,k=65536,g=512,candidate=fused2,phase=reset,comparison=b_vs_oracle,words=1048576,mismatched_words=0,actual_checksum=84d06402da633040,expected_checksum=84d06402da633040,first=[]
check,round=6,k=65536,g=512,candidate=fused2,phase=reset,comparison=a_vs_b,words=1048576,mismatched_words=40464,actual_checksum=fed78baf28216bc6,expected_checksum=84d06402da633040,first=[(16, 186992, 2037238345), (17, 852626710, 3300245819), (18, 493773166, 4005654834), (19, 4181389359, 3691870561), (20, 1087845808, 386760401), (21, 1783477888, 2721535482), (22, 1327939854, 1502479998), (23, 2012093229, 2976960798)]
check,round=6,k=65536,g=512,candidate=fused2,phase=transformed,comparison=a_vs_oracle,words=1048576,mismatched_words=30304,actual_checksum=78d978f4892b80e6,expected_checksum=29115d73667dee45,first=[(16, 2037238345, 186992), (17, 3300245819, 852626710), (18, 4005654834, 493773166), (19, 3691870561, 4181389359), (20, 386760401, 1087845808), (21, 2721535482, 1783477888), (22, 1502479998, 1327939854), (23, 2976960798, 2012093229)]
check,round=6,k=65536,g=512,candidate=fused2,phase=transformed,comparison=b_vs_oracle,words=1048576,mismatched_words=0,actual_checksum=29115d73667dee45,expected_checksum=29115d73667dee45,first=[]
check,round=6,k=65536,g=512,candidate=fused2,phase=transformed,comparison=a_vs_b,words=1048576,mismatched_words=30304,actual_checksum=78d978f4892b80e6,expected_checksum=29115d73667dee45,first=[(16, 2037238345, 186992), (17, 3300245819, 852626710), (18, 4005654834, 493773166), (19, 3691870561, 4181389359), (20, 386760401, 1087845808), (21, 2721535482, 1783477888), (22, 1502479998, 1327939854), (23, 2976960798, 2012093229)]
check,round=6,k=65536,g=512,candidate=tile8,phase=reset,comparison=a_vs_oracle,words=1048576,mismatched_words=37808,actual_checksum=182421c8d0d0392c,expected_checksum=84d06402da633040,first=[(16, 186992, 2037238345), (17, 852626710, 3300245819), (18, 493773166, 4005654834), (19, 4181389359, 3691870561), (20, 1087845808, 386760401), (21, 1783477888, 2721535482), (22, 1327939854, 1502479998), (23, 2012093229, 2976960798)]
check,round=6,k=65536,g=512,candidate=tile8,phase=reset,comparison=b_vs_oracle,words=1048576,mismatched_words=0,actual_checksum=84d06402da633040,expected_checksum=84d06402da633040,first=[]
check,round=6,k=65536,g=512,candidate=tile8,phase=reset,comparison=a_vs_b,words=1048576,mismatched_words=37808,actual_checksum=182421c8d0d0392c,expected_checksum=84d06402da633040,first=[(16, 186992, 2037238345), (17, 852626710, 3300245819), (18, 493773166, 4005654834), (19, 4181389359, 3691870561), (20, 1087845808, 386760401), (21, 1783477888, 2721535482), (22, 1327939854, 1502479998), (23, 2012093229, 2976960798)]
check,round=6,k=65536,g=512,candidate=tile8,phase=transformed,comparison=a_vs_oracle,words=1048576,mismatched_words=39480,actual_checksum=ed2f6d0a8c0e190e,expected_checksum=29115d73667dee45,first=[(16, 2037238345, 186992), (17, 3300245819, 852626710), (18, 4005654834, 493773166), (19, 3691870561, 4181389359), (20, 386760401, 1087845808), (21, 2721535482, 1783477888), (22, 1502479998, 1327939854), (23, 2976960798, 2012093229)]
check,round=6,k=65536,g=512,candidate=tile8,phase=transformed,comparison=b_vs_oracle,words=1048576,mismatched_words=0,actual_checksum=29115d73667dee45,expected_checksum=29115d73667dee45,first=[]
check,round=6,k=65536,g=512,candidate=tile8,phase=transformed,comparison=a_vs_b,words=1048576,mismatched_words=39480,actual_checksum=ed2f6d0a8c0e190e,expected_checksum=29115d73667dee45,first=[(16, 2037238345, 186992), (17, 3300245819, 852626710), (18, 4005654834, 493773166), (19, 3691870561, 4181389359), (20, 386760401, 1087845808), (21, 2721535482, 1783477888), (22, 1502479998, 1327939854), (23, 2976960798, 2012093229)]
check,round=6,k=262144,g=128,candidate=none,phase=source,comparison=a_vs_oracle,words=1048576,mismatched_words=98288,actual_checksum=ea529f7768939980,expected_checksum=603e59446e81431f,first=[(0, 2037321785, 3549435859), (1, 4133997613, 4230607782), (2, 4088336476, 2314666888), (3, 624396622, 1497423403), (4, 1473923937, 305558089), (5, 3363496826, 1402516150), (6, 380159856, 4228143729), (7, 3332295219, 2650962772)]
check,round=6,k=262144,g=128,candidate=none,phase=source,comparison=b_vs_oracle,words=1048576,mismatched_words=0,actual_checksum=603e59446e81431f,expected_checksum=603e59446e81431f,first=[]
check,round=6,k=262144,g=128,candidate=none,phase=source,comparison=a_vs_b,words=1048576,mismatched_words=98288,actual_checksum=ea529f7768939980,expected_checksum=603e59446e81431f,first=[(0, 2037321785, 3549435859), (1, 4133997613, 4230607782), (2, 4088336476, 2314666888), (3, 624396622, 1497423403), (4, 1473923937, 305558089), (5, 3363496826, 1402516150), (6, 380159856, 4228143729), (7, 3332295219, 2650962772)]
check,round=6,k=262144,g=128,candidate=vec4,phase=reset,comparison=a_vs_oracle,words=1048576,mismatched_words=0,actual_checksum=603e59446e81431f,expected_checksum=603e59446e81431f,first=[]
check,round=6,k=262144,g=128,candidate=vec4,phase=reset,comparison=b_vs_oracle,words=1048576,mismatched_words=0,actual_checksum=603e59446e81431f,expected_checksum=603e59446e81431f,first=[]
check,round=6,k=262144,g=128,candidate=vec4,phase=reset,comparison=a_vs_b,words=1048576,mismatched_words=0,actual_checksum=603e59446e81431f,expected_checksum=603e59446e81431f,first=[]
check,round=6,k=262144,g=128,candidate=vec4,phase=transformed,comparison=a_vs_oracle,words=1048576,mismatched_words=41940,actual_checksum=d68766703cc00c83,expected_checksum=99960c282a7f4ca5,first=[(4, 305558089, 3248907674), (5, 1402516150, 2947629328), (6, 4228143729, 1978882553), (7, 2650962772, 3343033727), (8, 4235915232, 803928115), (9, 2438028099, 1836624101), (10, 4246056383, 1961012791), (11, 1559188526, 95390213)]
check,round=6,k=262144,g=128,candidate=vec4,phase=transformed,comparison=b_vs_oracle,words=1048576,mismatched_words=0,actual_checksum=99960c282a7f4ca5,expected_checksum=99960c282a7f4ca5,first=[]
check,round=6,k=262144,g=128,candidate=vec4,phase=transformed,comparison=a_vs_b,words=1048576,mismatched_words=41940,actual_checksum=d68766703cc00c83,expected_checksum=99960c282a7f4ca5,first=[(4, 305558089, 3248907674), (5, 1402516150, 2947629328), (6, 4228143729, 1978882553), (7, 2650962772, 3343033727), (8, 4235915232, 803928115), (9, 2438028099, 1836624101), (10, 4246056383, 1961012791), (11, 1559188526, 95390213)]
check,round=6,k=262144,g=128,candidate=fused2,phase=reset,comparison=a_vs_oracle,words=1048576,mismatched_words=38876,actual_checksum=5452d347d07c4f7b,expected_checksum=603e59446e81431f,first=[(4, 3248907674, 305558089), (5, 2947629328, 1402516150), (6, 1978882553, 4228143729), (7, 3343033727, 2650962772), (8, 803928115, 4235915232), (9, 1836624101, 2438028099), (10, 1961012791, 4246056383), (11, 95390213, 1559188526)]
check,round=6,k=262144,g=128,candidate=fused2,phase=reset,comparison=b_vs_oracle,words=1048576,mismatched_words=0,actual_checksum=603e59446e81431f,expected_checksum=603e59446e81431f,first=[]
check,round=6,k=262144,g=128,candidate=fused2,phase=reset,comparison=a_vs_b,words=1048576,mismatched_words=38876,actual_checksum=5452d347d07c4f7b,expected_checksum=603e59446e81431f,first=[(4, 3248907674, 305558089), (5, 2947629328, 1402516150), (6, 1978882553, 4228143729), (7, 3343033727, 2650962772), (8, 803928115, 4235915232), (9, 1836624101, 2438028099), (10, 1961012791, 4246056383), (11, 95390213, 1559188526)]
check,round=6,k=262144,g=128,candidate=fused2,phase=transformed,comparison=a_vs_oracle,words=1048576,mismatched_words=38420,actual_checksum=f267b1e835346207,expected_checksum=99960c282a7f4ca5,first=[(4, 305558089, 3248907674), (5, 1402516150, 2947629328), (6, 4228143729, 1978882553), (7, 2650962772, 3343033727), (8, 4235915232, 803928115), (9, 2438028099, 1836624101), (10, 4246056383, 1961012791), (11, 1559188526, 95390213)]
check,round=6,k=262144,g=128,candidate=fused2,phase=transformed,comparison=b_vs_oracle,words=1048576,mismatched_words=0,actual_checksum=99960c282a7f4ca5,expected_checksum=99960c282a7f4ca5,first=[]
check,round=6,k=262144,g=128,candidate=fused2,phase=transformed,comparison=a_vs_b,words=1048576,mismatched_words=38420,actual_checksum=f267b1e835346207,expected_checksum=99960c282a7f4ca5,first=[(4, 305558089, 3248907674), (5, 1402516150, 2947629328), (6, 4228143729, 1978882553), (7, 2650962772, 3343033727), (8, 4235915232, 803928115), (9, 2438028099, 1836624101), (10, 4246056383, 1961012791), (11, 1559188526, 95390213)]
check,round=6,k=262144,g=128,candidate=tile8,phase=reset,comparison=a_vs_oracle,words=1048576,mismatched_words=34272,actual_checksum=9a382a57362d733b,expected_checksum=603e59446e81431f,first=[(4, 3248907674, 305558089), (5, 2947629328, 1402516150), (6, 1978882553, 4228143729), (7, 3343033727, 2650962772), (8, 803928115, 4235915232), (9, 1836624101, 2438028099), (10, 1961012791, 4246056383), (11, 95390213, 1559188526)]
check,round=6,k=262144,g=128,candidate=tile8,phase=reset,comparison=b_vs_oracle,words=1048576,mismatched_words=0,actual_checksum=603e59446e81431f,expected_checksum=603e59446e81431f,first=[]
check,round=6,k=262144,g=128,candidate=tile8,phase=reset,comparison=a_vs_b,words=1048576,mismatched_words=34272,actual_checksum=9a382a57362d733b,expected_checksum=603e59446e81431f,first=[(4, 3248907674, 305558089), (5, 2947629328, 1402516150), (6, 1978882553, 4228143729), (7, 3343033727, 2650962772), (8, 803928115, 4235915232), (9, 1836624101, 2438028099), (10, 1961012791, 4246056383), (11, 95390213, 1559188526)]
check,round=6,k=262144,g=128,candidate=tile8,phase=transformed,comparison=a_vs_oracle,words=1048576,mismatched_words=40492,actual_checksum=9096cbc35d072402,expected_checksum=99960c282a7f4ca5,first=[(4, 305558089, 3248907674), (5, 1402516150, 2947629328), (6, 4228143729, 1978882553), (7, 2650962772, 3343033727), (8, 4235915232, 803928115), (9, 2438028099, 1836624101), (10, 4246056383, 1961012791), (11, 1559188526, 95390213)]
check,round=6,k=262144,g=128,candidate=tile8,phase=transformed,comparison=b_vs_oracle,words=1048576,mismatched_words=0,actual_checksum=99960c282a7f4ca5,expected_checksum=99960c282a7f4ca5,first=[]
check,round=6,k=262144,g=128,candidate=tile8,phase=transformed,comparison=a_vs_b,words=1048576,mismatched_words=40492,actual_checksum=9096cbc35d072402,expected_checksum=99960c282a7f4ca5,first=[(4, 305558089, 3248907674), (5, 1402516150, 2947629328), (6, 4228143729, 1978882553), (7, 2650962772, 3343033727), (8, 4235915232, 803928115), (9, 2438028099, 1836624101), (10, 4246056383, 1961012791), (11, 1559188526, 95390213)]
check,round=7,k=65536,g=512,candidate=none,phase=source,comparison=a_vs_oracle,words=1048576,mismatched_words=101312,actual_checksum=0d92132f3e35cbb7,expected_checksum=84d06402da633040,first=[(0, 3549435859, 2037321785), (1, 4230607782, 4133997613), (2, 2314666888, 4088336476), (3, 1497423403, 624396622), (4, 3248907674, 1473923937), (5, 2947629328, 3363496826), (6, 1978882553, 380159856), (7, 3343033727, 3332295219)]
check,round=7,k=65536,g=512,candidate=none,phase=source,comparison=b_vs_oracle,words=1048576,mismatched_words=0,actual_checksum=84d06402da633040,expected_checksum=84d06402da633040,first=[]
check,round=7,k=65536,g=512,candidate=none,phase=source,comparison=a_vs_b,words=1048576,mismatched_words=101312,actual_checksum=0d92132f3e35cbb7,expected_checksum=84d06402da633040,first=[(0, 3549435859, 2037321785), (1, 4230607782, 4133997613), (2, 2314666888, 4088336476), (3, 1497423403, 624396622), (4, 3248907674, 1473923937), (5, 2947629328, 3363496826), (6, 1978882553, 380159856), (7, 3343033727, 3332295219)]
check,round=7,k=65536,g=512,candidate=vec4,phase=reset,comparison=a_vs_oracle,words=1048576,mismatched_words=0,actual_checksum=84d06402da633040,expected_checksum=84d06402da633040,first=[]
check,round=7,k=65536,g=512,candidate=vec4,phase=reset,comparison=b_vs_oracle,words=1048576,mismatched_words=0,actual_checksum=84d06402da633040,expected_checksum=84d06402da633040,first=[]
check,round=7,k=65536,g=512,candidate=vec4,phase=reset,comparison=a_vs_b,words=1048576,mismatched_words=0,actual_checksum=84d06402da633040,expected_checksum=84d06402da633040,first=[]
check,round=7,k=65536,g=512,candidate=vec4,phase=transformed,comparison=a_vs_oracle,words=1048576,mismatched_words=40896,actual_checksum=2916281d49b51f40,expected_checksum=29115d73667dee45,first=[(16, 2037238345, 186992), (17, 3300245819, 852626710), (18, 4005654834, 493773166), (19, 3691870561, 4181389359), (20, 386760401, 1087845808), (21, 2721535482, 1783477888), (22, 1502479998, 1327939854), (23, 2976960798, 2012093229)]
check,round=7,k=65536,g=512,candidate=vec4,phase=transformed,comparison=b_vs_oracle,words=1048576,mismatched_words=0,actual_checksum=29115d73667dee45,expected_checksum=29115d73667dee45,first=[]
check,round=7,k=65536,g=512,candidate=vec4,phase=transformed,comparison=a_vs_b,words=1048576,mismatched_words=40896,actual_checksum=2916281d49b51f40,expected_checksum=29115d73667dee45,first=[(16, 2037238345, 186992), (17, 3300245819, 852626710), (18, 4005654834, 493773166), (19, 3691870561, 4181389359), (20, 386760401, 1087845808), (21, 2721535482, 1783477888), (22, 1502479998, 1327939854), (23, 2976960798, 2012093229)]
check,round=7,k=65536,g=512,candidate=fused2,phase=reset,comparison=a_vs_oracle,words=1048576,mismatched_words=39964,actual_checksum=67f1671eb2183de9,expected_checksum=84d06402da633040,first=[(16, 186992, 2037238345), (17, 852626710, 3300245819), (18, 493773166, 4005654834), (19, 4181389359, 3691870561), (20, 1087845808, 386760401), (21, 1783477888, 2721535482), (22, 1327939854, 1502479998), (23, 2012093229, 2976960798)]
check,round=7,k=65536,g=512,candidate=fused2,phase=reset,comparison=b_vs_oracle,words=1048576,mismatched_words=0,actual_checksum=84d06402da633040,expected_checksum=84d06402da633040,first=[]
check,round=7,k=65536,g=512,candidate=fused2,phase=reset,comparison=a_vs_b,words=1048576,mismatched_words=39964,actual_checksum=67f1671eb2183de9,expected_checksum=84d06402da633040,first=[(16, 186992, 2037238345), (17, 852626710, 3300245819), (18, 493773166, 4005654834), (19, 4181389359, 3691870561), (20, 1087845808, 386760401), (21, 1783477888, 2721535482), (22, 1327939854, 1502479998), (23, 2012093229, 2976960798)]
check,round=7,k=65536,g=512,candidate=fused2,phase=transformed,comparison=a_vs_oracle,words=1048576,mismatched_words=39080,actual_checksum=d4ce8da6a53e607c,expected_checksum=29115d73667dee45,first=[(16, 2037238345, 186992), (17, 3300245819, 852626710), (18, 4005654834, 493773166), (19, 3691870561, 4181389359), (20, 386760401, 1087845808), (21, 2721535482, 1783477888), (22, 1502479998, 1327939854), (23, 2976960798, 2012093229)]
check,round=7,k=65536,g=512,candidate=fused2,phase=transformed,comparison=b_vs_oracle,words=1048576,mismatched_words=0,actual_checksum=29115d73667dee45,expected_checksum=29115d73667dee45,first=[]
check,round=7,k=65536,g=512,candidate=fused2,phase=transformed,comparison=a_vs_b,words=1048576,mismatched_words=39080,actual_checksum=d4ce8da6a53e607c,expected_checksum=29115d73667dee45,first=[(16, 2037238345, 186992), (17, 3300245819, 852626710), (18, 4005654834, 493773166), (19, 3691870561, 4181389359), (20, 386760401, 1087845808), (21, 2721535482, 1783477888), (22, 1502479998, 1327939854), (23, 2976960798, 2012093229)]
check,round=7,k=65536,g=512,candidate=tile8,phase=reset,comparison=a_vs_oracle,words=1048576,mismatched_words=43104,actual_checksum=19949ac7f14ebf3b,expected_checksum=84d06402da633040,first=[(16, 186992, 2037238345), (17, 852626710, 3300245819), (18, 493773166, 4005654834), (19, 4181389359, 3691870561), (20, 1087845808, 386760401), (21, 1783477888, 2721535482), (22, 1327939854, 1502479998), (23, 2012093229, 2976960798)]
check,round=7,k=65536,g=512,candidate=tile8,phase=reset,comparison=b_vs_oracle,words=1048576,mismatched_words=0,actual_checksum=84d06402da633040,expected_checksum=84d06402da633040,first=[]
check,round=7,k=65536,g=512,candidate=tile8,phase=reset,comparison=a_vs_b,words=1048576,mismatched_words=43104,actual_checksum=19949ac7f14ebf3b,expected_checksum=84d06402da633040,first=[(16, 186992, 2037238345), (17, 852626710, 3300245819), (18, 493773166, 4005654834), (19, 4181389359, 3691870561), (20, 1087845808, 386760401), (21, 1783477888, 2721535482), (22, 1327939854, 1502479998), (23, 2012093229, 2976960798)]
check,round=7,k=65536,g=512,candidate=tile8,phase=transformed,comparison=a_vs_oracle,words=1048576,mismatched_words=35432,actual_checksum=06c06e90f0774383,expected_checksum=29115d73667dee45,first=[(16, 2037238345, 186992), (17, 3300245819, 852626710), (18, 4005654834, 493773166), (19, 3691870561, 4181389359), (20, 386760401, 1087845808), (21, 2721535482, 1783477888), (22, 1502479998, 1327939854), (23, 2976960798, 2012093229)]
check,round=7,k=65536,g=512,candidate=tile8,phase=transformed,comparison=b_vs_oracle,words=1048576,mismatched_words=0,actual_checksum=29115d73667dee45,expected_checksum=29115d73667dee45,first=[]
check,round=7,k=65536,g=512,candidate=tile8,phase=transformed,comparison=a_vs_b,words=1048576,mismatched_words=35432,actual_checksum=06c06e90f0774383,expected_checksum=29115d73667dee45,first=[(16, 2037238345, 186992), (17, 3300245819, 852626710), (18, 4005654834, 493773166), (19, 3691870561, 4181389359), (20, 386760401, 1087845808), (21, 2721535482, 1783477888), (22, 1502479998, 1327939854), (23, 2976960798, 2012093229)]
check,round=7,k=262144,g=128,candidate=none,phase=source,comparison=a_vs_oracle,words=1048576,mismatched_words=34160,actual_checksum=540b85b10b70cc89,expected_checksum=603e59446e81431f,first=[(0, 2037321785, 3549435859), (1, 4133997613, 4230607782), (2, 4088336476, 2314666888), (3, 624396622, 1497423403), (4, 1473923937, 305558089), (5, 3363496826, 1402516150), (6, 380159856, 4228143729), (7, 3332295219, 2650962772)]
check,round=7,k=262144,g=128,candidate=none,phase=source,comparison=b_vs_oracle,words=1048576,mismatched_words=0,actual_checksum=603e59446e81431f,expected_checksum=603e59446e81431f,first=[]
check,round=7,k=262144,g=128,candidate=none,phase=source,comparison=a_vs_b,words=1048576,mismatched_words=34160,actual_checksum=540b85b10b70cc89,expected_checksum=603e59446e81431f,first=[(0, 2037321785, 3549435859), (1, 4133997613, 4230607782), (2, 4088336476, 2314666888), (3, 624396622, 1497423403), (4, 1473923937, 305558089), (5, 3363496826, 1402516150), (6, 380159856, 4228143729), (7, 3332295219, 2650962772)]
check,round=7,k=262144,g=128,candidate=vec4,phase=reset,comparison=a_vs_oracle,words=1048576,mismatched_words=0,actual_checksum=603e59446e81431f,expected_checksum=603e59446e81431f,first=[]
check,round=7,k=262144,g=128,candidate=vec4,phase=reset,comparison=b_vs_oracle,words=1048576,mismatched_words=0,actual_checksum=603e59446e81431f,expected_checksum=603e59446e81431f,first=[]
check,round=7,k=262144,g=128,candidate=vec4,phase=reset,comparison=a_vs_b,words=1048576,mismatched_words=0,actual_checksum=603e59446e81431f,expected_checksum=603e59446e81431f,first=[]
check,round=7,k=262144,g=128,candidate=vec4,phase=transformed,comparison=a_vs_oracle,words=1048576,mismatched_words=40732,actual_checksum=cd9585bfb8ccfd40,expected_checksum=99960c282a7f4ca5,first=[(4, 305558089, 3248907674), (5, 1402516150, 2947629328), (6, 4228143729, 1978882553), (7, 2650962772, 3343033727), (8, 4235915232, 803928115), (9, 2438028099, 1836624101), (10, 4246056383, 1961012791), (11, 1559188526, 95390213)]
check,round=7,k=262144,g=128,candidate=vec4,phase=transformed,comparison=b_vs_oracle,words=1048576,mismatched_words=0,actual_checksum=99960c282a7f4ca5,expected_checksum=99960c282a7f4ca5,first=[]
check,round=7,k=262144,g=128,candidate=vec4,phase=transformed,comparison=a_vs_b,words=1048576,mismatched_words=40732,actual_checksum=cd9585bfb8ccfd40,expected_checksum=99960c282a7f4ca5,first=[(4, 305558089, 3248907674), (5, 1402516150, 2947629328), (6, 4228143729, 1978882553), (7, 2650962772, 3343033727), (8, 4235915232, 803928115), (9, 2438028099, 1836624101), (10, 4246056383, 1961012791), (11, 1559188526, 95390213)]
check,round=7,k=262144,g=128,candidate=fused2,phase=reset,comparison=a_vs_oracle,words=1048576,mismatched_words=39324,actual_checksum=8ee3c1ca75a76f20,expected_checksum=603e59446e81431f,first=[(4, 3248907674, 305558089), (5, 2947629328, 1402516150), (6, 1978882553, 4228143729), (7, 3343033727, 2650962772), (8, 803928115, 4235915232), (9, 1836624101, 2438028099), (10, 1961012791, 4246056383), (11, 95390213, 1559188526)]
check,round=7,k=262144,g=128,candidate=fused2,phase=reset,comparison=b_vs_oracle,words=1048576,mismatched_words=0,actual_checksum=603e59446e81431f,expected_checksum=603e59446e81431f,first=[]
check,round=7,k=262144,g=128,candidate=fused2,phase=reset,comparison=a_vs_b,words=1048576,mismatched_words=39324,actual_checksum=8ee3c1ca75a76f20,expected_checksum=603e59446e81431f,first=[(4, 3248907674, 305558089), (5, 2947629328, 1402516150), (6, 1978882553, 4228143729), (7, 3343033727, 2650962772), (8, 803928115, 4235915232), (9, 1836624101, 2438028099), (10, 1961012791, 4246056383), (11, 95390213, 1559188526)]
check,round=7,k=262144,g=128,candidate=fused2,phase=transformed,comparison=a_vs_oracle,words=1048576,mismatched_words=40956,actual_checksum=b086ea485b143966,expected_checksum=99960c282a7f4ca5,first=[(4, 305558089, 3248907674), (5, 1402516150, 2947629328), (6, 4228143729, 1978882553), (7, 2650962772, 3343033727), (8, 4235915232, 803928115), (9, 2438028099, 1836624101), (10, 4246056383, 1961012791), (11, 1559188526, 95390213)]
check,round=7,k=262144,g=128,candidate=fused2,phase=transformed,comparison=b_vs_oracle,words=1048576,mismatched_words=0,actual_checksum=99960c282a7f4ca5,expected_checksum=99960c282a7f4ca5,first=[]
check,round=7,k=262144,g=128,candidate=fused2,phase=transformed,comparison=a_vs_b,words=1048576,mismatched_words=40956,actual_checksum=b086ea485b143966,expected_checksum=99960c282a7f4ca5,first=[(4, 305558089, 3248907674), (5, 1402516150, 2947629328), (6, 4228143729, 1978882553), (7, 2650962772, 3343033727), (8, 4235915232, 803928115), (9, 2438028099, 1836624101), (10, 4246056383, 1961012791), (11, 1559188526, 95390213)]
check,round=7,k=262144,g=128,candidate=tile8,phase=reset,comparison=a_vs_oracle,words=1048576,mismatched_words=40132,actual_checksum=cb87b32b9caa2dc2,expected_checksum=603e59446e81431f,first=[(4, 3248907674, 305558089), (5, 2947629328, 1402516150), (6, 1978882553, 4228143729), (7, 3343033727, 2650962772), (8, 803928115, 4235915232), (9, 1836624101, 2438028099), (10, 1961012791, 4246056383), (11, 95390213, 1559188526)]
check,round=7,k=262144,g=128,candidate=tile8,phase=reset,comparison=b_vs_oracle,words=1048576,mismatched_words=0,actual_checksum=603e59446e81431f,expected_checksum=603e59446e81431f,first=[]
check,round=7,k=262144,g=128,candidate=tile8,phase=reset,comparison=a_vs_b,words=1048576,mismatched_words=40132,actual_checksum=cb87b32b9caa2dc2,expected_checksum=603e59446e81431f,first=[(4, 3248907674, 305558089), (5, 2947629328, 1402516150), (6, 1978882553, 4228143729), (7, 3343033727, 2650962772), (8, 803928115, 4235915232), (9, 1836624101, 2438028099), (10, 1961012791, 4246056383), (11, 95390213, 1559188526)]
check,round=7,k=262144,g=128,candidate=tile8,phase=transformed,comparison=a_vs_oracle,words=1048576,mismatched_words=43092,actual_checksum=e185fe890d53fbcc,expected_checksum=99960c282a7f4ca5,first=[(4, 305558089, 3248907674), (5, 1402516150, 2947629328), (6, 4228143729, 1978882553), (7, 2650962772, 3343033727), (8, 4235915232, 803928115), (9, 2438028099, 1836624101), (10, 4246056383, 1961012791), (11, 1559188526, 95390213)]
check,round=7,k=262144,g=128,candidate=tile8,phase=transformed,comparison=b_vs_oracle,words=1048576,mismatched_words=0,actual_checksum=99960c282a7f4ca5,expected_checksum=99960c282a7f4ca5,first=[]
check,round=7,k=262144,g=128,candidate=tile8,phase=transformed,comparison=a_vs_b,words=1048576,mismatched_words=43092,actual_checksum=e185fe890d53fbcc,expected_checksum=99960c282a7f4ca5,first=[(4, 305558089, 3248907674), (5, 1402516150, 2947629328), (6, 4228143729, 1978882553), (7, 2650962772, 3343033727), (8, 4235915232, 803928115), (9, 2438028099, 1836624101), (10, 4246056383, 1961012791), (11, 1559188526, 95390213)]
check,round=8,k=65536,g=512,candidate=none,phase=source,comparison=a_vs_oracle,words=1048576,mismatched_words=16812,actual_checksum=77d71d7952f6abdf,expected_checksum=84d06402da633040,first=[(0, 3549435859, 2037321785), (1, 4230607782, 4133997613), (2, 2314666888, 4088336476), (3, 1497423403, 624396622), (4, 3248907674, 1473923937), (5, 2947629328, 3363496826), (6, 1978882553, 380159856), (7, 3343033727, 3332295219)]
check,round=8,k=65536,g=512,candidate=none,phase=source,comparison=b_vs_oracle,words=1048576,mismatched_words=0,actual_checksum=84d06402da633040,expected_checksum=84d06402da633040,first=[]
check,round=8,k=65536,g=512,candidate=none,phase=source,comparison=a_vs_b,words=1048576,mismatched_words=16812,actual_checksum=77d71d7952f6abdf,expected_checksum=84d06402da633040,first=[(0, 3549435859, 2037321785), (1, 4230607782, 4133997613), (2, 2314666888, 4088336476), (3, 1497423403, 624396622), (4, 3248907674, 1473923937), (5, 2947629328, 3363496826), (6, 1978882553, 380159856), (7, 3343033727, 3332295219)]
check,round=8,k=65536,g=512,candidate=vec4,phase=reset,comparison=a_vs_oracle,words=1048576,mismatched_words=0,actual_checksum=84d06402da633040,expected_checksum=84d06402da633040,first=[]
check,round=8,k=65536,g=512,candidate=vec4,phase=reset,comparison=b_vs_oracle,words=1048576,mismatched_words=0,actual_checksum=84d06402da633040,expected_checksum=84d06402da633040,first=[]
check,round=8,k=65536,g=512,candidate=vec4,phase=reset,comparison=a_vs_b,words=1048576,mismatched_words=0,actual_checksum=84d06402da633040,expected_checksum=84d06402da633040,first=[]
check,round=8,k=65536,g=512,candidate=vec4,phase=transformed,comparison=a_vs_oracle,words=1048576,mismatched_words=41872,actual_checksum=9a851e66ee30b73a,expected_checksum=29115d73667dee45,first=[(16, 2037238345, 186992), (17, 3300245819, 852626710), (18, 4005654834, 493773166), (19, 3691870561, 4181389359), (20, 386760401, 1087845808), (21, 2721535482, 1783477888), (22, 1502479998, 1327939854), (23, 2976960798, 2012093229)]
check,round=8,k=65536,g=512,candidate=vec4,phase=transformed,comparison=b_vs_oracle,words=1048576,mismatched_words=0,actual_checksum=29115d73667dee45,expected_checksum=29115d73667dee45,first=[]
check,round=8,k=65536,g=512,candidate=vec4,phase=transformed,comparison=a_vs_b,words=1048576,mismatched_words=41872,actual_checksum=9a851e66ee30b73a,expected_checksum=29115d73667dee45,first=[(16, 2037238345, 186992), (17, 3300245819, 852626710), (18, 4005654834, 493773166), (19, 3691870561, 4181389359), (20, 386760401, 1087845808), (21, 2721535482, 1783477888), (22, 1502479998, 1327939854), (23, 2976960798, 2012093229)]
check,round=8,k=65536,g=512,candidate=fused2,phase=reset,comparison=a_vs_oracle,words=1048576,mismatched_words=43376,actual_checksum=941bb445338eb787,expected_checksum=84d06402da633040,first=[(16, 186992, 2037238345), (17, 852626710, 3300245819), (18, 493773166, 4005654834), (19, 4181389359, 3691870561), (20, 1087845808, 386760401), (21, 1783477888, 2721535482), (22, 1327939854, 1502479998), (23, 2012093229, 2976960798)]
check,round=8,k=65536,g=512,candidate=fused2,phase=reset,comparison=b_vs_oracle,words=1048576,mismatched_words=0,actual_checksum=84d06402da633040,expected_checksum=84d06402da633040,first=[]
check,round=8,k=65536,g=512,candidate=fused2,phase=reset,comparison=a_vs_b,words=1048576,mismatched_words=43376,actual_checksum=941bb445338eb787,expected_checksum=84d06402da633040,first=[(16, 186992, 2037238345), (17, 852626710, 3300245819), (18, 493773166, 4005654834), (19, 4181389359, 3691870561), (20, 1087845808, 386760401), (21, 1783477888, 2721535482), (22, 1327939854, 1502479998), (23, 2012093229, 2976960798)]
check,round=8,k=65536,g=512,candidate=fused2,phase=transformed,comparison=a_vs_oracle,words=1048576,mismatched_words=43068,actual_checksum=fa0d02468b85c2c4,expected_checksum=29115d73667dee45,first=[(16, 2037238345, 186992), (17, 3300245819, 852626710), (18, 4005654834, 493773166), (19, 3691870561, 4181389359), (20, 386760401, 1087845808), (21, 2721535482, 1783477888), (22, 1502479998, 1327939854), (23, 2976960798, 2012093229)]
check,round=8,k=65536,g=512,candidate=fused2,phase=transformed,comparison=b_vs_oracle,words=1048576,mismatched_words=0,actual_checksum=29115d73667dee45,expected_checksum=29115d73667dee45,first=[]
check,round=8,k=65536,g=512,candidate=fused2,phase=transformed,comparison=a_vs_b,words=1048576,mismatched_words=43068,actual_checksum=fa0d02468b85c2c4,expected_checksum=29115d73667dee45,first=[(16, 2037238345, 186992), (17, 3300245819, 852626710), (18, 4005654834, 493773166), (19, 3691870561, 4181389359), (20, 386760401, 1087845808), (21, 2721535482, 1783477888), (22, 1502479998, 1327939854), (23, 2976960798, 2012093229)]
check,round=8,k=65536,g=512,candidate=tile8,phase=reset,comparison=a_vs_oracle,words=1048576,mismatched_words=44512,actual_checksum=4d69c0262f30d000,expected_checksum=84d06402da633040,first=[(16, 186992, 2037238345), (17, 852626710, 3300245819), (18, 493773166, 4005654834), (19, 4181389359, 3691870561), (20, 1087845808, 386760401), (21, 1783477888, 2721535482), (22, 1327939854, 1502479998), (23, 2012093229, 2976960798)]
check,round=8,k=65536,g=512,candidate=tile8,phase=reset,comparison=b_vs_oracle,words=1048576,mismatched_words=0,actual_checksum=84d06402da633040,expected_checksum=84d06402da633040,first=[]
check,round=8,k=65536,g=512,candidate=tile8,phase=reset,comparison=a_vs_b,words=1048576,mismatched_words=44512,actual_checksum=4d69c0262f30d000,expected_checksum=84d06402da633040,first=[(16, 186992, 2037238345), (17, 852626710, 3300245819), (18, 493773166, 4005654834), (19, 4181389359, 3691870561), (20, 1087845808, 386760401), (21, 1783477888, 2721535482), (22, 1327939854, 1502479998), (23, 2012093229, 2976960798)]
check,round=8,k=65536,g=512,candidate=tile8,phase=transformed,comparison=a_vs_oracle,words=1048576,mismatched_words=39828,actual_checksum=c00154ce13f00fc4,expected_checksum=29115d73667dee45,first=[(16, 2037238345, 186992), (17, 3300245819, 852626710), (18, 4005654834, 493773166), (19, 3691870561, 4181389359), (20, 386760401, 1087845808), (21, 2721535482, 1783477888), (22, 1502479998, 1327939854), (23, 2976960798, 2012093229)]
check,round=8,k=65536,g=512,candidate=tile8,phase=transformed,comparison=b_vs_oracle,words=1048576,mismatched_words=0,actual_checksum=29115d73667dee45,expected_checksum=29115d73667dee45,first=[]
check,round=8,k=65536,g=512,candidate=tile8,phase=transformed,comparison=a_vs_b,words=1048576,mismatched_words=39828,actual_checksum=c00154ce13f00fc4,expected_checksum=29115d73667dee45,first=[(16, 2037238345, 186992), (17, 3300245819, 852626710), (18, 4005654834, 493773166), (19, 3691870561, 4181389359), (20, 386760401, 1087845808), (21, 2721535482, 1783477888), (22, 1502479998, 1327939854), (23, 2976960798, 2012093229)]
check,round=8,k=262144,g=128,candidate=none,phase=source,comparison=a_vs_oracle,words=1048576,mismatched_words=101256,actual_checksum=f7196a0b15387aa1,expected_checksum=603e59446e81431f,first=[(0, 2037321785, 3549435859), (1, 4133997613, 4230607782), (2, 4088336476, 2314666888), (3, 624396622, 1497423403), (4, 1473923937, 305558089), (5, 3363496826, 1402516150), (6, 380159856, 4228143729), (7, 3332295219, 2650962772)]
check,round=8,k=262144,g=128,candidate=none,phase=source,comparison=b_vs_oracle,words=1048576,mismatched_words=0,actual_checksum=603e59446e81431f,expected_checksum=603e59446e81431f,first=[]
check,round=8,k=262144,g=128,candidate=none,phase=source,comparison=a_vs_b,words=1048576,mismatched_words=101256,actual_checksum=f7196a0b15387aa1,expected_checksum=603e59446e81431f,first=[(0, 2037321785, 3549435859), (1, 4133997613, 4230607782), (2, 4088336476, 2314666888), (3, 624396622, 1497423403), (4, 1473923937, 305558089), (5, 3363496826, 1402516150), (6, 380159856, 4228143729), (7, 3332295219, 2650962772)]
check,round=8,k=262144,g=128,candidate=vec4,phase=reset,comparison=a_vs_oracle,words=1048576,mismatched_words=0,actual_checksum=603e59446e81431f,expected_checksum=603e59446e81431f,first=[]
check,round=8,k=262144,g=128,candidate=vec4,phase=reset,comparison=b_vs_oracle,words=1048576,mismatched_words=0,actual_checksum=603e59446e81431f,expected_checksum=603e59446e81431f,first=[]
check,round=8,k=262144,g=128,candidate=vec4,phase=reset,comparison=a_vs_b,words=1048576,mismatched_words=0,actual_checksum=603e59446e81431f,expected_checksum=603e59446e81431f,first=[]
check,round=8,k=262144,g=128,candidate=vec4,phase=transformed,comparison=a_vs_oracle,words=1048576,mismatched_words=40356,actual_checksum=a05f6468f41f9044,expected_checksum=99960c282a7f4ca5,first=[(4, 305558089, 3248907674), (5, 1402516150, 2947629328), (6, 4228143729, 1978882553), (7, 2650962772, 3343033727), (8, 4235915232, 803928115), (9, 2438028099, 1836624101), (10, 4246056383, 1961012791), (11, 1559188526, 95390213)]
check,round=8,k=262144,g=128,candidate=vec4,phase=transformed,comparison=b_vs_oracle,words=1048576,mismatched_words=0,actual_checksum=99960c282a7f4ca5,expected_checksum=99960c282a7f4ca5,first=[]
check,round=8,k=262144,g=128,candidate=vec4,phase=transformed,comparison=a_vs_b,words=1048576,mismatched_words=40356,actual_checksum=a05f6468f41f9044,expected_checksum=99960c282a7f4ca5,first=[(4, 305558089, 3248907674), (5, 1402516150, 2947629328), (6, 4228143729, 1978882553), (7, 2650962772, 3343033727), (8, 4235915232, 803928115), (9, 2438028099, 1836624101), (10, 4246056383, 1961012791), (11, 1559188526, 95390213)]
check,round=8,k=262144,g=128,candidate=fused2,phase=reset,comparison=a_vs_oracle,words=1048576,mismatched_words=37156,actual_checksum=45691b52c116336d,expected_checksum=603e59446e81431f,first=[(4, 3248907674, 305558089), (5, 2947629328, 1402516150), (6, 1978882553, 4228143729), (7, 3343033727, 2650962772), (8, 803928115, 4235915232), (9, 1836624101, 2438028099), (10, 1961012791, 4246056383), (11, 95390213, 1559188526)]
check,round=8,k=262144,g=128,candidate=fused2,phase=reset,comparison=b_vs_oracle,words=1048576,mismatched_words=0,actual_checksum=603e59446e81431f,expected_checksum=603e59446e81431f,first=[]
check,round=8,k=262144,g=128,candidate=fused2,phase=reset,comparison=a_vs_b,words=1048576,mismatched_words=37156,actual_checksum=45691b52c116336d,expected_checksum=603e59446e81431f,first=[(4, 3248907674, 305558089), (5, 2947629328, 1402516150), (6, 1978882553, 4228143729), (7, 3343033727, 2650962772), (8, 803928115, 4235915232), (9, 1836624101, 2438028099), (10, 1961012791, 4246056383), (11, 95390213, 1559188526)]
check,round=8,k=262144,g=128,candidate=fused2,phase=transformed,comparison=a_vs_oracle,words=1048576,mismatched_words=42044,actual_checksum=41813676c6ef9c51,expected_checksum=99960c282a7f4ca5,first=[(4, 305558089, 3248907674), (5, 1402516150, 2947629328), (6, 4228143729, 1978882553), (7, 2650962772, 3343033727), (8, 4235915232, 803928115), (9, 2438028099, 1836624101), (10, 4246056383, 1961012791), (11, 1559188526, 95390213)]
check,round=8,k=262144,g=128,candidate=fused2,phase=transformed,comparison=b_vs_oracle,words=1048576,mismatched_words=0,actual_checksum=99960c282a7f4ca5,expected_checksum=99960c282a7f4ca5,first=[]
check,round=8,k=262144,g=128,candidate=fused2,phase=transformed,comparison=a_vs_b,words=1048576,mismatched_words=42044,actual_checksum=41813676c6ef9c51,expected_checksum=99960c282a7f4ca5,first=[(4, 305558089, 3248907674), (5, 1402516150, 2947629328), (6, 4228143729, 1978882553), (7, 2650962772, 3343033727), (8, 4235915232, 803928115), (9, 2438028099, 1836624101), (10, 4246056383, 1961012791), (11, 1559188526, 95390213)]
check,round=8,k=262144,g=128,candidate=tile8,phase=reset,comparison=a_vs_oracle,words=1048576,mismatched_words=43788,actual_checksum=400bdb9a7ffe0ae9,expected_checksum=603e59446e81431f,first=[(4, 3248907674, 305558089), (5, 2947629328, 1402516150), (6, 1978882553, 4228143729), (7, 3343033727, 2650962772), (8, 803928115, 4235915232), (9, 1836624101, 2438028099), (10, 1961012791, 4246056383), (11, 95390213, 1559188526)]
check,round=8,k=262144,g=128,candidate=tile8,phase=reset,comparison=b_vs_oracle,words=1048576,mismatched_words=0,actual_checksum=603e59446e81431f,expected_checksum=603e59446e81431f,first=[]
check,round=8,k=262144,g=128,candidate=tile8,phase=reset,comparison=a_vs_b,words=1048576,mismatched_words=43788,actual_checksum=400bdb9a7ffe0ae9,expected_checksum=603e59446e81431f,first=[(4, 3248907674, 305558089), (5, 2947629328, 1402516150), (6, 1978882553, 4228143729), (7, 3343033727, 2650962772), (8, 803928115, 4235915232), (9, 1836624101, 2438028099), (10, 1961012791, 4246056383), (11, 95390213, 1559188526)]
check,round=8,k=262144,g=128,candidate=tile8,phase=transformed,comparison=a_vs_oracle,words=1048576,mismatched_words=40412,actual_checksum=ce9d9d72b954282c,expected_checksum=99960c282a7f4ca5,first=[(4, 305558089, 3248907674), (5, 1402516150, 2947629328), (6, 4228143729, 1978882553), (7, 2650962772, 3343033727), (8, 4235915232, 803928115), (9, 2438028099, 1836624101), (10, 4246056383, 1961012791), (11, 1559188526, 95390213)]
check,round=8,k=262144,g=128,candidate=tile8,phase=transformed,comparison=b_vs_oracle,words=1048576,mismatched_words=0,actual_checksum=99960c282a7f4ca5,expected_checksum=99960c282a7f4ca5,first=[]
check,round=8,k=262144,g=128,candidate=tile8,phase=transformed,comparison=a_vs_b,words=1048576,mismatched_words=40412,actual_checksum=ce9d9d72b954282c,expected_checksum=99960c282a7f4ca5,first=[(4, 305558089, 3248907674), (5, 1402516150, 2947629328), (6, 4228143729, 1978882553), (7, 2650962772, 3343033727), (8, 4235915232, 803928115), (9, 2438028099, 1836624101), (10, 4246056383, 1961012791), (11, 1559188526, 95390213)]
check,round=9,k=65536,g=512,candidate=none,phase=source,comparison=a_vs_oracle,words=1048576,mismatched_words=102800,actual_checksum=0c7a9ad92f28d8a8,expected_checksum=84d06402da633040,first=[(0, 3549435859, 2037321785), (1, 4230607782, 4133997613), (2, 2314666888, 4088336476), (3, 1497423403, 624396622), (4, 3248907674, 1473923937), (5, 2947629328, 3363496826), (6, 1978882553, 380159856), (7, 3343033727, 3332295219)]
check,round=9,k=65536,g=512,candidate=none,phase=source,comparison=b_vs_oracle,words=1048576,mismatched_words=0,actual_checksum=84d06402da633040,expected_checksum=84d06402da633040,first=[]
check,round=9,k=65536,g=512,candidate=none,phase=source,comparison=a_vs_b,words=1048576,mismatched_words=102800,actual_checksum=0c7a9ad92f28d8a8,expected_checksum=84d06402da633040,first=[(0, 3549435859, 2037321785), (1, 4230607782, 4133997613), (2, 2314666888, 4088336476), (3, 1497423403, 624396622), (4, 3248907674, 1473923937), (5, 2947629328, 3363496826), (6, 1978882553, 380159856), (7, 3343033727, 3332295219)]
check,round=9,k=65536,g=512,candidate=vec4,phase=reset,comparison=a_vs_oracle,words=1048576,mismatched_words=0,actual_checksum=84d06402da633040,expected_checksum=84d06402da633040,first=[]
check,round=9,k=65536,g=512,candidate=vec4,phase=reset,comparison=b_vs_oracle,words=1048576,mismatched_words=0,actual_checksum=84d06402da633040,expected_checksum=84d06402da633040,first=[]
check,round=9,k=65536,g=512,candidate=vec4,phase=reset,comparison=a_vs_b,words=1048576,mismatched_words=0,actual_checksum=84d06402da633040,expected_checksum=84d06402da633040,first=[]
check,round=9,k=65536,g=512,candidate=vec4,phase=transformed,comparison=a_vs_oracle,words=1048576,mismatched_words=41004,actual_checksum=6fd0341ec5140983,expected_checksum=29115d73667dee45,first=[(16, 2037238345, 186992), (17, 3300245819, 852626710), (18, 4005654834, 493773166), (19, 3691870561, 4181389359), (20, 386760401, 1087845808), (21, 2721535482, 1783477888), (22, 1502479998, 1327939854), (23, 2976960798, 2012093229)]
check,round=9,k=65536,g=512,candidate=vec4,phase=transformed,comparison=b_vs_oracle,words=1048576,mismatched_words=0,actual_checksum=29115d73667dee45,expected_checksum=29115d73667dee45,first=[]
check,round=9,k=65536,g=512,candidate=vec4,phase=transformed,comparison=a_vs_b,words=1048576,mismatched_words=41004,actual_checksum=6fd0341ec5140983,expected_checksum=29115d73667dee45,first=[(16, 2037238345, 186992), (17, 3300245819, 852626710), (18, 4005654834, 493773166), (19, 3691870561, 4181389359), (20, 386760401, 1087845808), (21, 2721535482, 1783477888), (22, 1502479998, 1327939854), (23, 2976960798, 2012093229)]
check,round=9,k=65536,g=512,candidate=fused2,phase=reset,comparison=a_vs_oracle,words=1048576,mismatched_words=43120,actual_checksum=edcfbdfc8ea6de96,expected_checksum=84d06402da633040,first=[(16, 186992, 2037238345), (17, 852626710, 3300245819), (18, 493773166, 4005654834), (19, 4181389359, 3691870561), (20, 1087845808, 386760401), (21, 1783477888, 2721535482), (22, 1327939854, 1502479998), (23, 2012093229, 2976960798)]
check,round=9,k=65536,g=512,candidate=fused2,phase=reset,comparison=b_vs_oracle,words=1048576,mismatched_words=0,actual_checksum=84d06402da633040,expected_checksum=84d06402da633040,first=[]
check,round=9,k=65536,g=512,candidate=fused2,phase=reset,comparison=a_vs_b,words=1048576,mismatched_words=43120,actual_checksum=edcfbdfc8ea6de96,expected_checksum=84d06402da633040,first=[(16, 186992, 2037238345), (17, 852626710, 3300245819), (18, 493773166, 4005654834), (19, 4181389359, 3691870561), (20, 1087845808, 386760401), (21, 1783477888, 2721535482), (22, 1327939854, 1502479998), (23, 2012093229, 2976960798)]
check,round=9,k=65536,g=512,candidate=fused2,phase=transformed,comparison=a_vs_oracle,words=1048576,mismatched_words=38864,actual_checksum=e4802c76a5e0846b,expected_checksum=29115d73667dee45,first=[(16, 2037238345, 186992), (17, 3300245819, 852626710), (18, 4005654834, 493773166), (19, 3691870561, 4181389359), (20, 386760401, 1087845808), (21, 2721535482, 1783477888), (22, 1502479998, 1327939854), (23, 2976960798, 2012093229)]
check,round=9,k=65536,g=512,candidate=fused2,phase=transformed,comparison=b_vs_oracle,words=1048576,mismatched_words=0,actual_checksum=29115d73667dee45,expected_checksum=29115d73667dee45,first=[]
check,round=9,k=65536,g=512,candidate=fused2,phase=transformed,comparison=a_vs_b,words=1048576,mismatched_words=38864,actual_checksum=e4802c76a5e0846b,expected_checksum=29115d73667dee45,first=[(16, 2037238345, 186992), (17, 3300245819, 852626710), (18, 4005654834, 493773166), (19, 3691870561, 4181389359), (20, 386760401, 1087845808), (21, 2721535482, 1783477888), (22, 1502479998, 1327939854), (23, 2976960798, 2012093229)]
check,round=9,k=65536,g=512,candidate=tile8,phase=reset,comparison=a_vs_oracle,words=1048576,mismatched_words=41632,actual_checksum=50b5f99dafb96f11,expected_checksum=84d06402da633040,first=[(16, 186992, 2037238345), (17, 852626710, 3300245819), (18, 493773166, 4005654834), (19, 4181389359, 3691870561), (20, 1087845808, 386760401), (21, 1783477888, 2721535482), (22, 1327939854, 1502479998), (23, 2012093229, 2976960798)]
check,round=9,k=65536,g=512,candidate=tile8,phase=reset,comparison=b_vs_oracle,words=1048576,mismatched_words=0,actual_checksum=84d06402da633040,expected_checksum=84d06402da633040,first=[]
check,round=9,k=65536,g=512,candidate=tile8,phase=reset,comparison=a_vs_b,words=1048576,mismatched_words=41632,actual_checksum=50b5f99dafb96f11,expected_checksum=84d06402da633040,first=[(16, 186992, 2037238345), (17, 852626710, 3300245819), (18, 493773166, 4005654834), (19, 4181389359, 3691870561), (20, 1087845808, 386760401), (21, 1783477888, 2721535482), (22, 1327939854, 1502479998), (23, 2012093229, 2976960798)]
check,round=9,k=65536,g=512,candidate=tile8,phase=transformed,comparison=a_vs_oracle,words=1048576,mismatched_words=39000,actual_checksum=608f459848094467,expected_checksum=29115d73667dee45,first=[(16, 2037238345, 186992), (17, 3300245819, 852626710), (18, 4005654834, 493773166), (19, 3691870561, 4181389359), (20, 386760401, 1087845808), (21, 2721535482, 1783477888), (22, 1502479998, 1327939854), (23, 2976960798, 2012093229)]
check,round=9,k=65536,g=512,candidate=tile8,phase=transformed,comparison=b_vs_oracle,words=1048576,mismatched_words=0,actual_checksum=29115d73667dee45,expected_checksum=29115d73667dee45,first=[]
check,round=9,k=65536,g=512,candidate=tile8,phase=transformed,comparison=a_vs_b,words=1048576,mismatched_words=39000,actual_checksum=608f459848094467,expected_checksum=29115d73667dee45,first=[(16, 2037238345, 186992), (17, 3300245819, 852626710), (18, 4005654834, 493773166), (19, 3691870561, 4181389359), (20, 386760401, 1087845808), (21, 2721535482, 1783477888), (22, 1502479998, 1327939854), (23, 2976960798, 2012093229)]
check,round=9,k=262144,g=128,candidate=none,phase=source,comparison=a_vs_oracle,words=1048576,mismatched_words=100804,actual_checksum=9c03ce57f60cd2a9,expected_checksum=603e59446e81431f,first=[(0, 2037321785, 3549435859), (1, 4133997613, 4230607782), (2, 4088336476, 2314666888), (3, 624396622, 1497423403), (4, 1473923937, 305558089), (5, 3363496826, 1402516150), (6, 380159856, 4228143729), (7, 3332295219, 2650962772)]
check,round=9,k=262144,g=128,candidate=none,phase=source,comparison=b_vs_oracle,words=1048576,mismatched_words=0,actual_checksum=603e59446e81431f,expected_checksum=603e59446e81431f,first=[]
check,round=9,k=262144,g=128,candidate=none,phase=source,comparison=a_vs_b,words=1048576,mismatched_words=100804,actual_checksum=9c03ce57f60cd2a9,expected_checksum=603e59446e81431f,first=[(0, 2037321785, 3549435859), (1, 4133997613, 4230607782), (2, 4088336476, 2314666888), (3, 624396622, 1497423403), (4, 1473923937, 305558089), (5, 3363496826, 1402516150), (6, 380159856, 4228143729), (7, 3332295219, 2650962772)]
check,round=9,k=262144,g=128,candidate=vec4,phase=reset,comparison=a_vs_oracle,words=1048576,mismatched_words=0,actual_checksum=603e59446e81431f,expected_checksum=603e59446e81431f,first=[]
check,round=9,k=262144,g=128,candidate=vec4,phase=reset,comparison=b_vs_oracle,words=1048576,mismatched_words=0,actual_checksum=603e59446e81431f,expected_checksum=603e59446e81431f,first=[]
check,round=9,k=262144,g=128,candidate=vec4,phase=reset,comparison=a_vs_b,words=1048576,mismatched_words=0,actual_checksum=603e59446e81431f,expected_checksum=603e59446e81431f,first=[]
check,round=9,k=262144,g=128,candidate=vec4,phase=transformed,comparison=a_vs_oracle,words=1048576,mismatched_words=38940,actual_checksum=3264f341eefc1701,expected_checksum=99960c282a7f4ca5,first=[(4, 305558089, 3248907674), (5, 1402516150, 2947629328), (6, 4228143729, 1978882553), (7, 2650962772, 3343033727), (8, 4235915232, 803928115), (9, 2438028099, 1836624101), (10, 4246056383, 1961012791), (11, 1559188526, 95390213)]
check,round=9,k=262144,g=128,candidate=vec4,phase=transformed,comparison=b_vs_oracle,words=1048576,mismatched_words=0,actual_checksum=99960c282a7f4ca5,expected_checksum=99960c282a7f4ca5,first=[]
check,round=9,k=262144,g=128,candidate=vec4,phase=transformed,comparison=a_vs_b,words=1048576,mismatched_words=38940,actual_checksum=3264f341eefc1701,expected_checksum=99960c282a7f4ca5,first=[(4, 305558089, 3248907674), (5, 1402516150, 2947629328), (6, 4228143729, 1978882553), (7, 2650962772, 3343033727), (8, 4235915232, 803928115), (9, 2438028099, 1836624101), (10, 4246056383, 1961012791), (11, 1559188526, 95390213)]
check,round=9,k=262144,g=128,candidate=fused2,phase=reset,comparison=a_vs_oracle,words=1048576,mismatched_words=43272,actual_checksum=cd9d9764c89dbf1b,expected_checksum=603e59446e81431f,first=[(4, 3248907674, 305558089), (5, 2947629328, 1402516150), (6, 1978882553, 4228143729), (7, 3343033727, 2650962772), (8, 803928115, 4235915232), (9, 1836624101, 2438028099), (10, 1961012791, 4246056383), (11, 95390213, 1559188526)]
check,round=9,k=262144,g=128,candidate=fused2,phase=reset,comparison=b_vs_oracle,words=1048576,mismatched_words=0,actual_checksum=603e59446e81431f,expected_checksum=603e59446e81431f,first=[]
check,round=9,k=262144,g=128,candidate=fused2,phase=reset,comparison=a_vs_b,words=1048576,mismatched_words=43272,actual_checksum=cd9d9764c89dbf1b,expected_checksum=603e59446e81431f,first=[(4, 3248907674, 305558089), (5, 2947629328, 1402516150), (6, 1978882553, 4228143729), (7, 3343033727, 2650962772), (8, 803928115, 4235915232), (9, 1836624101, 2438028099), (10, 1961012791, 4246056383), (11, 95390213, 1559188526)]
check,round=9,k=262144,g=128,candidate=fused2,phase=transformed,comparison=a_vs_oracle,words=1048576,mismatched_words=38460,actual_checksum=c720bbc30236f5cf,expected_checksum=99960c282a7f4ca5,first=[(4, 305558089, 3248907674), (5, 1402516150, 2947629328), (6, 4228143729, 1978882553), (7, 2650962772, 3343033727), (8, 4235915232, 803928115), (9, 2438028099, 1836624101), (10, 4246056383, 1961012791), (11, 1559188526, 95390213)]
check,round=9,k=262144,g=128,candidate=fused2,phase=transformed,comparison=b_vs_oracle,words=1048576,mismatched_words=0,actual_checksum=99960c282a7f4ca5,expected_checksum=99960c282a7f4ca5,first=[]
check,round=9,k=262144,g=128,candidate=fused2,phase=transformed,comparison=a_vs_b,words=1048576,mismatched_words=38460,actual_checksum=c720bbc30236f5cf,expected_checksum=99960c282a7f4ca5,first=[(4, 305558089, 3248907674), (5, 1402516150, 2947629328), (6, 4228143729, 1978882553), (7, 2650962772, 3343033727), (8, 4235915232, 803928115), (9, 2438028099, 1836624101), (10, 4246056383, 1961012791), (11, 1559188526, 95390213)]
check,round=9,k=262144,g=128,candidate=tile8,phase=reset,comparison=a_vs_oracle,words=1048576,mismatched_words=41044,actual_checksum=ef8d6d8c7f481e3c,expected_checksum=603e59446e81431f,first=[(4, 3248907674, 305558089), (5, 2947629328, 1402516150), (6, 1978882553, 4228143729), (7, 3343033727, 2650962772), (8, 803928115, 4235915232), (9, 1836624101, 2438028099), (10, 1961012791, 4246056383), (11, 95390213, 1559188526)]
check,round=9,k=262144,g=128,candidate=tile8,phase=reset,comparison=b_vs_oracle,words=1048576,mismatched_words=0,actual_checksum=603e59446e81431f,expected_checksum=603e59446e81431f,first=[]
check,round=9,k=262144,g=128,candidate=tile8,phase=reset,comparison=a_vs_b,words=1048576,mismatched_words=41044,actual_checksum=ef8d6d8c7f481e3c,expected_checksum=603e59446e81431f,first=[(4, 3248907674, 305558089), (5, 2947629328, 1402516150), (6, 1978882553, 4228143729), (7, 3343033727, 2650962772), (8, 803928115, 4235915232), (9, 1836624101, 2438028099), (10, 1961012791, 4246056383), (11, 95390213, 1559188526)]
check,round=9,k=262144,g=128,candidate=tile8,phase=transformed,comparison=a_vs_oracle,words=1048576,mismatched_words=37684,actual_checksum=6bb7d121fe213de7,expected_checksum=99960c282a7f4ca5,first=[(4, 305558089, 3248907674), (5, 1402516150, 2947629328), (6, 4228143729, 1978882553), (7, 2650962772, 3343033727), (8, 4235915232, 803928115), (9, 2438028099, 1836624101), (10, 4246056383, 1961012791), (11, 1559188526, 95390213)]
check,round=9,k=262144,g=128,candidate=tile8,phase=transformed,comparison=b_vs_oracle,words=1048576,mismatched_words=0,actual_checksum=99960c282a7f4ca5,expected_checksum=99960c282a7f4ca5,first=[]
check,round=9,k=262144,g=128,candidate=tile8,phase=transformed,comparison=a_vs_b,words=1048576,mismatched_words=37684,actual_checksum=6bb7d121fe213de7,expected_checksum=99960c282a7f4ca5,first=[(4, 305558089, 3248907674), (5, 1402516150, 2947629328), (6, 4228143729, 1978882553), (7, 2650962772, 3343033727), (8, 4235915232, 803928115), (9, 2438028099, 1836624101), (10, 4246056383, 1961012791), (11, 1559188526, 95390213)]
check,round=10,k=65536,g=512,candidate=none,phase=source,comparison=a_vs_oracle,words=1048576,mismatched_words=84760,actual_checksum=623ac8435ee5aa9b,expected_checksum=84d06402da633040,first=[(0, 3549435859, 2037321785), (1, 4230607782, 4133997613), (2, 2314666888, 4088336476), (3, 1497423403, 624396622), (4, 3248907674, 1473923937), (5, 2947629328, 3363496826), (6, 1978882553, 380159856), (7, 3343033727, 3332295219)]
check,round=10,k=65536,g=512,candidate=none,phase=source,comparison=b_vs_oracle,words=1048576,mismatched_words=0,actual_checksum=84d06402da633040,expected_checksum=84d06402da633040,first=[]
check,round=10,k=65536,g=512,candidate=none,phase=source,comparison=a_vs_b,words=1048576,mismatched_words=84760,actual_checksum=623ac8435ee5aa9b,expected_checksum=84d06402da633040,first=[(0, 3549435859, 2037321785), (1, 4230607782, 4133997613), (2, 2314666888, 4088336476), (3, 1497423403, 624396622), (4, 3248907674, 1473923937), (5, 2947629328, 3363496826), (6, 1978882553, 380159856), (7, 3343033727, 3332295219)]
check,round=10,k=65536,g=512,candidate=vec4,phase=reset,comparison=a_vs_oracle,words=1048576,mismatched_words=0,actual_checksum=84d06402da633040,expected_checksum=84d06402da633040,first=[]
check,round=10,k=65536,g=512,candidate=vec4,phase=reset,comparison=b_vs_oracle,words=1048576,mismatched_words=0,actual_checksum=84d06402da633040,expected_checksum=84d06402da633040,first=[]
check,round=10,k=65536,g=512,candidate=vec4,phase=reset,comparison=a_vs_b,words=1048576,mismatched_words=0,actual_checksum=84d06402da633040,expected_checksum=84d06402da633040,first=[]
check,round=10,k=65536,g=512,candidate=vec4,phase=transformed,comparison=a_vs_oracle,words=1048576,mismatched_words=42260,actual_checksum=8c01ae8c62e4f42f,expected_checksum=29115d73667dee45,first=[(16, 2037238345, 186992), (17, 3300245819, 852626710), (18, 4005654834, 493773166), (19, 3691870561, 4181389359), (20, 386760401, 1087845808), (21, 2721535482, 1783477888), (22, 1502479998, 1327939854), (23, 2976960798, 2012093229)]
check,round=10,k=65536,g=512,candidate=vec4,phase=transformed,comparison=b_vs_oracle,words=1048576,mismatched_words=0,actual_checksum=29115d73667dee45,expected_checksum=29115d73667dee45,first=[]
check,round=10,k=65536,g=512,candidate=vec4,phase=transformed,comparison=a_vs_b,words=1048576,mismatched_words=42260,actual_checksum=8c01ae8c62e4f42f,expected_checksum=29115d73667dee45,first=[(16, 2037238345, 186992), (17, 3300245819, 852626710), (18, 4005654834, 493773166), (19, 3691870561, 4181389359), (20, 386760401, 1087845808), (21, 2721535482, 1783477888), (22, 1502479998, 1327939854), (23, 2976960798, 2012093229)]
check,round=10,k=65536,g=512,candidate=fused2,phase=reset,comparison=a_vs_oracle,words=1048576,mismatched_words=41816,actual_checksum=73ef8a7c9f233d92,expected_checksum=84d06402da633040,first=[(16, 186992, 2037238345), (17, 852626710, 3300245819), (18, 493773166, 4005654834), (19, 4181389359, 3691870561), (20, 1087845808, 386760401), (21, 1783477888, 2721535482), (22, 1327939854, 1502479998), (23, 2012093229, 2976960798)]
check,round=10,k=65536,g=512,candidate=fused2,phase=reset,comparison=b_vs_oracle,words=1048576,mismatched_words=0,actual_checksum=84d06402da633040,expected_checksum=84d06402da633040,first=[]
check,round=10,k=65536,g=512,candidate=fused2,phase=reset,comparison=a_vs_b,words=1048576,mismatched_words=41816,actual_checksum=73ef8a7c9f233d92,expected_checksum=84d06402da633040,first=[(16, 186992, 2037238345), (17, 852626710, 3300245819), (18, 493773166, 4005654834), (19, 4181389359, 3691870561), (20, 1087845808, 386760401), (21, 1783477888, 2721535482), (22, 1327939854, 1502479998), (23, 2012093229, 2976960798)]
check,round=10,k=65536,g=512,candidate=fused2,phase=transformed,comparison=a_vs_oracle,words=1048576,mismatched_words=42728,actual_checksum=97d6e18aec91000d,expected_checksum=29115d73667dee45,first=[(16, 2037238345, 186992), (17, 3300245819, 852626710), (18, 4005654834, 493773166), (19, 3691870561, 4181389359), (20, 386760401, 1087845808), (21, 2721535482, 1783477888), (22, 1502479998, 1327939854), (23, 2976960798, 2012093229)]
check,round=10,k=65536,g=512,candidate=fused2,phase=transformed,comparison=b_vs_oracle,words=1048576,mismatched_words=0,actual_checksum=29115d73667dee45,expected_checksum=29115d73667dee45,first=[]
check,round=10,k=65536,g=512,candidate=fused2,phase=transformed,comparison=a_vs_b,words=1048576,mismatched_words=42728,actual_checksum=97d6e18aec91000d,expected_checksum=29115d73667dee45,first=[(16, 2037238345, 186992), (17, 3300245819, 852626710), (18, 4005654834, 493773166), (19, 3691870561, 4181389359), (20, 386760401, 1087845808), (21, 2721535482, 1783477888), (22, 1502479998, 1327939854), (23, 2976960798, 2012093229)]
check,round=10,k=65536,g=512,candidate=tile8,phase=reset,comparison=a_vs_oracle,words=1048576,mismatched_words=42184,actual_checksum=d75ee47b86eb5c40,expected_checksum=84d06402da633040,first=[(16, 186992, 2037238345), (17, 852626710, 3300245819), (18, 493773166, 4005654834), (19, 4181389359, 3691870561), (20, 1087845808, 386760401), (21, 1783477888, 2721535482), (22, 1327939854, 1502479998), (23, 2012093229, 2976960798)]
check,round=10,k=65536,g=512,candidate=tile8,phase=reset,comparison=b_vs_oracle,words=1048576,mismatched_words=0,actual_checksum=84d06402da633040,expected_checksum=84d06402da633040,first=[]
check,round=10,k=65536,g=512,candidate=tile8,phase=reset,comparison=a_vs_b,words=1048576,mismatched_words=42184,actual_checksum=d75ee47b86eb5c40,expected_checksum=84d06402da633040,first=[(16, 186992, 2037238345), (17, 852626710, 3300245819), (18, 493773166, 4005654834), (19, 4181389359, 3691870561), (20, 1087845808, 386760401), (21, 1783477888, 2721535482), (22, 1327939854, 1502479998), (23, 2012093229, 2976960798)]
check,round=10,k=65536,g=512,candidate=tile8,phase=transformed,comparison=a_vs_oracle,words=1048576,mismatched_words=40056,actual_checksum=35fa980c08eb9d93,expected_checksum=29115d73667dee45,first=[(16, 2037238345, 186992), (17, 3300245819, 852626710), (18, 4005654834, 493773166), (19, 3691870561, 4181389359), (20, 386760401, 1087845808), (21, 2721535482, 1783477888), (22, 1502479998, 1327939854), (23, 2976960798, 2012093229)]
check,round=10,k=65536,g=512,candidate=tile8,phase=transformed,comparison=b_vs_oracle,words=1048576,mismatched_words=0,actual_checksum=29115d73667dee45,expected_checksum=29115d73667dee45,first=[]
check,round=10,k=65536,g=512,candidate=tile8,phase=transformed,comparison=a_vs_b,words=1048576,mismatched_words=40056,actual_checksum=35fa980c08eb9d93,expected_checksum=29115d73667dee45,first=[(16, 2037238345, 186992), (17, 3300245819, 852626710), (18, 4005654834, 493773166), (19, 3691870561, 4181389359), (20, 386760401, 1087845808), (21, 2721535482, 1783477888), (22, 1502479998, 1327939854), (23, 2976960798, 2012093229)]
check,round=10,k=262144,g=128,candidate=none,phase=source,comparison=a_vs_oracle,words=1048576,mismatched_words=56192,actual_checksum=9a5c9eed1dd8fce7,expected_checksum=603e59446e81431f,first=[(0, 2037321785, 3549435859), (1, 4133997613, 4230607782), (2, 4088336476, 2314666888), (3, 624396622, 1497423403), (4, 1473923937, 305558089), (5, 3363496826, 1402516150), (6, 380159856, 4228143729), (7, 3332295219, 2650962772)]
check,round=10,k=262144,g=128,candidate=none,phase=source,comparison=b_vs_oracle,words=1048576,mismatched_words=0,actual_checksum=603e59446e81431f,expected_checksum=603e59446e81431f,first=[]
check,round=10,k=262144,g=128,candidate=none,phase=source,comparison=a_vs_b,words=1048576,mismatched_words=56192,actual_checksum=9a5c9eed1dd8fce7,expected_checksum=603e59446e81431f,first=[(0, 2037321785, 3549435859), (1, 4133997613, 4230607782), (2, 4088336476, 2314666888), (3, 624396622, 1497423403), (4, 1473923937, 305558089), (5, 3363496826, 1402516150), (6, 380159856, 4228143729), (7, 3332295219, 2650962772)]
check,round=10,k=262144,g=128,candidate=vec4,phase=reset,comparison=a_vs_oracle,words=1048576,mismatched_words=0,actual_checksum=603e59446e81431f,expected_checksum=603e59446e81431f,first=[]
check,round=10,k=262144,g=128,candidate=vec4,phase=reset,comparison=b_vs_oracle,words=1048576,mismatched_words=0,actual_checksum=603e59446e81431f,expected_checksum=603e59446e81431f,first=[]
check,round=10,k=262144,g=128,candidate=vec4,phase=reset,comparison=a_vs_b,words=1048576,mismatched_words=0,actual_checksum=603e59446e81431f,expected_checksum=603e59446e81431f,first=[]
check,round=10,k=262144,g=128,candidate=vec4,phase=transformed,comparison=a_vs_oracle,words=1048576,mismatched_words=40004,actual_checksum=1473f0fdbf54071d,expected_checksum=99960c282a7f4ca5,first=[(4, 305558089, 3248907674), (5, 1402516150, 2947629328), (6, 4228143729, 1978882553), (7, 2650962772, 3343033727), (8, 4235915232, 803928115), (9, 2438028099, 1836624101), (10, 4246056383, 1961012791), (11, 1559188526, 95390213)]
check,round=10,k=262144,g=128,candidate=vec4,phase=transformed,comparison=b_vs_oracle,words=1048576,mismatched_words=0,actual_checksum=99960c282a7f4ca5,expected_checksum=99960c282a7f4ca5,first=[]
check,round=10,k=262144,g=128,candidate=vec4,phase=transformed,comparison=a_vs_b,words=1048576,mismatched_words=40004,actual_checksum=1473f0fdbf54071d,expected_checksum=99960c282a7f4ca5,first=[(4, 305558089, 3248907674), (5, 1402516150, 2947629328), (6, 4228143729, 1978882553), (7, 2650962772, 3343033727), (8, 4235915232, 803928115), (9, 2438028099, 1836624101), (10, 4246056383, 1961012791), (11, 1559188526, 95390213)]
check,round=10,k=262144,g=128,candidate=fused2,phase=reset,comparison=a_vs_oracle,words=1048576,mismatched_words=39132,actual_checksum=7570ba1a41b39b0e,expected_checksum=603e59446e81431f,first=[(4, 3248907674, 305558089), (5, 2947629328, 1402516150), (6, 1978882553, 4228143729), (7, 3343033727, 2650962772), (8, 803928115, 4235915232), (9, 1836624101, 2438028099), (10, 1961012791, 4246056383), (11, 95390213, 1559188526)]
check,round=10,k=262144,g=128,candidate=fused2,phase=reset,comparison=b_vs_oracle,words=1048576,mismatched_words=0,actual_checksum=603e59446e81431f,expected_checksum=603e59446e81431f,first=[]
check,round=10,k=262144,g=128,candidate=fused2,phase=reset,comparison=a_vs_b,words=1048576,mismatched_words=39132,actual_checksum=7570ba1a41b39b0e,expected_checksum=603e59446e81431f,first=[(4, 3248907674, 305558089), (5, 2947629328, 1402516150), (6, 1978882553, 4228143729), (7, 3343033727, 2650962772), (8, 803928115, 4235915232), (9, 1836624101, 2438028099), (10, 1961012791, 4246056383), (11, 95390213, 1559188526)]
check,round=10,k=262144,g=128,candidate=fused2,phase=transformed,comparison=a_vs_oracle,words=1048576,mismatched_words=41116,actual_checksum=97873a5568f36a4e,expected_checksum=99960c282a7f4ca5,first=[(4, 305558089, 3248907674), (5, 1402516150, 2947629328), (6, 4228143729, 1978882553), (7, 2650962772, 3343033727), (8, 4235915232, 803928115), (9, 2438028099, 1836624101), (10, 4246056383, 1961012791), (11, 1559188526, 95390213)]
check,round=10,k=262144,g=128,candidate=fused2,phase=transformed,comparison=b_vs_oracle,words=1048576,mismatched_words=0,actual_checksum=99960c282a7f4ca5,expected_checksum=99960c282a7f4ca5,first=[]
check,round=10,k=262144,g=128,candidate=fused2,phase=transformed,comparison=a_vs_b,words=1048576,mismatched_words=41116,actual_checksum=97873a5568f36a4e,expected_checksum=99960c282a7f4ca5,first=[(4, 305558089, 3248907674), (5, 1402516150, 2947629328), (6, 4228143729, 1978882553), (7, 2650962772, 3343033727), (8, 4235915232, 803928115), (9, 2438028099, 1836624101), (10, 4246056383, 1961012791), (11, 1559188526, 95390213)]
check,round=10,k=262144,g=128,candidate=tile8,phase=reset,comparison=a_vs_oracle,words=1048576,mismatched_words=38780,actual_checksum=709f901e8b8a457e,expected_checksum=603e59446e81431f,first=[(4, 3248907674, 305558089), (5, 2947629328, 1402516150), (6, 1978882553, 4228143729), (7, 3343033727, 2650962772), (8, 803928115, 4235915232), (9, 1836624101, 2438028099), (10, 1961012791, 4246056383), (11, 95390213, 1559188526)]
check,round=10,k=262144,g=128,candidate=tile8,phase=reset,comparison=b_vs_oracle,words=1048576,mismatched_words=0,actual_checksum=603e59446e81431f,expected_checksum=603e59446e81431f,first=[]
check,round=10,k=262144,g=128,candidate=tile8,phase=reset,comparison=a_vs_b,words=1048576,mismatched_words=38780,actual_checksum=709f901e8b8a457e,expected_checksum=603e59446e81431f,first=[(4, 3248907674, 305558089), (5, 2947629328, 1402516150), (6, 1978882553, 4228143729), (7, 3343033727, 2650962772), (8, 803928115, 4235915232), (9, 1836624101, 2438028099), (10, 1961012791, 4246056383), (11, 95390213, 1559188526)]
check,round=10,k=262144,g=128,candidate=tile8,phase=transformed,comparison=a_vs_oracle,words=1048576,mismatched_words=39052,actual_checksum=957610204b269e1e,expected_checksum=99960c282a7f4ca5,first=[(4, 305558089, 3248907674), (5, 1402516150, 2947629328), (6, 4228143729, 1978882553), (7, 2650962772, 3343033727), (8, 4235915232, 803928115), (9, 2438028099, 1836624101), (10, 4246056383, 1961012791), (11, 1559188526, 95390213)]
check,round=10,k=262144,g=128,candidate=tile8,phase=transformed,comparison=b_vs_oracle,words=1048576,mismatched_words=0,actual_checksum=99960c282a7f4ca5,expected_checksum=99960c282a7f4ca5,first=[]
check,round=10,k=262144,g=128,candidate=tile8,phase=transformed,comparison=a_vs_b,words=1048576,mismatched_words=39052,actual_checksum=957610204b269e1e,expected_checksum=99960c282a7f4ca5,first=[(4, 305558089, 3248907674), (5, 1402516150, 2947629328), (6, 4228143729, 1978882553), (7, 2650962772, 3343033727), (8, 4235915232, 803928115), (9, 2438028099, 1836624101), (10, 4246056383, 1961012791), (11, 1559188526, 95390213)]
check,round=11,k=65536,g=512,candidate=none,phase=source,comparison=a_vs_oracle,words=1048576,mismatched_words=7116,actual_checksum=f6d22a3bb165afa8,expected_checksum=84d06402da633040,first=[(0, 3549435859, 2037321785), (1, 4230607782, 4133997613), (2, 2314666888, 4088336476), (3, 1497423403, 624396622), (4, 3248907674, 1473923937), (5, 2947629328, 3363496826), (6, 1978882553, 380159856), (7, 3343033727, 3332295219)]
check,round=11,k=65536,g=512,candidate=none,phase=source,comparison=b_vs_oracle,words=1048576,mismatched_words=0,actual_checksum=84d06402da633040,expected_checksum=84d06402da633040,first=[]
check,round=11,k=65536,g=512,candidate=none,phase=source,comparison=a_vs_b,words=1048576,mismatched_words=7116,actual_checksum=f6d22a3bb165afa8,expected_checksum=84d06402da633040,first=[(0, 3549435859, 2037321785), (1, 4230607782, 4133997613), (2, 2314666888, 4088336476), (3, 1497423403, 624396622), (4, 3248907674, 1473923937), (5, 2947629328, 3363496826), (6, 1978882553, 380159856), (7, 3343033727, 3332295219)]
check,round=11,k=65536,g=512,candidate=vec4,phase=reset,comparison=a_vs_oracle,words=1048576,mismatched_words=0,actual_checksum=84d06402da633040,expected_checksum=84d06402da633040,first=[]
check,round=11,k=65536,g=512,candidate=vec4,phase=reset,comparison=b_vs_oracle,words=1048576,mismatched_words=0,actual_checksum=84d06402da633040,expected_checksum=84d06402da633040,first=[]
check,round=11,k=65536,g=512,candidate=vec4,phase=reset,comparison=a_vs_b,words=1048576,mismatched_words=0,actual_checksum=84d06402da633040,expected_checksum=84d06402da633040,first=[]
check,round=11,k=65536,g=512,candidate=vec4,phase=transformed,comparison=a_vs_oracle,words=1048576,mismatched_words=37144,actual_checksum=234491533e5c24c4,expected_checksum=29115d73667dee45,first=[(16, 2037238345, 186992), (17, 3300245819, 852626710), (18, 4005654834, 493773166), (19, 3691870561, 4181389359), (20, 386760401, 1087845808), (21, 2721535482, 1783477888), (22, 1502479998, 1327939854), (23, 2976960798, 2012093229)]
check,round=11,k=65536,g=512,candidate=vec4,phase=transformed,comparison=b_vs_oracle,words=1048576,mismatched_words=0,actual_checksum=29115d73667dee45,expected_checksum=29115d73667dee45,first=[]
check,round=11,k=65536,g=512,candidate=vec4,phase=transformed,comparison=a_vs_b,words=1048576,mismatched_words=37144,actual_checksum=234491533e5c24c4,expected_checksum=29115d73667dee45,first=[(16, 2037238345, 186992), (17, 3300245819, 852626710), (18, 4005654834, 493773166), (19, 3691870561, 4181389359), (20, 386760401, 1087845808), (21, 2721535482, 1783477888), (22, 1502479998, 1327939854), (23, 2976960798, 2012093229)]
check,round=11,k=65536,g=512,candidate=fused2,phase=reset,comparison=a_vs_oracle,words=1048576,mismatched_words=38308,actual_checksum=754207ea78da725e,expected_checksum=84d06402da633040,first=[(16, 186992, 2037238345), (17, 852626710, 3300245819), (18, 493773166, 4005654834), (19, 4181389359, 3691870561), (20, 1087845808, 386760401), (21, 1783477888, 2721535482), (22, 1327939854, 1502479998), (23, 2012093229, 2976960798)]
check,round=11,k=65536,g=512,candidate=fused2,phase=reset,comparison=b_vs_oracle,words=1048576,mismatched_words=0,actual_checksum=84d06402da633040,expected_checksum=84d06402da633040,first=[]
check,round=11,k=65536,g=512,candidate=fused2,phase=reset,comparison=a_vs_b,words=1048576,mismatched_words=38308,actual_checksum=754207ea78da725e,expected_checksum=84d06402da633040,first=[(16, 186992, 2037238345), (17, 852626710, 3300245819), (18, 493773166, 4005654834), (19, 4181389359, 3691870561), (20, 1087845808, 386760401), (21, 1783477888, 2721535482), (22, 1327939854, 1502479998), (23, 2012093229, 2976960798)]
check,round=11,k=65536,g=512,candidate=fused2,phase=transformed,comparison=a_vs_oracle,words=1048576,mismatched_words=37440,actual_checksum=443e66d80b9e4c51,expected_checksum=29115d73667dee45,first=[(16, 2037238345, 186992), (17, 3300245819, 852626710), (18, 4005654834, 493773166), (19, 3691870561, 4181389359), (20, 386760401, 1087845808), (21, 2721535482, 1783477888), (22, 1502479998, 1327939854), (23, 2976960798, 2012093229)]
check,round=11,k=65536,g=512,candidate=fused2,phase=transformed,comparison=b_vs_oracle,words=1048576,mismatched_words=0,actual_checksum=29115d73667dee45,expected_checksum=29115d73667dee45,first=[]
check,round=11,k=65536,g=512,candidate=fused2,phase=transformed,comparison=a_vs_b,words=1048576,mismatched_words=37440,actual_checksum=443e66d80b9e4c51,expected_checksum=29115d73667dee45,first=[(16, 2037238345, 186992), (17, 3300245819, 852626710), (18, 4005654834, 493773166), (19, 3691870561, 4181389359), (20, 386760401, 1087845808), (21, 2721535482, 1783477888), (22, 1502479998, 1327939854), (23, 2976960798, 2012093229)]
check,round=11,k=65536,g=512,candidate=tile8,phase=reset,comparison=a_vs_oracle,words=1048576,mismatched_words=25488,actual_checksum=18cbff41ef397905,expected_checksum=84d06402da633040,first=[(16, 186992, 2037238345), (17, 852626710, 3300245819), (18, 493773166, 4005654834), (19, 4181389359, 3691870561), (20, 1087845808, 386760401), (21, 1783477888, 2721535482), (22, 1327939854, 1502479998), (23, 2012093229, 2976960798)]
check,round=11,k=65536,g=512,candidate=tile8,phase=reset,comparison=b_vs_oracle,words=1048576,mismatched_words=0,actual_checksum=84d06402da633040,expected_checksum=84d06402da633040,first=[]
check,round=11,k=65536,g=512,candidate=tile8,phase=reset,comparison=a_vs_b,words=1048576,mismatched_words=25488,actual_checksum=18cbff41ef397905,expected_checksum=84d06402da633040,first=[(16, 186992, 2037238345), (17, 852626710, 3300245819), (18, 493773166, 4005654834), (19, 4181389359, 3691870561), (20, 1087845808, 386760401), (21, 1783477888, 2721535482), (22, 1327939854, 1502479998), (23, 2012093229, 2976960798)]
check,round=11,k=65536,g=512,candidate=tile8,phase=transformed,comparison=a_vs_oracle,words=1048576,mismatched_words=40208,actual_checksum=aa734f2a5a9752e8,expected_checksum=29115d73667dee45,first=[(16, 2037238345, 186992), (17, 3300245819, 852626710), (18, 4005654834, 493773166), (19, 3691870561, 4181389359), (20, 386760401, 1087845808), (21, 2721535482, 1783477888), (22, 1502479998, 1327939854), (23, 2976960798, 2012093229)]
check,round=11,k=65536,g=512,candidate=tile8,phase=transformed,comparison=b_vs_oracle,words=1048576,mismatched_words=0,actual_checksum=29115d73667dee45,expected_checksum=29115d73667dee45,first=[]
check,round=11,k=65536,g=512,candidate=tile8,phase=transformed,comparison=a_vs_b,words=1048576,mismatched_words=40208,actual_checksum=aa734f2a5a9752e8,expected_checksum=29115d73667dee45,first=[(16, 2037238345, 186992), (17, 3300245819, 852626710), (18, 4005654834, 493773166), (19, 3691870561, 4181389359), (20, 386760401, 1087845808), (21, 2721535482, 1783477888), (22, 1502479998, 1327939854), (23, 2976960798, 2012093229)]
check,round=11,k=262144,g=128,candidate=none,phase=source,comparison=a_vs_oracle,words=1048576,mismatched_words=34448,actual_checksum=8187f5b8d7099d42,expected_checksum=603e59446e81431f,first=[(0, 2037321785, 3549435859), (1, 4133997613, 4230607782), (2, 4088336476, 2314666888), (3, 624396622, 1497423403), (4, 1473923937, 305558089), (5, 3363496826, 1402516150), (6, 380159856, 4228143729), (7, 3332295219, 2650962772)]
check,round=11,k=262144,g=128,candidate=none,phase=source,comparison=b_vs_oracle,words=1048576,mismatched_words=0,actual_checksum=603e59446e81431f,expected_checksum=603e59446e81431f,first=[]
check,round=11,k=262144,g=128,candidate=none,phase=source,comparison=a_vs_b,words=1048576,mismatched_words=34448,actual_checksum=8187f5b8d7099d42,expected_checksum=603e59446e81431f,first=[(0, 2037321785, 3549435859), (1, 4133997613, 4230607782), (2, 4088336476, 2314666888), (3, 624396622, 1497423403), (4, 1473923937, 305558089), (5, 3363496826, 1402516150), (6, 380159856, 4228143729), (7, 3332295219, 2650962772)]
check,round=11,k=262144,g=128,candidate=vec4,phase=reset,comparison=a_vs_oracle,words=1048576,mismatched_words=0,actual_checksum=603e59446e81431f,expected_checksum=603e59446e81431f,first=[]
check,round=11,k=262144,g=128,candidate=vec4,phase=reset,comparison=b_vs_oracle,words=1048576,mismatched_words=0,actual_checksum=603e59446e81431f,expected_checksum=603e59446e81431f,first=[]
check,round=11,k=262144,g=128,candidate=vec4,phase=reset,comparison=a_vs_b,words=1048576,mismatched_words=0,actual_checksum=603e59446e81431f,expected_checksum=603e59446e81431f,first=[]
check,round=11,k=262144,g=128,candidate=vec4,phase=transformed,comparison=a_vs_oracle,words=1048576,mismatched_words=38592,actual_checksum=fcb28c379753c9d4,expected_checksum=99960c282a7f4ca5,first=[(4, 305558089, 3248907674), (5, 1402516150, 2947629328), (6, 4228143729, 1978882553), (7, 2650962772, 3343033727), (8, 4235915232, 803928115), (9, 2438028099, 1836624101), (10, 4246056383, 1961012791), (11, 1559188526, 95390213)]
check,round=11,k=262144,g=128,candidate=vec4,phase=transformed,comparison=b_vs_oracle,words=1048576,mismatched_words=0,actual_checksum=99960c282a7f4ca5,expected_checksum=99960c282a7f4ca5,first=[]
check,round=11,k=262144,g=128,candidate=vec4,phase=transformed,comparison=a_vs_b,words=1048576,mismatched_words=38592,actual_checksum=fcb28c379753c9d4,expected_checksum=99960c282a7f4ca5,first=[(4, 305558089, 3248907674), (5, 1402516150, 2947629328), (6, 4228143729, 1978882553), (7, 2650962772, 3343033727), (8, 4235915232, 803928115), (9, 2438028099, 1836624101), (10, 4246056383, 1961012791), (11, 1559188526, 95390213)]
check,round=11,k=262144,g=128,candidate=fused2,phase=reset,comparison=a_vs_oracle,words=1048576,mismatched_words=38124,actual_checksum=1fddd80e50d503f7,expected_checksum=603e59446e81431f,first=[(4, 3248907674, 305558089), (5, 2947629328, 1402516150), (6, 1978882553, 4228143729), (7, 3343033727, 2650962772), (8, 803928115, 4235915232), (9, 1836624101, 2438028099), (10, 1961012791, 4246056383), (11, 95390213, 1559188526)]
check,round=11,k=262144,g=128,candidate=fused2,phase=reset,comparison=b_vs_oracle,words=1048576,mismatched_words=0,actual_checksum=603e59446e81431f,expected_checksum=603e59446e81431f,first=[]
check,round=11,k=262144,g=128,candidate=fused2,phase=reset,comparison=a_vs_b,words=1048576,mismatched_words=38124,actual_checksum=1fddd80e50d503f7,expected_checksum=603e59446e81431f,first=[(4, 3248907674, 305558089), (5, 2947629328, 1402516150), (6, 1978882553, 4228143729), (7, 3343033727, 2650962772), (8, 803928115, 4235915232), (9, 1836624101, 2438028099), (10, 1961012791, 4246056383), (11, 95390213, 1559188526)]
check,round=11,k=262144,g=128,candidate=fused2,phase=transformed,comparison=a_vs_oracle,words=1048576,mismatched_words=34604,actual_checksum=7bca49148c73fb38,expected_checksum=99960c282a7f4ca5,first=[(4, 305558089, 3248907674), (5, 1402516150, 2947629328), (6, 4228143729, 1978882553), (7, 2650962772, 3343033727), (8, 4235915232, 803928115), (9, 2438028099, 1836624101), (10, 4246056383, 1961012791), (11, 1559188526, 95390213)]
check,round=11,k=262144,g=128,candidate=fused2,phase=transformed,comparison=b_vs_oracle,words=1048576,mismatched_words=0,actual_checksum=99960c282a7f4ca5,expected_checksum=99960c282a7f4ca5,first=[]
check,round=11,k=262144,g=128,candidate=fused2,phase=transformed,comparison=a_vs_b,words=1048576,mismatched_words=34604,actual_checksum=7bca49148c73fb38,expected_checksum=99960c282a7f4ca5,first=[(4, 305558089, 3248907674), (5, 1402516150, 2947629328), (6, 4228143729, 1978882553), (7, 2650962772, 3343033727), (8, 4235915232, 803928115), (9, 2438028099, 1836624101), (10, 4246056383, 1961012791), (11, 1559188526, 95390213)]
check,round=11,k=262144,g=128,candidate=tile8,phase=reset,comparison=a_vs_oracle,words=1048576,mismatched_words=38396,actual_checksum=b468ee6149b8cf9a,expected_checksum=603e59446e81431f,first=[(4, 3248907674, 305558089), (5, 2947629328, 1402516150), (6, 1978882553, 4228143729), (7, 3343033727, 2650962772), (8, 803928115, 4235915232), (9, 1836624101, 2438028099), (10, 1961012791, 4246056383), (11, 95390213, 1559188526)]
check,round=11,k=262144,g=128,candidate=tile8,phase=reset,comparison=b_vs_oracle,words=1048576,mismatched_words=0,actual_checksum=603e59446e81431f,expected_checksum=603e59446e81431f,first=[]
check,round=11,k=262144,g=128,candidate=tile8,phase=reset,comparison=a_vs_b,words=1048576,mismatched_words=38396,actual_checksum=b468ee6149b8cf9a,expected_checksum=603e59446e81431f,first=[(4, 3248907674, 305558089), (5, 2947629328, 1402516150), (6, 1978882553, 4228143729), (7, 3343033727, 2650962772), (8, 803928115, 4235915232), (9, 1836624101, 2438028099), (10, 1961012791, 4246056383), (11, 95390213, 1559188526)]
check,round=11,k=262144,g=128,candidate=tile8,phase=transformed,comparison=a_vs_oracle,words=1048576,mismatched_words=38268,actual_checksum=dc531a51780c2c9b,expected_checksum=99960c282a7f4ca5,first=[(4, 305558089, 3248907674), (5, 1402516150, 2947629328), (6, 4228143729, 1978882553), (7, 2650962772, 3343033727), (8, 4235915232, 803928115), (9, 2438028099, 1836624101), (10, 4246056383, 1961012791), (11, 1559188526, 95390213)]
check,round=11,k=262144,g=128,candidate=tile8,phase=transformed,comparison=b_vs_oracle,words=1048576,mismatched_words=0,actual_checksum=99960c282a7f4ca5,expected_checksum=99960c282a7f4ca5,first=[]
check,round=11,k=262144,g=128,candidate=tile8,phase=transformed,comparison=a_vs_b,words=1048576,mismatched_words=38268,actual_checksum=dc531a51780c2c9b,expected_checksum=99960c282a7f4ca5,first=[(4, 305558089, 3248907674), (5, 1402516150, 2947629328), (6, 4228143729, 1978882553), (7, 2650962772, 3343033727), (8, 4235915232, 803928115), (9, 2438028099, 1836624101), (10, 4246056383, 1961012791), (11, 1559188526, 95390213)]
diagnostic_status=complete,failed_comparisons=210,performance_claim=none
